time,open,high,low,close,volume
2025-06-13T11:00:00+00:00,1.7158,1.7158,1.7157,1.7158,184858575
2025-06-13T12:00:00+00:00,1.7158,1.7158,1.7157,1.7158,115702606
2025-06-13T13:00:00+00:00,1.7158,1.7158,1.7157,1.7157,115080601
2025-06-13T14:00:00+00:00,1.7158,1.7158,1.7157,1.7157,463202090
2025-06-13T15:00:00+00:00,1.7158,1.7158,1.7157,1.7158,106289611
2025-06-13T16:00:00+00:00,1.7158,1.7158,1.7157,1.7158,126976361
2025-06-13T17:00:00+00:00,1.7158,1.7158,1.7157,1.7158,64163773
2025-06-13T18:00:00+00:00,1.7158,1.7158,1.7157,1.7158,52030457
2025-06-13T19:00:00+00:00,1.7158,1.7158,1.7157,1.7158,130119861
2025-06-13T20:00:00+00:00,1.7157,1.7158,1.7157,1.7158,754290075
2025-06-16T03:00:00+00:00,1.7166000000000001,1.7166000000000001,1.7166000000000001,1.7166000000000001,1095707
2025-06-16T04:00:00+00:00,1.7167,1.7167,1.7166000000000001,1.7167,103452802
2025-06-16T05:00:00+00:00,1.7167,1.7167,1.7166000000000001,1.7167,77006311
2025-06-16T06:00:00+00:00,1.7166000000000001,1.7167,1.7166000000000001,1.7167,199679554
2025-06-16T07:00:00+00:00,1.7167,1.7167,1.7166000000000001,1.7167,666941398
2025-06-16T08:00:00+00:00,1.7167,1.7167,1.7166000000000001,1.7167,357123051
2025-06-16T09:00:00+00:00,1.7167,1.7167,1.7166000000000001,1.7167,243972635
2025-06-16T10:00:00+00:00,1.7167,1.7167,1.7166000000000001,1.7167,364401066
2025-06-16T11:00:00+00:00,1.7167,1.7167,1.7166000000000001,1.7166000000000001,243823388
2025-06-16T12:00:00+00:00,1.7167,1.7167,1.7166000000000001,1.7166000000000001,285562307
2025-06-16T13:00:00+00:00,1.7167,1.7167,1.7166000000000001,1.7167,306189420
2025-06-16T14:00:00+00:00,1.7167,1.7167,1.7166000000000001,1.7167,543716933
2025-06-16T15:00:00+00:00,1.7167,1.7167,1.7166000000000001,1.7166000000000001,329465261
2025-06-16T16:00:00+00:00,1.7166000000000001,1.7167,1.7166000000000001,1.7167,247177103
2025-06-16T17:00:00+00:00,1.7167,1.7167,1.7166000000000001,1.7167,134876938
2025-06-16T18:00:00+00:00,1.7167,1.7167,1.7166000000000001,1.7166000000000001,188585639
2025-06-16T19:00:00+00:00,1.7166000000000001,1.7167,1.7166000000000001,1.7167,149473387
2025-06-16T20:00:00+00:00,1.7167,1.7167,1.7166000000000001,1.7167,918114480
2025-06-17T03:00:00+00:00,1.7176,1.7176,1.7176,1.7176,3614794
2025-06-17T04:00:00+00:00,1.7177,1.7177,1.7176,1.7176,60336658
2025-06-17T05:00:00+00:00,1.7177,1.7177,1.7176,1.7177,37544861
2025-06-17T06:00:00+00:00,1.7176,1.7177,1.7176,1.7177,117828433
2025-06-17T07:00:00+00:00,1.7177,1.7177,1.7176,1.7176,342059510
2025-06-17T08:00:00+00:00,1.7177,1.7177,1.7176,1.7177,254454059
2025-06-17T09:00:00+00:00,1.7177,1.7177,1.7176,1.7177,218038646
2025-06-17T10:00:00+00:00,1.7177,1.7177,1.7176,1.7177,343837551
2025-06-17T11:00:00+00:00,1.7177,1.7177,1.7176,1.7177,423263816
2025-06-17T12:00:00+00:00,1.7177,1.7177,1.7176,1.7176,456518455
2025-06-17T13:00:00+00:00,1.7177,1.7177,1.7176,1.7176,337100174
2025-06-17T14:00:00+00:00,1.7176,1.7177,1.7176,1.7177,611118683
2025-06-17T15:00:00+00:00,1.7177,1.7177,1.7176,1.7177,396909298
2025-06-17T16:00:00+00:00,1.7177,1.7177,1.7176,1.7177,522554206
2025-06-17T17:00:00+00:00,1.7177,1.7177,1.7176,1.7176,230576413
2025-06-17T18:00:00+00:00,1.7177,1.7177,1.7176,1.7177,175675891
2025-06-17T19:00:00+00:00,1.7177,1.7177,1.7176,1.7177,211296116
2025-06-17T20:00:00+00:00,1.7177,1.7177,1.7176,1.7176,223347594
2025-06-18T03:00:00+00:00,1.7186,1.7186,1.7186,1.7186,2971667
2025-06-18T04:00:00+00:00,1.7187000000000001,1.7187000000000001,1.7186,1.7186,64731448
2025-06-18T05:00:00+00:00,1.7187000000000001,1.7187000000000001,1.7186,1.7187000000000001,39771053
2025-06-18T06:00:00+00:00,1.7187000000000001,1.7187000000000001,1.7186,1.7187000000000001,116134424
2025-06-18T07:00:00+00:00,1.7187000000000001,1.7187000000000001,1.7186,1.7187000000000001,458505938
2025-06-18T08:00:00+00:00,1.7187000000000001,1.7187000000000001,1.7186,1.7187000000000001,347085435
2025-06-18T09:00:00+00:00,1.7187000000000001,1.7187000000000001,1.7186,1.7187000000000001,358707963
2025-06-18T10:00:00+00:00,1.7187000000000001,1.7187000000000001,1.7186,1.7187000000000001,557991468
2025-06-18T11:00:00+00:00,1.7187000000000001,1.7187000000000001,1.7186,1.7187000000000001,337564010
2025-06-18T12:00:00+00:00,1.7187000000000001,1.7187000000000001,1.7186,1.7187000000000001,400975320
2025-06-18T13:00:00+00:00,1.7187000000000001,1.7187000000000001,1.7186,1.7186,240459988
2025-06-18T14:00:00+00:00,1.7187000000000001,1.7187000000000001,1.7186,1.7187000000000001,458202371
2025-06-18T15:00:00+00:00,1.7186,1.7187000000000001,1.7186,1.7187000000000001,277119521
2025-06-18T16:00:00+00:00,1.7186,1.7187000000000001,1.7186,1.7186,290070213
2025-06-18T17:00:00+00:00,1.7187000000000001,1.7187000000000001,1.7186,1.7186,221759773
2025-06-18T18:00:00+00:00,1.7186,1.7187000000000001,1.7186,1.7186,155348336
2025-06-18T19:00:00+00:00,1.7187000000000001,1.7187000000000001,1.7186,1.7187000000000001,163333531
2025-06-18T20:00:00+00:00,1.7186,1.7187000000000001,1.7186,1.7186,241824866
2025-06-19T03:00:00+00:00,1.7196,1.7196,1.7196,1.7196,19197084
2025-06-19T04:00:00+00:00,1.7195,1.7196,1.7195,1.7195,67305452
2025-06-19T05:00:00+00:00,1.7195,1.7196,1.7195,1.7195,81330039
2025-06-19T06:00:00+00:00,1.7196,1.7196,1.7195,1.7196,136260283
2025-06-19T07:00:00+00:00,1.7196,1.7196,1.7195,1.7196,293068090
2025-06-19T08:00:00+00:00,1.7196,1.7196,1.7195,1.7196,504629091
2025-06-19T09:00:00+00:00,1.7196,1.7196,1.7195,1.7196,357405856
2025-06-19T10:00:00+00:00,1.7196,1.7196,1.7195,1.7196,269827324
2025-06-19T11:00:00+00:00,1.7196,1.7196,1.7195,1.7196,401024400
2025-06-19T12:00:00+00:00,1.7196,1.7196,1.7195,1.7196,419749756
2025-06-19T13:00:00+00:00,1.7196,1.7196,1.7195,1.7196,390545492
2025-06-19T14:00:00+00:00,1.7195,1.7196,1.7195,1.7195,467059283
2025-06-19T15:00:00+00:00,1.7196,1.7196,1.7195,1.7195,366574047
2025-06-19T16:00:00+00:00,1.7196,1.7196,1.7195,1.7196,731529721
2025-06-19T17:00:00+00:00,1.7196,1.7196,1.7195,1.7196,174993327
2025-06-19T18:00:00+00:00,1.7196,1.7196,1.7195,1.7195,122135341
2025-06-19T19:00:00+00:00,1.7196,1.7196,1.7195,1.7196,313581016
2025-06-19T20:00:00+00:00,1.7196,1.7196,1.7195,1.7196,567632560
2025-06-20T03:00:00+00:00,1.7224,1.7224,1.7224,1.7224,2016024
2025-06-20T04:00:00+00:00,1.7224,1.7224,1.7223000000000002,1.7223000000000002,125871138
2025-06-20T05:00:00+00:00,1.7224,1.7224,1.7223000000000002,1.7224,93716954
2025-06-20T06:00:00+00:00,1.7224,1.7224,1.7223000000000002,1.7223000000000002,184944373
2025-06-20T07:00:00+00:00,1.7224,1.7224,1.7223000000000002,1.7224,594036561
2025-06-20T08:00:00+00:00,1.7224,1.7224,1.7223000000000002,1.7224,398072052
2025-06-20T09:00:00+00:00,1.7224,1.7224,1.7223000000000002,1.7224,346937533
2025-06-20T10:00:00+00:00,1.7224,1.7224,1.7223000000000002,1.7224,271569281
2025-06-20T11:00:00+00:00,1.7224,1.7224,1.7223000000000002,1.7224,401350428
2025-06-20T12:00:00+00:00,1.7224,1.7224,1.7223000000000002,1.7223000000000002,477988635
2025-06-20T13:00:00+00:00,1.7224,1.7224,1.7223000000000002,1.7224,526613105
2025-06-20T14:00:00+00:00,1.7224,1.7224,1.7223000000000002,1.7224,339096715
2025-06-20T15:00:00+00:00,1.7223000000000002,1.7224,1.7223000000000002,1.7224,447341923
2025-06-20T16:00:00+00:00,1.7223000000000002,1.7224,1.7223000000000002,1.7223000000000002,221798228
2025-06-20T17:00:00+00:00,1.7224,1.7224,1.7223000000000002,1.7224,148278757
2025-06-20T18:00:00+00:00,1.7224,1.7224,1.7223000000000002,1.7223000000000002,133757338
2025-06-20T19:00:00+00:00,1.7223000000000002,1.7224,1.7223000000000002,1.7224,119192770
2025-06-20T20:00:00+00:00,1.7223000000000002,1.7224,1.7223000000000002,1.7224,762650811
2025-06-23T03:00:00+00:00,1.7231999999999998,1.7231999999999998,1.7231999999999998,1.7231999999999998,1054441
2025-06-23T04:00:00+00:00,1.7233,1.7233,1.7231999999999998,1.7233,175705670
2025-06-23T05:00:00+00:00,1.7231999999999998,1.7233,1.7231999999999998,1.7233,138978069
2025-06-23T06:00:00+00:00,1.7233,1.7233,1.7231999999999998,1.7233,217953353
2025-06-23T07:00:00+00:00,1.7233,1.7233,1.7231999999999998,1.7233,527472288
2025-06-23T08:00:00+00:00,1.7233,1.7233,1.7231999999999998,1.7233,654950848
2025-06-23T09:00:00+00:00,1.7231999999999998,1.7233,1.7231999999999998,1.7233,432622122
2025-06-23T10:00:00+00:00,1.7233,1.7233,1.7231999999999998,1.7233,536605239
2025-06-23T11:00:00+00:00,1.7233,1.7233,1.7231999999999998,1.7231999999999998,389910827
2025-06-23T12:00:00+00:00,1.7233,1.7233,1.7231999999999998,1.7231999999999998,603282738
2025-06-23T13:00:00+00:00,1.7233,1.7233,1.7231999999999998,1.7231999999999998,395011606
2025-06-23T14:00:00+00:00,1.7233,1.7233,1.7231999999999998,1.7233,429733910
2025-06-23T15:00:00+00:00,1.7233,1.7233,1.7231999999999998,1.7233,432823457
2025-06-23T16:00:00+00:00,1.7231999999999998,1.7233,1.7231999999999998,1.7233,473197899
2025-06-23T17:00:00+00:00,1.7233,1.7233,1.7231999999999998,1.7233,138596524
2025-06-23T18:00:00+00:00,1.7233,1.7233,1.7231999999999998,1.7233,351058660
2025-06-23T19:00:00+00:00,1.7233,1.7233,1.7231999999999998,1.7231999999999998,190130028
2025-06-23T20:00:00+00:00,1.7231999999999998,1.7233,1.7231999999999998,1.7231999999999998,405700437
2025-06-24T03:00:00+00:00,1.7241,1.7241,1.7241,1.7241,2386648
2025-06-24T04:00:00+00:00,1.7242,1.7242,1.7241,1.7241,105790171
2025-06-24T05:00:00+00:00,1.7241,1.7242,1.7241,1.7242,205307601
2025-06-24T06:00:00+00:00,1.7242,1.7242,1.7241,1.7241,174649072
2025-06-24T07:00:00+00:00,1.7242,1.7242,1.7241,1.7241,520376973
2025-06-24T08:00:00+00:00,1.7242,1.7242,1.7241,1.7242,473898386
2025-06-24T09:00:00+00:00,1.7242,1.7242,1.7241,1.7241,612899021
2025-06-24T10:00:00+00:00,1.7241,1.7242,1.7241,1.7242,1114074681
2025-06-24T11:00:00+00:00,1.7242,1.7242,1.7241,1.7242,788631502
2025-06-24T12:00:00+00:00,1.7241,1.7242,1.7241,1.7242,341591841
2025-06-24T13:00:00+00:00,1.7242,1.7242,1.7241,1.7241,301527670
2025-06-24T14:00:00+00:00,1.7242,1.7242,1.7241,1.7241,376974046
2025-06-24T15:00:00+00:00,1.7242,1.7242,1.7241,1.7242,401451329
2025-06-24T16:00:00+00:00,1.7242,1.7242,1.7241,1.7242,276297037
2025-06-24T17:00:00+00:00,1.7242,1.7242,1.7241,1.7241,553364893
2025-06-24T18:00:00+00:00,1.7242,1.7242,1.7241,1.7242,144527128
2025-06-24T19:00:00+00:00,1.7242,1.7242,1.7241,1.7242,117594049
2025-06-24T20:00:00+00:00,1.7242,1.7242,1.7241,1.7242,210650602
2025-06-25T03:00:00+00:00,1.7252,1.7252,1.7252,1.7252,437568
2025-06-25T04:00:00+00:00,1.7252,1.7252,1.7250999999999999,1.7250999999999999,49662835
2025-06-25T05:00:00+00:00,1.7250999999999999,1.7252,1.7250999999999999,1.7252,48107656
2025-06-25T06:00:00+00:00,1.7252,1.7252,1.7250999999999999,1.7252,297753516
2025-06-25T07:00:00+00:00,1.7252,1.7252,1.7250999999999999,1.7252,677868510
2025-06-25T08:00:00+00:00,1.7250999999999999,1.7252,1.7250999999999999,1.7250999999999999,598380756
2025-06-25T09:00:00+00:00,1.7250999999999999,1.7252,1.7250999999999999,1.7250999999999999,409042035
2025-06-25T10:00:00+00:00,1.7250999999999999,1.7252,1.7250999999999999,1.7250999999999999,375079423
2025-06-25T11:00:00+00:00,1.7252,1.7252,1.7250999999999999,1.7250999999999999,570146837
2025-06-25T12:00:00+00:00,1.7250999999999999,1.7252,1.7250999999999999,1.7250999999999999,292014038
2025-06-25T13:00:00+00:00,1.7252,1.7252,1.7250999999999999,1.7252,429386759
2025-06-25T14:00:00+00:00,1.7250999999999999,1.7252,1.7250999999999999,1.7252,395033073
2025-06-25T15:00:00+00:00,1.7252,1.7252,1.7250999999999999,1.7252,541962040
2025-06-25T16:00:00+00:00,1.7252,1.7252,1.7250999999999999,1.7252,644447995
2025-06-25T17:00:00+00:00,1.7252,1.7252,1.7250999999999999,1.7252,194910174
2025-06-25T18:00:00+00:00,1.7250999999999999,1.7252,1.7250999999999999,1.7252,191976185
2025-06-25T19:00:00+00:00,1.7250999999999999,1.7252,1.7250999999999999,1.7252,121356316
2025-06-25T20:00:00+00:00,1.7250999999999999,1.7252,1.7250999999999999,1.7252,228137172
2025-06-26T03:00:00+00:00,1.7262,1.7262,1.7262,1.7262,1831075
2025-06-26T04:00:00+00:00,1.7263,1.7263,1.7262,1.7263,77586757
2025-06-26T05:00:00+00:00,1.7262,1.7263,1.7262,1.7262,127343362
2025-06-26T06:00:00+00:00,1.7262,1.7263,1.7262,1.7262,138020314
2025-06-26T07:00:00+00:00,1.7263,1.7263,1.7262,1.7263,395692073
2025-06-26T08:00:00+00:00,1.7262,1.7263,1.7262,1.7263,461619714
2025-06-26T09:00:00+00:00,1.7262,1.7263,1.7262,1.7263,588163655
2025-06-26T10:00:00+00:00,1.7263,1.7263,1.7262,1.7263,359124201
2025-06-26T11:00:00+00:00,1.7263,1.7263,1.7262,1.7262,387054678
2025-06-26T12:00:00+00:00,1.7263,1.7263,1.7262,1.7262,578440044
2025-06-26T13:00:00+00:00,1.7262,1.7263,1.7262,1.7262,408950904
2025-06-26T14:00:00+00:00,1.7263,1.7263,1.7262,1.7263,312816443
2025-06-26T15:00:00+00:00,1.7262,1.7263,1.7262,1.7262,370247050
2025-06-26T16:00:00+00:00,1.7262,1.7263,1.7262,1.7263,270218359
2025-06-26T17:00:00+00:00,1.7263,1.7263,1.7262,1.7263,128256134
2025-06-26T18:00:00+00:00,1.7263,1.7263,1.7262,1.7263,200597977
2025-06-26T19:00:00+00:00,1.7263,1.7263,1.7262,1.7263,176018782
2025-06-26T20:00:00+00:00,1.7263,1.7263,1.7262,1.7263,290329384
2025-06-27T03:00:00+00:00,1.729,1.729,1.729,1.729,2194343
2025-06-27T04:00:00+00:00,1.7290999999999999,1.7290999999999999,1.729,1.7290999999999999,167745173
2025-06-27T05:00:00+00:00,1.7290999999999999,1.7290999999999999,1.729,1.7290999999999999,90133285
2025-06-27T06:00:00+00:00,1.729,1.7290999999999999,1.729,1.7290999999999999,414865848
2025-06-27T07:00:00+00:00,1.7290999999999999,1.7290999999999999,1.729,1.7290999999999999,724947624
2025-06-27T08:00:00+00:00,1.7290999999999999,1.7290999999999999,1.729,1.7290999999999999,333585119
2025-06-27T09:00:00+00:00,1.7290999999999999,1.7290999999999999,1.729,1.7290999999999999,466427770
2025-06-27T10:00:00+00:00,1.7290999999999999,1.7290999999999999,1.729,1.7290999999999999,261094034
2025-06-27T11:00:00+00:00,1.729,1.7290999999999999,1.729,1.7290999999999999,397615639
2025-06-27T12:00:00+00:00,1.7290999999999999,1.7290999999999999,1.729,1.729,299720406
2025-06-27T13:00:00+00:00,1.7290999999999999,1.7290999999999999,1.729,1.7290999999999999,550111901
2025-06-27T14:00:00+00:00,1.7290999999999999,1.7290999999999999,1.729,1.729,433089843
2025-06-27T15:00:00+00:00,1.7290999999999999,1.7290999999999999,1.729,1.729,312168743
2025-06-27T16:00:00+00:00,1.7290999999999999,1.7290999999999999,1.729,1.729,387435647
2025-06-27T17:00:00+00:00,1.729,1.7290999999999999,1.729,1.729,123236198
2025-06-27T18:00:00+00:00,1.7290999999999999,1.7290999999999999,1.729,1.7290999999999999,158085572
2025-06-27T19:00:00+00:00,1.729,1.7290999999999999,1.729,1.7290999999999999,118087038
2025-06-27T20:00:00+00:00,1.7290999999999999,1.7290999999999999,1.729,1.729,160732251
2025-06-28T06:00:00+00:00,1.73,1.73,1.73,1.73,494990
2025-06-28T07:00:00+00:00,1.73,1.73,1.7299,1.73,80216017
2025-06-28T08:00:00+00:00,1.7299,1.73,1.7299,1.73,4496678
2025-06-28T09:00:00+00:00,1.73,1.73,1.7299,1.73,8832004
2025-06-28T10:00:00+00:00,1.73,1.73,1.7299,1.73,11730407
2025-06-28T11:00:00+00:00,1.73,1.73,1.7299,1.73,12510447
2025-06-28T12:00:00+00:00,1.7299,1.73,1.7299,1.73,6239822
2025-06-28T13:00:00+00:00,1.7299,1.73,1.7299,1.7299,31484883
2025-06-28T14:00:00+00:00,1.73,1.73,1.7299,1.73,4359747
2025-06-28T15:00:00+00:00,1.73,1.73,1.7299,1.73,7200727
2025-06-29T06:00:00+00:00,1.7299,1.7299,1.7299,1.7299,1036484
2025-06-29T07:00:00+00:00,1.7299,1.73,1.7299,1.7299,13867299
2025-06-29T08:00:00+00:00,1.73,1.73,1.7299,1.73,9483642
2025-06-29T09:00:00+00:00,1.73,1.73,1.7299,1.73,4749182
2025-06-29T10:00:00+00:00,1.73,1.73,1.7299,1.73,3670429
2025-06-29T11:00:00+00:00,1.7299,1.73,1.7299,1.7299,6032942
2025-06-29T12:00:00+00:00,1.7299,1.73,1.7299,1.73,3415615
2025-06-29T13:00:00+00:00,1.73,1.73,1.7299,1.73,12389902
2025-06-29T14:00:00+00:00,1.73,1.73,1.7299,1.7299,5166776
2025-06-29T15:00:00+00:00,1.73,1.73,1.7299,1.7299,7000000
2025-06-30T03:00:00+00:00,1.73,1.73,1.73,1.73,431355
2025-06-30T04:00:00+00:00,1.73,1.73,1.7299,1.7299,95804797
2025-06-30T05:00:00+00:00,1.7299,1.73,1.7299,1.73,94624173
2025-06-30T06:00:00+00:00,1.73,1.73,1.7299,1.7299,239148466
2025-06-30T07:00:00+00:00,1.73,1.73,1.7299,1.73,667992892
2025-06-30T08:00:00+00:00,1.73,1.73,1.7299,1.73,508568645
2025-06-30T09:00:00+00:00,1.73,1.73,1.7299,1.73,397795695
2025-06-30T10:00:00+00:00,1.73,1.73,1.7299,1.73,465649803
2025-06-30T11:00:00+00:00,1.73,1.73,1.7299,1.73,449863162
2025-06-30T12:00:00+00:00,1.73,1.73,1.7299,1.73,399176164
2025-06-30T13:00:00+00:00,1.73,1.73,1.7299,1.73,422206272
2025-06-30T14:00:00+00:00,1.73,1.73,1.7299,1.73,513815518
2025-06-30T15:00:00+00:00,1.73,1.73,1.7299,1.73,483462879
2025-06-30T16:00:00+00:00,1.73,1.73,1.7299,1.7299,341158329
2025-06-30T17:00:00+00:00,1.73,1.73,1.7299,1.73,239372540
2025-06-30T18:00:00+00:00,1.73,1.73,1.7299,1.73,211138969
2025-06-30T19:00:00+00:00,1.73,1.73,1.7299,1.73,268775988
2025-06-30T20:00:00+00:00,1.7299,1.73,1.7299,1.73,340323471
2025-07-01T03:00:00+00:00,1.7309,1.7309,1.7309,1.7309,4770910
2025-07-01T04:00:00+00:00,1.7309,1.7309,1.7308,1.7308,78398003
2025-07-01T05:00:00+00:00,1.7308,1.7309,1.7308,1.7309,111384784
2025-07-01T06:00:00+00:00,1.7309,1.7309,1.7308,1.7308,231181304
2025-07-01T07:00:00+00:00,1.7309,1.7309,1.7308,1.7308,511489782
2025-07-01T08:00:00+00:00,1.7308,1.7309,1.7308,1.7309,760036086
2025-07-01T09:00:00+00:00,1.7309,1.7309,1.7308,1.7309,549758131
2025-07-01T10:00:00+00:00,1.7309,1.7309,1.7308,1.7309,438122975
2025-07-01T11:00:00+00:00,1.7309,1.7309,1.7308,1.7308,469609459
2025-07-01T12:00:00+00:00,1.7308,1.7309,1.7308,1.7309,566273588
2025-07-01T13:00:00+00:00,1.7308,1.7309,1.7308,1.7309,345796446
2025-07-01T14:00:00+00:00,1.7309,1.7309,1.7308,1.7308,539895291
2025-07-01T15:00:00+00:00,1.7308,1.7309,1.7308,1.7308,374087259
2025-07-01T16:00:00+00:00,1.7309,1.7309,1.7308,1.7309,290037258
2025-07-01T17:00:00+00:00,1.7309,1.7309,1.7308,1.7309,248172338
2025-07-01T18:00:00+00:00,1.7309,1.7309,1.7308,1.7309,155384633
2025-07-01T19:00:00+00:00,1.7309,1.7309,1.7308,1.7309,275280199
2025-07-01T20:00:00+00:00,1.7308,1.7309,1.7308,1.7309,415624016
2025-07-02T03:00:00+00:00,1.7317,1.7317,1.7317,1.7317,11038072
2025-07-02T04:00:00+00:00,1.7318,1.7318,1.7317,1.7318,57704348
2025-07-02T05:00:00+00:00,1.7317,1.7318,1.7317,1.7318,57616358
2025-07-02T06:00:00+00:00,1.7318,1.7318,1.7317,1.7317,169679187
2025-07-02T07:00:00+00:00,1.7318,1.7318,1.7317,1.7318,498704736
2025-07-02T08:00:00+00:00,1.7317,1.7318,1.7317,1.7318,613406442
2025-07-02T09:00:00+00:00,1.7317,1.7318,1.7317,1.7318,281027134
2025-07-02T10:00:00+00:00,1.7318,1.7318,1.7317,1.7317,265765597
2025-07-02T11:00:00+00:00,1.7318,1.7318,1.7317,1.7318,305436803
2025-07-02T12:00:00+00:00,1.7318,1.7318,1.7317,1.7317,332281776
2025-07-02T13:00:00+00:00,1.7317,1.7318,1.7317,1.7318,307836917
2025-07-02T14:00:00+00:00,1.7318,1.7318,1.7317,1.7318,496504248
2025-07-02T15:00:00+00:00,1.7318,1.7318,1.7317,1.7317,463519796
2025-07-02T16:00:00+00:00,1.7317,1.7318,1.7317,1.7318,353603413
2025-07-02T17:00:00+00:00,1.7318,1.7318,1.7317,1.7318,174427063
2025-07-02T18:00:00+00:00,1.7318,1.7318,1.7317,1.7318,147909376
2025-07-02T19:00:00+00:00,1.7318,1.7318,1.7317,1.7318,206000880
2025-07-02T20:00:00+00:00,1.7318,1.7318,1.7317,1.7318,558437387
2025-07-03T03:00:00+00:00,1.7327,1.7327,1.7327,1.7327,1607068
2025-07-03T04:00:00+00:00,1.7328000000000001,1.7328000000000001,1.7327,1.7327,96485771
2025-07-03T05:00:00+00:00,1.7327,1.7328000000000001,1.7327,1.7328000000000001,64403778
2025-07-03T06:00:00+00:00,1.7328000000000001,1.7328000000000001,1.7327,1.7328000000000001,119140220
2025-07-03T07:00:00+00:00,1.7328000000000001,1.7328000000000001,1.7327,1.7328000000000001,511223984
2025-07-03T08:00:00+00:00,1.7328000000000001,1.7328000000000001,1.7327,1.7328000000000001,326112807
2025-07-03T09:00:00+00:00,1.7328000000000001,1.7328000000000001,1.7327,1.7327,504048588
2025-07-03T10:00:00+00:00,1.7327,1.7328000000000001,1.7327,1.7327,337895815
2025-07-03T11:00:00+00:00,1.7327,1.7328000000000001,1.7327,1.7328000000000001,397234412
2025-07-03T12:00:00+00:00,1.7328000000000001,1.7328000000000001,1.7327,1.7327,461535228
2025-07-03T13:00:00+00:00,1.7327,1.7328000000000001,1.7327,1.7328000000000001,891361773
2025-07-03T14:00:00+00:00,1.7328000000000001,1.7328000000000001,1.7327,1.7328000000000001,367597062
2025-07-03T15:00:00+00:00,1.7328000000000001,1.7328000000000001,1.7327,1.7328000000000001,219267966
2025-07-03T16:00:00+00:00,1.7328000000000001,1.7328000000000001,1.7327,1.7327,383142083
2025-07-03T17:00:00+00:00,1.7328000000000001,1.7328000000000001,1.7327,1.7328000000000001,200857816
2025-07-03T18:00:00+00:00,1.7328000000000001,1.7328000000000001,1.7327,1.7328000000000001,257582977
2025-07-03T19:00:00+00:00,1.7327,1.7328000000000001,1.7327,1.7327,162062993
2025-07-03T20:00:00+00:00,1.7328000000000001,1.7328000000000001,1.7327,1.7328000000000001,379379545
2025-07-04T03:00:00+00:00,1.7355,1.7355,1.7355,1.7355,1662914
2025-07-04T04:00:00+00:00,1.7356,1.7356,1.7355,1.7355,165452013
2025-07-04T05:00:00+00:00,1.7355,1.7356,1.7355,1.7355,160886069
2025-07-04T06:00:00+00:00,1.7356,1.7356,1.7355,1.7355,256073985
2025-07-04T07:00:00+00:00,1.7356,1.7356,1.7355,1.7356,638644312
2025-07-04T08:00:00+00:00,1.7355,1.7356,1.7355,1.7355,613373851
2025-07-04T09:00:00+00:00,1.7356,1.7356,1.7355,1.7356,622305512
2025-07-04T10:00:00+00:00,1.7356,1.7356,1.7355,1.7356,387559521
2025-07-04T11:00:00+00:00,1.7356,1.7356,1.7355,1.7355,305547595
2025-07-04T12:00:00+00:00,1.7355,1.7356,1.7355,1.7355,471638129
2025-07-04T13:00:00+00:00,1.7355,1.7356,1.7355,1.7355,311624430
2025-07-04T14:00:00+00:00,1.7356,1.7356,1.7355,1.7356,216498151
2025-07-04T15:00:00+00:00,1.7356,1.7356,1.7355,1.7356,258159718
2025-07-04T16:00:00+00:00,1.7355,1.7356,1.7355,1.7355,220329855
2025-07-04T17:00:00+00:00,1.7355,1.7356,1.7355,1.7356,201516276
2025-07-04T18:00:00+00:00,1.7356,1.7356,1.7355,1.7356,109529688
2025-07-04T19:00:00+00:00,1.7355,1.7356,1.7355,1.7356,88934690
2025-07-04T20:00:00+00:00,1.7356,1.7356,1.7355,1.7356,567899919
2025-07-05T06:00:00+00:00,1.7365,1.7365,1.7365,1.7365,402877
2025-07-05T07:00:00+00:00,1.7365,1.7366000000000001,1.7365,1.7366000000000001,27234877
2025-07-05T08:00:00+00:00,1.7366000000000001,1.7366000000000001,1.7365,1.7366000000000001,8097247
2025-07-05T09:00:00+00:00,1.7366000000000001,1.7366000000000001,1.7365,1.7366000000000001,17889152
2025-07-05T10:00:00+00:00,1.7366000000000001,1.7366000000000001,1.7365,1.7366000000000001,5320267
2025-07-05T11:00:00+00:00,1.7366000000000001,1.7366000000000001,1.7365,1.7365,5703108
2025-07-05T12:00:00+00:00,1.7366000000000001,1.7366000000000001,1.7365,1.7366000000000001,9351470
2025-07-05T13:00:00+00:00,1.7366000000000001,1.7366000000000001,1.7365,1.7365,6065983
2025-07-05T14:00:00+00:00,1.7366000000000001,1.7366000000000001,1.7365,1.7366000000000001,8143167
2025-07-05T15:00:00+00:00,1.7366000000000001,1.7366000000000001,1.7365,1.7366000000000001,2113534
2025-07-06T06:00:00+00:00,1.7366000000000001,1.7366000000000001,1.7366000000000001,1.7366000000000001,104062
2025-07-06T07:00:00+00:00,1.7366000000000001,1.7366000000000001,1.7365,1.7366000000000001,15036897
2025-07-06T08:00:00+00:00,1.7366000000000001,1.7366000000000001,1.7365,1.7365,4272022
2025-07-06T09:00:00+00:00,1.7365,1.7366000000000001,1.7365,1.7366000000000001,17706054
2025-07-06T10:00:00+00:00,1.7366000000000001,1.7366000000000001,1.7365,1.7366000000000001,5189509
2025-07-06T11:00:00+00:00,1.7366000000000001,1.7366000000000001,1.7365,1.7366000000000001,12546277
2025-07-06T12:00:00+00:00,1.7365,1.7366000000000001,1.7365,1.7366000000000001,3712387
2025-07-06T13:00:00+00:00,1.7365,1.7366000000000001,1.7365,1.7365,4242968
2025-07-06T14:00:00+00:00,1.7366000000000001,1.7366000000000001,1.7365,1.7366000000000001,6810569
2025-07-06T15:00:00+00:00,1.7365,1.7366000000000001,1.7365,1.7366000000000001,3155790
2025-07-07T03:00:00+00:00,1.7366000000000001,1.7366000000000001,1.7366000000000001,1.7366000000000001,2812858
2025-07-07T04:00:00+00:00,1.7366000000000001,1.7366000000000001,1.7365,1.7365,88671358
2025-07-07T05:00:00+00:00,1.7365,1.7366000000000001,1.7365,1.7366000000000001,71144690
2025-07-07T06:00:00+00:00,1.7366000000000001,1.7366000000000001,1.7365,1.7365,170508799
2025-07-07T07:00:00+00:00,1.7366000000000001,1.7366000000000001,1.7365,1.7366000000000001,533973915
2025-07-07T08:00:00+00:00,1.7365,1.7366000000000001,1.7365,1.7366000000000001,443944654
2025-07-07T09:00:00+00:00,1.7366000000000001,1.7366000000000001,1.7365,1.7365,452988013
2025-07-07T10:00:00+00:00,1.7366000000000001,1.7366000000000001,1.7365,1.7365,375605980
2025-07-07T11:00:00+00:00,1.7366000000000001,1.7366000000000001,1.7365,1.7366000000000001,631074259
2025-07-07T12:00:00+00:00,1.7365,1.7366000000000001,1.7365,1.7366000000000001,265693334
2025-07-07T13:00:00+00:00,1.7366000000000001,1.7366000000000001,1.7365,1.7366000000000001,412145903
2025-07-07T14:00:00+00:00,1.7365,1.7366000000000001,1.7365,1.7365,696393844
2025-07-07T15:00:00+00:00,1.7365,1.7366000000000001,1.7365,1.7365,337440085
2025-07-07T16:00:00+00:00,1.7366000000000001,1.7366000000000001,1.7365,1.7366000000000001,270618999
2025-07-07T17:00:00+00:00,1.7366000000000001,1.7366000000000001,1.7365,1.7365,280972519
2025-07-07T18:00:00+00:00,1.7366000000000001,1.7366000000000001,1.7365,1.7366000000000001,134923808
2025-07-07T19:00:00+00:00,1.7366000000000001,1.7366000000000001,1.7365,1.7366000000000001,333779452
2025-07-07T20:00:00+00:00,1.7366000000000001,1.7366000000000001,1.7365,1.7366000000000001,591630217
2025-07-08T03:00:00+00:00,1.7375,1.7375,1.7375,1.7375,4291616
2025-07-08T04:00:00+00:00,1.7375,1.7376,1.7375,1.7375,58186074
2025-07-08T05:00:00+00:00,1.7375,1.7376,1.7375,1.7376,122805300
2025-07-08T06:00:00+00:00,1.7376,1.7376,1.7375,1.7376,157910817
2025-07-08T07:00:00+00:00,1.7376,1.7376,1.7375,1.7376,493785301
2025-07-08T08:00:00+00:00,1.7375,1.7376,1.7375,1.7376,288689514
2025-07-08T09:00:00+00:00,1.7376,1.7376,1.7375,1.7376,238192986
2025-07-08T10:00:00+00:00,1.7375,1.7376,1.7375,1.7376,433492432
2025-07-08T11:00:00+00:00,1.7376,1.7376,1.7375,1.7376,635851415
2025-07-08T12:00:00+00:00,1.7376,1.7376,1.7375,1.7375,278127021
2025-07-08T13:00:00+00:00,1.7376,1.7376,1.7375,1.7375,331004181
2025-07-08T14:00:00+00:00,1.7375,1.7376,1.7375,1.7376,393013241
2025-07-08T15:00:00+00:00,1.7376,1.7376,1.7375,1.7375,249691590
2025-07-08T16:00:00+00:00,1.7376,1.7376,1.7375,1.7375,334769402
2025-07-08T17:00:00+00:00,1.7376,1.7376,1.7375,1.7375,210677627
2025-07-08T18:00:00+00:00,1.7375,1.7376,1.7375,1.7376,183720047
2025-07-08T19:00:00+00:00,1.7376,1.7376,1.7375,1.7375,172132293
2025-07-08T20:00:00+00:00,1.7376,1.7376,1.7375,1.7376,490072136
2025-07-09T03:00:00+00:00,1.7385000000000002,1.7385000000000002,1.7385000000000002,1.7385000000000002,4191100
2025-07-09T04:00:00+00:00,1.7385000000000002,1.7386,1.7385000000000002,1.7385000000000002,87185625
2025-07-09T05:00:00+00:00,1.7385000000000002,1.7386,1.7385000000000002,1.7386,56535711
2025-07-09T06:00:00+00:00,1.7386,1.7386,1.7385000000000002,1.7385000000000002,192127488
2025-07-09T07:00:00+00:00,1.7386,1.7386,1.7385000000000002,1.7385000000000002,468970450
2025-07-09T08:00:00+00:00,1.7385000000000002,1.7386,1.7385000000000002,1.7385000000000002,320426360
2025-07-09T09:00:00+00:00,1.7385000000000002,1.7386,1.7385000000000002,1.7386,498161205
2025-07-09T10:00:00+00:00,1.7385000000000002,1.7386,1.7385000000000002,1.7385000000000002,460555062
2025-07-09T11:00:00+00:00,1.7385000000000002,1.7386,1.7385000000000002,1.7386,572101407
2025-07-09T12:00:00+00:00,1.7385000000000002,1.7386,1.7385000000000002,1.7386,379413256
2025-07-09T13:00:00+00:00,1.7385000000000002,1.7386,1.7385000000000002,1.7385000000000002,520878539
2025-07-09T14:00:00+00:00,1.7385000000000002,1.7386,1.7385000000000002,1.7386,391585255
2025-07-09T15:00:00+00:00,1.7386,1.7386,1.7385000000000002,1.7385000000000002,344133402
2025-07-09T16:00:00+00:00,1.7386,1.7386,1.7385000000000002,1.7386,387468993
2025-07-09T17:00:00+00:00,1.7386,1.7386,1.7385000000000002,1.7385000000000002,139241614
2025-07-09T18:00:00+00:00,1.7386,1.7386,1.7385000000000002,1.7385000000000002,136736848
2025-07-09T19:00:00+00:00,1.7385000000000002,1.7386,1.7385000000000002,1.7385000000000002,115614745
2025-07-09T20:00:00+00:00,1.7385000000000002,1.7386,1.7385000000000002,1.7386,638102971
2025-07-10T03:00:00+00:00,1.7395,1.7395,1.7395,1.7395,6532171
2025-07-10T04:00:00+00:00,1.7396,1.7396,1.7395,1.7396,65333713
2025-07-10T05:00:00+00:00,1.7395,1.7396,1.7395,1.7396,61486434
2025-07-10T06:00:00+00:00,1.7396,1.7396,1.7395,1.7396,169830149
2025-07-10T07:00:00+00:00,1.7396,1.7396,1.7395,1.7396,581920253
2025-07-10T08:00:00+00:00,1.7396,1.7396,1.7395,1.7396,310137831
2025-07-10T09:00:00+00:00,1.7396,1.7396,1.7395,1.7396,480059105
2025-07-10T10:00:00+00:00,1.7396,1.7396,1.7395,1.7395,284577291
2025-07-10T11:00:00+00:00,1.7396,1.7396,1.7395,1.7395,226123920
2025-07-10T12:00:00+00:00,1.7395,1.7396,1.7395,1.7395,342201494
2025-07-10T13:00:00+00:00,1.7396,1.7396,1.7395,1.7395,399169865
2025-07-10T14:00:00+00:00,1.7396,1.7396,1.7395,1.7396,384698155
2025-07-10T15:00:00+00:00,1.7395,1.7396,1.7395,1.7395,458905225
2025-07-10T16:00:00+00:00,1.7396,1.7396,1.7395,1.7396,579079466
2025-07-10T17:00:00+00:00,1.7396,1.7396,1.7395,1.7396,241730532
2025-07-10T18:00:00+00:00,1.7396,1.7396,1.7395,1.7396,174432505
2025-07-10T19:00:00+00:00,1.7395,1.7396,1.7395,1.7396,183408514
2025-07-10T20:00:00+00:00,1.7395,1.7396,1.7395,1.7396,786069710
2025-07-11T03:00:00+00:00,1.7423,1.7423,1.7423,1.7423,25390180
2025-07-11T04:00:00+00:00,1.7424,1.7424,1.7423,1.7424,137638300
2025-07-11T05:00:00+00:00,1.7424,1.7424,1.7423,1.7423,181113648
2025-07-11T06:00:00+00:00,1.7424,1.7424,1.7423,1.7424,163266757
2025-07-11T07:00:00+00:00,1.7424,1.7424,1.7423,1.7423,650960388
2025-07-11T08:00:00+00:00,1.7423,1.7424,1.7423,1.7424,313980887
2025-07-11T09:00:00+00:00,1.7424,1.7424,1.7423,1.7423,403295486
2025-07-11T10:00:00+00:00,1.7424,1.7424,1.7423,1.7424,393107245
2025-07-11T11:00:00+00:00,1.7423,1.7424,1.7423,1.7424,339250824
2025-07-11T12:00:00+00:00,1.7423,1.7424,1.7423,1.7424,329390182
2025-07-11T13:00:00+00:00,1.7423,1.7424,1.7423,1.7424,364700316
2025-07-11T14:00:00+00:00,1.7424,1.7424,1.7423,1.7423,367697478
2025-07-11T15:00:00+00:00,1.7424,1.7424,1.7423,1.7424,539675604
2025-07-11T16:00:00+00:00,1.7423,1.7424,1.7423,1.7423,677454778
2025-07-11T17:00:00+00:00,1.7424,1.7424,1.7423,1.7424,140521097
2025-07-11T18:00:00+00:00,1.7423,1.7424,1.7423,1.7423,195884515
2025-07-11T19:00:00+00:00,1.7424,1.7424,1.7423,1.7423,227093003
2025-07-11T20:00:00+00:00,1.7423,1.7424,1.7423,1.7423,608605941
2025-07-12T06:00:00+00:00,1.7431999999999999,1.7431999999999999,1.7431999999999999,1.7431999999999999,882644
2025-07-12T07:00:00+00:00,1.7431999999999999,1.7433,1.7431999999999999,1.7433,33210094
2025-07-12T08:00:00+00:00,1.7433,1.7433,1.7431999999999999,1.7433,14732146
2025-07-12T09:00:00+00:00,1.7431999999999999,1.7433,1.7431999999999999,1.7433,9249322
2025-07-12T10:00:00+00:00,1.7433,1.7433,1.7431999999999999,1.7433,7343687
2025-07-12T11:00:00+00:00,1.7433,1.7433,1.7431999999999999,1.7433,6694311
2025-07-12T12:00:00+00:00,1.7433,1.7433,1.7431999999999999,1.7433,8285290
2025-07-12T13:00:00+00:00,1.7431999999999999,1.7433,1.7431999999999999,1.7433,5328757
2025-07-12T14:00:00+00:00,1.7433,1.7433,1.7431999999999999,1.7433,5549220
2025-07-12T15:00:00+00:00,1.7433,1.7433,1.7431999999999999,1.7433,3899560
2025-07-13T06:00:00+00:00,1.7433,1.7433,1.7433,1.7433,325899
2025-07-13T07:00:00+00:00,1.7433,1.7433,1.7431999999999999,1.7433,9995349
2025-07-13T08:00:00+00:00,1.7433,1.7433,1.7431999999999999,1.7433,9876259
2025-07-13T09:00:00+00:00,1.7433,1.7433,1.7431999999999999,1.7433,19310758
2025-07-13T10:00:00+00:00,1.7433,1.7433,1.7431999999999999,1.7431999999999999,13594777
2025-07-13T11:00:00+00:00,1.7431999999999999,1.7433,1.7431999999999999,1.7431999999999999,5447051
2025-07-13T12:00:00+00:00,1.7431999999999999,1.7433,1.7431999999999999,1.7433,4226775
2025-07-13T13:00:00+00:00,1.7433,1.7433,1.7431999999999999,1.7431999999999999,1872210
2025-07-13T14:00:00+00:00,1.7433,1.7433,1.7431999999999999,1.7433,7292564
2025-07-13T15:00:00+00:00,1.7433,1.7433,1.7431999999999999,1.7433,2941597
2025-07-14T03:00:00+00:00,1.7431999999999999,1.7431999999999999,1.7431999999999999,1.7431999999999999,8356883
2025-07-14T04:00:00+00:00,1.7431999999999999,1.7433,1.7431999999999999,1.7431999999999999,123228374
2025-07-14T05:00:00+00:00,1.7433,1.7433,1.7431999999999999,1.7431999999999999,128976088
2025-07-14T06:00:00+00:00,1.7433,1.7433,1.7431999999999999,1.7431999999999999,410546410
2025-07-14T07:00:00+00:00,1.7433,1.7433,1.7431999999999999,1.7433,604019858
2025-07-14T08:00:00+00:00,1.7433,1.7433,1.7431999999999999,1.7431999999999999,566667131
2025-07-14T09:00:00+00:00,1.7431999999999999,1.7433,1.7431999999999999,1.7431999999999999,521135673
2025-07-14T10:00:00+00:00,1.7431999999999999,1.7433,1.7431999999999999,1.7433,430563068
2025-07-14T11:00:00+00:00,1.7433,1.7433,1.7431999999999999,1.7431999999999999,361967111
2025-07-14T12:00:00+00:00,1.7431999999999999,1.7433,1.7431999999999999,1.7431999999999999,317090167
2025-07-14T13:00:00+00:00,1.7433,1.7433,1.7431999999999999,1.7433,333114891
2025-07-14T14:00:00+00:00,1.7433,1.7433,1.7431999999999999,1.7431999999999999,553429612
2025-07-14T15:00:00+00:00,1.7431999999999999,1.7433,1.7431999999999999,1.7433,486596669
2025-07-14T16:00:00+00:00,1.7433,1.7433,1.7431999999999999,1.7433,471034580
2025-07-14T17:00:00+00:00,1.7433,1.7433,1.7431999999999999,1.7433,654683132
2025-07-14T18:00:00+00:00,1.7433,1.7433,1.7431999999999999,1.7433,246773546
2025-07-14T19:00:00+00:00,1.7433,1.7433,1.7431999999999999,1.7433,194687438
2025-07-14T20:00:00+00:00,1.7433,1.7433,1.7431999999999999,1.7433,1163232883
2025-07-15T03:00:00+00:00,1.7442,1.7442,1.7442,1.7442,3046220
2025-07-15T04:00:00+00:00,1.7442,1.7442,1.7441,1.7441,148227337
2025-07-15T05:00:00+00:00,1.7441,1.7442,1.7441,1.7441,80818965
2025-07-15T06:00:00+00:00,1.7442,1.7442,1.7441,1.7442,152154800
2025-07-15T07:00:00+00:00,1.7442,1.7442,1.7441,1.7442,536060154
2025-07-15T08:00:00+00:00,1.7441,1.7442,1.7441,1.7442,356188551
2025-07-15T09:00:00+00:00,1.7442,1.7442,1.7441,1.7442,756012145
2025-07-15T10:00:00+00:00,1.7442,1.7442,1.7441,1.7441,602265248
2025-07-15T11:00:00+00:00,1.7442,1.7442,1.7441,1.7442,392989564
2025-07-15T12:00:00+00:00,1.7442,1.7442,1.7441,1.7441,403340942
2025-07-15T13:00:00+00:00,1.7441,1.7442,1.7441,1.7442,448054628
2025-07-15T14:00:00+00:00,1.7442,1.7442,1.7441,1.7441,512684089
2025-07-15T15:00:00+00:00,1.7442,1.7442,1.7441,1.7441,483860194
2025-07-15T16:00:00+00:00,1.7441,1.7442,1.7441,1.7442,256038560
2025-07-15T17:00:00+00:00,1.7441,1.7442,1.7441,1.7442,206518456
2025-07-15T18:00:00+00:00,1.7442,1.7442,1.7441,1.7442,440820179
2025-07-15T19:00:00+00:00,1.7441,1.7442,1.7441,1.7442,133119614
2025-07-15T20:00:00+00:00,1.7442,1.7442,1.7441,1.7441,838949433
2025-07-16T03:00:00+00:00,1.745,1.745,1.745,1.745,6899922
2025-07-16T04:00:00+00:00,1.745,1.7450999999999999,1.745,1.7450999999999999,110798157
2025-07-16T05:00:00+00:00,1.745,1.7450999999999999,1.745,1.7450999999999999,114970518
2025-07-16T06:00:00+00:00,1.745,1.7450999999999999,1.745,1.7450999999999999,239728998
2025-07-16T07:00:00+00:00,1.7450999999999999,1.7450999999999999,1.745,1.7450999999999999,386111874
2025-07-16T08:00:00+00:00,1.7450999999999999,1.7450999999999999,1.745,1.745,371040622
2025-07-16T09:00:00+00:00,1.7450999999999999,1.7450999999999999,1.745,1.7450999999999999,339264526
2025-07-16T10:00:00+00:00,1.7450999999999999,1.7450999999999999,1.745,1.7450999999999999,487565529
2025-07-16T11:00:00+00:00,1.7450999999999999,1.7450999999999999,1.745,1.7450999999999999,307536863
2025-07-16T12:00:00+00:00,1.745,1.7450999999999999,1.745,1.7450999999999999,391193759
2025-07-16T13:00:00+00:00,1.7450999999999999,1.7450999999999999,1.745,1.7450999999999999,389551055
2025-07-16T14:00:00+00:00,1.745,1.7450999999999999,1.745,1.7450999999999999,411607654
2025-07-16T15:00:00+00:00,1.745,1.7450999999999999,1.745,1.7450999999999999,392283082
2025-07-16T16:00:00+00:00,1.7450999999999999,1.7450999999999999,1.745,1.7450999999999999,363964303
2025-07-16T17:00:00+00:00,1.745,1.7450999999999999,1.745,1.745,235271066
2025-07-16T18:00:00+00:00,1.7450999999999999,1.7450999999999999,1.745,1.7450999999999999,234838066
2025-07-16T19:00:00+00:00,1.745,1.7450999999999999,1.745,1.7450999999999999,389334269
2025-07-16T20:00:00+00:00,1.7450999999999999,1.7450999999999999,1.745,1.745,1014707269
2025-07-17T03:00:00+00:00,1.7459,1.7459,1.7459,1.7459,22216260
2025-07-17T04:00:00+00:00,1.746,1.746,1.7459,1.746,114708886
2025-07-17T05:00:00+00:00,1.746,1.746,1.7459,1.746,152130451
2025-07-17T06:00:00+00:00,1.746,1.746,1.7459,1.746,211283760
2025-07-17T07:00:00+00:00,1.746,1.746,1.7459,1.746,508970058
2025-07-17T08:00:00+00:00,1.7459,1.746,1.7459,1.7459,522445946
2025-07-17T09:00:00+00:00,1.746,1.746,1.7459,1.7459,533149838
2025-07-17T10:00:00+00:00,1.746,1.746,1.7459,1.7459,448390104
2025-07-17T11:00:00+00:00,1.746,1.746,1.7459,1.7459,530877442
2025-07-17T12:00:00+00:00,1.746,1.746,1.7459,1.7459,335607694
2025-07-17T13:00:00+00:00,1.746,1.746,1.7459,1.7459,440017686
2025-07-17T14:00:00+00:00,1.746,1.746,1.7459,1.746,439038903
2025-07-17T15:00:00+00:00,1.746,1.746,1.7459,1.746,371895373
2025-07-17T16:00:00+00:00,1.7459,1.746,1.7459,1.746,365995864
2025-07-17T17:00:00+00:00,1.746,1.746,1.7459,1.746,241194136
2025-07-17T18:00:00+00:00,1.746,1.746,1.7459,1.7459,264504215
2025-07-17T19:00:00+00:00,1.746,1.746,1.7459,1.746,310055903
2025-07-17T20:00:00+00:00,1.746,1.746,1.7459,1.7459,680744862
2025-07-18T03:00:00+00:00,1.7486000000000002,1.7486000000000002,1.7486000000000002,1.7486000000000002,1097273
2025-07-18T04:00:00+00:00,1.7487,1.7487,1.7486000000000002,1.7486000000000002,274945385
2025-07-18T05:00:00+00:00,1.7486000000000002,1.7487,1.7486000000000002,1.7486000000000002,129887883
2025-07-18T06:00:00+00:00,1.7486000000000002,1.7487,1.7486000000000002,1.7486000000000002,201616879
2025-07-18T07:00:00+00:00,1.7487,1.7487,1.7486000000000002,1.7487,724681399
2025-07-18T08:00:00+00:00,1.7487,1.7487,1.7486000000000002,1.7487,592610435
2025-07-18T09:00:00+00:00,1.7487,1.7487,1.7486000000000002,1.7486000000000002,382538195
2025-07-18T10:00:00+00:00,1.7487,1.7487,1.7486000000000002,1.7487,622712101
2025-07-18T11:00:00+00:00,1.7487,1.7487,1.7486000000000002,1.7486000000000002,479110937
2025-07-18T12:00:00+00:00,1.7486000000000002,1.7487,1.7486000000000002,1.7486000000000002,385017575
2025-07-18T13:00:00+00:00,1.7487,1.7487,1.7486000000000002,1.7487,450040410
2025-07-18T14:00:00+00:00,1.7487,1.7487,1.7486000000000002,1.7486000000000002,474069345
2025-07-18T15:00:00+00:00,1.7486000000000002,1.7487,1.7486000000000002,1.7487,330133501
2025-07-18T16:00:00+00:00,1.7487,1.7487,1.7486000000000002,1.7487,316253754
2025-07-18T17:00:00+00:00,1.7487,1.7487,1.7486000000000002,1.7487,167450758
2025-07-18T18:00:00+00:00,1.7487,1.7487,1.7486000000000002,1.7487,258165972
2025-07-18T19:00:00+00:00,1.7487,1.7487,1.7486000000000002,1.7487,270080770
2025-07-18T20:00:00+00:00,1.7487,1.7487,1.7486000000000002,1.7486000000000002,1236018611
2025-07-19T06:00:00+00:00,1.7495,1.7495,1.7495,1.7495,1850085
2025-07-19T07:00:00+00:00,1.7496,1.7496,1.7495,1.7496,43713182
2025-07-19T08:00:00+00:00,1.7496,1.7496,1.7495,1.7495,53891494
2025-07-19T09:00:00+00:00,1.7495,1.7496,1.7495,1.7496,15546900
2025-07-19T10:00:00+00:00,1.7496,1.7496,1.7495,1.7496,22618528
2025-07-19T11:00:00+00:00,1.7495,1.7496,1.7495,1.7496,16114902
2025-07-19T12:00:00+00:00,1.7496,1.7496,1.7495,1.7496,6712961
2025-07-19T13:00:00+00:00,1.7495,1.7496,1.7495,1.7495,19879529
2025-07-19T14:00:00+00:00,1.7495,1.7496,1.7495,1.7495,10922956
2025-07-19T15:00:00+00:00,1.7496,1.7496,1.7495,1.7496,9194356
2025-07-20T06:00:00+00:00,1.7496,1.7496,1.7496,1.7496,696029
2025-07-20T07:00:00+00:00,1.7496,1.7496,1.7495,1.7496,32922842
2025-07-20T08:00:00+00:00,1.7495,1.7496,1.7495,1.7496,8871342
2025-07-20T09:00:00+00:00,1.7496,1.7496,1.7495,1.7496,10309436
2025-07-20T10:00:00+00:00,1.7495,1.7496,1.7495,1.7496,8261398
2025-07-20T11:00:00+00:00,1.7496,1.7496,1.7495,1.7495,4665609
2025-07-20T12:00:00+00:00,1.7495,1.7496,1.7495,1.7496,7586909
2025-07-20T13:00:00+00:00,1.7496,1.7496,1.7495,1.7496,7409949
2025-07-20T14:00:00+00:00,1.7496,1.7496,1.7495,1.7496,4043683
2025-07-20T15:00:00+00:00,1.7495,1.7496,1.7495,1.7496,10252792
2025-07-21T03:00:00+00:00,1.7495,1.7495,1.7495,1.7495,802416
2025-07-21T04:00:00+00:00,1.7495,1.7496,1.7495,1.7495,99452236
2025-07-21T05:00:00+00:00,1.7495,1.7496,1.7495,1.7495,86656984
2025-07-21T06:00:00+00:00,1.7495,1.7496,1.7495,1.7496,238262014
2025-07-21T07:00:00+00:00,1.7496,1.7496,1.7495,1.7496,638009145
2025-07-21T08:00:00+00:00,1.7496,1.7496,1.7495,1.7495,542169574
2025-07-21T09:00:00+00:00,1.7495,1.7496,1.7495,1.7496,384433923
2025-07-21T10:00:00+00:00,1.7496,1.7496,1.7495,1.7496,337680028
2025-07-21T11:00:00+00:00,1.7496,1.7496,1.7495,1.7496,375951293
2025-07-21T12:00:00+00:00,1.7496,1.7496,1.7495,1.7495,436990594
2025-07-21T13:00:00+00:00,1.7496,1.7496,1.7495,1.7496,513293933
2025-07-21T14:00:00+00:00,1.7496,1.7496,1.7495,1.7496,756649370
2025-07-21T15:00:00+00:00,1.7495,1.7496,1.7495,1.7495,497437995
2025-07-21T16:00:00+00:00,1.7496,1.7496,1.7495,1.7496,734587537
2025-07-21T17:00:00+00:00,1.7496,1.7496,1.7495,1.7496,295340809
2025-07-21T18:00:00+00:00,1.7496,1.7496,1.7495,1.7495,141062635
2025-07-21T19:00:00+00:00,1.7495,1.7496,1.7495,1.7495,317454932
2025-07-21T20:00:00+00:00,1.7496,1.7496,1.7495,1.7496,387592062
2025-07-22T03:00:00+00:00,1.7504,1.7504,1.7504,1.7504,2198193
2025-07-22T04:00:00+00:00,1.7505,1.7505,1.7504,1.7505,62201944
2025-07-22T05:00:00+00:00,1.7504,1.7505,1.7504,1.7505,64044538
2025-07-22T06:00:00+00:00,1.7505,1.7505,1.7504,1.7505,210848503
2025-07-22T07:00:00+00:00,1.7504,1.7505,1.7504,1.7504,339020866
2025-07-22T08:00:00+00:00,1.7504,1.7505,1.7504,1.7505,266656245
2025-07-22T09:00:00+00:00,1.7505,1.7505,1.7504,1.7505,343046979
2025-07-22T10:00:00+00:00,1.7505,1.7505,1.7504,1.7505,244107117
2025-07-22T11:00:00+00:00,1.7504,1.7505,1.7504,1.7505,374025814
2025-07-22T12:00:00+00:00,1.7505,1.7505,1.7504,1.7505,461234206
2025-07-22T13:00:00+00:00,1.7505,1.7505,1.7504,1.7505,378117924
2025-07-22T14:00:00+00:00,1.7505,1.7505,1.7504,1.7505,485199472
2025-07-22T15:00:00+00:00,1.7505,1.7505,1.7504,1.7504,368981152
2025-07-22T16:00:00+00:00,1.7504,1.7505,1.7504,1.7505,266944846
2025-07-22T17:00:00+00:00,1.7505,1.7505,1.7504,1.7505,147650799
2025-07-22T18:00:00+00:00,1.7505,1.7505,1.7504,1.7505,156861370
2025-07-22T19:00:00+00:00,1.7505,1.7505,1.7504,1.7505,245352576
2025-07-22T20:00:00+00:00,1.7505,1.7505,1.7504,1.7505,584325891
2025-07-23T03:00:00+00:00,1.7513,1.7513,1.7513,1.7513,1503146
2025-07-23T04:00:00+00:00,1.7513,1.7513999999999998,1.7513,1.7513999999999998,88597244
2025-07-23T05:00:00+00:00,1.7513,1.7513999999999998,1.7513,1.7513999999999998,62287745
2025-07-23T06:00:00+00:00,1.7513999999999998,1.7513999999999998,1.7513,1.7513999999999998,111900139
2025-07-23T07:00:00+00:00,1.7513999999999998,1.7513999999999998,1.7513,1.7513999999999998,390266687
2025-07-23T08:00:00+00:00,1.7513,1.7513999999999998,1.7513,1.7513,635925566
2025-07-23T09:00:00+00:00,1.7513999999999998,1.7513999999999998,1.7513,1.7513999999999998,369675848
2025-07-23T10:00:00+00:00,1.7513999999999998,1.7513999999999998,1.7513,1.7513999999999998,666912675
2025-07-23T11:00:00+00:00,1.7513999999999998,1.7513999999999998,1.7513,1.7513999999999998,495172375
2025-07-23T12:00:00+00:00,1.7513999999999998,1.7513999999999998,1.7513,1.7513999999999998,401789570
2025-07-23T13:00:00+00:00,1.7513999999999998,1.7513999999999998,1.7513,1.7513999999999998,492116420
2025-07-23T14:00:00+00:00,1.7513999999999998,1.7513999999999998,1.7513,1.7513999999999998,801691090
2025-07-23T15:00:00+00:00,1.7513999999999998,1.7513999999999998,1.7513,1.7513999999999998,402481093
2025-07-23T16:00:00+00:00,1.7513999999999998,1.7513999999999998,1.7513,1.7513,598887320
2025-07-23T17:00:00+00:00,1.7513999999999998,1.7513999999999998,1.7513,1.7513,345366599
2025-07-23T18:00:00+00:00,1.7513999999999998,1.7513999999999998,1.7513,1.7513999999999998,135351127
2025-07-23T19:00:00+00:00,1.7513999999999998,1.7513999999999998,1.7513,1.7513999999999998,226865329
2025-07-23T20:00:00+00:00,1.7513999999999998,1.7513999999999998,1.7513,1.7513999999999998,258183923
2025-07-24T03:00:00+00:00,1.7523,1.7523,1.7523,1.7523,1078573
2025-07-24T04:00:00+00:00,1.7523,1.7523,1.7522,1.7522,57637204
2025-07-24T05:00:00+00:00,1.7523,1.7523,1.7522,1.7523,68657485
2025-07-24T06:00:00+00:00,1.7523,1.7523,1.7522,1.7523,158253532
2025-07-24T07:00:00+00:00,1.7523,1.7523,1.7522,1.7522,374804570
2025-07-24T08:00:00+00:00,1.7522,1.7523,1.7522,1.7522,463658283
2025-07-24T09:00:00+00:00,1.7523,1.7523,1.7522,1.7522,355889281
2025-07-24T10:00:00+00:00,1.7522,1.7523,1.7522,1.7523,529924855
2025-07-24T11:00:00+00:00,1.7523,1.7523,1.7522,1.7522,492671685
2025-07-24T12:00:00+00:00,1.7523,1.7523,1.7522,1.7523,751225126
2025-07-24T13:00:00+00:00,1.7523,1.7523,1.7522,1.7522,734519219
2025-07-24T14:00:00+00:00,1.7522,1.7523,1.7522,1.7523,399504265
2025-07-24T15:00:00+00:00,1.7522,1.7523,1.7522,1.7523,337850702
2025-07-24T16:00:00+00:00,1.7523,1.7523,1.7522,1.7522,294985089
2025-07-24T17:00:00+00:00,1.7523,1.7523,1.7522,1.7523,346702109
2025-07-24T18:00:00+00:00,1.7523,1.7523,1.7522,1.7523,477118609
2025-07-24T19:00:00+00:00,1.7523,1.7523,1.7522,1.7523,228651010
2025-07-24T20:00:00+00:00,1.7522,1.7523,1.7522,1.7523,249294906
2025-07-25T03:00:00+00:00,1.7548,1.7548,1.7548,1.7548,4431165
2025-07-25T04:00:00+00:00,1.7549000000000001,1.7549000000000001,1.7548,1.7549000000000001,151842727
2025-07-25T05:00:00+00:00,1.7548,1.7549000000000001,1.7548,1.7549000000000001,519837080
2025-07-25T06:00:00+00:00,1.7548,1.7549000000000001,1.7548,1.7548,252898034
2025-07-25T07:00:00+00:00,1.7549000000000001,1.7549000000000001,1.7548,1.7548,638390390
2025-07-25T08:00:00+00:00,1.7548,1.7549000000000001,1.7548,1.7549000000000001,426536362
2025-07-25T09:00:00+00:00,1.7549000000000001,1.7549000000000001,1.7548,1.7549000000000001,723103708
2025-07-25T10:00:00+00:00,1.7549000000000001,1.7549000000000001,1.7548,1.7549000000000001,886963063
2025-07-25T11:00:00+00:00,1.7549000000000001,1.7549000000000001,1.7548,1.7548,602065005
2025-07-25T12:00:00+00:00,1.7549000000000001,1.7549000000000001,1.7548,1.7548,475563710
2025-07-25T13:00:00+00:00,1.7549000000000001,1.7549000000000001,1.7548,1.7549000000000001,580248783
2025-07-25T14:00:00+00:00,1.7549000000000001,1.7549000000000001,1.7548,1.7548,425910867
2025-07-25T15:00:00+00:00,1.7549000000000001,1.7549000000000001,1.7548,1.7548,446882818
2025-07-25T16:00:00+00:00,1.7548,1.7549000000000001,1.7548,1.7548,688988091
2025-07-25T17:00:00+00:00,1.7549000000000001,1.7549000000000001,1.7548,1.7548,340054589
2025-07-25T18:00:00+00:00,1.7549000000000001,1.7549000000000001,1.7548,1.7549000000000001,234604655
2025-07-25T19:00:00+00:00,1.7548,1.7549000000000001,1.7548,1.7549000000000001,214814810
2025-07-25T20:00:00+00:00,1.7549000000000001,1.7549000000000001,1.7548,1.7549000000000001,778076187
2025-07-26T06:00:00+00:00,1.7556,1.7556,1.7556,1.7556,134997
2025-07-26T07:00:00+00:00,1.7557,1.7557,1.7556,1.7557,28917203
2025-07-26T08:00:00+00:00,1.7557,1.7557,1.7556,1.7556,17753129
2025-07-26T09:00:00+00:00,1.7557,1.7557,1.7556,1.7557,13730152
2025-07-26T10:00:00+00:00,1.7557,1.7557,1.7556,1.7557,10451474
2025-07-26T11:00:00+00:00,1.7556,1.7557,1.7556,1.7557,6130979
2025-07-26T12:00:00+00:00,1.7557,1.7557,1.7556,1.7557,84521438
2025-07-26T13:00:00+00:00,1.7557,1.7557,1.7556,1.7557,90562641
2025-07-26T14:00:00+00:00,1.7557,1.7557,1.7556,1.7557,7772550
2025-07-26T15:00:00+00:00,1.7557,1.7557,1.7556,1.7556,4763014
2025-07-27T06:00:00+00:00,1.7556,1.7556,1.7556,1.7556,1610366
2025-07-27T07:00:00+00:00,1.7556,1.7557,1.7556,1.7557,9974050
2025-07-27T08:00:00+00:00,1.7557,1.7557,1.7556,1.7557,5307416
2025-07-27T09:00:00+00:00,1.7557,1.7557,1.7556,1.7557,5895692
2025-07-27T10:00:00+00:00,1.7557,1.7557,1.7556,1.7557,6448437
2025-07-27T11:00:00+00:00,1.7556,1.7557,1.7556,1.7556,7557786
2025-07-27T12:00:00+00:00,1.7556,1.7557,1.7556,1.7557,3799936
2025-07-27T13:00:00+00:00,1.7556,1.7557,1.7556,1.7556,10784160
2025-07-27T14:00:00+00:00,1.7556,1.7557,1.7556,1.7557,3233443
2025-07-27T15:00:00+00:00,1.7557,1.7557,1.7556,1.7556,5168150
2025-07-28T03:00:00+00:00,1.7556,1.7556,1.7556,1.7556,1465915
2025-07-28T04:00:00+00:00,1.7556,1.7557,1.7556,1.7556,106818484
2025-07-28T05:00:00+00:00,1.7556,1.7557,1.7556,1.7557,161913370
2025-07-28T06:00:00+00:00,1.7557,1.7557,1.7556,1.7556,181413904
2025-07-28T07:00:00+00:00,1.7557,1.7557,1.7556,1.7556,579436292
2025-07-28T08:00:00+00:00,1.7557,1.7557,1.7556,1.7557,542678062
2025-07-28T09:00:00+00:00,1.7557,1.7557,1.7556,1.7556,576082060
2025-07-28T10:00:00+00:00,1.7557,1.7557,1.7556,1.7556,516237901
2025-07-28T11:00:00+00:00,1.7557,1.7557,1.7556,1.7557,364786665
2025-07-28T12:00:00+00:00,1.7557,1.7557,1.7556,1.7556,981133287
2025-07-28T13:00:00+00:00,1.7556,1.7557,1.7556,1.7557,679672928
2025-07-28T14:00:00+00:00,1.7557,1.7557,1.7556,1.7556,634674454
2025-07-28T15:00:00+00:00,1.7557,1.7557,1.7556,1.7556,785649978
2025-07-28T16:00:00+00:00,1.7556,1.7557,1.7556,1.7557,517981321
2025-07-28T17:00:00+00:00,1.7556,1.7557,1.7556,1.7556,279427242
2025-07-28T18:00:00+00:00,1.7557,1.7557,1.7556,1.7557,725017414
2025-07-28T19:00:00+00:00,1.7557,1.7557,1.7556,1.7557,385661575
2025-07-28T20:00:00+00:00,1.7556,1.7557,1.7556,1.7557,437997219
2025-07-29T03:00:00+00:00,1.7565,1.7565,1.7565,1.7565,2421324
2025-07-29T04:00:00+00:00,1.7566000000000002,1.7566000000000002,1.7565,1.7565,71356252
2025-07-29T05:00:00+00:00,1.7566000000000002,1.7566000000000002,1.7565,1.7566000000000002,130904120
2025-07-29T06:00:00+00:00,1.7565,1.7566000000000002,1.7565,1.7565,281145939
2025-07-29T07:00:00+00:00,1.7566000000000002,1.7566000000000002,1.7565,1.7565,561480877
2025-07-29T08:00:00+00:00,1.7565,1.7566000000000002,1.7565,1.7566000000000002,678165525
2025-07-29T09:00:00+00:00,1.7566000000000002,1.7566000000000002,1.7565,1.7565,373686118
2025-07-29T10:00:00+00:00,1.7565,1.7566000000000002,1.7565,1.7566000000000002,417829566
2025-07-29T11:00:00+00:00,1.7566000000000002,1.7566000000000002,1.7565,1.7565,419789264
2025-07-29T12:00:00+00:00,1.7565,1.7566000000000002,1.7565,1.7566000000000002,430586564
2025-07-29T13:00:00+00:00,1.7566000000000002,1.7566000000000002,1.7565,1.7566000000000002,360217224
2025-07-29T14:00:00+00:00,1.7566000000000002,1.7566000000000002,1.7565,1.7565,373339082
2025-07-29T15:00:00+00:00,1.7566000000000002,1.7566000000000002,1.7565,1.7566000000000002,435558655
2025-07-29T16:00:00+00:00,1.7565,1.7566000000000002,1.7565,1.7566000000000002,330370787
2025-07-29T17:00:00+00:00,1.7565,1.7566000000000002,1.7565,1.7566000000000002,146044910
2025-07-29T18:00:00+00:00,1.7566000000000002,1.7566000000000002,1.7565,1.7565,253347127
2025-07-29T19:00:00+00:00,1.7565,1.7566000000000002,1.7565,1.7565,222404631
2025-07-29T20:00:00+00:00,1.7565,1.7566000000000002,1.7565,1.7566000000000002,673304477
2025-07-30T03:00:00+00:00,1.7574,1.7574,1.7574,1.7574,3722419
2025-07-30T04:00:00+00:00,1.7574999999999998,1.7574999999999998,1.7574,1.7574999999999998,69349841
2025-07-30T05:00:00+00:00,1.7574,1.7574999999999998,1.7574,1.7574,79832777
2025-07-30T06:00:00+00:00,1.7574,1.7574999999999998,1.7574,1.7574999999999998,191689103
2025-07-30T07:00:00+00:00,1.7574999999999998,1.7574999999999998,1.7574,1.7574999999999998,452020024
2025-07-30T08:00:00+00:00,1.7574,1.7574999999999998,1.7574,1.7574999999999998,384048685
2025-07-30T09:00:00+00:00,1.7574999999999998,1.7574999999999998,1.7574,1.7574999999999998,474378741
2025-07-30T10:00:00+00:00,1.7574,1.7574999999999998,1.7574,1.7574999999999998,282497352
2025-07-30T11:00:00+00:00,1.7574999999999998,1.7574999999999998,1.7574,1.7574999999999998,270890459
2025-07-30T12:00:00+00:00,1.7574,1.7574999999999998,1.7574,1.7574999999999998,551764854
2025-07-30T13:00:00+00:00,1.7574999999999998,1.7574999999999998,1.7574,1.7574,552914319
2025-07-30T14:00:00+00:00,1.7574,1.7574999999999998,1.7574,1.7574999999999998,567806635
2025-07-30T15:00:00+00:00,1.7574,1.7574999999999998,1.7574,1.7574999999999998,445352824
2025-07-30T16:00:00+00:00,1.7574,1.7574999999999998,1.7574,1.7574,447997912
2025-07-30T17:00:00+00:00,1.7574,1.7574999999999998,1.7574,1.7574999999999998,166173080
2025-07-30T18:00:00+00:00,1.7574999999999998,1.7574999999999998,1.7574,1.7574999999999998,249100108
2025-07-30T19:00:00+00:00,1.7574999999999998,1.7574999999999998,1.7574,1.7574999999999998,237682804
2025-07-30T20:00:00+00:00,1.7574999999999998,1.7574999999999998,1.7574,1.7574999999999998,691761747
2025-07-31T03:00:00+00:00,1.7584,1.7584,1.7584,1.7584,3499241
2025-07-31T04:00:00+00:00,1.7584,1.7584,1.7583,1.7584,89468874
2025-07-31T05:00:00+00:00,1.7583,1.7584,1.7583,1.7584,202731736
2025-07-31T06:00:00+00:00,1.7583,1.7584,1.7583,1.7584,173423600
2025-07-31T07:00:00+00:00,1.7584,1.7584,1.7583,1.7584,696478830
2025-07-31T08:00:00+00:00,1.7584,1.7584,1.7583,1.7583,503736888
2025-07-31T09:00:00+00:00,1.7583,1.7584,1.7583,1.7583,459051829
2025-07-31T10:00:00+00:00,1.7584,1.7584,1.7583,1.7584,372983975
2025-07-31T11:00:00+00:00,1.7584,1.7584,1.7583,1.7584,392873637
2025-07-31T12:00:00+00:00,1.7584,1.7584,1.7583,1.7584,549005564
2025-07-31T13:00:00+00:00,1.7584,1.7584,1.7583,1.7583,679849289
2025-07-31T14:00:00+00:00,1.7584,1.7584,1.7583,1.7584,467023487
2025-07-31T15:00:00+00:00,1.7584,1.7584,1.7583,1.7583,542482463
2025-07-31T16:00:00+00:00,1.7584,1.7584,1.7583,1.7583,393390584
2025-07-31T17:00:00+00:00,1.7584,1.7584,1.7583,1.7584,238624437
2025-07-31T18:00:00+00:00,1.7584,1.7584,1.7583,1.7584,233819663
2025-07-31T19:00:00+00:00,1.7584,1.7584,1.7583,1.7584,329218130
2025-07-31T20:00:00+00:00,1.7584,1.7584,1.7583,1.7584,202153430
2025-08-01T03:00:00+00:00,1.7610000000000001,1.7610000000000001,1.7610000000000001,1.7610000000000001,12050651
2025-08-01T04:00:00+00:00,1.7610000000000001,1.7610000000000001,1.7609,1.7610000000000001,211768794
2025-08-01T05:00:00+00:00,1.7609,1.7610000000000001,1.7609,1.7609,166450891
2025-08-01T06:00:00+00:00,1.7610000000000001,1.7610000000000001,1.7609,1.7610000000000001,212544256
2025-08-01T07:00:00+00:00,1.7610000000000001,1.7610000000000001,1.7609,1.7610000000000001,639891422
2025-08-01T08:00:00+00:00,1.7610000000000001,1.7610000000000001,1.7609,1.7610000000000001,382016671
2025-08-01T09:00:00+00:00,1.7610000000000001,1.7610000000000001,1.7609,1.7609,370280696
2025-08-01T10:00:00+00:00,1.7610000000000001,1.7610000000000001,1.7609,1.7610000000000001,380709318
2025-08-01T11:00:00+00:00,1.7610000000000001,1.7610000000000001,1.7609,1.7610000000000001,475703136
2025-08-01T12:00:00+00:00,1.7609,1.7610000000000001,1.7609,1.7610000000000001,579174824
2025-08-01T13:00:00+00:00,1.7610000000000001,1.7610000000000001,1.7609,1.7610000000000001,403926846
2025-08-01T14:00:00+00:00,1.7610000000000001,1.7610000000000001,1.7609,1.7610000000000001,558610347
2025-08-01T15:00:00+00:00,1.7610000000000001,1.7610000000000001,1.7609,1.7610000000000001,385278271
2025-08-01T16:00:00+00:00,1.7610000000000001,1.7610000000000001,1.7609,1.7610000000000001,551950307
2025-08-01T17:00:00+00:00,1.7610000000000001,1.7610000000000001,1.7609,1.7610000000000001,219975604
2025-08-01T18:00:00+00:00,1.7610000000000001,1.7610000000000001,1.7609,1.7610000000000001,258717385
2025-08-01T19:00:00+00:00,1.7610000000000001,1.7610000000000001,1.7609,1.7610000000000001,165401276
2025-08-01T20:00:00+00:00,1.7609,1.7610000000000001,1.7609,1.7609,222785267
2025-08-04T03:00:00+00:00,1.7617,1.7617,1.7617,1.7617,996727
2025-08-04T04:00:00+00:00,1.7618,1.7618,1.7617,1.7617,103202657
2025-08-04T05:00:00+00:00,1.7617,1.7618,1.7617,1.7618,102785837
2025-08-04T06:00:00+00:00,1.7618,1.7618,1.7617,1.7617,218849417
2025-08-04T07:00:00+00:00,1.7618,1.7618,1.7617,1.7618,804203489
2025-08-04T08:00:00+00:00,1.7617,1.7618,1.7617,1.7618,747636835
2025-08-04T09:00:00+00:00,1.7618,1.7618,1.7617,1.7618,673377725
2025-08-04T10:00:00+00:00,1.7618,1.7618,1.7617,1.7618,409819640
2025-08-04T11:00:00+00:00,1.7618,1.7618,1.7617,1.7618,525469338
2025-08-04T12:00:00+00:00,1.7618,1.7618,1.7617,1.7618,422099249
2025-08-04T13:00:00+00:00,1.7618,1.7618,1.7617,1.7618,501848100
2025-08-04T14:00:00+00:00,1.7617,1.7618,1.7617,1.7618,1012784503
2025-08-04T15:00:00+00:00,1.7618,1.7618,1.7617,1.7617,825852785
2025-08-04T16:00:00+00:00,1.7618,1.7618,1.7617,1.7617,438465367
2025-08-04T17:00:00+00:00,1.7618,1.7618,1.7617,1.7618,684642206
2025-08-04T18:00:00+00:00,1.7618,1.7618,1.7617,1.7618,298110085
2025-08-04T19:00:00+00:00,1.7618,1.7618,1.7617,1.7617,361526877
2025-08-04T20:00:00+00:00,1.7618,1.7618,1.7617,1.7618,814744470
2025-08-05T03:00:00+00:00,1.7626,1.7626,1.7626,1.7626,1108489
2025-08-05T04:00:00+00:00,1.7626,1.7627000000000002,1.7626,1.7627000000000002,75747133
2025-08-05T05:00:00+00:00,1.7627000000000002,1.7627000000000002,1.7626,1.7627000000000002,115668766
2025-08-05T06:00:00+00:00,1.7627000000000002,1.7627000000000002,1.7626,1.7627000000000002,125240967
2025-08-05T07:00:00+00:00,1.7627000000000002,1.7627000000000002,1.7626,1.7627000000000002,543840412
2025-08-05T08:00:00+00:00,1.7627000000000002,1.7627000000000002,1.7626,1.7627000000000002,420150926
2025-08-05T09:00:00+00:00,1.7627000000000002,1.7627000000000002,1.7626,1.7627000000000002,523789881
2025-08-05T10:00:00+00:00,1.7627000000000002,1.7627000000000002,1.7626,1.7627000000000002,387207996
2025-08-05T11:00:00+00:00,1.7627000000000002,1.7627000000000002,1.7626,1.7627000000000002,443327128
2025-08-05T12:00:00+00:00,1.7627000000000002,1.7627000000000002,1.7626,1.7627000000000002,565297726
2025-08-05T13:00:00+00:00,1.7627000000000002,1.7627000000000002,1.7626,1.7626,475551141
2025-08-05T14:00:00+00:00,1.7627000000000002,1.7627000000000002,1.7626,1.7626,440425509
2025-08-05T15:00:00+00:00,1.7626,1.7627000000000002,1.7626,1.7627000000000002,320605545
2025-08-05T16:00:00+00:00,1.7627000000000002,1.7627000000000002,1.7626,1.7627000000000002,311795464
2025-08-05T17:00:00+00:00,1.7627000000000002,1.7627000000000002,1.7626,1.7627000000000002,223640252
2025-08-05T18:00:00+00:00,1.7627000000000002,1.7627000000000002,1.7626,1.7627000000000002,156798998
2025-08-05T19:00:00+00:00,1.7627000000000002,1.7627000000000002,1.7626,1.7627000000000002,196278906
2025-08-05T20:00:00+00:00,1.7627000000000002,1.7627000000000002,1.7626,1.7626,422084581
2025-08-06T03:00:00+00:00,1.7635,1.7635,1.7635,1.7635,572530
2025-08-06T04:00:00+00:00,1.7635,1.7635,1.7633999999999999,1.7635,71132115
2025-08-06T05:00:00+00:00,1.7635,1.7635,1.7633999999999999,1.7633999999999999,107511859
2025-08-06T06:00:00+00:00,1.7633999999999999,1.7635,1.7633999999999999,1.7635,207278690
2025-08-06T07:00:00+00:00,1.7635,1.7635,1.7633999999999999,1.7635,516638240
2025-08-06T08:00:00+00:00,1.7635,1.7635,1.7633999999999999,1.7635,375804312
2025-08-06T09:00:00+00:00,1.7635,1.7635,1.7633999999999999,1.7635,855616804
2025-08-06T10:00:00+00:00,1.7635,1.7635,1.7633999999999999,1.7635,472400277
2025-08-06T11:00:00+00:00,1.7635,1.7635,1.7633999999999999,1.7635,364715701
2025-08-06T12:00:00+00:00,1.7635,1.7635,1.7633999999999999,1.7635,484523791
2025-08-06T13:00:00+00:00,1.7635,1.7635,1.7633999999999999,1.7635,344694601
2025-08-06T14:00:00+00:00,1.7635,1.7635,1.7633999999999999,1.7635,478654785
2025-08-06T15:00:00+00:00,1.7635,1.7635,1.7633999999999999,1.7635,285090247
2025-08-06T16:00:00+00:00,1.7635,1.7635,1.7633999999999999,1.7635,261749808
2025-08-06T17:00:00+00:00,1.7635,1.7635,1.7633999999999999,1.7633999999999999,325704091
2025-08-06T18:00:00+00:00,1.7633999999999999,1.7635,1.7633999999999999,1.7635,322309044
2025-08-06T19:00:00+00:00,1.7635,1.7635,1.7633999999999999,1.7635,603554839
2025-08-06T20:00:00+00:00,1.7635,1.7635,1.7633999999999999,1.7635,520150661
2025-08-07T03:00:00+00:00,1.7643,1.7643,1.7643,1.7643,471209
2025-08-07T04:00:00+00:00,1.7643,1.7644,1.7643,1.7644,135347144
2025-08-07T05:00:00+00:00,1.7643,1.7644,1.7643,1.7643,106605288
2025-08-07T06:00:00+00:00,1.7644,1.7644,1.7643,1.7644,242788184
2025-08-07T07:00:00+00:00,1.7643,1.7644,1.7643,1.7643,477733814
2025-08-07T08:00:00+00:00,1.7643,1.7644,1.7643,1.7644,2456011912
2025-08-07T09:00:00+00:00,1.7644,1.7644,1.7643,1.7644,671916567
2025-08-07T10:00:00+00:00,1.7644,1.7644,1.7643,1.7644,427957325
2025-08-07T11:00:00+00:00,1.7644,1.7644,1.7643,1.7643,501698212
2025-08-07T12:00:00+00:00,1.7644,1.7644,1.7643,1.7644,441639368
2025-08-07T13:00:00+00:00,1.7644,1.7644,1.7643,1.7643,549355954
2025-08-07T14:00:00+00:00,1.7644,1.7644,1.7643,1.7643,515723359
2025-08-07T15:00:00+00:00,1.7644,1.7644,1.7643,1.7644,563804309
2025-08-07T16:00:00+00:00,1.7644,1.7644,1.7643,1.7644,683292511
2025-08-07T17:00:00+00:00,1.7644,1.7644,1.7643,1.7644,210455036
2025-08-07T18:00:00+00:00,1.7644,1.7644,1.7643,1.7644,211088870
2025-08-07T19:00:00+00:00,1.7644,1.7644,1.7643,1.7644,308244687
2025-08-07T20:00:00+00:00,1.7644,1.7644,1.7643,1.7644,387458723
2025-08-08T03:00:00+00:00,1.7668,1.7668,1.7668,1.7668,41400729
2025-08-08T04:00:00+00:00,1.7668,1.7669000000000001,1.7668,1.7669000000000001,196177207
2025-08-08T05:00:00+00:00,1.7669000000000001,1.7669000000000001,1.7668,1.7668,124608122
2025-08-08T06:00:00+00:00,1.7668,1.7669000000000001,1.7668,1.7669000000000001,179287471
2025-08-08T07:00:00+00:00,1.7669000000000001,1.7669000000000001,1.7668,1.7669000000000001,472683761
2025-08-08T08:00:00+00:00,1.7668,1.7669000000000001,1.7668,1.7668,332863144
2025-08-08T09:00:00+00:00,1.7669000000000001,1.7669000000000001,1.7668,1.7668,394644913
2025-08-08T10:00:00+00:00,1.7669000000000001,1.7669000000000001,1.7668,1.7669000000000001,410510878
2025-08-08T11:00:00+00:00,1.7669000000000001,1.7669000000000001,1.7668,1.7669000000000001,449596021
2025-08-08T12:00:00+00:00,1.7669000000000001,1.7669000000000001,1.7668,1.7669000000000001,384414783
2025-08-08T13:00:00+00:00,1.7669000000000001,1.7669000000000001,1.7668,1.7669000000000001,427919900
2025-08-08T14:00:00+00:00,1.7669000000000001,1.7669000000000001,1.7668,1.7669000000000001,459521610
2025-08-08T15:00:00+00:00,1.7669000000000001,1.7669000000000001,1.7668,1.7669000000000001,331045358
2025-08-08T16:00:00+00:00,1.7669000000000001,1.7669000000000001,1.7668,1.7669000000000001,281323525
2025-08-08T17:00:00+00:00,1.7669000000000001,1.7669000000000001,1.7668,1.7669000000000001,164802299
2025-08-08T18:00:00+00:00,1.7669000000000001,1.7669000000000001,1.7668,1.7668,217212384
2025-08-08T19:00:00+00:00,1.7668,1.7669000000000001,1.7668,1.7669000000000001,133694445
2025-08-08T20:00:00+00:00,1.7669000000000001,1.7669000000000001,1.7668,1.7669000000000001,1099539580
2025-08-11T03:00:00+00:00,1.7677,1.7677,1.7677,1.7677,15349952
2025-08-11T04:00:00+00:00,1.7677,1.7677,1.7675999999999998,1.7675999999999998,352730676
2025-08-11T05:00:00+00:00,1.7677,1.7677,1.7675999999999998,1.7677,196489946
2025-08-11T06:00:00+00:00,1.7677,1.7677,1.7675999999999998,1.7675999999999998,298865756
2025-08-11T07:00:00+00:00,1.7677,1.7677,1.7675999999999998,1.7677,1169546356
2025-08-11T08:00:00+00:00,1.7675999999999998,1.7677,1.7675999999999998,1.7677,645533437
2025-08-11T09:00:00+00:00,1.7677,1.7677,1.7675999999999998,1.7675999999999998,530003123
2025-08-11T10:00:00+00:00,1.7677,1.7677,1.7675999999999998,1.7675999999999998,549571317
2025-08-11T11:00:00+00:00,1.7677,1.7677,1.7675999999999998,1.7677,423134177
2025-08-11T12:00:00+00:00,1.7677,1.7677,1.7675999999999998,1.7677,506947519
2025-08-11T13:00:00+00:00,1.7677,1.7677,1.7675999999999998,1.7677,473580277
2025-08-11T14:00:00+00:00,1.7675999999999998,1.7677,1.7675999999999998,1.7677,765906860
2025-08-11T15:00:00+00:00,1.7677,1.7677,1.7675999999999998,1.7677,324490060
2025-08-11T16:00:00+00:00,1.7677,1.7677,1.7675999999999998,1.7675999999999998,572497545
2025-08-11T17:00:00+00:00,1.7677,1.7677,1.7675999999999998,1.7675999999999998,637266000
2025-08-11T18:00:00+00:00,1.7675999999999998,1.7677,1.7675999999999998,1.7677,273026259
2025-08-11T19:00:00+00:00,1.7677,1.7677,1.7675999999999998,1.7677,338738536
2025-08-11T20:00:00+00:00,1.7675999999999998,1.7677,1.7675999999999998,1.7675999999999998,326532781
2025-08-12T03:00:00+00:00,1.7685,1.7685,1.7685,1.7685,519537
2025-08-12T04:00:00+00:00,1.7686,1.7686,1.7685,1.7685,91152717
2025-08-12T05:00:00+00:00,1.7685,1.7686,1.7685,1.7686,135130111
2025-08-12T06:00:00+00:00,1.7686,1.7686,1.7685,1.7686,164440461
2025-08-12T07:00:00+00:00,1.7686,1.7686,1.7685,1.7686,373603850
2025-08-12T08:00:00+00:00,1.7685,1.7686,1.7685,1.7685,276411828
2025-08-12T09:00:00+00:00,1.7686,1.7686,1.7685,1.7685,402180834
2025-08-12T10:00:00+00:00,1.7686,1.7686,1.7685,1.7686,393959394
2025-08-12T11:00:00+00:00,1.7686,1.7686,1.7685,1.7686,323419016
2025-08-12T12:00:00+00:00,1.7686,1.7686,1.7685,1.7686,770057845
2025-08-12T13:00:00+00:00,1.7686,1.7686,1.7685,1.7686,428228332
2025-08-12T14:00:00+00:00,1.7686,1.7686,1.7685,1.7686,370477280
2025-08-12T15:00:00+00:00,1.7686,1.7686,1.7685,1.7685,227474212
2025-08-12T16:00:00+00:00,1.7686,1.7686,1.7685,1.7685,277370252
2025-08-12T17:00:00+00:00,1.7686,1.7686,1.7685,1.7686,245492289
2025-08-12T18:00:00+00:00,1.7686,1.7686,1.7685,1.7686,153674101
2025-08-12T19:00:00+00:00,1.7686,1.7686,1.7685,1.7686,119687926
2025-08-12T20:00:00+00:00,1.7686,1.7686,1.7685,1.7685,384591829
2025-08-13T03:00:00+00:00,1.7694,1.7694,1.7694,1.7694,989907
2025-08-13T04:00:00+00:00,1.7694,1.7694999999999999,1.7694,1.7694999999999999,86296139
2025-08-13T05:00:00+00:00,1.7694,1.7694999999999999,1.7694,1.7694999999999999,99400564
2025-08-13T06:00:00+00:00,1.7694999999999999,1.7694999999999999,1.7694,1.7694,184730593
2025-08-13T07:00:00+00:00,1.7694999999999999,1.7694999999999999,1.7694,1.7694999999999999,381489728
2025-08-13T08:00:00+00:00,1.7694999999999999,1.7694999999999999,1.7694,1.7694999999999999,486944027
2025-08-13T09:00:00+00:00,1.7694999999999999,1.7694999999999999,1.7694,1.7694,464122586
2025-08-13T10:00:00+00:00,1.7694,1.7694999999999999,1.7694,1.7694999999999999,248280790
2025-08-13T11:00:00+00:00,1.7694,1.7694999999999999,1.7694,1.7694999999999999,293622573
2025-08-13T12:00:00+00:00,1.7694999999999999,1.7694999999999999,1.7694,1.7694999999999999,570318707
2025-08-13T13:00:00+00:00,1.7694999999999999,1.7694999999999999,1.7694,1.7694999999999999,261129973
2025-08-13T14:00:00+00:00,1.7694,1.7694999999999999,1.7694,1.7694999999999999,407437223
2025-08-13T15:00:00+00:00,1.7694,1.7694999999999999,1.7694,1.7694999999999999,298195699
2025-08-13T16:00:00+00:00,1.7694,1.7694999999999999,1.7694,1.7694999999999999,332900458
2025-08-13T17:00:00+00:00,1.7694999999999999,1.7694999999999999,1.7694,1.7694999999999999,220841937
2025-08-13T18:00:00+00:00,1.7694999999999999,1.7694999999999999,1.7694,1.7694999999999999,211346338
2025-08-13T19:00:00+00:00,1.7694999999999999,1.7694999999999999,1.7694,1.7694999999999999,133262773
2025-08-13T20:00:00+00:00,1.7694999999999999,1.7694999999999999,1.7694,1.7694999999999999,212693077
2025-08-14T03:00:00+00:00,1.7703,1.7703,1.7703,1.7703,801111
2025-08-14T04:00:00+00:00,1.7704,1.7704,1.7703,1.7703,97572222
2025-08-14T05:00:00+00:00,1.7703,1.7704,1.7703,1.7704,87191277
2025-08-14T06:00:00+00:00,1.7704,1.7704,1.7703,1.7704,158011617
2025-08-14T07:00:00+00:00,1.7704,1.7704,1.7703,1.7704,542084944
2025-08-14T08:00:00+00:00,1.7704,1.7704,1.7703,1.7703,417177637
2025-08-14T09:00:00+00:00,1.7704,1.7704,1.7703,1.7704,286475124
2025-08-14T10:00:00+00:00,1.7704,1.7704,1.7703,1.7704,470950414
2025-08-14T11:00:00+00:00,1.7704,1.7704,1.7703,1.7703,471110848
2025-08-14T12:00:00+00:00,1.7704,1.7704,1.7703,1.7703,657509536
2025-08-14T13:00:00+00:00,1.7704,1.7704,1.7703,1.7704,569007343
2025-08-14T14:00:00+00:00,1.7703,1.7704,1.7703,1.7704,420088672
2025-08-14T15:00:00+00:00,1.7704,1.7704,1.7703,1.7704,333038512
2025-08-14T16:00:00+00:00,1.7703,1.7704,1.7703,1.7704,350763215
2025-08-14T17:00:00+00:00,1.7704,1.7704,1.7703,1.7704,208693426
2025-08-14T18:00:00+00:00,1.7704,1.7704,1.7703,1.7704,192363989
2025-08-14T19:00:00+00:00,1.7704,1.7704,1.7703,1.7704,179659260
2025-08-14T20:00:00+00:00,1.7703,1.7704,1.7703,1.7704,310506064
2025-08-15T03:00:00+00:00,1.7729,1.7729,1.7729,1.7729,1979935
2025-08-15T04:00:00+00:00,1.7730000000000001,1.7730000000000001,1.7729,1.7730000000000001,169297532
2025-08-15T05:00:00+00:00,1.7729,1.7730000000000001,1.7729,1.7729,170222000
2025-08-15T06:00:00+00:00,1.7730000000000001,1.7730000000000001,1.7729,1.7730000000000001,136794561
2025-08-15T07:00:00+00:00,1.7730000000000001,1.7730000000000001,1.7729,1.7729,618985789
2025-08-15T08:00:00+00:00,1.7730000000000001,1.7730000000000001,1.7729,1.7730000000000001,424392810
2025-08-15T09:00:00+00:00,1.7730000000000001,1.7730000000000001,1.7729,1.7730000000000001,573539921
2025-08-15T10:00:00+00:00,1.7730000000000001,1.7730000000000001,1.7729,1.7730000000000001,344158072
2025-08-15T11:00:00+00:00,1.7730000000000001,1.7730000000000001,1.7729,1.7729,323368024
2025-08-15T12:00:00+00:00,1.7730000000000001,1.7730000000000001,1.7729,1.7730000000000001,304113441
2025-08-15T13:00:00+00:00,1.7730000000000001,1.7730000000000001,1.7729,1.7730000000000001,373132702
2025-08-15T14:00:00+00:00,1.7729,1.7730000000000001,1.7729,1.7730000000000001,410017705
2025-08-15T15:00:00+00:00,1.7729,1.7730000000000001,1.7729,1.7730000000000001,255286224
2025-08-15T16:00:00+00:00,1.7730000000000001,1.7730000000000001,1.7729,1.7730000000000001,398997397
2025-08-15T17:00:00+00:00,1.7730000000000001,1.7730000000000001,1.7729,1.7730000000000001,160324940
2025-08-15T18:00:00+00:00,1.7730000000000001,1.7730000000000001,1.7729,1.7729,178208066
2025-08-15T19:00:00+00:00,1.7730000000000001,1.7730000000000001,1.7729,1.7730000000000001,184691987
2025-08-15T20:00:00+00:00,1.7730000000000001,1.7730000000000001,1.7729,1.7730000000000001,445356298
2025-08-16T06:00:00+00:00,1.7737,1.7737,1.7737,1.7737,376528
2025-08-16T07:00:00+00:00,1.7738,1.7738,1.7737,1.7738,67062514
2025-08-16T08:00:00+00:00,1.7737,1.7738,1.7737,1.7738,41502976
2025-08-16T09:00:00+00:00,1.7737,1.7738,1.7737,1.7738,39959073
2025-08-16T10:00:00+00:00,1.7738,1.7738,1.7737,1.7738,10780947
2025-08-16T11:00:00+00:00,1.7738,1.7738,1.7737,1.7738,11938344
2025-08-16T12:00:00+00:00,1.7738,1.7738,1.7737,1.7738,15969934
2025-08-16T13:00:00+00:00,1.7738,1.7738,1.7737,1.7738,20382179
2025-08-16T14:00:00+00:00,1.7738,1.7738,1.7737,1.7738,16671680
2025-08-16T15:00:00+00:00,1.7738,1.7738,1.7737,1.7738,12877754
2025-08-17T06:00:00+00:00,1.7738,1.7738,1.7738,1.7738,77045
2025-08-17T07:00:00+00:00,1.7738,1.7738,1.7737,1.7738,13210110
2025-08-17T08:00:00+00:00,1.7738,1.7738,1.7737,1.7738,6888893
2025-08-17T09:00:00+00:00,1.7738,1.7738,1.7737,1.7738,12584208
2025-08-17T10:00:00+00:00,1.7738,1.7738,1.7737,1.7738,14989833
2025-08-17T11:00:00+00:00,1.7738,1.7738,1.7737,1.7737,7575416
2025-08-17T12:00:00+00:00,1.7737,1.7738,1.7737,1.7738,5841309
2025-08-17T13:00:00+00:00,1.7737,1.7738,1.7737,1.7738,4598226
2025-08-17T14:00:00+00:00,1.7738,1.7738,1.7737,1.7737,9301254
2025-08-17T15:00:00+00:00,1.7738,1.7738,1.7737,1.7738,10205719
2025-08-18T03:00:00+00:00,1.7737,1.7737,1.7737,1.7737,658799
2025-08-18T04:00:00+00:00,1.7738,1.7738,1.7737,1.7738,211004620
2025-08-18T05:00:00+00:00,1.7738,1.7738,1.7737,1.7738,175930533
2025-08-18T06:00:00+00:00,1.7737,1.7738,1.7737,1.7737,191116382
2025-08-18T07:00:00+00:00,1.7738,1.7738,1.7737,1.7737,576602679
2025-08-18T08:00:00+00:00,1.7738,1.7738,1.7737,1.7738,738769418
2025-08-18T09:00:00+00:00,1.7738,1.7738,1.7737,1.7737,632482771
2025-08-18T10:00:00+00:00,1.7738,1.7738,1.7737,1.7738,363793100
2025-08-18T11:00:00+00:00,1.7737,1.7738,1.7737,1.7737,331640222
2025-08-18T12:00:00+00:00,1.7738,1.7738,1.7737,1.7737,460137825
2025-08-18T13:00:00+00:00,1.7738,1.7738,1.7737,1.7737,462710043
2025-08-18T14:00:00+00:00,1.7738,1.7738,1.7737,1.7738,450420365
2025-08-18T15:00:00+00:00,1.7738,1.7738,1.7737,1.7738,477203807
2025-08-18T16:00:00+00:00,1.7738,1.7738,1.7737,1.7737,316395011
2025-08-18T17:00:00+00:00,1.7738,1.7738,1.7737,1.7738,163319694
2025-08-18T18:00:00+00:00,1.7738,1.7738,1.7737,1.7738,172584218
2025-08-18T19:00:00+00:00,1.7737,1.7738,1.7737,1.7737,379793144
2025-08-18T20:00:00+00:00,1.7738,1.7738,1.7737,1.7738,545116520
2025-08-19T03:00:00+00:00,1.7746,1.7746,1.7746,1.7746,2471836
2025-08-19T04:00:00+00:00,1.7746,1.7747000000000002,1.7746,1.7746,90268617
2025-08-19T05:00:00+00:00,1.7747000000000002,1.7747000000000002,1.7746,1.7747000000000002,161755701
2025-08-19T06:00:00+00:00,1.7747000000000002,1.7747000000000002,1.7746,1.7747000000000002,207392126
2025-08-19T07:00:00+00:00,1.7747000000000002,1.7747000000000002,1.7746,1.7747000000000002,628482504
2025-08-19T08:00:00+00:00,1.7747000000000002,1.7747000000000002,1.7746,1.7746,474743941
2025-08-19T09:00:00+00:00,1.7747000000000002,1.7747000000000002,1.7746,1.7747000000000002,384942789
2025-08-19T10:00:00+00:00,1.7747000000000002,1.7747000000000002,1.7746,1.7746,343447992
2025-08-19T11:00:00+00:00,1.7746,1.7747000000000002,1.7746,1.7747000000000002,787419191
2025-08-19T12:00:00+00:00,1.7747000000000002,1.7747000000000002,1.7746,1.7747000000000002,409577088
2025-08-19T13:00:00+00:00,1.7747000000000002,1.7747000000000002,1.7746,1.7747000000000002,417073469
2025-08-19T14:00:00+00:00,1.7746,1.7747000000000002,1.7746,1.7747000000000002,211920718
2025-08-19T15:00:00+00:00,1.7747000000000002,1.7747000000000002,1.7746,1.7747000000000002,334869776
2025-08-19T16:00:00+00:00,1.7747000000000002,1.7747000000000002,1.7746,1.7746,314723838
2025-08-19T17:00:00+00:00,1.7747000000000002,1.7747000000000002,1.7746,1.7746,150039266
2025-08-19T18:00:00+00:00,1.7747000000000002,1.7747000000000002,1.7746,1.7746,136421253
2025-08-19T19:00:00+00:00,1.7747000000000002,1.7747000000000002,1.7746,1.7746,130505651
2025-08-19T20:00:00+00:00,1.7746,1.7747000000000002,1.7746,1.7747000000000002,207051693
2025-08-20T03:00:00+00:00,1.7755,1.7755,1.7755,1.7755,2929533
2025-08-20T04:00:00+00:00,1.7755,1.7755999999999998,1.7755,1.7755999999999998,88086042
2025-08-20T05:00:00+00:00,1.7755,1.7755999999999998,1.7755,1.7755999999999998,73791986
2025-08-20T06:00:00+00:00,1.7755999999999998,1.7755999999999998,1.7755,1.7755999999999998,167457688
2025-08-20T07:00:00+00:00,1.7755999999999998,1.7755999999999998,1.7755,1.7755999999999998,409305820
2025-08-20T08:00:00+00:00,1.7755999999999998,1.7755999999999998,1.7755,1.7755999999999998,277164085
2025-08-20T09:00:00+00:00,1.7755999999999998,1.7755999999999998,1.7755,1.7755999999999998,262327297
2025-08-20T10:00:00+00:00,1.7755999999999998,1.7755999999999998,1.7755,1.7755999999999998,440857355
2025-08-20T11:00:00+00:00,1.7755999999999998,1.7755999999999998,1.7755,1.7755999999999998,346486239
2025-08-20T12:00:00+00:00,1.7755,1.7755999999999998,1.7755,1.7755999999999998,495667067
2025-08-20T13:00:00+00:00,1.7755999999999998,1.7755999999999998,1.7755,1.7755999999999998,426541352
2025-08-20T14:00:00+00:00,1.7755,1.7755999999999998,1.7755,1.7755999999999998,466585398
2025-08-20T15:00:00+00:00,1.7755999999999998,1.7755999999999998,1.7755,1.7755999999999998,385048857
2025-08-20T16:00:00+00:00,1.7755999999999998,1.7755999999999998,1.7755,1.7755999999999998,276898943
2025-08-20T17:00:00+00:00,1.7755999999999998,1.7755999999999998,1.7755,1.7755999999999998,306248624
2025-08-20T18:00:00+00:00,1.7755999999999998,1.7755999999999998,1.7755,1.7755,210233453
2025-08-20T19:00:00+00:00,1.7755,1.7755999999999998,1.7755,1.7755999999999998,163388378
2025-08-20T20:00:00+00:00,1.7755,1.7755999999999998,1.7755,1.7755999999999998,203182921
2025-08-21T03:00:00+00:00,1.7764,1.7764,1.7764,1.7764,1421619
2025-08-21T04:00:00+00:00,1.7764,1.7765,1.7764,1.7765,78874698
2025-08-21T05:00:00+00:00,1.7764,1.7765,1.7764,1.7764,93994059
2025-08-21T06:00:00+00:00,1.7765,1.7765,1.7764,1.7764,152559424
2025-08-21T07:00:00+00:00,1.7765,1.7765,1.7764,1.7764,533858239
2025-08-21T08:00:00+00:00,1.7765,1.7765,1.7764,1.7765,510227813
2025-08-21T09:00:00+00:00,1.7765,1.7765,1.7764,1.7764,378502157
2025-08-21T10:00:00+00:00,1.7765,1.7765,1.7764,1.7764,514656207
2025-08-21T11:00:00+00:00,1.7765,1.7765,1.7764,1.7764,488735115
2025-08-21T12:00:00+00:00,1.7765,1.7765,1.7764,1.7765,366030268
2025-08-21T13:00:00+00:00,1.7765,1.7765,1.7764,1.7765,467569510
2025-08-21T14:00:00+00:00,1.7764,1.7765,1.7764,1.7764,648800454
2025-08-21T15:00:00+00:00,1.7765,1.7765,1.7764,1.7764,516545087
2025-08-21T16:00:00+00:00,1.7765,1.7765,1.7764,1.7765,606541055
2025-08-21T17:00:00+00:00,1.7765,1.7765,1.7764,1.7765,207952530
2025-08-21T18:00:00+00:00,1.7764,1.7765,1.7764,1.7764,258378065
2025-08-21T19:00:00+00:00,1.7764,1.7765,1.7764,1.7765,226848084
2025-08-21T20:00:00+00:00,1.7765,1.7765,1.7764,1.7765,485394446
2025-08-22T03:00:00+00:00,1.779,1.779,1.779,1.779,1382546
2025-08-22T04:00:00+00:00,1.779,1.7791000000000001,1.779,1.779,96614614
2025-08-22T05:00:00+00:00,1.779,1.7791000000000001,1.779,1.7791000000000001,292634027
2025-08-22T06:00:00+00:00,1.7791000000000001,1.7791000000000001,1.779,1.7791000000000001,191339339
2025-08-22T07:00:00+00:00,1.7791000000000001,1.7791000000000001,1.779,1.7791000000000001,517714845
2025-08-22T08:00:00+00:00,1.779,1.7791000000000001,1.779,1.7791000000000001,566553408
2025-08-22T09:00:00+00:00,1.779,1.7791000000000001,1.779,1.7791000000000001,464484552
2025-08-22T10:00:00+00:00,1.779,1.7791000000000001,1.779,1.779,660456816
2025-08-22T11:00:00+00:00,1.7791000000000001,1.7791000000000001,1.779,1.7791000000000001,363479679
2025-08-22T12:00:00+00:00,1.779,1.7791000000000001,1.779,1.7791000000000001,362080102
2025-08-22T13:00:00+00:00,1.779,1.7791000000000001,1.779,1.779,291469889
2025-08-22T14:00:00+00:00,1.7791000000000001,1.7791000000000001,1.779,1.7791000000000001,340220909
2025-08-22T15:00:00+00:00,1.7791000000000001,1.7791000000000001,1.779,1.7791000000000001,300787380
2025-08-22T16:00:00+00:00,1.7791000000000001,1.7791000000000001,1.779,1.779,221273256
2025-08-22T17:00:00+00:00,1.7791000000000001,1.7791000000000001,1.779,1.779,179798509
2025-08-22T18:00:00+00:00,1.7791000000000001,1.7791000000000001,1.779,1.779,96937308
2025-08-22T19:00:00+00:00,1.779,1.7791000000000001,1.779,1.7791000000000001,204984985
2025-08-22T20:00:00+00:00,1.7791000000000001,1.7791000000000001,1.779,1.7791000000000001,996963649
2025-08-23T06:00:00+00:00,1.7799,1.7799,1.7799,1.7799,303859
2025-08-23T07:00:00+00:00,1.78,1.78,1.7799,1.78,39643687
2025-08-23T08:00:00+00:00,1.78,1.78,1.7799,1.7799,15521526
2025-08-23T09:00:00+00:00,1.78,1.78,1.7799,1.78,7556579
2025-08-23T10:00:00+00:00,1.78,1.78,1.7799,1.78,5918430
2025-08-23T11:00:00+00:00,1.78,1.78,1.7799,1.78,11475848
2025-08-23T12:00:00+00:00,1.78,1.78,1.7799,1.78,6950243
2025-08-23T13:00:00+00:00,1.78,1.78,1.7799,1.78,8761869
2025-08-23T14:00:00+00:00,1.78,1.78,1.7799,1.78,4400642
2025-08-23T15:00:00+00:00,1.78,1.78,1.7799,1.78,4405772
2025-08-24T06:00:00+00:00,1.7799,1.7799,1.7799,1.7799,230890
2025-08-24T07:00:00+00:00,1.78,1.78,1.7799,1.78,16520094
2025-08-24T08:00:00+00:00,1.78,1.78,1.7799,1.78,5223955
2025-08-24T09:00:00+00:00,1.78,1.78,1.7799,1.78,10187277
2025-08-24T10:00:00+00:00,1.78,1.78,1.7799,1.7799,11031835
2025-08-24T11:00:00+00:00,1.78,1.78,1.7799,1.78,4073233
2025-08-24T12:00:00+00:00,1.78,1.78,1.7799,1.78,14799144
2025-08-24T13:00:00+00:00,1.78,1.78,1.7799,1.78,5285460
2025-08-24T14:00:00+00:00,1.78,1.78,1.7799,1.78,5327400
2025-08-24T15:00:00+00:00,1.78,1.78,1.7799,1.78,2011856
2025-08-25T03:00:00+00:00,1.78,1.78,1.78,1.78,16234971
2025-08-25T04:00:00+00:00,1.78,1.78,1.7799,1.7799,98049127
2025-08-25T05:00:00+00:00,1.78,1.78,1.7799,1.7799,96197889
2025-08-25T06:00:00+00:00,1.78,1.78,1.7799,1.7799,239056681
2025-08-25T07:00:00+00:00,1.78,1.78,1.7799,1.78,726666830
2025-08-25T08:00:00+00:00,1.78,1.78,1.7799,1.78,475685836
2025-08-25T09:00:00+00:00,1.78,1.78,1.7799,1.78,549065739
2025-08-25T10:00:00+00:00,1.78,1.78,1.7799,1.78,379763241
2025-08-25T11:00:00+00:00,1.78,1.78,1.7799,1.78,245418581
2025-08-25T12:00:00+00:00,1.7799,1.78,1.7799,1.7799,464762276
2025-08-25T13:00:00+00:00,1.78,1.78,1.7799,1.78,555693786
2025-08-25T14:00:00+00:00,1.7799,1.78,1.7799,1.78,322624157
2025-08-25T15:00:00+00:00,1.78,1.78,1.7799,1.78,418539544
2025-08-25T16:00:00+00:00,1.78,1.78,1.7799,1.7799,268982776
2025-08-25T17:00:00+00:00,1.7799,1.78,1.7799,1.78,162566381
2025-08-25T18:00:00+00:00,1.7799,1.78,1.7799,1.78,121595385
2025-08-25T19:00:00+00:00,1.78,1.78,1.7799,1.7799,116443538
2025-08-25T20:00:00+00:00,1.7799,1.78,1.7799,1.7799,157129034
2025-08-26T03:00:00+00:00,1.7808000000000002,1.7808000000000002,1.7808000000000002,1.7808000000000002,1419243
2025-08-26T04:00:00+00:00,1.7809,1.7809,1.7808000000000002,1.7808000000000002,59881210
2025-08-26T05:00:00+00:00,1.7808000000000002,1.7809,1.7808000000000002,1.7809,80295290
2025-08-26T06:00:00+00:00,1.7809,1.7809,1.7808000000000002,1.7809,173408545
2025-08-26T07:00:00+00:00,1.7809,1.7809,1.7808000000000002,1.7808000000000002,733493930
2025-08-26T08:00:00+00:00,1.7809,1.7809,1.7808000000000002,1.7808000000000002,335842160
2025-08-26T09:00:00+00:00,1.7808000000000002,1.7809,1.7808000000000002,1.7809,247211823
2025-08-26T10:00:00+00:00,1.7809,1.7809,1.7808000000000002,1.7809,591679690
2025-08-26T11:00:00+00:00,1.7809,1.7809,1.7808000000000002,1.7809,696681372
2025-08-26T12:00:00+00:00,1.7809,1.7809,1.7808000000000002,1.7809,336043389
2025-08-26T13:00:00+00:00,1.7809,1.7809,1.7808000000000002,1.7809,378914361
2025-08-26T14:00:00+00:00,1.7809,1.7809,1.7808000000000002,1.7809,489284935
2025-08-26T15:00:00+00:00,1.7809,1.7809,1.7808000000000002,1.7808000000000002,256243663
2025-08-26T16:00:00+00:00,1.7809,1.7809,1.7808000000000002,1.7809,274704266
2025-08-26T17:00:00+00:00,1.7808000000000002,1.7809,1.7808000000000002,1.7809,144840271
2025-08-26T18:00:00+00:00,1.7809,1.7809,1.7808000000000002,1.7808000000000002,148002599
2025-08-26T19:00:00+00:00,1.7808000000000002,1.7809,1.7808000000000002,1.7808000000000002,191351121
2025-08-26T20:00:00+00:00,1.7809,1.7809,1.7808000000000002,1.7808000000000002,277730794
2025-08-27T03:00:00+00:00,1.7816,1.7816,1.7816,1.7816,1550274
2025-08-27T04:00:00+00:00,1.7816999999999998,1.7816999999999998,1.7816,1.7816999999999998,125401564
2025-08-27T05:00:00+00:00,1.7816999999999998,1.7816999999999998,1.7816,1.7816999999999998,83846408
2025-08-27T06:00:00+00:00,1.7816999999999998,1.7816999999999998,1.7816,1.7816,192197403
2025-08-27T07:00:00+00:00,1.7816999999999998,1.7816999999999998,1.7816,1.7816999999999998,502773655
2025-08-27T08:00:00+00:00,1.7816,1.7816999999999998,1.7816,1.7816999999999998,299511363
2025-08-27T09:00:00+00:00,1.7816,1.7816999999999998,1.7816,1.7816999999999998,562263040
2025-08-27T10:00:00+00:00,1.7816999999999998,1.7816999999999998,1.7816,1.7816999999999998,561981736
2025-08-27T11:00:00+00:00,1.7816999999999998,1.7816999999999998,1.7816,1.7816,294348701
2025-08-27T12:00:00+00:00,1.7816999999999998,1.7816999999999998,1.7816,1.7816,365070164
2025-08-27T13:00:00+00:00,1.7816,1.7816999999999998,1.7816,1.7816,466853577
2025-08-27T14:00:00+00:00,1.7816999999999998,1.7816999999999998,1.7816,1.7816999999999998,299853985
2025-08-27T15:00:00+00:00,1.7816999999999998,1.7816999999999998,1.7816,1.7816,299983268
2025-08-27T16:00:00+00:00,1.7816999999999998,1.7816999999999998,1.7816,1.7816999999999998,181249397
2025-08-27T17:00:00+00:00,1.7816999999999998,1.7816999999999998,1.7816,1.7816999999999998,164977195
2025-08-27T18:00:00+00:00,1.7816999999999998,1.7816999999999998,1.7816,1.7816999999999998,154331104
2025-08-27T19:00:00+00:00,1.7816999999999998,1.7816999999999998,1.7816,1.7816999999999998,184208678
2025-08-27T20:00:00+00:00,1.7816,1.7816999999999998,1.7816,1.7816999999999998,602857356
2025-08-28T03:00:00+00:00,1.7825,1.7825,1.7825,1.7825,5729522
2025-08-28T04:00:00+00:00,1.7826,1.7826,1.7825,1.7826,98322958
2025-08-28T05:00:00+00:00,1.7825,1.7826,1.7825,1.7826,74471011
2025-08-28T06:00:00+00:00,1.7825,1.7826,1.7825,1.7825,139871847
2025-08-28T07:00:00+00:00,1.7826,1.7826,1.7825,1.7826,577262298
2025-08-28T08:00:00+00:00,1.7825,1.7826,1.7825,1.7825,456308065
2025-08-28T09:00:00+00:00,1.7826,1.7826,1.7825,1.7826,433676389
2025-08-28T10:00:00+00:00,1.7826,1.7826,1.7825,1.7825,474901185
2025-08-28T11:00:00+00:00,1.7826,1.7826,1.7825,1.7826,331888763
2025-08-28T12:00:00+00:00,1.7826,1.7826,1.7825,1.7826,384799365
2025-08-28T13:00:00+00:00,1.7826,1.7826,1.7825,1.7826,312433522
2025-08-28T14:00:00+00:00,1.7826,1.7826,1.7825,1.7826,345172881
2025-08-28T15:00:00+00:00,1.7826,1.7826,1.7825,1.7825,501213850
2025-08-28T16:00:00+00:00,1.7826,1.7826,1.7825,1.7826,240608247
2025-08-28T17:00:00+00:00,1.7825,1.7826,1.7825,1.7825,281805587
2025-08-28T18:00:00+00:00,1.7826,1.7826,1.7825,1.7826,202180648
2025-08-28T19:00:00+00:00,1.7826,1.7826,1.7825,1.7826,247984135
2025-08-28T20:00:00+00:00,1.7826,1.7826,1.7825,1.7825,987328664
2025-08-29T03:00:00+00:00,1.7850000000000001,1.7850000000000001,1.7850000000000001,1.7850000000000001,1060347
2025-08-29T04:00:00+00:00,1.7851,1.7851,1.7850000000000001,1.7851,84711229
2025-08-29T05:00:00+00:00,1.7851,1.7851,1.7850000000000001,1.7851,68570095
2025-08-29T06:00:00+00:00,1.7851,1.7851,1.7850000000000001,1.7851,198871664
2025-08-29T07:00:00+00:00,1.7851,1.7851,1.7850000000000001,1.7851,553321896
2025-08-29T08:00:00+00:00,1.7850000000000001,1.7851,1.7850000000000001,1.7851,437644250
2025-08-29T09:00:00+00:00,1.7851,1.7851,1.7850000000000001,1.7851,413403408
2025-08-29T10:00:00+00:00,1.7851,1.7851,1.7850000000000001,1.7851,497094624
2025-08-29T11:00:00+00:00,1.7850000000000001,1.7851,1.7850000000000001,1.7851,502643479
2025-08-29T12:00:00+00:00,1.7851,1.7851,1.7850000000000001,1.7851,731624027
2025-08-29T13:00:00+00:00,1.7850000000000001,1.7851,1.7850000000000001,1.7851,317523463
2025-08-29T14:00:00+00:00,1.7851,1.7851,1.7850000000000001,1.7851,378983500
2025-08-29T15:00:00+00:00,1.7850000000000001,1.7851,1.7850000000000001,1.7850000000000001,292212476
2025-08-29T16:00:00+00:00,1.7851,1.7851,1.7850000000000001,1.7851,258382915
2025-08-29T17:00:00+00:00,1.7851,1.7851,1.7850000000000001,1.7850000000000001,117571216
2025-08-29T18:00:00+00:00,1.7851,1.7851,1.7850000000000001,1.7851,125213459
2025-08-29T19:00:00+00:00,1.7850000000000001,1.7851,1.7850000000000001,1.7851,94606202
2025-08-29T20:00:00+00:00,1.7850000000000001,1.7851,1.7850000000000001,1.7850000000000001,461227411
2025-08-30T06:00:00+00:00,1.7859,1.7859,1.7859,1.7859,1916545
2025-08-30T07:00:00+00:00,1.7858,1.7859,1.7858,1.7859,29164757
2025-08-30T08:00:00+00:00,1.7859,1.7859,1.7858,1.7859,17527475
2025-08-30T09:00:00+00:00,1.7859,1.7859,1.7858,1.7859,12703791
2025-08-30T10:00:00+00:00,1.7859,1.7859,1.7858,1.7859,9188688
2025-08-30T11:00:00+00:00,1.7858,1.7859,1.7858,1.7859,9749602
2025-08-30T12:00:00+00:00,1.7859,1.7859,1.7858,1.7858,6240635
2025-08-30T13:00:00+00:00,1.7859,1.7859,1.7858,1.7859,16500971
2025-08-30T14:00:00+00:00,1.7859,1.7859,1.7858,1.7858,5339635
2025-08-30T15:00:00+00:00,1.7858,1.7859,1.7858,1.7859,5390567
2025-08-31T06:00:00+00:00,1.7858,1.7858,1.7858,1.7858,1210924
2025-08-31T07:00:00+00:00,1.7858,1.7859,1.7858,1.7859,17451714
2025-08-31T08:00:00+00:00,1.7859,1.7859,1.7858,1.7858,7193091
2025-08-31T09:00:00+00:00,1.7858,1.7859,1.7858,1.7859,28534116
2025-08-31T10:00:00+00:00,1.7859,1.7859,1.7858,1.7858,9103497
2025-08-31T11:00:00+00:00,1.7859,1.7859,1.7858,1.7859,9349594
2025-08-31T12:00:00+00:00,1.7859,1.7859,1.7858,1.7858,6064067
2025-08-31T13:00:00+00:00,1.7859,1.7859,1.7858,1.7859,4563114
2025-08-31T14:00:00+00:00,1.7859,1.7859,1.7858,1.7859,11079055
2025-08-31T15:00:00+00:00,1.7859,1.7859,1.7858,1.7859,3769479
2025-09-01T03:00:00+00:00,1.7858,1.7858,1.7858,1.7858,1474732
2025-09-01T04:00:00+00:00,1.7859,1.7859,1.7858,1.7858,131145865
2025-09-01T05:00:00+00:00,1.7858,1.7859,1.7858,1.7858,100261833
2025-09-01T06:00:00+00:00,1.7859,1.7859,1.7858,1.7858,310078708
2025-09-01T07:00:00+00:00,1.7859,1.7859,1.7858,1.7859,840596749
2025-09-01T08:00:00+00:00,1.7858,1.7859,1.7858,1.7859,509436881
2025-09-01T09:00:00+00:00,1.7859,1.7859,1.7858,1.7859,512401375
2025-09-01T10:00:00+00:00,1.7859,1.7859,1.7858,1.7859,1396861150
2025-09-01T11:00:00+00:00,1.7859,1.7859,1.7858,1.7859,607283062
2025-09-01T12:00:00+00:00,1.7859,1.7859,1.7858,1.7859,694390998
2025-09-01T13:00:00+00:00,1.7859,1.7859,1.7858,1.7858,571208800
2025-09-01T14:00:00+00:00,1.7859,1.7859,1.7858,1.7859,602115967
2025-09-01T15:00:00+00:00,1.7859,1.7859,1.7858,1.7859,550911771
2025-09-01T16:00:00+00:00,1.7859,1.7859,1.7858,1.7859,235618903
2025-09-01T17:00:00+00:00,1.7859,1.7859,1.7858,1.7858,178581965
2025-09-01T18:00:00+00:00,1.7859,1.7859,1.7858,1.7858,403477703
2025-09-01T19:00:00+00:00,1.7859,1.7859,1.7858,1.7859,218653905
2025-09-01T20:00:00+00:00,1.7859,1.7859,1.7858,1.7859,253015144
2025-09-02T03:00:00+00:00,1.7867,1.7867,1.7867,1.7867,693613
2025-09-02T04:00:00+00:00,1.7867,1.7868,1.7867,1.7867,56687078
2025-09-02T05:00:00+00:00,1.7868,1.7868,1.7867,1.7867,100886323
2025-09-02T06:00:00+00:00,1.7868,1.7868,1.7867,1.7867,322678675
2025-09-02T07:00:00+00:00,1.7868,1.7868,1.7867,1.7868,498946638
2025-09-02T08:00:00+00:00,1.7867,1.7868,1.7867,1.7868,439155707
2025-09-02T09:00:00+00:00,1.7868,1.7868,1.7867,1.7867,375080281
2025-09-02T10:00:00+00:00,1.7868,1.7868,1.7867,1.7868,317414896
2025-09-02T11:00:00+00:00,1.7867,1.7868,1.7867,1.7868,295716192
2025-09-02T12:00:00+00:00,1.7868,1.7868,1.7867,1.7868,424019089
2025-09-02T13:00:00+00:00,1.7868,1.7868,1.7867,1.7867,584750559
2025-09-02T14:00:00+00:00,1.7868,1.7868,1.7867,1.7868,440038973
2025-09-02T15:00:00+00:00,1.7868,1.7868,1.7867,1.7867,428798991
2025-09-02T16:00:00+00:00,1.7867,1.7868,1.7867,1.7868,407820095
2025-09-02T17:00:00+00:00,1.7867,1.7868,1.7867,1.7868,264767774
2025-09-02T18:00:00+00:00,1.7868,1.7868,1.7867,1.7868,112951804
2025-09-02T19:00:00+00:00,1.7868,1.7868,1.7867,1.7868,290860361
2025-09-02T20:00:00+00:00,1.7867,1.7868,1.7867,1.7868,678671660
2025-09-03T03:00:00+00:00,1.7875999999999999,1.7875999999999999,1.7875999999999999,1.7875999999999999,5461412
2025-09-03T04:00:00+00:00,1.7877,1.7877,1.7875999999999999,1.7877,60676509
2025-09-03T05:00:00+00:00,1.7875999999999999,1.7877,1.7875999999999999,1.7877,101130952
2025-09-03T06:00:00+00:00,1.7877,1.7877,1.7875999999999999,1.7877,151981292
2025-09-03T07:00:00+00:00,1.7877,1.7877,1.7875999999999999,1.7877,448009525
2025-09-03T08:00:00+00:00,1.7877,1.7877,1.7875999999999999,1.7875999999999999,600341350
2025-09-03T09:00:00+00:00,1.7877,1.7877,1.7875999999999999,1.7877,555834238
2025-09-03T10:00:00+00:00,1.7877,1.7877,1.7875999999999999,1.7877,375340088
2025-09-03T11:00:00+00:00,1.7875999999999999,1.7877,1.7875999999999999,1.7875999999999999,310437942
2025-09-03T12:00:00+00:00,1.7877,1.7877,1.7875999999999999,1.7877,799866759
2025-09-03T13:00:00+00:00,1.7877,1.7877,1.7875999999999999,1.7877,531002063
2025-09-03T14:00:00+00:00,1.7877,1.7877,1.7875999999999999,1.7875999999999999,422140261
2025-09-03T15:00:00+00:00,1.7877,1.7877,1.7875999999999999,1.7875999999999999,372794302
2025-09-03T16:00:00+00:00,1.7875999999999999,1.7877,1.7875999999999999,1.7875999999999999,318771489
2025-09-03T17:00:00+00:00,1.7875999999999999,1.7877,1.7875999999999999,1.7875999999999999,192843558
2025-09-03T18:00:00+00:00,1.7877,1.7877,1.7875999999999999,1.7877,193702475
2025-09-03T19:00:00+00:00,1.7877,1.7877,1.7875999999999999,1.7875999999999999,158917752
2025-09-03T20:00:00+00:00,1.7877,1.7877,1.7875999999999999,1.7877,609378558
2025-09-04T03:00:00+00:00,1.7885,1.7885,1.7885,1.7885,6485398
2025-09-04T04:00:00+00:00,1.7885,1.8378999999999999,1.7885,1.7886,171054457
2025-09-04T05:00:00+00:00,1.7885,1.7887,1.7885,1.7887,109320895
2025-09-04T06:00:00+00:00,1.7886,1.7887,1.7886,1.7887,131141587
2025-09-04T07:00:00+00:00,1.7887,1.7887,1.7886,1.7887,418259454
2025-09-04T08:00:00+00:00,1.7887,1.7887,1.7886,1.7886,1004523034
2025-09-04T09:00:00+00:00,1.7886,1.7887,1.7886,1.7887,327298743
2025-09-04T10:00:00+00:00,1.7887,1.7887,1.7886,1.7886,299940748
2025-09-04T11:00:00+00:00,1.7887,1.7887,1.7886,1.7887,330061160
2025-09-04T12:00:00+00:00,1.7887,1.7887,1.7886,1.7887,414807313
2025-09-04T13:00:00+00:00,1.7886,1.7887,1.7886,1.7886,401246939
2025-09-04T14:00:00+00:00,1.7886,1.7887,1.7886,1.7886,326122489
2025-09-04T15:00:00+00:00,1.7886,1.7887,1.7886,1.7887,377629816
2025-09-04T16:00:00+00:00,1.7887,1.7887,1.7886,1.7887,264211360
2025-09-04T17:00:00+00:00,1.7887,1.7887,1.7886,1.7887,161476268
2025-09-04T18:00:00+00:00,1.7886,1.7887,1.7886,1.7887,190227875
2025-09-04T19:00:00+00:00,1.7887,1.7887,1.7886,1.7886,256358318
2025-09-04T20:00:00+00:00,1.7886,1.7887,1.7886,1.7887,223533893
2025-09-05T03:00:00+00:00,1.7911000000000001,1.7911000000000001,1.7911000000000001,1.7911000000000001,1064576
2025-09-05T04:00:00+00:00,1.7912,1.7912,1.7911000000000001,1.7912,293119293
2025-09-05T05:00:00+00:00,1.7911000000000001,1.7912,1.7911000000000001,1.7911000000000001,116642503
2025-09-05T06:00:00+00:00,1.7912,1.7912,1.7911000000000001,1.7912,122892133
2025-09-05T07:00:00+00:00,1.7912,1.7912,1.7911000000000001,1.7912,738827572
2025-09-05T08:00:00+00:00,1.7911000000000001,1.7912,1.7911000000000001,1.7912,517079308
2025-09-05T09:00:00+00:00,1.7912,1.7912,1.7911000000000001,1.7911000000000001,486139247
2025-09-05T10:00:00+00:00,1.7912,1.7912,1.7911000000000001,1.7912,407833470
2025-09-05T11:00:00+00:00,1.7912,1.7912,1.7911000000000001,1.7912,238139316
2025-09-05T12:00:00+00:00,1.7912,1.7912,1.7911000000000001,1.7911000000000001,369362866
2025-09-05T13:00:00+00:00,1.7912,1.7912,1.7911000000000001,1.7912,479938698
2025-09-05T14:00:00+00:00,1.7911000000000001,1.7912,1.7911000000000001,1.7912,367656512
2025-09-05T15:00:00+00:00,1.7911000000000001,1.7912,1.7911000000000001,1.7912,294880431
2025-09-05T16:00:00+00:00,1.7912,1.7912,1.7911000000000001,1.7912,279035638
2025-09-05T17:00:00+00:00,1.7912,1.7912,1.7911000000000001,1.7912,137671384
2025-09-05T18:00:00+00:00,1.7912,1.7912,1.7911000000000001,1.7912,134127802
2025-09-05T19:00:00+00:00,1.7912,1.7912,1.7911000000000001,1.7912,245953616
2025-09-05T20:00:00+00:00,1.7911000000000001,1.7912,1.7911000000000001,1.7911000000000001,640052573
2025-09-06T06:00:00+00:00,1.7919,1.7919,1.7919,1.7919,1742451
2025-09-06T07:00:00+00:00,1.792,1.792,1.7919,1.792,36360642
2025-09-06T08:00:00+00:00,1.792,1.792,1.7919,1.792,16837783
2025-09-06T09:00:00+00:00,1.792,1.792,1.7919,1.792,11032463
2025-09-06T10:00:00+00:00,1.792,1.792,1.7919,1.792,8372375
2025-09-06T11:00:00+00:00,1.7919,1.792,1.7919,1.792,10264752
2025-09-06T12:00:00+00:00,1.792,1.792,1.7919,1.792,8392649
2025-09-06T13:00:00+00:00,1.792,1.792,1.7919,1.792,6830518
2025-09-06T14:00:00+00:00,1.792,1.792,1.7919,1.792,4040592
2025-09-06T15:00:00+00:00,1.792,1.792,1.7919,1.792,11337521
2025-09-07T06:00:00+00:00,1.792,1.792,1.792,1.792,43589
2025-09-07T07:00:00+00:00,1.792,1.792,1.7919,1.792,25771853
2025-09-07T08:00:00+00:00,1.792,1.792,1.7919,1.7919,11187385
2025-09-07T09:00:00+00:00,1.792,1.792,1.7919,1.792,15558231
2025-09-07T10:00:00+00:00,1.792,1.792,1.7919,1.792,6773838
2025-09-07T11:00:00+00:00,1.792,1.792,1.7919,1.792,6616880
2025-09-07T12:00:00+00:00,1.792,1.792,1.7919,1.7919,3796396
2025-09-07T13:00:00+00:00,1.792,1.792,1.7919,1.792,6074367
2025-09-07T14:00:00+00:00,1.792,1.792,1.7919,1.792,5428716
2025-09-07T15:00:00+00:00,1.792,1.792,1.7919,1.792,5507964
2025-09-08T03:00:00+00:00,1.7919,1.7919,1.7919,1.7919,707079
2025-09-08T04:00:00+00:00,1.7919,1.792,1.7919,1.792,146995603
2025-09-08T05:00:00+00:00,1.7919,1.792,1.7919,1.7919,75541498
2025-09-08T06:00:00+00:00,1.792,1.792,1.7919,1.792,127615518
2025-09-08T07:00:00+00:00,1.792,1.792,1.7919,1.792,878102588
2025-09-08T08:00:00+00:00,1.792,1.792,1.7919,1.792,485728440
2025-09-08T09:00:00+00:00,1.792,1.792,1.7919,1.7919,877581327
2025-09-08T10:00:00+00:00,1.792,1.792,1.7919,1.792,337308539
2025-09-08T11:00:00+00:00,1.792,1.792,1.7919,1.792,480257113
2025-09-08T12:00:00+00:00,1.7919,1.792,1.7919,1.792,692880706
2025-09-08T13:00:00+00:00,1.792,1.792,1.7919,1.792,490561395
2025-09-08T14:00:00+00:00,1.7919,1.792,1.7919,1.792,735610192
2025-09-08T15:00:00+00:00,1.792,1.792,1.7919,1.7919,442494784
2025-09-08T16:00:00+00:00,1.792,1.792,1.7919,1.792,442272791
2025-09-08T17:00:00+00:00,1.792,1.792,1.7919,1.7919,228713164
2025-09-08T18:00:00+00:00,1.792,1.792,1.7919,1.792,206291471
2025-09-08T19:00:00+00:00,1.7919,1.792,1.7919,1.7919,141225883
2025-09-08T20:00:00+00:00,1.7919,1.792,1.7919,1.792,1066168591
2025-09-09T03:00:00+00:00,1.7928,1.7928,1.7928,1.7928,6086300
2025-09-09T04:00:00+00:00,1.7927,1.7928,1.7927,1.7927,99575415
2025-09-09T05:00:00+00:00,1.7928,1.7928,1.7927,1.7928,98797555
2025-09-09T06:00:00+00:00,1.7928,1.7928,1.7927,1.7927,202458753
2025-09-09T07:00:00+00:00,1.7928,1.7928,1.7927,1.7928,736353486
2025-09-09T08:00:00+00:00,1.7928,1.7928,1.7927,1.7928,764011930
2025-09-09T09:00:00+00:00,1.7928,1.7928,1.7927,1.7928,454783541
2025-09-09T10:00:00+00:00,1.7928,1.7928,1.7927,1.7928,362154353
2025-09-09T11:00:00+00:00,1.7928,1.7928,1.7927,1.7927,495076991
2025-09-09T12:00:00+00:00,1.7928,1.7928,1.7927,1.7927,552345405
2025-09-09T13:00:00+00:00,1.7927,1.7928,1.7927,1.7928,645245233
2025-09-09T14:00:00+00:00,1.7927,1.7928,1.7927,1.7928,805667396
2025-09-09T15:00:00+00:00,1.7928,1.7928,1.7927,1.7928,316509510
2025-09-09T16:00:00+00:00,1.7927,1.7928,1.7927,1.7928,396248924
2025-09-09T17:00:00+00:00,1.7928,1.7928,1.7927,1.7928,182749663
2025-09-09T18:00:00+00:00,1.7928,1.7928,1.7927,1.7927,265783150
2025-09-09T19:00:00+00:00,1.7928,1.7928,1.7927,1.7927,263457079
2025-09-09T20:00:00+00:00,1.7928,1.7928,1.7927,1.7928,876625454
2025-09-10T03:00:00+00:00,1.7934999999999999,1.7934999999999999,1.7934999999999999,1.7934999999999999,29423646
2025-09-10T04:00:00+00:00,1.7934999999999999,1.7936,1.7934999999999999,1.7936,68239692
2025-09-10T05:00:00+00:00,1.7936,1.7936,1.7934999999999999,1.7936,78574428
2025-09-10T06:00:00+00:00,1.7936,1.7936,1.7934999999999999,1.7936,132936539
2025-09-10T07:00:00+00:00,1.7936,1.7936,1.7934999999999999,1.7934999999999999,596510637
2025-09-10T08:00:00+00:00,1.7936,1.7936,1.7934999999999999,1.7936,626808874
2025-09-10T09:00:00+00:00,1.7936,1.7936,1.7934999999999999,1.7936,431788855
2025-09-10T10:00:00+00:00,1.7936,1.7936,1.7934999999999999,1.7936,373970074
2025-09-10T11:00:00+00:00,1.7936,1.7936,1.7934999999999999,1.7936,591406324
2025-09-10T12:00:00+00:00,1.7936,1.7936,1.7934999999999999,1.7936,378584563
2025-09-10T13:00:00+00:00,1.7936,1.7936,1.7934999999999999,1.7936,317899610
2025-09-10T14:00:00+00:00,1.7936,1.7936,1.7934999999999999,1.7934999999999999,607714105
2025-09-10T15:00:00+00:00,1.7936,1.7936,1.7934999999999999,1.7934999999999999,348495714
2025-09-10T16:00:00+00:00,1.7936,1.7936,1.7934999999999999,1.7936,456300426
2025-09-10T17:00:00+00:00,1.7936,1.7936,1.7934999999999999,1.7936,201347599
2025-09-10T18:00:00+00:00,1.7936,1.7936,1.7934999999999999,1.7936,389244457
2025-09-10T19:00:00+00:00,1.7936,1.7936,1.7934999999999999,1.7936,181085025
2025-09-10T20:00:00+00:00,1.7936,1.7936,1.7934999999999999,1.7934999999999999,258039176
2025-09-11T03:00:00+00:00,1.7943,1.7943,1.7943,1.7943,2756206
2025-09-11T04:00:00+00:00,1.7943,1.7944,1.7943,1.7944,67433799
2025-09-11T05:00:00+00:00,1.7943,1.7944,1.7943,1.7943,73881409
2025-09-11T06:00:00+00:00,1.7944,1.7944,1.7943,1.7944,266690715
2025-09-11T07:00:00+00:00,1.7944,1.7944,1.7943,1.7944,748752399
2025-09-11T08:00:00+00:00,1.7944,1.7944,1.7943,1.7944,565924119
2025-09-11T09:00:00+00:00,1.7944,1.7944,1.7943,1.7944,572735657
2025-09-11T10:00:00+00:00,1.7943,1.7944,1.7943,1.7944,507075303
2025-09-11T11:00:00+00:00,1.7944,1.7944,1.7943,1.7944,937334311
2025-09-11T12:00:00+00:00,1.7943,1.7944,1.7943,1.7944,408175782
2025-09-11T13:00:00+00:00,1.7944,1.7944,1.7943,1.7943,1127297731
2025-09-11T14:00:00+00:00,1.7944,1.7944,1.7943,1.7944,461090895
2025-09-11T15:00:00+00:00,1.7943,1.7944,1.7943,1.7944,600243560
2025-09-11T16:00:00+00:00,1.7944,1.7944,1.7943,1.7944,341776173
2025-09-11T17:00:00+00:00,1.7944,1.7944,1.7943,1.7944,277339173
2025-09-11T18:00:00+00:00,1.7944,1.7944,1.7943,1.7944,208301422
2025-09-11T19:00:00+00:00,1.7944,1.7944,1.7943,1.7943,173524777
2025-09-11T20:00:00+00:00,1.7944,1.7944,1.7943,1.7944,375554187
2025-09-12T03:00:00+00:00,1.7969,1.7969,1.7969,1.7969,865606
2025-09-12T04:00:00+00:00,1.7969,1.7969,1.7968,1.7969,301194768
2025-09-12T05:00:00+00:00,1.7968,1.7969,1.7968,1.7968,77399212
2025-09-12T06:00:00+00:00,1.7969,1.7969,1.7968,1.7969,218013332
2025-09-12T07:00:00+00:00,1.7969,1.7969,1.7968,1.7969,407639783
2025-09-12T08:00:00+00:00,1.7968,1.7969,1.7968,1.7969,305726738
2025-09-12T09:00:00+00:00,1.7969,1.7969,1.7968,1.7969,541366484
2025-09-12T10:00:00+00:00,1.7969,1.7969,1.7968,1.7969,754292596
2025-09-12T11:00:00+00:00,1.7969,1.7969,1.7968,1.7969,809278700
2025-09-12T12:00:00+00:00,1.7969,1.7969,1.7968,1.7968,801901710
2025-09-12T13:00:00+00:00,1.7969,1.7969,1.7968,1.7969,777640884
2025-09-12T14:00:00+00:00,1.7969,1.7969,1.7968,1.7968,836220133
2025-09-12T15:00:00+00:00,1.7969,1.7969,1.7968,1.7969,529373384
2025-09-12T16:00:00+00:00,1.7969,1.7969,1.7968,1.7968,551360202
2025-09-12T17:00:00+00:00,1.7969,1.7969,1.7968,1.7968,250125301
2025-09-12T18:00:00+00:00,1.7969,1.7969,1.7968,1.7969,201951753
2025-09-12T19:00:00+00:00,1.7968,1.7969,1.7968,1.7968,205829129
2025-09-12T20:00:00+00:00,1.7968,1.7969,1.7968,1.7969,319802477
2025-09-13T06:00:00+00:00,1.7976999999999999,1.7976999999999999,1.7976999999999999,1.7976999999999999,32807
2025-09-13T08:00:00+00:00,1.7976999999999999,1.7976999999999999,1.7976,1.7976,8080778
2025-09-13T09:00:00+00:00,1.7976,1.7976999999999999,1.7976,1.7976999999999999,28688147
2025-09-13T10:00:00+00:00,1.7976,1.7976999999999999,1.7976,1.7976999999999999,15934284
2025-09-13T11:00:00+00:00,1.7976999999999999,1.7976999999999999,1.7976,1.7976,12512320
2025-09-13T12:00:00+00:00,1.7976,1.7976999999999999,1.7976,1.7976999999999999,24854635
2025-09-13T13:00:00+00:00,1.7976999999999999,1.7976999999999999,1.7976,1.7976999999999999,6218120
2025-09-13T14:00:00+00:00,1.7976999999999999,1.7976999999999999,1.7976,1.7976999999999999,17565259
2025-09-13T15:00:00+00:00,1.7976999999999999,1.7976999999999999,1.7976,1.7976,16461405
2025-09-14T06:00:00+00:00,1.7976,1.7976,1.7976,1.7976,398631
2025-09-14T07:00:00+00:00,1.7976999999999999,1.7976999999999999,1.7976,1.7976,36043219
2025-09-14T08:00:00+00:00,1.7976999999999999,1.7976999999999999,1.7976,1.7976999999999999,18727103
2025-09-14T09:00:00+00:00,1.7976,1.7976999999999999,1.7976,1.7976999999999999,13612727
2025-09-14T10:00:00+00:00,1.7976999999999999,1.7976999999999999,1.7976,1.7976999999999999,7958365
2025-09-14T11:00:00+00:00,1.7976999999999999,1.7976999999999999,1.7976,1.7976999999999999,22791206
2025-09-14T12:00:00+00:00,1.7976999999999999,1.7976999999999999,1.7976,1.7976999999999999,25538399
2025-09-14T13:00:00+00:00,1.7976999999999999,1.7976999999999999,1.7976,1.7976999999999999,8807109
2025-09-14T14:00:00+00:00,1.7976999999999999,1.7976999999999999,1.7976,1.7976999999999999,5425676
2025-09-14T15:00:00+00:00,1.7976999999999999,1.7976999999999999,1.7976,1.7976999999999999,7946044
2025-09-15T03:00:00+00:00,1.7976999999999999,1.7976999999999999,1.7976999999999999,1.7976999999999999,7135904
2025-09-15T04:00:00+00:00,1.7976999999999999,1.7976999999999999,1.7976,1.7976,88561112
2025-09-15T05:00:00+00:00,1.7976999999999999,1.7976999999999999,1.7976,1.7976999999999999,355515367
2025-09-15T06:00:00+00:00,1.7976999999999999,1.7976999999999999,1.7976,1.7976,369614972
2025-09-15T07:00:00+00:00,1.7976999999999999,1.7976999999999999,1.7976,1.7976999999999999,737451691
2025-09-15T08:00:00+00:00,1.7976999999999999,1.7976999999999999,1.7976,1.7976999999999999,751624591
2025-09-15T09:00:00+00:00,1.7976,1.7976999999999999,1.7976,1.7976,1115472258
2025-09-15T10:00:00+00:00,1.7976999999999999,1.7976999999999999,1.7976,1.7976999999999999,675795910
2025-09-15T11:00:00+00:00,1.7976999999999999,1.7976999999999999,1.7976,1.7976999999999999,683579456
2025-09-15T12:00:00+00:00,1.7976999999999999,1.7976999999999999,1.7976,1.7976999999999999,760539777
2025-09-15T13:00:00+00:00,1.7976999999999999,1.7976999999999999,1.7976,1.7976999999999999,504011805
2025-09-15T14:00:00+00:00,1.7976999999999999,1.7976999999999999,1.7976,1.7976999999999999,772268220
2025-09-15T15:00:00+00:00,1.7976999999999999,1.7976999999999999,1.7976,1.7976999999999999,503682223
2025-09-15T16:00:00+00:00,1.7976999999999999,1.7976999999999999,1.7976,1.7976,426587375
2025-09-15T17:00:00+00:00,1.7976999999999999,1.7976999999999999,1.7976,1.7976,226405374
2025-09-15T18:00:00+00:00,1.7976,1.7976999999999999,1.7976,1.7976999999999999,152966529
2025-09-15T19:00:00+00:00,1.7976,1.7976999999999999,1.7976,1.7976,167287804
2025-09-15T20:00:00+00:00,1.7976999999999999,1.7976999999999999,1.7976,1.7976999999999999,194822432
2025-09-16T03:00:00+00:00,1.7985,1.7985,1.7985,1.7985,9347507
2025-09-16T04:00:00+00:00,1.7986,1.7986,1.7985,1.7985,63812393
2025-09-16T05:00:00+00:00,1.7986,1.7986,1.7985,1.7985,76865424
2025-09-16T06:00:00+00:00,1.7986,1.7986,1.7985,1.7986,223153318
2025-09-16T07:00:00+00:00,1.7986,1.7986,1.7985,1.7986,659814585
2025-09-16T08:00:00+00:00,1.7986,1.7986,1.7985,1.7986,491300075
2025-09-16T09:00:00+00:00,1.7985,1.7986,1.7985,1.7986,391842301
2025-09-16T10:00:00+00:00,1.7985,1.7986,1.7985,1.7986,502832862
2025-09-16T11:00:00+00:00,1.7986,1.7986,1.7985,1.7986,532572834
2025-09-16T12:00:00+00:00,1.7986,1.7986,1.7985,1.7986,510733079
2025-09-16T13:00:00+00:00,1.7985,1.7986,1.7985,1.7986,660477786
2025-09-16T14:00:00+00:00,1.7986,1.7986,1.7985,1.7986,573902682
2025-09-16T15:00:00+00:00,1.7986,1.7986,1.7985,1.7986,360931963
2025-09-16T16:00:00+00:00,1.7986,1.7986,1.7985,1.7986,435639623
2025-09-16T17:00:00+00:00,1.7986,1.7986,1.7985,1.7986,187448080
2025-09-16T18:00:00+00:00,1.7986,1.7986,1.7985,1.7985,148350817
2025-09-16T19:00:00+00:00,1.7986,1.7986,1.7985,1.7986,120536228
2025-09-16T20:00:00+00:00,1.7986,1.7986,1.7985,1.7986,647774023
2025-09-17T03:00:00+00:00,1.7993000000000001,1.7993000000000001,1.7993000000000001,1.7993000000000001,1607965
2025-09-17T04:00:00+00:00,1.7993999999999999,1.7993999999999999,1.7993000000000001,1.7993000000000001,57936854
2025-09-17T05:00:00+00:00,1.7993000000000001,1.7993999999999999,1.7993000000000001,1.7993999999999999,90817118
2025-09-17T06:00:00+00:00,1.7993999999999999,1.7993999999999999,1.7993000000000001,1.7993999999999999,168509883
2025-09-17T07:00:00+00:00,1.7993999999999999,1.7993999999999999,1.7993000000000001,1.7993999999999999,498484551
2025-09-17T08:00:00+00:00,1.7993000000000001,1.7993999999999999,1.7993000000000001,1.7993000000000001,363078479
2025-09-17T09:00:00+00:00,1.7993999999999999,1.7993999999999999,1.7993000000000001,1.7993999999999999,353514876
2025-09-17T10:00:00+00:00,1.7993999999999999,1.7993999999999999,1.7993000000000001,1.7993999999999999,299887904
2025-09-17T11:00:00+00:00,1.7993999999999999,1.7993999999999999,1.7993000000000001,1.7993000000000001,732298788
2025-09-17T12:00:00+00:00,1.7993000000000001,1.7993999999999999,1.7993000000000001,1.7993999999999999,243542225
2025-09-17T13:00:00+00:00,1.7993999999999999,1.7993999999999999,1.7993000000000001,1.7993999999999999,712756271
2025-09-17T14:00:00+00:00,1.7993000000000001,1.7993999999999999,1.7993000000000001,1.7993999999999999,322020221
2025-09-17T15:00:00+00:00,1.7993999999999999,1.7993999999999999,1.7993000000000001,1.7993999999999999,473736265
2025-09-17T16:00:00+00:00,1.7993999999999999,1.7993999999999999,1.7993000000000001,1.7993000000000001,212621132
2025-09-17T17:00:00+00:00,1.7993999999999999,1.7993999999999999,1.7993000000000001,1.7993999999999999,178965544
2025-09-17T18:00:00+00:00,1.7993999999999999,1.7993999999999999,1.7993000000000001,1.7993000000000001,153138913
2025-09-17T19:00:00+00:00,1.7993000000000001,1.7993999999999999,1.7993000000000001,1.7993999999999999,171983661
2025-09-17T20:00:00+00:00,1.7993999999999999,1.7993999999999999,1.7993000000000001,1.7993999999999999,493298640
2025-09-18T03:00:00+00:00,1.8001,1.8001,1.8001,1.8001,2288032
2025-09-18T04:00:00+00:00,1.8001,1.8002,1.8001,1.8001,161797965
2025-09-18T05:00:00+00:00,1.8001,1.8002,1.8001,1.8002,68940581
2025-09-18T06:00:00+00:00,1.8001,1.8002,1.8001,1.8002,282633609
2025-09-18T07:00:00+00:00,1.8002,1.8002,1.8001,1.8002,524051221
2025-09-18T08:00:00+00:00,1.8002,1.8002,1.8001,1.8002,348423611
2025-09-18T09:00:00+00:00,1.8002,1.8002,1.8001,1.8002,668391123
2025-09-18T10:00:00+00:00,1.8001,1.8002,1.8001,1.8001,405510060
2025-09-18T11:00:00+00:00,1.8002,1.8002,1.8001,1.8002,614033700
2025-09-18T12:00:00+00:00,1.8002,1.8002,1.8001,1.8001,261556222
2025-09-18T13:00:00+00:00,1.8001,1.8002,1.8001,1.8001,647606732
2025-09-18T14:00:00+00:00,1.8002,1.8002,1.8001,1.8002,338637683
2025-09-18T15:00:00+00:00,1.8001,1.8002,1.8001,1.8001,641394514
2025-09-18T16:00:00+00:00,1.8002,1.8002,1.8001,1.8002,258601309
2025-09-18T17:00:00+00:00,1.8002,1.8002,1.8001,1.8002,117010716
2025-09-18T18:00:00+00:00,1.8002,1.8002,1.8001,1.8002,170524220
2025-09-18T19:00:00+00:00,1.8002,1.8002,1.8001,1.8001,139472371
2025-09-18T20:00:00+00:00,1.8002,1.8002,1.8001,1.8002,235089087
2025-09-19T03:00:00+00:00,1.8026,1.8026,1.8026,1.8026,1716998
2025-09-19T04:00:00+00:00,1.8027,1.8027,1.8026,1.8027,89005493
2025-09-19T05:00:00+00:00,1.8027,1.8027,1.8026,1.8026,170831608
2025-09-19T06:00:00+00:00,1.8026,1.8027,1.8026,1.8026,199467669
2025-09-19T07:00:00+00:00,1.8026,1.8027,1.8026,1.8027,359031712
2025-09-19T08:00:00+00:00,1.8027,1.8027,1.8026,1.8026,509642531
2025-09-19T09:00:00+00:00,1.8027,1.8027,1.8026,1.8027,703537347
2025-09-19T10:00:00+00:00,1.8027,1.8027,1.8026,1.8027,537207043
2025-09-19T11:00:00+00:00,1.8026,1.8027,1.8026,1.8026,563963161
2025-09-19T12:00:00+00:00,1.8027,1.8027,1.8026,1.8027,542954917
2025-09-19T13:00:00+00:00,1.8027,1.8027,1.8026,1.8027,471950668
2025-09-19T14:00:00+00:00,1.8027,1.8027,1.8026,1.8027,501873385
2025-09-19T15:00:00+00:00,1.8027,1.8027,1.8026,1.8027,402485857
2025-09-19T16:00:00+00:00,1.8027,1.8027,1.8026,1.8026,469882540
2025-09-19T17:00:00+00:00,1.8027,1.8027,1.8026,1.8026,369321446
2025-09-19T18:00:00+00:00,1.8027,1.8027,1.8026,1.8026,230482305
2025-09-19T19:00:00+00:00,1.8027,1.8027,1.8026,1.8026,211944874
2025-09-19T20:00:00+00:00,1.8026,1.8027,1.8026,1.8026,376687911
2025-09-22T03:00:00+00:00,1.8034,1.8034,1.8034,1.8034,5421842
2025-09-22T04:00:00+00:00,1.8034,1.8035,1.8034,1.8035,132803071
2025-09-22T05:00:00+00:00,1.8035,1.8035,1.8034,1.8035,241691521
2025-09-22T06:00:00+00:00,1.8035,1.8035,1.8034,1.8035,257522327
2025-09-22T07:00:00+00:00,1.8035,1.8035,1.8034,1.8035,942034851
2025-09-22T08:00:00+00:00,1.8034,1.8035,1.8034,1.8035,510410347
2025-09-22T09:00:00+00:00,1.8034,1.8035,1.8034,1.8034,556334666
2025-09-22T10:00:00+00:00,1.8035,1.8035,1.8034,1.8035,567395242
2025-09-22T11:00:00+00:00,1.8035,1.8035,1.8034,1.8034,794661091
2025-09-22T12:00:00+00:00,1.8034,1.8035,1.8034,1.8035,602661161
2025-09-22T13:00:00+00:00,1.8035,1.8035,1.8034,1.8034,562380446
2025-09-22T14:00:00+00:00,1.8035,1.8035,1.8034,1.8035,454855686
2025-09-22T15:00:00+00:00,1.8034,1.8035,1.8034,1.8035,518204077
2025-09-22T16:00:00+00:00,1.8035,1.8035,1.8034,1.8034,924083373
2025-09-22T17:00:00+00:00,1.8035,1.8035,1.8034,1.8034,266407639
2025-09-22T18:00:00+00:00,1.8034,1.8035,1.8034,1.8034,227215102
2025-09-22T19:00:00+00:00,1.8035,1.8035,1.8034,1.8035,181072932
2025-09-22T20:00:00+00:00,1.8034,1.8035,1.8034,1.8034,217732200
2025-09-23T03:00:00+00:00,1.8043,1.8043,1.8043,1.8043,2398908
2025-09-23T04:00:00+00:00,1.8043,1.8043,1.8042,1.8043,67976211
2025-09-23T05:00:00+00:00,1.8042,1.8043,1.8042,1.8043,78836478
2025-09-23T06:00:00+00:00,1.8043,1.8043,1.8042,1.8043,188346241
2025-09-23T07:00:00+00:00,1.8043,1.8043,1.8042,1.8042,594685087
2025-09-23T08:00:00+00:00,1.8042,1.8043,1.8042,1.8043,317280701
2025-09-23T09:00:00+00:00,1.8042,1.8043,1.8042,1.8043,381843939
2025-09-23T10:00:00+00:00,1.8042,1.8043,1.8042,1.8043,504721843
2025-09-23T11:00:00+00:00,1.8043,1.8043,1.8042,1.8043,302357093
2025-09-23T12:00:00+00:00,1.8043,1.8043,1.8042,1.8042,655560400
2025-09-23T13:00:00+00:00,1.8043,1.8043,1.8042,1.8043,356416321
2025-09-23T14:00:00+00:00,1.8043,1.8043,1.8042,1.8043,511057579
2025-09-23T15:00:00+00:00,1.8042,1.8043,1.8042,1.8042,291614531
2025-09-23T16:00:00+00:00,1.8043,1.8043,1.8042,1.8043,264650696
2025-09-23T17:00:00+00:00,1.8042,1.8043,1.8042,1.8043,191604459
2025-09-23T18:00:00+00:00,1.8043,1.8043,1.8042,1.8043,95044374
2025-09-23T19:00:00+00:00,1.8042,1.8043,1.8042,1.8042,310136598
2025-09-23T20:00:00+00:00,1.8043,1.8043,1.8042,1.8043,376327459
2025-09-24T03:00:00+00:00,1.8051,1.8051,1.8051,1.8051,827337
2025-09-24T04:00:00+00:00,1.8052000000000001,1.8052000000000001,1.8051,1.8051,79790790
2025-09-24T05:00:00+00:00,1.8052000000000001,1.8052000000000001,1.8051,1.8052000000000001,98119222
2025-09-24T06:00:00+00:00,1.8052000000000001,1.8052000000000001,1.8051,1.8051,171531898
2025-09-24T07:00:00+00:00,1.8052000000000001,1.8052000000000001,1.8051,1.8052000000000001,542709459
2025-09-24T08:00:00+00:00,1.8052000000000001,1.8052000000000001,1.8051,1.8051,504683303
2025-09-24T09:00:00+00:00,1.8052000000000001,1.8052000000000001,1.8051,1.8052000000000001,532429670
2025-09-24T10:00:00+00:00,1.8052000000000001,1.8052000000000001,1.8051,1.8052000000000001,396937392
2025-09-24T11:00:00+00:00,1.8051,1.8052000000000001,1.8051,1.8052000000000001,346243637
2025-09-24T12:00:00+00:00,1.8052000000000001,1.8052000000000001,1.8051,1.8052000000000001,461340711
2025-09-24T13:00:00+00:00,1.8052000000000001,1.8052000000000001,1.8051,1.8052000000000001,323751615
2025-09-24T14:00:00+00:00,1.8052000000000001,1.8052000000000001,1.8051,1.8052000000000001,293815531
2025-09-24T15:00:00+00:00,1.8051,1.8052000000000001,1.8051,1.8052000000000001,475620086
2025-09-24T16:00:00+00:00,1.8052000000000001,1.8052000000000001,1.8051,1.8051,277500608
2025-09-24T17:00:00+00:00,1.8051,1.8052000000000001,1.8051,1.8051,198981150
2025-09-24T18:00:00+00:00,1.8052000000000001,1.8052000000000001,1.8051,1.8052000000000001,218410336
2025-09-24T19:00:00+00:00,1.8052000000000001,1.8052000000000001,1.8051,1.8052000000000001,91915786
2025-09-24T20:00:00+00:00,1.8052000000000001,1.8052000000000001,1.8051,1.8052000000000001,253988592
2025-09-25T03:00:00+00:00,1.806,1.806,1.806,1.806,16141148
2025-09-25T04:00:00+00:00,1.806,1.806,1.8058999999999998,1.8058999999999998,126227357
2025-09-25T05:00:00+00:00,1.806,1.806,1.8058999999999998,1.806,52409419
2025-09-25T06:00:00+00:00,1.806,1.806,1.8058999999999998,1.8058999999999998,103220696
2025-09-25T07:00:00+00:00,1.806,1.806,1.8058999999999998,1.8058999999999998,458831397
2025-09-25T08:00:00+00:00,1.806,1.806,1.8058999999999998,1.806,649674244
2025-09-25T09:00:00+00:00,1.806,1.806,1.8058999999999998,1.806,357602421
2025-09-25T10:00:00+00:00,1.806,1.806,1.8058999999999998,1.806,403274796
2025-09-25T11:00:00+00:00,1.806,1.806,1.8058999999999998,1.806,395951346
2025-09-25T12:00:00+00:00,1.806,1.806,1.8058999999999998,1.806,617816659
2025-09-25T13:00:00+00:00,1.806,1.806,1.8058999999999998,1.806,495902318
2025-09-25T14:00:00+00:00,1.806,1.806,1.8058999999999998,1.806,632282067
2025-09-25T15:00:00+00:00,1.806,1.806,1.8058999999999998,1.806,517043786
2025-09-25T16:00:00+00:00,1.806,1.806,1.8058999999999998,1.806,292095085
2025-09-25T17:00:00+00:00,1.806,1.806,1.8058999999999998,1.806,179608162
2025-09-25T18:00:00+00:00,1.806,1.806,1.8058999999999998,1.8058999999999998,171486682
2025-09-25T19:00:00+00:00,1.8058999999999998,1.806,1.8058999999999998,1.806,223315352
2025-09-25T20:00:00+00:00,1.8058999999999998,1.806,1.8058999999999998,1.806,585581587
2025-09-26T03:00:00+00:00,1.8084,1.8084,1.8084,1.8084,3372671
2025-09-26T04:00:00+00:00,1.8084,1.8085,1.8084,1.8085,157408986
2025-09-26T05:00:00+00:00,1.8085,1.8085,1.8084,1.8084,144714531
2025-09-26T06:00:00+00:00,1.8085,1.8085,1.8084,1.8085,183636529
2025-09-26T07:00:00+00:00,1.8085,1.8085,1.8084,1.8085,695533076
2025-09-26T08:00:00+00:00,1.8084,1.8085,1.8084,1.8084,329976351
2025-09-26T09:00:00+00:00,1.8085,1.8085,1.8084,1.8084,392795960
2025-09-26T10:00:00+00:00,1.8085,1.8085,1.8084,1.8084,297162702
2025-09-26T11:00:00+00:00,1.8084,1.8085,1.8084,1.8084,350030285
2025-09-26T12:00:00+00:00,1.8084,1.8085,1.8084,1.8085,739269489
2025-09-26T13:00:00+00:00,1.8084,1.8085,1.8084,1.8085,454856645
2025-09-26T14:00:00+00:00,1.8085,1.8085,1.8084,1.8085,403358628
2025-09-26T15:00:00+00:00,1.8085,1.8085,1.8084,1.8085,331751386
2025-09-26T16:00:00+00:00,1.8085,1.8085,1.8084,1.8085,301729535
2025-09-26T17:00:00+00:00,1.8084,1.8085,1.8084,1.8085,138208261
2025-09-26T18:00:00+00:00,1.8085,1.8085,1.8084,1.8085,97920160
2025-09-26T19:00:00+00:00,1.8084,1.8085,1.8084,1.8085,84889735
2025-09-26T20:00:00+00:00,1.8084,1.8085,1.8084,1.8085,254232026
2025-09-27T06:00:00+00:00,1.8092000000000001,1.8092000000000001,1.8092000000000001,1.8092000000000001,261181
2025-09-27T07:00:00+00:00,1.8092000000000001,1.8093,1.8092000000000001,1.8093,14352693
2025-09-27T08:00:00+00:00,1.8093,1.8093,1.8092000000000001,1.8093,11750156
2025-09-27T09:00:00+00:00,1.8093,1.8093,1.8092000000000001,1.8093,8373439
2025-09-27T10:00:00+00:00,1.8093,1.8093,1.8092000000000001,1.8093,19205043
2025-09-27T11:00:00+00:00,1.8092000000000001,1.8093,1.8092000000000001,1.8093,9327747
2025-09-27T12:00:00+00:00,1.8092000000000001,1.8093,1.8092000000000001,1.8093,15163443
2025-09-27T13:00:00+00:00,1.8093,1.8093,1.8092000000000001,1.8093,10808166
2025-09-27T14:00:00+00:00,1.8092000000000001,1.8093,1.8092000000000001,1.8092000000000001,2559854
2025-09-27T15:00:00+00:00,1.8093,1.8093,1.8092000000000001,1.8093,11756346
2025-09-28T06:00:00+00:00,1.8092000000000001,1.8092000000000001,1.8092000000000001,1.8092000000000001,410982
2025-09-28T07:00:00+00:00,1.8093,1.8093,1.8092000000000001,1.8093,16703167
2025-09-28T08:00:00+00:00,1.8093,1.8093,1.8092000000000001,1.8093,7371480
2025-09-28T09:00:00+00:00,1.8093,1.8093,1.8092000000000001,1.8093,7014483
2025-09-28T10:00:00+00:00,1.8093,1.8093,1.8092000000000001,1.8093,4162567
2025-09-28T11:00:00+00:00,1.8093,1.8093,1.8092000000000001,1.8093,2953082
2025-09-28T12:00:00+00:00,1.8093,1.8093,1.8092000000000001,1.8093,9716694
2025-09-28T13:00:00+00:00,1.8093,1.8093,1.8092000000000001,1.8092000000000001,3792687
2025-09-28T14:00:00+00:00,1.8093,1.8093,1.8092000000000001,1.8093,4468461
2025-09-28T15:00:00+00:00,1.8093,1.8093,1.8092000000000001,1.8093,5698343
2025-09-29T03:00:00+00:00,1.8093,1.8093,1.8093,1.8093,1358493
2025-09-29T04:00:00+00:00,1.8093,1.8093,1.8092000000000001,1.8092000000000001,199727918
2025-09-29T05:00:00+00:00,1.8093,1.8093,1.8092000000000001,1.8093,135674419
2025-09-29T06:00:00+00:00,1.8092000000000001,1.8093,1.8092000000000001,1.8093,252021942
2025-09-29T07:00:00+00:00,1.8093,1.8093,1.8092000000000001,1.8093,578297091
2025-09-29T08:00:00+00:00,1.8093,1.8093,1.8092000000000001,1.8093,627947229
2025-09-29T09:00:00+00:00,1.8092000000000001,1.8093,1.8092000000000001,1.8093,520089143
2025-09-29T10:00:00+00:00,1.8092000000000001,1.8093,1.8092000000000001,1.8093,503973396
2025-09-29T11:00:00+00:00,1.8092000000000001,1.8093,1.8092000000000001,1.8093,718050138
2025-09-29T12:00:00+00:00,1.8093,1.8093,1.8092000000000001,1.8092000000000001,518512796
2025-09-29T13:00:00+00:00,1.8092000000000001,1.8093,1.8092000000000001,1.8093,669093624
2025-09-29T14:00:00+00:00,1.8093,1.8093,1.8092000000000001,1.8093,1148361374
2025-09-29T15:00:00+00:00,1.8093,1.8093,1.8092000000000001,1.8093,703585878
2025-09-29T16:00:00+00:00,1.8093,1.8093,1.8092000000000001,1.8092000000000001,282389273
2025-09-29T17:00:00+00:00,1.8092000000000001,1.8093,1.8092000000000001,1.8092000000000001,192872647
2025-09-29T18:00:00+00:00,1.8093,1.8093,1.8092000000000001,1.8093,204746998
2025-09-29T19:00:00+00:00,1.8093,1.8093,1.8092000000000001,1.8092000000000001,310881190
2025-09-29T20:00:00+00:00,1.8092000000000001,1.8093,1.8092000000000001,1.8093,260052164
2025-09-30T03:00:00+00:00,1.8101,1.8101,1.8101,1.8101,7714822
2025-09-30T04:00:00+00:00,1.8102,1.8102,1.8101,1.8102,178854549
2025-09-30T05:00:00+00:00,1.8101,1.8102,1.8101,1.8102,126182179
2025-09-30T06:00:00+00:00,1.8102,1.8102,1.8101,1.8102,248266943
2025-09-30T07:00:00+00:00,1.8102,1.8102,1.8101,1.8102,701229608
2025-09-30T08:00:00+00:00,1.8102,1.8102,1.8101,1.8102,581539426
2025-09-30T09:00:00+00:00,1.8102,1.8102,1.8101,1.8102,997877213
2025-09-30T10:00:00+00:00,1.8102,1.8102,1.8101,1.8102,675413351
2025-09-30T11:00:00+00:00,1.8102,1.8102,1.8101,1.8102,706776446
2025-09-30T12:00:00+00:00,1.8101,1.8102,1.8101,1.8102,422869330
2025-09-30T13:00:00+00:00,1.8102,1.8102,1.8101,1.8102,460499102
2025-09-30T14:00:00+00:00,1.8102,1.8102,1.8101,1.8102,532154331
2025-09-30T15:00:00+00:00,1.8102,1.8102,1.8101,1.8101,456295700
2025-09-30T16:00:00+00:00,1.8102,1.8102,1.8101,1.8102,287670805
2025-09-30T17:00:00+00:00,1.8102,1.8102,1.8101,1.8102,162367603
2025-09-30T18:00:00+00:00,1.8101,1.8102,1.8101,1.8102,248402903
2025-09-30T19:00:00+00:00,1.8101,1.8102,1.8101,1.8101,142479737
2025-09-30T20:00:00+00:00,1.8101,1.8102,1.8101,1.8102,209260493
2025-10-01T03:00:00+00:00,1.811,1.811,1.811,1.811,3585710
2025-10-01T04:00:00+00:00,1.8109,1.811,1.8109,1.811,86668916
2025-10-01T05:00:00+00:00,1.8109,1.811,1.8109,1.8109,100978117
2025-10-01T06:00:00+00:00,1.8109,1.811,1.8109,1.8109,218650449
2025-10-01T07:00:00+00:00,1.811,1.811,1.8109,1.8109,955139937
2025-10-01T08:00:00+00:00,1.811,1.811,1.8109,1.811,679481163
2025-10-01T09:00:00+00:00,1.8109,1.811,1.8109,1.811,559541334
2025-10-01T10:00:00+00:00,1.8109,1.811,1.8109,1.811,431263434
2025-10-01T11:00:00+00:00,1.811,1.811,1.8109,1.8109,544015041
2025-10-01T12:00:00+00:00,1.811,1.811,1.8109,1.811,479822985
2025-10-01T13:00:00+00:00,1.8109,1.811,1.8109,1.811,452310641
2025-10-01T14:00:00+00:00,1.811,1.811,1.8109,1.811,423294498
2025-10-01T15:00:00+00:00,1.811,1.811,1.8109,1.8109,519821536
2025-10-01T16:00:00+00:00,1.811,1.811,1.8109,1.811,244590012
2025-10-01T17:00:00+00:00,1.811,1.811,1.8109,1.811,254213276
2025-10-01T18:00:00+00:00,1.811,1.811,1.8109,1.811,134013877
2025-10-01T19:00:00+00:00,1.811,1.811,1.8109,1.8109,165678026
2025-10-01T20:00:00+00:00,1.811,1.811,1.8109,1.811,307134279
2025-10-02T03:00:00+00:00,1.8117999999999999,1.8117999999999999,1.8117999999999999,1.8117999999999999,659647
2025-10-02T04:00:00+00:00,1.8119,1.8119,1.8117999999999999,1.8119,76860136
2025-10-02T05:00:00+00:00,1.8119,1.8119,1.8117999999999999,1.8119,103490012
2025-10-02T06:00:00+00:00,1.8119,1.8119,1.8117999999999999,1.8119,328505485
2025-10-02T07:00:00+00:00,1.8119,1.8119,1.8117999999999999,1.8119,640694811
2025-10-02T08:00:00+00:00,1.8119,1.8119,1.8117999999999999,1.8117999999999999,485791770
2025-10-02T09:00:00+00:00,1.8119,1.8119,1.8117999999999999,1.8119,439208321
2025-10-02T10:00:00+00:00,1.8117999999999999,1.8119,1.8117999999999999,1.8117999999999999,356085983
2025-10-02T11:00:00+00:00,1.8117999999999999,1.8119,1.8117999999999999,1.8119,569636000
2025-10-02T12:00:00+00:00,1.8119,1.8119,1.8117999999999999,1.8117999999999999,748428746
2025-10-02T13:00:00+00:00,1.8117999999999999,1.8119,1.8117999999999999,1.8117999999999999,440806565
2025-10-02T14:00:00+00:00,1.8119,1.8119,1.8117999999999999,1.8119,429991130
2025-10-02T15:00:00+00:00,1.8117999999999999,1.8119,1.8117999999999999,1.8119,402207666
2025-10-02T16:00:00+00:00,1.8119,1.8119,1.8117999999999999,1.8119,474916637
2025-10-02T17:00:00+00:00,1.8119,1.8119,1.8117999999999999,1.8117999999999999,459268427
2025-10-02T18:00:00+00:00,1.8119,1.8119,1.8117999999999999,1.8117999999999999,228341344
2025-10-02T19:00:00+00:00,1.8117999999999999,1.8119,1.8117999999999999,1.8119,215257009
2025-10-02T20:00:00+00:00,1.8119,1.8119,1.8117999999999999,1.8119,264084843
2025-10-03T03:00:00+00:00,1.8144,1.8144,1.8144,1.8144,1392823
2025-10-03T04:00:00+00:00,1.8144,1.8144,1.8143,1.8144,422291926
2025-10-03T05:00:00+00:00,1.8144,1.8144,1.8143,1.8143,78305099
2025-10-03T06:00:00+00:00,1.8144,1.8144,1.8143,1.8144,188414137
2025-10-03T07:00:00+00:00,1.8144,1.8144,1.8143,1.8144,330586564
2025-10-03T08:00:00+00:00,1.8144,1.8144,1.8143,1.8144,307859379
2025-10-03T09:00:00+00:00,1.8144,1.8144,1.8143,1.8144,376968151
2025-10-03T10:00:00+00:00,1.8143,1.8144,1.8143,1.8144,666416212
2025-10-03T11:00:00+00:00,1.8143,1.8144,1.8143,1.8144,272060309
2025-10-03T12:00:00+00:00,1.8144,1.8144,1.8143,1.8144,452714014
2025-10-03T13:00:00+00:00,1.8143,1.8144,1.8143,1.8144,385897504
2025-10-03T14:00:00+00:00,1.8143,1.8144,1.8143,1.8144,376256515
2025-10-03T15:00:00+00:00,1.8143,1.8144,1.8143,1.8144,341740330
2025-10-03T16:00:00+00:00,1.8144,1.8145,1.8143,1.8144,500080558
2025-10-03T17:00:00+00:00,1.8144,1.8144,1.8143,1.8143,152541755
2025-10-03T18:00:00+00:00,1.8143,1.8144,1.8143,1.8144,159119168
2025-10-03T19:00:00+00:00,1.8144,1.8144,1.8143,1.8144,160199568
2025-10-03T20:00:00+00:00,1.8143,1.8144,1.8143,1.8143,352599565
2025-10-04T06:00:00+00:00,1.8151000000000002,1.8151000000000002,1.8151000000000002,1.8151000000000002,1659143
2025-10-04T07:00:00+00:00,1.8152,1.8152,1.8151000000000002,1.8151000000000002,35709953
2025-10-04T08:00:00+00:00,1.8152,1.8152,1.8151000000000002,1.8151000000000002,23533472
2025-10-04T09:00:00+00:00,1.8152,1.8152,1.8151000000000002,1.8151000000000002,25414780
2025-10-04T10:00:00+00:00,1.8152,1.8152,1.8151000000000002,1.8152,19404767
2025-10-04T11:00:00+00:00,1.8152,1.8152,1.8151000000000002,1.8151000000000002,19742193
2025-10-04T12:00:00+00:00,1.8151000000000002,1.8152,1.8151000000000002,1.8152,14145024
2025-10-04T13:00:00+00:00,1.8152,1.8152,1.8151000000000002,1.8152,10474748
2025-10-04T14:00:00+00:00,1.8152,1.8152,1.8151000000000002,1.8152,11285217
2025-10-04T15:00:00+00:00,1.8152,1.8152,1.8151000000000002,1.8152,7635401
2025-10-05T06:00:00+00:00,1.8151000000000002,1.8151000000000002,1.8151000000000002,1.8151000000000002,1657755
2025-10-05T07:00:00+00:00,1.8152,1.8152,1.8151000000000002,1.8152,42792596
2025-10-05T08:00:00+00:00,1.8152,1.8152,1.8151000000000002,1.8152,14425069
2025-10-05T09:00:00+00:00,1.8152,1.8152,1.8151000000000002,1.8152,17421222
2025-10-05T10:00:00+00:00,1.8152,1.8152,1.8151000000000002,1.8152,6143233
2025-10-05T11:00:00+00:00,1.8152,1.8152,1.8151000000000002,1.8152,11114079
2025-10-05T12:00:00+00:00,1.8152,1.8152,1.8151000000000002,1.8152,4467480
2025-10-05T13:00:00+00:00,1.8151000000000002,1.8152,1.8151000000000002,1.8152,13745501
2025-10-05T14:00:00+00:00,1.8152,1.8152,1.8151000000000002,1.8151000000000002,8154114
2025-10-05T15:00:00+00:00,1.8151000000000002,1.8152,1.8151000000000002,1.8152,6345647
2025-10-06T03:00:00+00:00,1.8151000000000002,1.8151000000000002,1.8151000000000002,1.8151000000000002,4509846
2025-10-06T04:00:00+00:00,1.8152,1.8152,1.8151000000000002,1.8152,81342321
2025-10-06T05:00:00+00:00,1.8152,1.8152,1.8151000000000002,1.8152,139274103
2025-10-06T06:00:00+00:00,1.8152,1.8152,1.8151000000000002,1.8152,317858036
2025-10-06T07:00:00+00:00,1.8152,1.8152,1.8151000000000002,1.8152,1038981024
2025-10-06T08:00:00+00:00,1.8152,1.8152,1.8151000000000002,1.8152,451155628
2025-10-06T09:00:00+00:00,1.8152,1.8152,1.8151000000000002,1.8151000000000002,541790759
2025-10-06T10:00:00+00:00,1.8152,1.8152,1.8151000000000002,1.8152,429658407
2025-10-06T11:00:00+00:00,1.8152,1.8152,1.8151000000000002,1.8151000000000002,452554678
2025-10-06T12:00:00+00:00,1.8151000000000002,1.8152,1.8151000000000002,1.8152,537186151
2025-10-06T13:00:00+00:00,1.8151000000000002,1.8152,1.8151000000000002,1.8152,786723480
2025-10-06T14:00:00+00:00,1.8152,1.8152,1.8151000000000002,1.8152,774638465
2025-10-06T15:00:00+00:00,1.8152,1.8152,1.8151000000000002,1.8152,408122850
2025-10-06T16:00:00+00:00,1.8152,1.8152,1.8151000000000002,1.8152,310594785
2025-10-06T17:00:00+00:00,1.8152,1.8152,1.8151000000000002,1.8151000000000002,173584138
2025-10-06T18:00:00+00:00,1.8152,1.8152,1.8151000000000002,1.8152,146868975
2025-10-06T19:00:00+00:00,1.8152,1.8152,1.8151000000000002,1.8151000000000002,206778323
2025-10-06T20:00:00+00:00,1.8151000000000002,1.8152,1.8151000000000002,1.8152,754382037
2025-10-07T03:00:00+00:00,1.8159,1.8159,1.8159,1.8159,8622966
2025-10-07T04:00:00+00:00,1.8159999999999998,1.8159999999999998,1.8159,1.8159,82729931
2025-10-07T05:00:00+00:00,1.8159999999999998,1.8159999999999998,1.8159,1.8159999999999998,133661093
2025-10-07T06:00:00+00:00,1.8159999999999998,1.8159999999999998,1.8159,1.8159,174379212
2025-10-07T07:00:00+00:00,1.8159999999999998,1.8159999999999998,1.8159,1.8159999999999998,581719834
2025-10-07T08:00:00+00:00,1.8159,1.8159999999999998,1.8159,1.8159999999999998,400228759
2025-10-07T09:00:00+00:00,1.8159,1.8159999999999998,1.8159,1.8159999999999998,365043332
2025-10-07T10:00:00+00:00,1.8159999999999998,1.8159999999999998,1.8159,1.8159999999999998,554434075
2025-10-07T11:00:00+00:00,1.8159999999999998,1.8159999999999998,1.8159,1.8159999999999998,328061875
2025-10-07T12:00:00+00:00,1.8159999999999998,1.8159999999999998,1.8159,1.8159999999999998,360654924
2025-10-07T13:00:00+00:00,1.8159999999999998,1.8159999999999998,1.8159,1.8159999999999998,373589976
2025-10-07T14:00:00+00:00,1.8159999999999998,1.8159999999999998,1.8159,1.8159999999999998,295080036
2025-10-07T15:00:00+00:00,1.8159999999999998,1.8159999999999998,1.8159,1.8159999999999998,350547885
2025-10-07T16:00:00+00:00,1.8159999999999998,1.8159999999999998,1.8159,1.8159999999999998,310381455
2025-10-07T17:00:00+00:00,1.8159999999999998,1.8159999999999998,1.8159,1.8159999999999998,167187279
2025-10-07T18:00:00+00:00,1.8159999999999998,1.8159999999999998,1.8159,1.8159999999999998,127243171
2025-10-07T19:00:00+00:00,1.8159,1.8159999999999998,1.8159,1.8159999999999998,183643159
2025-10-07T20:00:00+00:00,1.8159,1.8159999999999998,1.8159,1.8159999999999998,207124285
2025-10-08T03:00:00+00:00,1.8167,1.8167,1.8167,1.8167,835981
2025-10-08T04:00:00+00:00,1.8167,1.8168,1.8167,1.8168,85773922
2025-10-08T05:00:00+00:00,1.8168,1.8168,1.8167,1.8167,77478521
2025-10-08T06:00:00+00:00,1.8167,1.8168,1.8167,1.8168,108960009
2025-10-08T07:00:00+00:00,1.8168,1.8168,1.8167,1.8167,344440185
2025-10-08T08:00:00+00:00,1.8167,1.8168,1.8167,1.8168,490304824
2025-10-08T09:00:00+00:00,1.8168,1.8168,1.8167,1.8167,1218143747
2025-10-08T10:00:00+00:00,1.8168,1.8168,1.8167,1.8168,381900650
2025-10-08T11:00:00+00:00,1.8168,1.8168,1.8167,1.8168,651535592
2025-10-08T12:00:00+00:00,1.8167,1.8168,1.8167,1.8167,315509075
2025-10-08T13:00:00+00:00,1.8167,1.8168,1.8167,1.8168,477496494
2025-10-08T14:00:00+00:00,1.8168,1.8168,1.8167,1.8167,501380725
2025-10-08T15:00:00+00:00,1.8168,1.8168,1.8167,1.8167,610007616
2025-10-08T16:00:00+00:00,1.8168,1.8168,1.8167,1.8168,473105383
2025-10-08T17:00:00+00:00,1.8168,1.8168,1.8167,1.8168,403425068
2025-10-08T18:00:00+00:00,1.8168,1.8168,1.8167,1.8168,974535789
2025-10-08T19:00:00+00:00,1.8168,1.8168,1.8167,1.8168,356471753
2025-10-08T20:00:00+00:00,1.8168,1.8168,1.8167,1.8168,623405779
2025-10-09T03:00:00+00:00,1.8176,1.8176,1.8176,1.8176,5578755
2025-10-09T04:00:00+00:00,1.8176999999999999,1.8176999999999999,1.8176,1.8176,80994472
2025-10-09T05:00:00+00:00,1.8176999999999999,1.8176999999999999,1.8176,1.8176999999999999,115771488
2025-10-09T06:00:00+00:00,1.8176,1.8176999999999999,1.8176,1.8176,244131915
2025-10-09T07:00:00+00:00,1.8176999999999999,1.8176999999999999,1.8176,1.8176999999999999,717417892
2025-10-09T08:00:00+00:00,1.8176,1.8176999999999999,1.8176,1.8176999999999999,733336851
2025-10-09T09:00:00+00:00,1.8176,1.8176999999999999,1.8176,1.8176,339064717
2025-10-09T10:00:00+00:00,1.8176999999999999,1.8176999999999999,1.8176,1.8176,426257664
2025-10-09T11:00:00+00:00,1.8176,1.8176999999999999,1.8176,1.8176,801319572
2025-10-09T12:00:00+00:00,1.8176999999999999,1.8176999999999999,1.8176,1.8176999999999999,362263450
2025-10-09T13:00:00+00:00,1.8176999999999999,1.8176999999999999,1.8176,1.8176999999999999,495016796
2025-10-09T14:00:00+00:00,1.8176999999999999,1.8176999999999999,1.8176,1.8176999999999999,424312359
2025-10-09T15:00:00+00:00,1.8176999999999999,1.8176999999999999,1.8176,1.8176999999999999,366732575
2025-10-09T16:00:00+00:00,1.8176999999999999,1.8176999999999999,1.8176,1.8176999999999999,460474384
2025-10-09T17:00:00+00:00,1.8176999999999999,1.8176999999999999,1.8176,1.8176,170847336
2025-10-09T18:00:00+00:00,1.8176999999999999,1.8176999999999999,1.8176,1.8176999999999999,240232104
2025-10-09T19:00:00+00:00,1.8176,1.8176999999999999,1.8176,1.8176999999999999,146572240
2025-10-09T20:00:00+00:00,1.8176,1.8176999999999999,1.8176,1.8176,284573741
2025-10-10T03:00:00+00:00,1.8202,1.8202,1.8202,1.8202,7600258
2025-10-10T04:00:00+00:00,1.8202,1.8202,1.8201,1.8201,99545970
2025-10-10T05:00:00+00:00,1.8202,1.8202,1.8201,1.8202,104222185
2025-10-10T06:00:00+00:00,1.8202,1.8202,1.8201,1.8202,231688643
2025-10-10T07:00:00+00:00,1.8202,1.8202,1.8201,1.8201,394689612
2025-10-10T08:00:00+00:00,1.8202,1.8202,1.8201,1.8202,356993553
2025-10-10T09:00:00+00:00,1.8202,1.8202,1.8201,1.8202,409294166
2025-10-10T10:00:00+00:00,1.8202,1.8202,1.8201,1.8202,286475591
2025-10-10T11:00:00+00:00,1.8202,1.8202,1.8201,1.8202,259020222
2025-10-10T12:00:00+00:00,1.8201,1.8202,1.8201,1.8202,339607613
2025-10-10T13:00:00+00:00,1.8202,1.8202,1.8201,1.8202,326034471
2025-10-10T14:00:00+00:00,1.8202,1.8202,1.8201,1.8201,279810375
2025-10-10T15:00:00+00:00,1.8201,1.8202,1.8201,1.8202,293690384
2025-10-10T16:00:00+00:00,1.8202,1.8202,1.8201,1.8202,229878172
2025-10-10T17:00:00+00:00,1.8202,1.8202,1.8201,1.8202,149246988
2025-10-10T18:00:00+00:00,1.8201,1.8202,1.8201,1.8202,102561246
2025-10-10T19:00:00+00:00,1.8202,1.8202,1.8201,1.8201,138261037
2025-10-10T20:00:00+00:00,1.8202,1.8202,1.8201,1.8201,455306055
2025-10-11T06:00:00+00:00,1.821,1.821,1.821,1.821,957491
2025-10-11T07:00:00+00:00,1.8211,1.8211,1.821,1.8211,38934607
2025-10-11T08:00:00+00:00,1.821,1.8211,1.821,1.821,5817465
2025-10-11T09:00:00+00:00,1.8211,1.8211,1.821,1.8211,10978983
2025-10-11T10:00:00+00:00,1.8211,1.8211,1.821,1.8211,6315608
2025-10-11T11:00:00+00:00,1.8211,1.8211,1.821,1.8211,14020216
2025-10-11T12:00:00+00:00,1.8211,1.8211,1.821,1.8211,6210302
2025-10-11T13:00:00+00:00,1.8211,1.8211,1.821,1.8211,8714387
2025-10-11T14:00:00+00:00,1.8211,1.8211,1.821,1.821,6641482
2025-10-11T15:00:00+00:00,1.821,1.8211,1.821,1.821,8184785
2025-10-12T06:00:00+00:00,1.8211,1.8211,1.8211,1.8211,484646
2025-10-12T07:00:00+00:00,1.8211,1.8211,1.821,1.8211,8340074
2025-10-12T08:00:00+00:00,1.8211,1.8211,1.821,1.8211,7013201
2025-10-12T09:00:00+00:00,1.8211,1.8211,1.821,1.8211,9050544
2025-10-12T10:00:00+00:00,1.821,1.8211,1.821,1.821,4938626
2025-10-12T11:00:00+00:00,1.8211,1.8211,1.821,1.8211,7326671
2025-10-12T12:00:00+00:00,1.8211,1.8211,1.821,1.8211,2723944
2025-10-12T13:00:00+00:00,1.8211,1.8211,1.821,1.8211,6804053
2025-10-12T14:00:00+00:00,1.8211,1.8211,1.821,1.8211,8206353
2025-10-12T15:00:00+00:00,1.8211,1.8211,1.821,1.8211,8047774
2025-10-13T03:00:00+00:00,1.821,1.821,1.821,1.821,10726767
2025-10-13T04:00:00+00:00,1.8211,1.8211,1.821,1.821,59599593
2025-10-13T05:00:00+00:00,1.8211,1.8211,1.821,1.8211,152921414
2025-10-13T06:00:00+00:00,1.8211,1.8211,1.821,1.8211,208402722
2025-10-13T07:00:00+00:00,1.8211,1.8211,1.821,1.8211,845747227
2025-10-13T08:00:00+00:00,1.8211,1.8211,1.821,1.8211,430761630
2025-10-13T09:00:00+00:00,1.8211,1.8211,1.821,1.8211,365988213
2025-10-13T10:00:00+00:00,1.8211,1.8211,1.821,1.821,365804319
2025-10-13T11:00:00+00:00,1.8211,1.8211,1.821,1.8211,601748183
2025-10-13T12:00:00+00:00,1.821,1.8211,1.821,1.8211,728384440
2025-10-13T13:00:00+00:00,1.8211,1.8211,1.821,1.821,375626605
2025-10-13T14:00:00+00:00,1.8211,1.8211,1.821,1.8211,359880860
2025-10-13T15:00:00+00:00,1.8211,1.8211,1.821,1.821,308497807
2025-10-13T16:00:00+00:00,1.8211,1.8211,1.821,1.8211,386689618
2025-10-13T17:00:00+00:00,1.8211,1.8211,1.821,1.821,280560391
2025-10-13T18:00:00+00:00,1.8211,1.8211,1.821,1.8211,133366060
2025-10-13T19:00:00+00:00,1.8211,1.8211,1.821,1.8211,118677709
2025-10-13T20:00:00+00:00,1.821,1.8211,1.821,1.8211,210493002
2025-10-14T03:00:00+00:00,1.822,1.822,1.822,1.822,4258487
2025-10-14T04:00:00+00:00,1.822,1.822,1.8218999999999999,1.822,46322104
2025-10-14T05:00:00+00:00,1.8218999999999999,1.822,1.8218999999999999,1.822,63797335
2025-10-14T06:00:00+00:00,1.822,1.822,1.8218999999999999,1.822,159066021
2025-10-14T07:00:00+00:00,1.822,1.822,1.8218999999999999,1.822,593732850
2025-10-14T08:00:00+00:00,1.822,1.822,1.8218999999999999,1.822,363777914
2025-10-14T09:00:00+00:00,1.822,1.822,1.8218999999999999,1.822,417128574
2025-10-14T10:00:00+00:00,1.822,1.822,1.8218999999999999,1.822,288903962
2025-10-14T11:00:00+00:00,1.822,1.822,1.8218999999999999,1.822,285651440
2025-10-14T12:00:00+00:00,1.822,1.822,1.8218999999999999,1.822,373121282
2025-10-14T13:00:00+00:00,1.822,1.822,1.8218999999999999,1.822,352955956
2025-10-14T14:00:00+00:00,1.8218999999999999,1.822,1.8218999999999999,1.8218999999999999,484745821
2025-10-14T15:00:00+00:00,1.8218999999999999,1.822,1.8218999999999999,1.8218999999999999,307888857
2025-10-14T16:00:00+00:00,1.822,1.822,1.8218999999999999,1.822,403327881
2025-10-14T17:00:00+00:00,1.8218999999999999,1.822,1.8218999999999999,1.822,136765642
2025-10-14T18:00:00+00:00,1.8218999999999999,1.822,1.8218999999999999,1.822,135753144
2025-10-14T19:00:00+00:00,1.822,1.822,1.8218999999999999,1.8218999999999999,128194470
2025-10-14T20:00:00+00:00,1.822,1.822,1.8218999999999999,1.8218999999999999,230566631
2025-10-15T03:00:00+00:00,1.8227,1.8227,1.8227,1.8227,3631655
2025-10-15T04:00:00+00:00,1.8228,1.8228,1.8227,1.8228,1063312387
2025-10-15T05:00:00+00:00,1.8228,1.8228,1.8227,1.8228,90215134
2025-10-15T06:00:00+00:00,1.8228,1.8228,1.8227,1.8228,175711102
2025-10-15T07:00:00+00:00,1.8228,1.8228,1.8227,1.8228,394913005
2025-10-15T08:00:00+00:00,1.8228,1.8228,1.8227,1.8227,456493351
2025-10-15T09:00:00+00:00,1.8228,1.8228,1.8227,1.8228,425332981
2025-10-15T10:00:00+00:00,1.8228,1.8228,1.8227,1.8228,575649719
2025-10-15T11:00:00+00:00,1.8227,1.8228,1.8227,1.8228,565746588
2025-10-15T12:00:00+00:00,1.8228,1.8228,1.8227,1.8228,425397673
2025-10-15T13:00:00+00:00,1.8227,1.8228,1.8227,1.8227,317708882
2025-10-15T14:00:00+00:00,1.8228,1.8228,1.8227,1.8228,541201828
2025-10-15T15:00:00+00:00,1.8228,1.8228,1.8227,1.8228,308821189
2025-10-15T16:00:00+00:00,1.8228,1.8228,1.8227,1.8227,290720234
2025-10-15T17:00:00+00:00,1.8228,1.8228,1.8227,1.8228,110104192
2025-10-15T18:00:00+00:00,1.8227,1.8228,1.8227,1.8228,138427501
2025-10-15T19:00:00+00:00,1.8228,1.8228,1.8227,1.8227,117092964
2025-10-15T20:00:00+00:00,1.8227,1.8228,1.8227,1.8227,831253461
2025-10-16T03:00:00+00:00,1.8235000000000001,1.8235000000000001,1.8235000000000001,1.8235000000000001,1211073
2025-10-16T04:00:00+00:00,1.8235000000000001,1.8235999999999999,1.8235000000000001,1.8235000000000001,32553592
2025-10-16T05:00:00+00:00,1.8235000000000001,1.8235999999999999,1.8235000000000001,1.8235999999999999,43815723
2025-10-16T06:00:00+00:00,1.8235999999999999,1.8235999999999999,1.8235000000000001,1.8235999999999999,174018330
2025-10-16T07:00:00+00:00,1.8235999999999999,1.8235999999999999,1.8235000000000001,1.8235000000000001,467898363
2025-10-16T08:00:00+00:00,1.8235999999999999,1.8235999999999999,1.8235000000000001,1.8235000000000001,586815272
2025-10-16T09:00:00+00:00,1.8235999999999999,1.8235999999999999,1.8235000000000001,1.8235999999999999,255628845
2025-10-16T10:00:00+00:00,1.8235999999999999,1.8235999999999999,1.8235000000000001,1.8235999999999999,1093566805
2025-10-16T11:00:00+00:00,1.8235000000000001,1.8235999999999999,1.8235000000000001,1.8235999999999999,386457415
2025-10-16T12:00:00+00:00,1.8235999999999999,1.8235999999999999,1.8235000000000001,1.8235000000000001,422925009
2025-10-16T13:00:00+00:00,1.8235999999999999,1.8235999999999999,1.8235000000000001,1.8235999999999999,569239546
2025-10-16T14:00:00+00:00,1.8235000000000001,1.8235999999999999,1.8235000000000001,1.8235999999999999,673658787
2025-10-16T15:00:00+00:00,1.8235999999999999,1.8235999999999999,1.8235000000000001,1.8235000000000001,709807175
2025-10-16T16:00:00+00:00,1.8235999999999999,1.8235999999999999,1.8235000000000001,1.8235999999999999,402193684
2025-10-16T17:00:00+00:00,1.8235000000000001,1.8235999999999999,1.8235000000000001,1.8235000000000001,1448128155
2025-10-16T18:00:00+00:00,1.8235999999999999,1.8235999999999999,1.8235000000000001,1.8235999999999999,773597647
2025-10-16T19:00:00+00:00,1.8235999999999999,1.8235999999999999,1.8235000000000001,1.8235999999999999,367167372
2025-10-16T20:00:00+00:00,1.8235000000000001,1.8235999999999999,1.8235000000000001,1.8235999999999999,995326650
2025-10-17T03:00:00+00:00,1.826,1.826,1.826,1.826,8355220
2025-10-17T04:00:00+00:00,1.826,1.8260999999999998,1.826,1.8260999999999998,186107892
2025-10-17T05:00:00+00:00,1.8260999999999998,1.8260999999999998,1.826,1.8260999999999998,156747239
2025-10-17T06:00:00+00:00,1.826,1.8260999999999998,1.826,1.826,272495831
2025-10-17T07:00:00+00:00,1.8260999999999998,1.8260999999999998,1.826,1.8260999999999998,489093554
2025-10-17T08:00:00+00:00,1.826,1.8260999999999998,1.826,1.8260999999999998,439190054
2025-10-17T09:00:00+00:00,1.8260999999999998,1.8260999999999998,1.826,1.8260999999999998,448846707
2025-10-17T10:00:00+00:00,1.8260999999999998,1.8260999999999998,1.826,1.8260999999999998,449976482
2025-10-17T11:00:00+00:00,1.8260999999999998,1.8260999999999998,1.826,1.8260999999999998,373053243
2025-10-17T12:00:00+00:00,1.8260999999999998,1.8260999999999998,1.826,1.826,539516316
2025-10-17T13:00:00+00:00,1.8260999999999998,1.8260999999999998,1.826,1.8260999999999998,693487435
2025-10-17T14:00:00+00:00,1.8260999999999998,1.8260999999999998,1.826,1.8260999999999998,747543089
2025-10-17T15:00:00+00:00,1.8260999999999998,1.8260999999999998,1.826,1.826,1153714543
2025-10-17T16:00:00+00:00,1.8260999999999998,1.8260999999999998,1.826,1.8260999999999998,298928748
2025-10-17T17:00:00+00:00,1.826,1.8260999999999998,1.826,1.826,203775287
2025-10-17T18:00:00+00:00,1.826,1.8260999999999998,1.826,1.8260999999999998,164228017
2025-10-17T19:00:00+00:00,1.8260999999999998,1.8260999999999998,1.826,1.8260999999999998,231004202
2025-10-17T20:00:00+00:00,1.826,1.8260999999999998,1.826,1.8260999999999998,652934120
2025-10-18T06:00:00+00:00,1.8268,1.8268,1.8268,1.8268,1788571
2025-10-18T07:00:00+00:00,1.8269,1.8269,1.8268,1.8269,51502820
2025-10-18T08:00:00+00:00,1.8269,1.8269,1.8268,1.8269,28856090
2025-10-18T09:00:00+00:00,1.8269,1.8269,1.8268,1.8269,17379260
2025-10-18T10:00:00+00:00,1.8269,1.8269,1.8268,1.8269,18947654
2025-10-18T11:00:00+00:00,1.8269,1.8269,1.8268,1.8269,15715559
2025-10-18T12:00:00+00:00,1.8269,1.8269,1.8268,1.8269,8647424
2025-10-18T13:00:00+00:00,1.8269,1.8269,1.8268,1.8269,11853859
2025-10-18T14:00:00+00:00,1.8269,1.8269,1.8268,1.8269,19992909
2025-10-18T15:00:00+00:00,1.8268,1.8269,1.8268,1.8269,10384773
2025-10-19T06:00:00+00:00,1.8269,1.8269,1.8269,1.8269,213957
2025-10-19T07:00:00+00:00,1.8269,1.8269,1.8268,1.8269,22168684
2025-10-19T08:00:00+00:00,1.8269,1.8269,1.8268,1.8269,8699602
2025-10-19T09:00:00+00:00,1.8269,1.8269,1.8268,1.8269,14193395
2025-10-19T10:00:00+00:00,1.8269,1.8269,1.8268,1.8268,13051786
2025-10-19T11:00:00+00:00,1.8269,1.8269,1.8268,1.8269,15029087
2025-10-19T12:00:00+00:00,1.8268,1.8269,1.8268,1.8269,18826670
2025-10-19T13:00:00+00:00,1.8269,1.8269,1.8268,1.8269,11284915
2025-10-19T14:00:00+00:00,1.8269,1.8269,1.8268,1.8269,9870041
2025-10-19T15:00:00+00:00,1.8269,1.8269,1.8268,1.8269,6797441
2025-10-20T03:00:00+00:00,1.8268,1.8268,1.8268,1.8268,966769
2025-10-20T04:00:00+00:00,1.8268,1.8269,1.8268,1.8269,114062769
2025-10-20T05:00:00+00:00,1.8269,1.8269,1.8268,1.8268,92655754
2025-10-20T06:00:00+00:00,1.8268,1.8269,1.8268,1.8269,161992972
2025-10-20T07:00:00+00:00,1.8269,1.8269,1.8268,1.8269,525839050
2025-10-20T08:00:00+00:00,1.8269,1.8269,1.8268,1.8269,386554988
2025-10-20T09:00:00+00:00,1.8269,1.8269,1.8268,1.8269,338171422
2025-10-20T10:00:00+00:00,1.8269,1.8269,1.8268,1.8269,291661083
2025-10-20T11:00:00+00:00,1.8269,1.8269,1.8268,1.8269,407705569
2025-10-20T12:00:00+00:00,1.8269,1.8269,1.8268,1.8269,398495911
2025-10-20T13:00:00+00:00,1.8269,1.8269,1.8268,1.8269,405204738
2025-10-20T14:00:00+00:00,1.8268,1.8269,1.8268,1.8269,755778277
2025-10-20T15:00:00+00:00,1.8269,1.8269,1.8268,1.8269,501335878
2025-10-20T16:00:00+00:00,1.8269,1.8269,1.8268,1.8269,370350926
2025-10-20T17:00:00+00:00,1.8269,1.8269,1.8268,1.8269,184771464
2025-10-20T18:00:00+00:00,1.8269,1.8269,1.8268,1.8269,292967286
2025-10-20T19:00:00+00:00,1.8269,1.8269,1.8268,1.8269,259518297
2025-10-20T20:00:00+00:00,1.8269,1.8269,1.8268,1.8269,256019423
2025-10-21T03:00:00+00:00,1.8276,1.8276,1.8276,1.8276,2467446
2025-10-21T04:00:00+00:00,1.8277,1.8277,1.8276,1.8277,123831782
2025-10-21T05:00:00+00:00,1.8277,1.8277,1.8276,1.8276,89203385
2025-10-21T06:00:00+00:00,1.8277,1.8277,1.8276,1.8277,244480528
2025-10-21T07:00:00+00:00,1.8277,1.8277,1.8276,1.8276,386791245
2025-10-21T08:00:00+00:00,1.8277,1.8277,1.8276,1.8276,640357961
2025-10-21T09:00:00+00:00,1.8276,1.8277,1.8276,1.8277,282100103
2025-10-21T10:00:00+00:00,1.8276,1.8277,1.8276,1.8277,536145778
2025-10-21T11:00:00+00:00,1.8276,1.8277,1.8276,1.8277,520879746
2025-10-21T12:00:00+00:00,1.8277,1.8277,1.8276,1.8276,464892583
2025-10-21T13:00:00+00:00,1.8277,1.8277,1.8276,1.8277,398941100
2025-10-21T14:00:00+00:00,1.8277,1.8277,1.8276,1.8277,742792913
2025-10-21T15:00:00+00:00,1.8277,1.8277,1.8276,1.8277,625616720
2025-10-21T16:00:00+00:00,1.8277,1.8277,1.8276,1.8277,349024161
2025-10-21T17:00:00+00:00,1.8277,1.8277,1.8276,1.8277,240637491
2025-10-21T18:00:00+00:00,1.8277,1.8277,1.8276,1.8276,213325404
2025-10-21T19:00:00+00:00,1.8277,1.8277,1.8276,1.8277,296245678
2025-10-21T20:00:00+00:00,1.8277,1.8277,1.8276,1.8276,240378331
2025-10-22T03:00:00+00:00,1.8284,1.8284,1.8284,1.8284,6856615
2025-10-22T04:00:00+00:00,1.8285,1.8285,1.8284,1.8285,165204802
2025-10-22T05:00:00+00:00,1.8285,1.8285,1.8284,1.8284,140871955
2025-10-22T06:00:00+00:00,1.8285,1.8285,1.8284,1.8284,757890341
2025-10-22T07:00:00+00:00,1.8285,1.8285,1.8284,1.8284,432290138
2025-10-22T08:00:00+00:00,1.8284,1.8285,1.8284,1.8284,240910948
2025-10-22T09:00:00+00:00,1.8284,1.8285,1.8284,1.8285,221324828
2025-10-22T10:00:00+00:00,1.8285,1.8285,1.8284,1.8284,909390230
2025-10-22T11:00:00+00:00,1.8285,1.8285,1.8284,1.8285,352431865
2025-10-22T12:00:00+00:00,1.8285,1.8285,1.8284,1.8285,410619694
2025-10-22T13:00:00+00:00,1.8285,1.8285,1.8284,1.8285,436579019
2025-10-22T14:00:00+00:00,1.8285,1.8285,1.8284,1.8284,269527061
2025-10-22T15:00:00+00:00,1.8285,1.8285,1.8284,1.8285,353130088
2025-10-22T16:00:00+00:00,1.8285,1.8285,1.8284,1.8285,181345461
2025-10-22T17:00:00+00:00,1.8285,1.8285,1.8284,1.8284,134182990
2025-10-22T18:00:00+00:00,1.8285,1.8285,1.8284,1.8285,138187368
2025-10-22T19:00:00+00:00,1.8285,1.8285,1.8284,1.8284,350171179
2025-10-22T20:00:00+00:00,1.8285,1.8285,1.8284,1.8285,472528030
2025-10-23T03:00:00+00:00,1.8293,1.8293,1.8293,1.8293,4939565
2025-10-23T04:00:00+00:00,1.8293,1.8294000000000001,1.8293,1.8294000000000001,141390221
2025-10-23T05:00:00+00:00,1.8293,1.8294000000000001,1.8293,1.8293,111286542
2025-10-23T06:00:00+00:00,1.8294000000000001,1.8294000000000001,1.8293,1.8293,261521071
2025-10-23T07:00:00+00:00,1.8294000000000001,1.8294000000000001,1.8293,1.8294000000000001,1397887323
2025-10-23T08:00:00+00:00,1.8294000000000001,1.8294000000000001,1.8293,1.8294000000000001,340243535
2025-10-23T09:00:00+00:00,1.8294000000000001,1.8294000000000001,1.8293,1.8294000000000001,371578311
2025-10-23T10:00:00+00:00,1.8293,1.8294000000000001,1.8293,1.8294000000000001,383818545
2025-10-23T11:00:00+00:00,1.8294000000000001,1.8294000000000001,1.8293,1.8293,435936620
2025-10-23T12:00:00+00:00,1.8294000000000001,1.8294000000000001,1.8293,1.8294000000000001,790518157
2025-10-23T13:00:00+00:00,1.8294000000000001,1.8294000000000001,1.8293,1.8294000000000001,487807451
2025-10-23T14:00:00+00:00,1.8294000000000001,1.8294000000000001,1.8293,1.8293,355841302
2025-10-23T15:00:00+00:00,1.8294000000000001,1.8294000000000001,1.8293,1.8293,253093775
2025-10-23T16:00:00+00:00,1.8294000000000001,1.8294000000000001,1.8293,1.8293,249619536
2025-10-23T17:00:00+00:00,1.8294000000000001,1.8294000000000001,1.8293,1.8294000000000001,200464174
2025-10-23T18:00:00+00:00,1.8294000000000001,1.8294000000000001,1.8293,1.8293,189912660
2025-10-23T19:00:00+00:00,1.8293,1.8294000000000001,1.8293,1.8294000000000001,283624790
2025-10-23T20:00:00+00:00,1.8294000000000001,1.8294000000000001,1.8293,1.8293,310880878
2025-10-24T03:00:00+00:00,1.8317,1.8317,1.8317,1.8317,1069845
2025-10-24T04:00:00+00:00,1.8317999999999999,1.8317999999999999,1.8317,1.8317,150543047
2025-10-24T05:00:00+00:00,1.8317999999999999,1.8317999999999999,1.8317,1.8317,112503002
2025-10-24T06:00:00+00:00,1.8317999999999999,1.8317999999999999,1.8317,1.8317,210960271
2025-10-24T07:00:00+00:00,1.8317999999999999,1.8317999999999999,1.8317,1.8317999999999999,334020205
2025-10-24T08:00:00+00:00,1.8317999999999999,1.8317999999999999,1.8317,1.8317999999999999,278585967
2025-10-24T09:00:00+00:00,1.8317999999999999,1.8317999999999999,1.8317,1.8317999999999999,166540710
2025-10-24T10:00:00+00:00,1.8317999999999999,1.8317999999999999,1.8317,1.8317999999999999,667706414
2025-10-24T11:00:00+00:00,1.8317999999999999,1.8317999999999999,1.8317,1.8317999999999999,756119386
2025-10-24T12:00:00+00:00,1.8317999999999999,1.8317999999999999,1.8317,1.8317999999999999,417993472
2025-10-24T13:00:00+00:00,1.8317,1.8317999999999999,1.8317,1.8317999999999999,385613780
2025-10-24T14:00:00+00:00,1.8317999999999999,1.8317999999999999,1.8317,1.8317999999999999,439009624
2025-10-24T15:00:00+00:00,1.8317999999999999,1.8317999999999999,1.8317,1.8317999999999999,270318783
2025-10-24T16:00:00+00:00,1.8317999999999999,1.8317999999999999,1.8317,1.8317,302352014
2025-10-24T17:00:00+00:00,1.8317999999999999,1.8317999999999999,1.8317,1.8317,143329627
2025-10-24T18:00:00+00:00,1.8317999999999999,1.8317999999999999,1.8317,1.8317999999999999,138864187
2025-10-24T19:00:00+00:00,1.8317999999999999,1.8317999999999999,1.8317,1.8317,135821316
2025-10-24T20:00:00+00:00,1.8317999999999999,1.8317999999999999,1.8317,1.8317,333226363
2025-10-27T03:00:00+00:00,1.8325,1.8325,1.8325,1.8325,846121
2025-10-27T04:00:00+00:00,1.8325,1.8326,1.8325,1.8326,147091382
2025-10-27T05:00:00+00:00,1.8326,1.8326,1.8325,1.8326,128557038
2025-10-27T06:00:00+00:00,1.8325,1.8326,1.8325,1.8325,348032083
2025-10-27T07:00:00+00:00,1.8326,1.8326,1.8325,1.8326,627409740
2025-10-27T08:00:00+00:00,1.8326,1.8326,1.8325,1.8326,558731797
2025-10-27T09:00:00+00:00,1.8325,1.8326,1.8325,1.8326,496521076
2025-10-27T10:00:00+00:00,1.8326,1.8326,1.8325,1.8326,376237322
2025-10-27T11:00:00+00:00,1.8326,1.8326,1.8325,1.8326,519606569
2025-10-27T12:00:00+00:00,1.8326,1.8326,1.8325,1.8325,3230943127
2025-10-27T13:00:00+00:00,1.8326,1.8326,1.8325,1.8326,491625486
2025-10-27T14:00:00+00:00,1.8326,1.8326,1.8325,1.8326,671018265
2025-10-27T15:00:00+00:00,1.8325,1.8326,1.8325,1.8326,419254881
2025-10-27T16:00:00+00:00,1.8326,1.8326,1.8325,1.8326,279102923
2025-10-27T17:00:00+00:00,1.8326,1.8326,1.8325,1.8326,181654737
2025-10-27T18:00:00+00:00,1.8326,1.8326,1.8325,1.8325,152853178
2025-10-27T19:00:00+00:00,1.8326,1.8326,1.8325,1.8325,175448206
2025-10-27T20:00:00+00:00,1.8326,1.8326,1.8325,1.8325,760037105
2025-10-28T03:00:00+00:00,1.8333,1.8333,1.8333,1.8333,730270
2025-10-28T04:00:00+00:00,1.8334000000000001,1.8334000000000001,1.8333,1.8333,97876212
2025-10-28T05:00:00+00:00,1.8333,1.8334000000000001,1.8333,1.8333,154186305
2025-10-28T06:00:00+00:00,1.8333,1.8334000000000001,1.8333,1.8333,209679923
2025-10-28T07:00:00+00:00,1.8334000000000001,1.8334000000000001,1.8333,1.8334000000000001,426993036
2025-10-28T08:00:00+00:00,1.8334000000000001,1.8334000000000001,1.8333,1.8334000000000001,482703055
2025-10-28T09:00:00+00:00,1.8334000000000001,1.8334000000000001,1.8333,1.8334000000000001,547439555
2025-10-28T10:00:00+00:00,1.8333,1.8334000000000001,1.8333,1.8333,423286877
2025-10-28T11:00:00+00:00,1.8334000000000001,1.8334000000000001,1.8333,1.8334000000000001,539037207
2025-10-28T12:00:00+00:00,1.8333,1.8334000000000001,1.8333,1.8334000000000001,330228496
2025-10-28T13:00:00+00:00,1.8334000000000001,1.8334000000000001,1.8333,1.8334000000000001,355743024
2025-10-28T14:00:00+00:00,1.8334000000000001,1.8334000000000001,1.8333,1.8334000000000001,534282374
2025-10-28T15:00:00+00:00,1.8333,1.8334000000000001,1.8333,1.8334000000000001,281787437
2025-10-28T16:00:00+00:00,1.8334000000000001,1.8334000000000001,1.8333,1.8334000000000001,231033724
2025-10-28T17:00:00+00:00,1.8334000000000001,1.8334000000000001,1.8333,1.8334000000000001,180130858
2025-10-28T18:00:00+00:00,1.8333,1.8334000000000001,1.8333,1.8334000000000001,145930991
2025-10-28T19:00:00+00:00,1.8334000000000001,1.8334000000000001,1.8333,1.8334000000000001,162578273
2025-10-28T20:00:00+00:00,1.8333,1.8334000000000001,1.8333,1.8333,507833379
2025-10-29T03:00:00+00:00,1.8340999999999998,1.8340999999999998,1.8340999999999998,1.8340999999999998,1649971
2025-10-29T04:00:00+00:00,1.8340999999999998,1.8342,1.8340999999999998,1.8342,95018428
2025-10-29T05:00:00+00:00,1.8340999999999998,1.8342,1.8340999999999998,1.8342,51339525
2025-10-29T06:00:00+00:00,1.8342,1.8342,1.8340999999999998,1.8342,130671943
2025-10-29T07:00:00+00:00,1.8342,1.8342,1.8340999999999998,1.8342,352307038
2025-10-29T08:00:00+00:00,1.8340999999999998,1.8342,1.8340999999999998,1.8342,562089763
2025-10-29T09:00:00+00:00,1.8342,1.8342,1.8340999999999998,1.8340999999999998,722770393
2025-10-29T10:00:00+00:00,1.8342,1.8342,1.8340999999999998,1.8342,368278628
2025-10-29T11:00:00+00:00,1.8342,1.8342,1.8340999999999998,1.8342,250603660
2025-10-29T12:00:00+00:00,1.8342,1.8342,1.8340999999999998,1.8342,341542115
2025-10-29T13:00:00+00:00,1.8342,1.8342,1.8340999999999998,1.8342,782898353
2025-10-29T14:00:00+00:00,1.8342,1.8342,1.8340999999999998,1.8340999999999998,352636437
2025-10-29T15:00:00+00:00,1.8342,1.8342,1.8340999999999998,1.8340999999999998,615741919
2025-10-29T16:00:00+00:00,1.8342,1.8342,1.8340999999999998,1.8342,255866331
2025-10-29T17:00:00+00:00,1.8342,1.8342,1.8340999999999998,1.8342,107509253
2025-10-29T18:00:00+00:00,1.8342,1.8342,1.8340999999999998,1.8342,161238012
2025-10-29T19:00:00+00:00,1.8342,1.8342,1.8340999999999998,1.8342,280211185
2025-10-29T20:00:00+00:00,1.8340999999999998,1.8342,1.8340999999999998,1.8340999999999998,760416829
2025-10-30T03:00:00+00:00,1.8349,1.8349,1.8349,1.8349,904335
2025-10-30T04:00:00+00:00,1.835,1.835,1.8349,1.8349,101965862
2025-10-30T05:00:00+00:00,1.835,1.835,1.8349,1.835,165422941
2025-10-30T06:00:00+00:00,1.8349,1.835,1.8349,1.835,191366904
2025-10-30T07:00:00+00:00,1.835,1.835,1.8349,1.835,430311220
2025-10-30T08:00:00+00:00,1.835,1.835,1.8349,1.8349,406702336
2025-10-30T09:00:00+00:00,1.8349,1.835,1.8349,1.835,771265696
2025-10-30T10:00:00+00:00,1.8349,1.835,1.8349,1.8349,336605584
2025-10-30T11:00:00+00:00,1.835,1.835,1.8349,1.835,525469930
2025-10-30T12:00:00+00:00,1.8349,1.835,1.8349,1.8349,863294792
2025-10-30T13:00:00+00:00,1.835,1.835,1.8349,1.835,311532435
2025-10-30T14:00:00+00:00,1.835,1.835,1.8349,1.835,366889480
2025-10-30T15:00:00+00:00,1.8349,1.835,1.8349,1.835,485910113
2025-10-30T16:00:00+00:00,1.835,1.835,1.8349,1.835,318555542
2025-10-30T17:00:00+00:00,1.835,1.835,1.8349,1.8349,161049297
2025-10-30T18:00:00+00:00,1.8349,1.835,1.8349,1.8349,327979821
2025-10-30T19:00:00+00:00,1.835,1.835,1.8348,1.8348,456506791
2025-10-30T20:00:00+00:00,1.8348,1.8349,1.8348,1.8349,404352101
2025-10-31T03:00:00+00:00,1.8357,1.8357,1.8357,1.8357,11748094
2025-10-31T04:00:00+00:00,1.8357,1.8357,1.8356,1.8356,64401279
2025-10-31T05:00:00+00:00,1.8357,1.8357,1.8356,1.8357,71828893
2025-10-31T06:00:00+00:00,1.8357,1.8357,1.8356,1.8356,145188769
2025-10-31T07:00:00+00:00,1.8357,1.8357,1.8356,1.8357,550674980
2025-10-31T08:00:00+00:00,1.8356,1.8357,1.8356,1.8357,265277137
2025-10-31T09:00:00+00:00,1.8357,1.8357,1.8356,1.8357,463556264
2025-10-31T10:00:00+00:00,1.8356,1.8357,1.8356,1.8357,301164153
2025-10-31T11:00:00+00:00,1.8357,1.8357,1.8356,1.8357,392408472
2025-10-31T12:00:00+00:00,1.8356,1.8357,1.8356,1.8357,611561864
2025-10-31T13:00:00+00:00,1.8357,1.8357,1.8356,1.8357,518418160
2025-10-31T14:00:00+00:00,1.8357,1.8357,1.8356,1.8356,831473605
2025-10-31T15:00:00+00:00,1.8357,1.8357,1.8356,1.8357,390683320
2025-10-31T16:00:00+00:00,1.8357,1.8357,1.8356,1.8357,228990599
2025-10-31T17:00:00+00:00,1.8357,1.8357,1.8356,1.8357,171377426
2025-10-31T18:00:00+00:00,1.8356,1.8357,1.8356,1.8357,158122593
2025-10-31T19:00:00+00:00,1.8357,1.8357,1.8356,1.8356,149459668
2025-10-31T20:00:00+00:00,1.8357,1.8357,1.8356,1.8356,426895607
2025-11-01T03:00:00+00:00,1.8371,1.8371,1.8371,1.8371,760022
2025-11-01T04:00:00+00:00,1.8372000000000002,1.8372000000000002,1.8371,1.8372000000000002,44448124
2025-11-01T05:00:00+00:00,1.8372000000000002,1.8372000000000002,1.8371,1.8372000000000002,73517311
2025-11-01T06:00:00+00:00,1.8371,1.8372000000000002,1.8371,1.8372000000000002,169351384
2025-11-01T07:00:00+00:00,1.8372000000000002,1.8372000000000002,1.8371,1.8371,317341780
2025-11-01T08:00:00+00:00,1.8371,1.8372000000000002,1.8371,1.8372000000000002,397206241
2025-11-01T09:00:00+00:00,1.8372000000000002,1.8372000000000002,1.8371,1.8372000000000002,201409155
2025-11-01T10:00:00+00:00,1.8372000000000002,1.8372000000000002,1.8371,1.8372000000000002,236405421
2025-11-01T11:00:00+00:00,1.8372000000000002,1.8372000000000002,1.8371,1.8372000000000002,188174759
2025-11-01T12:00:00+00:00,1.8371,1.8372000000000002,1.8371,1.8372000000000002,244457249
2025-11-01T13:00:00+00:00,1.8372000000000002,1.8372000000000002,1.8371,1.8372000000000002,682398010
2025-11-01T14:00:00+00:00,1.8371,1.8372000000000002,1.8371,1.8372000000000002,214899345
2025-11-01T15:00:00+00:00,1.8372000000000002,1.8372000000000002,1.8371,1.8372000000000002,222981064
2025-11-01T16:00:00+00:00,1.8372000000000002,1.8372000000000002,1.8371,1.8372000000000002,154505681
2025-11-01T17:00:00+00:00,1.8372000000000002,1.8372000000000002,1.8371,1.8372000000000002,93238840
2025-11-01T18:00:00+00:00,1.8372000000000002,1.8372000000000002,1.8371,1.8372000000000002,122653293
2025-11-01T19:00:00+00:00,1.8372000000000002,1.8372000000000002,1.8371,1.8372000000000002,60343211
2025-11-01T20:00:00+00:00,1.8372000000000002,1.8372000000000002,1.8371,1.8372000000000002,124108837
2025-11-03T03:00:00+00:00,1.8387,1.8387,1.8387,1.8387,99590
2025-11-03T04:00:00+00:00,1.8388,1.8388,1.8387,1.8388,47096827
2025-11-03T05:00:00+00:00,1.8388,1.8388,1.8387,1.8387,48104615
2025-11-03T06:00:00+00:00,1.8387,1.8388,1.8387,1.8387,172552699
2025-11-03T07:00:00+00:00,1.8388,1.8388,1.8387,1.8388,276078142
2025-11-03T08:00:00+00:00,1.8388,1.8388,1.8387,1.8388,98666145
2025-11-03T09:00:00+00:00,1.8388,1.8388,1.8387,1.8388,117265159
2025-11-03T10:00:00+00:00,1.8388,1.8388,1.8387,1.8387,66671449
2025-11-03T11:00:00+00:00,1.8388,1.8388,1.8387,1.8388,118381903
2025-11-03T12:00:00+00:00,1.8388,1.8388,1.8387,1.8387,277116131
2025-11-03T13:00:00+00:00,1.8388,1.8388,1.8387,1.8387,128958560
2025-11-03T14:00:00+00:00,1.8388,1.8388,1.8387,1.8388,148632459
2025-11-03T15:00:00+00:00,1.8387,1.8388,1.8387,1.8388,207030518
2025-11-03T16:00:00+00:00,1.8388,1.8388,1.8387,1.8388,145233191
2025-11-03T17:00:00+00:00,1.8388,1.8388,1.8387,1.8388,65214952
2025-11-03T18:00:00+00:00,1.8387,1.8388,1.8387,1.8387,140466054
2025-11-03T19:00:00+00:00,1.8387,1.8388,1.8387,1.8388,66927660
2025-11-03T20:00:00+00:00,1.8388,1.8388,1.8387,1.8388,290309790
2025-11-05T03:00:00+00:00,1.8396,1.8396,1.8396,1.8396,1285786
2025-11-05T04:00:00+00:00,1.8396,1.8396,1.8395000000000001,1.8395000000000001,134753122
2025-11-05T05:00:00+00:00,1.8396,1.8396,1.8395000000000001,1.8395000000000001,170060316
2025-11-05T06:00:00+00:00,1.8396,1.8396,1.8395000000000001,1.8396,370042044
2025-11-05T07:00:00+00:00,1.8396,1.8396,1.8395000000000001,1.8396,573730389
2025-11-05T08:00:00+00:00,1.8396,1.8396,1.8395000000000001,1.8395000000000001,360208291
2025-11-05T09:00:00+00:00,1.8396,1.8396,1.8395000000000001,1.8396,404364479
2025-11-05T10:00:00+00:00,1.8396,1.8396,1.8395000000000001,1.8395000000000001,403313474
2025-11-05T11:00:00+00:00,1.8395000000000001,1.8396,1.8395000000000001,1.8396,463422798
2025-11-05T12:00:00+00:00,1.8395000000000001,1.8396,1.8395000000000001,1.8396,456288288
2025-11-05T13:00:00+00:00,1.8396,1.8396,1.8395000000000001,1.8395000000000001,413280400
2025-11-05T14:00:00+00:00,1.8396,1.8396,1.8395000000000001,1.8396,577956222
2025-11-05T15:00:00+00:00,1.8396,1.8396,1.8395000000000001,1.8395000000000001,520208429
2025-11-05T16:00:00+00:00,1.8396,1.8396,1.8395000000000001,1.8395000000000001,270477496
2025-11-05T17:00:00+00:00,1.8396,1.8396,1.8395000000000001,1.8396,197444108
2025-11-05T18:00:00+00:00,1.8396,1.8396,1.8395000000000001,1.8395000000000001,118585664
2025-11-05T19:00:00+00:00,1.8396,1.8396,1.8395000000000001,1.8396,249977652
2025-11-05T20:00:00+00:00,1.8396,1.8396,1.8395000000000001,1.8396,413673348
2025-11-06T03:00:00+00:00,1.8404,1.8404,1.8404,1.8404,812413
2025-11-06T04:00:00+00:00,1.8403,1.8404,1.8403,1.8404,56653694
2025-11-06T05:00:00+00:00,1.8404,1.8404,1.8403,1.8404,79625096
2025-11-06T06:00:00+00:00,1.8404,1.8404,1.8403,1.8404,168383467
2025-11-06T07:00:00+00:00,1.8404,1.8404,1.8403,1.8403,311496700
2025-11-06T08:00:00+00:00,1.8404,1.8404,1.8403,1.8403,257261498
2025-11-06T09:00:00+00:00,1.8404,1.8404,1.8403,1.8404,275717354
2025-11-06T10:00:00+00:00,1.8404,1.8404,1.8403,1.8404,254331947
2025-11-06T11:00:00+00:00,1.8403,1.8404,1.8403,1.8403,231900056
2025-11-06T12:00:00+00:00,1.8404,1.8404,1.8403,1.8403,233373611
2025-11-06T13:00:00+00:00,1.8404,1.8404,1.8403,1.8404,278131301
2025-11-06T14:00:00+00:00,1.8404,1.8404,1.8403,1.8403,448928901
2025-11-06T15:00:00+00:00,1.8403,1.8404,1.8403,1.8404,391588674
2025-11-06T16:00:00+00:00,1.8404,1.8404,1.8403,1.8404,200842194
2025-11-06T17:00:00+00:00,1.8404,1.8404,1.8403,1.8403,214562219
2025-11-06T18:00:00+00:00,1.8404,1.8404,1.8403,1.8404,98330521
2025-11-06T19:00:00+00:00,1.8404,1.8404,1.8403,1.8403,257978006
2025-11-06T20:00:00+00:00,1.8404,1.8404,1.8403,1.8404,226862281
2025-11-07T03:00:00+00:00,1.8428,1.8428,1.8428,1.8428,91582520
2025-11-07T04:00:00+00:00,1.8428,1.8428,1.8427,1.8428,94018633
2025-11-07T05:00:00+00:00,1.8427,1.8428,1.8427,1.8427,139226944
2025-11-07T06:00:00+00:00,1.8427,1.8428,1.8427,1.8428,231233671
2025-11-07T07:00:00+00:00,1.8428,1.8428,1.8427,1.8428,464341327
2025-11-07T08:00:00+00:00,1.8428,1.8428,1.8427,1.8428,334099961
2025-11-07T09:00:00+00:00,1.8428,1.8428,1.8427,1.8428,316351125
2025-11-07T10:00:00+00:00,1.8427,1.8428,1.8427,1.8428,275749797
2025-11-07T11:00:00+00:00,1.8428,1.8428,1.8427,1.8428,270281600
2025-11-07T12:00:00+00:00,1.8427,1.8428,1.8427,1.8427,205288411
2025-11-07T13:00:00+00:00,1.8428,1.8428,1.8427,1.8428,448705918
2025-11-07T14:00:00+00:00,1.8428,1.8428,1.8427,1.8427,307508340
2025-11-07T15:00:00+00:00,1.8428,1.8428,1.8427,1.8428,263874420
2025-11-07T16:00:00+00:00,1.8428,1.8428,1.8427,1.8428,237718216
2025-11-07T17:00:00+00:00,1.8428,1.8428,1.8427,1.8428,106444991
2025-11-07T18:00:00+00:00,1.8428,1.8428,1.8427,1.8428,497555258
2025-11-07T19:00:00+00:00,1.8428,1.8428,1.8427,1.8427,174099452
2025-11-07T20:00:00+00:00,1.8427,1.8428,1.8427,1.8428,243565919
2025-11-08T06:00:00+00:00,1.8435000000000001,1.8435000000000001,1.8435000000000001,1.8435000000000001,178280
2025-11-08T07:00:00+00:00,1.8435000000000001,1.8436,1.8435000000000001,1.8436,48905878
2025-11-08T08:00:00+00:00,1.8436,1.8436,1.8435000000000001,1.8436,13486911
2025-11-08T09:00:00+00:00,1.8436,1.8436,1.8435000000000001,1.8436,11459192
2025-11-08T10:00:00+00:00,1.8436,1.8436,1.8435000000000001,1.8436,85588178
2025-11-08T11:00:00+00:00,1.8436,1.8436,1.8435000000000001,1.8436,17984163
2025-11-08T12:00:00+00:00,1.8436,1.8436,1.8435000000000001,1.8436,17190083
2025-11-08T13:00:00+00:00,1.8436,1.8436,1.8435000000000001,1.8436,8098296
2025-11-08T14:00:00+00:00,1.8436,1.8436,1.8435000000000001,1.8436,9270538
2025-11-08T15:00:00+00:00,1.8436,1.8436,1.8435000000000001,1.8436,5888347
2025-11-09T06:00:00+00:00,1.8436,1.8436,1.8436,1.8436,435955
2025-11-09T07:00:00+00:00,1.8436,1.8436,1.8435000000000001,1.8436,13378584
2025-11-09T08:00:00+00:00,1.8436,1.8436,1.8435000000000001,1.8436,11316384
2025-11-09T09:00:00+00:00,1.8436,1.8436,1.8435000000000001,1.8436,31263376
2025-11-09T10:00:00+00:00,1.8436,1.8436,1.8435000000000001,1.8436,4436293
2025-11-09T11:00:00+00:00,1.8436,1.8436,1.8435000000000001,1.8436,7614384
2025-11-09T12:00:00+00:00,1.8436,1.8436,1.8435000000000001,1.8435000000000001,14786674
2025-11-09T13:00:00+00:00,1.8436,1.8436,1.8435000000000001,1.8436,13602137
2025-11-09T14:00:00+00:00,1.8435000000000001,1.8436,1.8435000000000001,1.8436,6589641
2025-11-09T15:00:00+00:00,1.8436,1.8436,1.8435000000000001,1.8435000000000001,13120208
2025-11-10T03:00:00+00:00,1.8436,1.8436,1.8436,1.8436,7915738
2025-11-10T04:00:00+00:00,1.8436,1.8436,1.8435000000000001,1.8436,222536483
2025-11-10T05:00:00+00:00,1.8436,1.8436,1.8435000000000001,1.8436,117503051
2025-11-10T06:00:00+00:00,1.8436,1.8436,1.8435000000000001,1.8436,215565208
2025-11-10T07:00:00+00:00,1.8436,1.8436,1.8435000000000001,1.8436,632644288
2025-11-10T08:00:00+00:00,1.8436,1.8436,1.8435000000000001,1.8435000000000001,604864686
2025-11-10T09:00:00+00:00,1.8436,1.8436,1.8435000000000001,1.8435000000000001,530526528
2025-11-10T10:00:00+00:00,1.8435000000000001,1.8436,1.8435000000000001,1.8436,369262895
2025-11-10T11:00:00+00:00,1.8435000000000001,1.8436,1.8435000000000001,1.8436,331459101
2025-11-10T12:00:00+00:00,1.8436,1.8436,1.8435000000000001,1.8436,479409019
2025-11-10T13:00:00+00:00,1.8436,1.8436,1.8435000000000001,1.8436,349287854
2025-11-10T14:00:00+00:00,1.8435000000000001,1.8436,1.8435000000000001,1.8436,336669963
2025-11-10T15:00:00+00:00,1.8435000000000001,1.8436,1.8435000000000001,1.8436,466676191
2025-11-10T16:00:00+00:00,1.8436,1.8436,1.8435000000000001,1.8436,278931012
2025-11-10T17:00:00+00:00,1.8436,1.8436,1.8435000000000001,1.8436,262976547
2025-11-10T18:00:00+00:00,1.8436,1.8436,1.8435000000000001,1.8436,189951387
2025-11-10T19:00:00+00:00,1.8436,1.8436,1.8435000000000001,1.8436,184352550
2025-11-10T20:00:00+00:00,1.8436,1.8436,1.8435000000000001,1.8436,517391924
2025-11-11T03:00:00+00:00,1.8443,1.8443,1.8443,1.8443,5875303
2025-11-11T04:00:00+00:00,1.8444,1.8444,1.8443,1.8444,72925502
2025-11-11T05:00:00+00:00,1.8444,1.8444,1.8443,1.8444,72376824
2025-11-11T06:00:00+00:00,1.8444,1.8444,1.8443,1.8444,130874938
2025-11-11T07:00:00+00:00,1.8444,1.8444,1.8443,1.8444,607904678
2025-11-11T08:00:00+00:00,1.8444,1.8444,1.8443,1.8444,358150158
2025-11-11T09:00:00+00:00,1.8444,1.8444,1.8443,1.8444,358500114
2025-11-11T10:00:00+00:00,1.8444,1.8444,1.8443,1.8444,314977733
2025-11-11T11:00:00+00:00,1.8444,1.8444,1.8443,1.8444,506933050
2025-11-11T12:00:00+00:00,1.8444,1.8444,1.8443,1.8443,299880705
2025-11-11T13:00:00+00:00,1.8444,1.8444,1.8443,1.8444,443607903
2025-11-11T14:00:00+00:00,1.8444,1.8444,1.8443,1.8443,853595176
2025-11-11T15:00:00+00:00,1.8444,1.8444,1.8443,1.8444,245344077
2025-11-11T16:00:00+00:00,1.8444,1.8444,1.8443,1.8444,231846475
2025-11-11T17:00:00+00:00,1.8443,1.8444,1.8443,1.8444,128181670
2025-11-11T18:00:00+00:00,1.8444,1.8444,1.8443,1.8444,157535086
2025-11-11T19:00:00+00:00,1.8444,1.8444,1.8443,1.8444,151579559
2025-11-11T20:00:00+00:00,1.8444,1.8444,1.8443,1.8444,315064673
2025-11-12T03:00:00+00:00,1.8451,1.8451,1.8451,1.8451,2062366
2025-11-12T04:00:00+00:00,1.8452,1.8452,1.8451,1.8452,59215249
2025-11-12T05:00:00+00:00,1.8452,1.8452,1.8451,1.8451,63992342
2025-11-12T06:00:00+00:00,1.8452,1.8452,1.8451,1.8452,172266111
2025-11-12T07:00:00+00:00,1.8452,1.8452,1.8451,1.8452,362020306
2025-11-12T08:00:00+00:00,1.8452,1.8452,1.8451,1.8452,476936319
2025-11-12T09:00:00+00:00,1.8452,1.8452,1.8451,1.8452,271960973
2025-11-12T10:00:00+00:00,1.8452,1.8452,1.8451,1.8452,330345797
2025-11-12T11:00:00+00:00,1.8452,1.8452,1.8451,1.8452,464127378
2025-11-12T12:00:00+00:00,1.8451,1.8452,1.8451,1.8452,382051190
2025-11-12T13:00:00+00:00,1.8452,1.8452,1.8451,1.8452,302221116
2025-11-12T14:00:00+00:00,1.8452,1.8452,1.8451,1.8451,535185798
2025-11-12T15:00:00+00:00,1.8452,1.8452,1.8451,1.8452,448323381
2025-11-12T16:00:00+00:00,1.8452,1.8452,1.8451,1.8451,279885512
2025-11-12T17:00:00+00:00,1.8452,1.8452,1.8451,1.8451,174935042
2025-11-12T18:00:00+00:00,1.8452,1.8452,1.8451,1.8452,190952108
2025-11-12T19:00:00+00:00,1.8452,1.8452,1.8451,1.8452,143904972
2025-11-12T20:00:00+00:00,1.8451,1.8452,1.8451,1.8452,310912736
2025-11-13T03:00:00+00:00,1.8458999999999999,1.8458999999999999,1.8458999999999999,1.8458999999999999,426148
2025-11-13T04:00:00+00:00,1.846,1.846,1.8458999999999999,1.8458999999999999,58631530
2025-11-13T05:00:00+00:00,1.846,1.846,1.8458999999999999,1.846,107377723
2025-11-13T06:00:00+00:00,1.8458999999999999,1.846,1.8458999999999999,1.8458999999999999,129380670
2025-11-13T07:00:00+00:00,1.846,1.846,1.8458999999999999,1.846,409347042
2025-11-13T08:00:00+00:00,1.846,1.846,1.8458999999999999,1.8458999999999999,398018978
2025-11-13T09:00:00+00:00,1.846,1.846,1.8458999999999999,1.8458999999999999,296988052
2025-11-13T10:00:00+00:00,1.846,1.846,1.8458999999999999,1.846,424800849
2025-11-13T11:00:00+00:00,1.846,1.846,1.8458999999999999,1.8458999999999999,346408882
2025-11-13T12:00:00+00:00,1.8458999999999999,1.846,1.8458999999999999,1.846,324376484
2025-11-13T13:00:00+00:00,1.8458999999999999,1.846,1.8458999999999999,1.846,606410592
2025-11-13T14:00:00+00:00,1.846,1.846,1.8458999999999999,1.846,2693294087
2025-11-13T15:00:00+00:00,1.846,1.846,1.8458999999999999,1.846,268948946
2025-11-13T16:00:00+00:00,1.846,1.846,1.8458999999999999,1.8458999999999999,275443536
2025-11-13T17:00:00+00:00,1.8458999999999999,1.846,1.8458999999999999,1.8458999999999999,122143803
2025-11-13T18:00:00+00:00,1.846,1.846,1.8458999999999999,1.846,145871033
2025-11-13T19:00:00+00:00,1.846,1.846,1.8458999999999999,1.8458999999999999,153494890
2025-11-13T20:00:00+00:00,1.846,1.846,1.8458999999999999,1.8458999999999999,212182724
2025-11-14T03:00:00+00:00,1.8484,1.8484,1.8484,1.8484,91714228
2025-11-14T04:00:00+00:00,1.8484,1.8484,1.8483,1.8484,69551175
2025-11-14T05:00:00+00:00,1.8484,1.8484,1.8483,1.8484,104720114
2025-11-14T06:00:00+00:00,1.8484,1.8484,1.8483,1.8484,192879654
2025-11-14T07:00:00+00:00,1.8484,1.8484,1.8483,1.8484,369115856
2025-11-14T08:00:00+00:00,1.8484,1.8484,1.8483,1.8483,351426992
2025-11-14T09:00:00+00:00,1.8483,1.8484,1.8483,1.8483,377131120
2025-11-14T10:00:00+00:00,1.8484,1.8484,1.8483,1.8484,409148917
2025-11-14T11:00:00+00:00,1.8483,1.8484,1.8483,1.8484,390966192
2025-11-14T12:00:00+00:00,1.8484,1.8484,1.8483,1.8484,264715265
2025-11-14T13:00:00+00:00,1.8484,1.8484,1.8483,1.8483,452982070
2025-11-14T14:00:00+00:00,1.8483,1.8484,1.8483,1.8483,425974093
2025-11-14T15:00:00+00:00,1.8484,1.8484,1.8483,1.8484,466478878
2025-11-14T16:00:00+00:00,1.8484,1.8484,1.8483,1.8484,404088714
2025-11-14T17:00:00+00:00,1.8484,1.8484,1.8483,1.8484,150918970
2025-11-14T18:00:00+00:00,1.8484,1.8484,1.8483,1.8484,91700488
2025-11-14T19:00:00+00:00,1.8484,1.8484,1.8483,1.8484,110599565
2025-11-14T20:00:00+00:00,1.8484,1.8484,1.8483,1.8484,314069081
2025-11-15T06:00:00+00:00,1.8492,1.8492,1.8492,1.8492,386446
2025-11-15T07:00:00+00:00,1.8491,1.8492,1.8491,1.8492,47321723
2025-11-15T08:00:00+00:00,1.8491,1.8492,1.8491,1.8492,16336629
2025-11-15T09:00:00+00:00,1.8491,1.8492,1.8491,1.8492,11362586
2025-11-15T10:00:00+00:00,1.8491,1.8492,1.8491,1.8492,10691706
2025-11-15T11:00:00+00:00,1.8492,1.8492,1.8491,1.8491,16636917
2025-11-15T12:00:00+00:00,1.8492,1.8492,1.8491,1.8491,27783626
2025-11-15T13:00:00+00:00,1.8492,1.8492,1.8491,1.8492,5519854
2025-11-15T14:00:00+00:00,1.8491,1.8492,1.8491,1.8492,8514243
2025-11-15T15:00:00+00:00,1.8492,1.8492,1.8491,1.8492,5438518
2025-11-16T06:00:00+00:00,1.8492,1.8492,1.8492,1.8492,1433878
2025-11-16T07:00:00+00:00,1.8491,1.8492,1.8491,1.8491,9067070
2025-11-16T08:00:00+00:00,1.8492,1.8492,1.8491,1.8492,9071794
2025-11-16T09:00:00+00:00,1.8492,1.8492,1.8491,1.8492,8553617
2025-11-16T10:00:00+00:00,1.8492,1.8492,1.8491,1.8492,13514669
2025-11-16T11:00:00+00:00,1.8492,1.8492,1.8491,1.8492,26263889
2025-11-16T12:00:00+00:00,1.8492,1.8492,1.8491,1.8492,8179750
2025-11-16T13:00:00+00:00,1.8491,1.8492,1.8491,1.8492,8112807
2025-11-16T14:00:00+00:00,1.8492,1.8492,1.8491,1.8492,10725169
2025-11-16T15:00:00+00:00,1.8492,1.8492,1.8491,1.8491,7267077
2025-11-17T03:00:00+00:00,1.8492,1.8492,1.8492,1.8492,765850
2025-11-17T04:00:00+00:00,1.8492,1.8492,1.8491,1.8492,88135890
2025-11-17T05:00:00+00:00,1.8492,1.8492,1.8491,1.8492,48839677
2025-11-17T06:00:00+00:00,1.8491,1.8492,1.8491,1.8492,225805097
2025-11-17T07:00:00+00:00,1.8492,1.8492,1.8491,1.8492,392525503
2025-11-17T08:00:00+00:00,1.8491,1.8492,1.8491,1.8492,445093446
2025-11-17T09:00:00+00:00,1.8492,1.8492,1.8491,1.8492,459035425
2025-11-17T10:00:00+00:00,1.8491,1.8492,1.8491,1.8492,339133622
2025-11-17T11:00:00+00:00,1.8492,1.8492,1.8491,1.8492,301758056
2025-11-17T12:00:00+00:00,1.8492,1.8492,1.8491,1.8492,236752148
2025-11-17T13:00:00+00:00,1.8491,1.8492,1.8491,1.8492,411485854
2025-11-17T14:00:00+00:00,1.8491,1.8492,1.849,1.8492,3049870715
2025-11-17T15:00:00+00:00,1.8492,1.8492,1.8491,1.8491,532127089
2025-11-17T16:00:00+00:00,1.8492,1.8492,1.8491,1.8492,307903721
2025-11-17T17:00:00+00:00,1.8492,1.8492,1.8491,1.8492,236528325
2025-11-17T18:00:00+00:00,1.8491,1.8492,1.8491,1.8491,203494419
2025-11-17T19:00:00+00:00,1.8491,1.8492,1.8491,1.8492,171141761
2025-11-17T20:00:00+00:00,1.8491,1.8492,1.8491,1.8492,528415891
2025-11-18T03:00:00+00:00,1.85,1.85,1.85,1.85,6171144
2025-11-18T04:00:00+00:00,1.8500999999999999,1.8500999999999999,1.85,1.8500999999999999,83527005
2025-11-18T05:00:00+00:00,1.8500999999999999,1.8500999999999999,1.85,1.85,66269318
2025-11-18T06:00:00+00:00,1.8500999999999999,1.8500999999999999,1.85,1.85,181030059
2025-11-18T07:00:00+00:00,1.8500999999999999,1.8500999999999999,1.85,1.8500999999999999,591932169
2025-11-18T08:00:00+00:00,1.8500999999999999,1.8500999999999999,1.85,1.85,577652943
2025-11-18T09:00:00+00:00,1.8500999999999999,1.8500999999999999,1.85,1.85,436433706
2025-11-18T10:00:00+00:00,1.8500999999999999,1.8500999999999999,1.85,1.8500999999999999,311720778
2025-11-18T11:00:00+00:00,1.8500999999999999,1.8500999999999999,1.85,1.8500999999999999,359646266
2025-11-18T12:00:00+00:00,1.85,1.8500999999999999,1.85,1.8500999999999999,322619453
2025-11-18T13:00:00+00:00,1.85,1.8500999999999999,1.85,1.85,370357914
2025-11-18T14:00:00+00:00,1.8500999999999999,1.8500999999999999,1.85,1.85,766110165
2025-11-18T15:00:00+00:00,1.85,1.8500999999999999,1.85,1.85,695837594
2025-11-18T16:00:00+00:00,1.8500999999999999,1.8500999999999999,1.85,1.8500999999999999,274222583
2025-11-18T17:00:00+00:00,1.85,1.8500999999999999,1.85,1.8500999999999999,149130100
2025-11-18T18:00:00+00:00,1.8500999999999999,1.8500999999999999,1.85,1.8500999999999999,206470592
2025-11-18T19:00:00+00:00,1.8500999999999999,1.8500999999999999,1.85,1.8500999999999999,211752288
2025-11-18T20:00:00+00:00,1.85,1.8500999999999999,1.85,1.8500999999999999,645540938
2025-11-19T03:00:00+00:00,1.8508,1.8508,1.8508,1.8508,1410578
2025-11-19T04:00:00+00:00,1.8509,1.8509,1.8508,1.8509,73822417
2025-11-19T05:00:00+00:00,1.8508,1.8509,1.8508,1.8509,57622756
2025-11-19T06:00:00+00:00,1.8508,1.8509,1.8508,1.8508,337504916
2025-11-19T07:00:00+00:00,1.8509,1.8509,1.8508,1.8509,388298717
2025-11-19T08:00:00+00:00,1.8509,1.8509,1.8508,1.8509,611090096
2025-11-19T09:00:00+00:00,1.8509,1.8509,1.8508,1.8508,361956306
2025-11-19T10:00:00+00:00,1.8508,1.8509,1.8508,1.8509,362065196
2025-11-19T11:00:00+00:00,1.8509,1.8509,1.8508,1.8509,432803551
2025-11-19T12:00:00+00:00,1.8509,1.8509,1.8508,1.8509,640403357
2025-11-19T13:00:00+00:00,1.8509,1.8509,1.8508,1.8509,1079848902
2025-11-19T14:00:00+00:00,1.8508,1.8509,1.8508,1.8509,452430172
2025-11-19T15:00:00+00:00,1.8509,1.8509,1.8508,1.8509,527578101
2025-11-19T16:00:00+00:00,1.8509,1.8509,1.8508,1.8509,358921512
2025-11-19T17:00:00+00:00,1.8509,1.8509,1.8508,1.8509,229090231
2025-11-19T18:00:00+00:00,1.8509,1.8509,1.8508,1.8509,319569794
2025-11-19T19:00:00+00:00,1.8509,1.8509,1.8508,1.8509,342843414
2025-11-19T20:00:00+00:00,1.8508,1.8509,1.8508,1.8509,820994159
2025-11-20T03:00:00+00:00,1.8517000000000001,1.8517000000000001,1.8517000000000001,1.8517000000000001,3419395
2025-11-20T04:00:00+00:00,1.8518,1.8518,1.8517000000000001,1.8518,101087318
2025-11-20T05:00:00+00:00,1.8518,1.8518,1.8517000000000001,1.8517000000000001,69555646
2025-11-20T06:00:00+00:00,1.8517000000000001,1.8518,1.8517000000000001,1.8518,162622673
2025-11-20T07:00:00+00:00,1.8518,1.8518,1.8517000000000001,1.8517000000000001,376019661
2025-11-20T08:00:00+00:00,1.8517000000000001,1.8518,1.8517000000000001,1.8518,212268298
2025-11-20T09:00:00+00:00,1.8518,1.8518,1.8517000000000001,1.8518,417081560
2025-11-20T10:00:00+00:00,1.8518,1.8518,1.8517000000000001,1.8518,373999606
2025-11-20T11:00:00+00:00,1.8518,1.8518,1.8517000000000001,1.8518,325886115
2025-11-20T12:00:00+00:00,1.8517000000000001,1.8518,1.8517000000000001,1.8517000000000001,408783677
2025-11-20T13:00:00+00:00,1.8518,1.8518,1.8517000000000001,1.8518,428280994
2025-11-20T14:00:00+00:00,1.8517000000000001,1.8518,1.8517000000000001,1.8518,671399900
2025-11-20T15:00:00+00:00,1.8518,1.8518,1.8517000000000001,1.8518,378861505
2025-11-20T16:00:00+00:00,1.8518,1.8518,1.8517000000000001,1.8518,286464039
2025-11-20T17:00:00+00:00,1.8518,1.8518,1.8517000000000001,1.8518,236556475
2025-11-20T18:00:00+00:00,1.8518,1.8518,1.8517000000000001,1.8518,451550997
2025-11-20T19:00:00+00:00,1.8518,1.8518,1.8517000000000001,1.8518,228848782
2025-11-20T20:00:00+00:00,1.8518,1.8518,1.8517000000000001,1.8518,487504864
2025-11-21T03:00:00+00:00,1.8542,1.8542,1.8542,1.8542,8281614
2025-11-21T04:00:00+00:00,1.8542999999999998,1.8542999999999998,1.8542,1.8542,203215494
2025-11-21T05:00:00+00:00,1.8542,1.8542999999999998,1.8542,1.8542999999999998,159425709
2025-11-21T06:00:00+00:00,1.8542999999999998,1.8542999999999998,1.8542,1.8542999999999998,221507373
2025-11-21T07:00:00+00:00,1.8542999999999998,1.8542999999999998,1.8542,1.8542999999999998,445306776
2025-11-21T08:00:00+00:00,1.8542999999999998,1.8542999999999998,1.8542,1.8542,393027487
2025-11-21T09:00:00+00:00,1.8542,1.8542999999999998,1.8542,1.8542,365717953
2025-11-21T10:00:00+00:00,1.8542999999999998,1.8542999999999998,1.8542,1.8542999999999998,354356412
2025-11-21T11:00:00+00:00,1.8542,1.8542999999999998,1.8542,1.8542999999999998,582140982
2025-11-21T12:00:00+00:00,1.8542999999999998,1.8542999999999998,1.8542,1.8542999999999998,320048730
2025-11-21T13:00:00+00:00,1.8542999999999998,1.8542999999999998,1.8542,1.8542999999999998,327963660
2025-11-21T14:00:00+00:00,1.8542999999999998,1.8542999999999998,1.8542,1.8542,362606038
2025-11-21T15:00:00+00:00,1.8542999999999998,1.8542999999999998,1.8542,1.8542,449337951
2025-11-21T16:00:00+00:00,1.8542999999999998,1.8542999999999998,1.8542,1.8542,194778713
2025-11-21T17:00:00+00:00,1.8542,1.8542999999999998,1.8542,1.8542999999999998,197978327
2025-11-21T18:00:00+00:00,1.8542999999999998,1.8542999999999998,1.8542,1.8542999999999998,236612619
2025-11-21T19:00:00+00:00,1.8542999999999998,1.8542999999999998,1.8542,1.8542999999999998,174406039
2025-11-21T20:00:00+00:00,1.8542999999999998,1.8542999999999998,1.8542,1.8542999999999998,289926154
2025-11-24T03:00:00+00:00,1.855,1.855,1.855,1.855,17266873
2025-11-24T04:00:00+00:00,1.8551,1.8551,1.855,1.855,298529924
2025-11-24T05:00:00+00:00,1.8551,1.8551,1.855,1.8551,136880402
2025-11-24T06:00:00+00:00,1.8551,1.8551,1.855,1.8551,292628215
2025-11-24T07:00:00+00:00,1.8551,1.8551,1.855,1.8551,643788461
2025-11-24T08:00:00+00:00,1.8551,1.8551,1.855,1.855,502835421
2025-11-24T09:00:00+00:00,1.8551,1.8551,1.855,1.8551,721641108
2025-11-24T10:00:00+00:00,1.8551,1.8551,1.855,1.855,994439588
2025-11-24T11:00:00+00:00,1.8551,1.8551,1.855,1.855,437143987
2025-11-24T12:00:00+00:00,1.855,1.8551,1.855,1.8551,449362975
2025-11-24T13:00:00+00:00,1.8551,1.8551,1.855,1.8551,555652066
2025-11-24T14:00:00+00:00,1.8551,1.8551,1.855,1.855,371365228
2025-11-24T15:00:00+00:00,1.8551,1.8551,1.855,1.8551,379863806
2025-11-24T16:00:00+00:00,1.8551,1.8551,1.855,1.8551,668086006
2025-11-24T17:00:00+00:00,1.8551,1.8551,1.855,1.855,251595051
2025-11-24T18:00:00+00:00,1.8551,1.8551,1.855,1.855,189588025
2025-11-24T19:00:00+00:00,1.8551,1.8551,1.855,1.8551,254959252
2025-11-24T20:00:00+00:00,1.8551,1.8551,1.855,1.8551,221859230
2025-11-25T03:00:00+00:00,1.8559,1.8559,1.8559,1.8559,7765614
2025-11-25T04:00:00+00:00,1.8559999999999999,1.8559999999999999,1.8559,1.8559999999999999,54009474
2025-11-25T05:00:00+00:00,1.8559999999999999,1.8559999999999999,1.8559,1.8559999999999999,132495012
2025-11-25T06:00:00+00:00,1.8559999999999999,1.8559999999999999,1.8559,1.8559,149450133
2025-11-25T07:00:00+00:00,1.8559999999999999,1.8559999999999999,1.8559,1.8559999999999999,753355350
2025-11-25T08:00:00+00:00,1.8559999999999999,1.8559999999999999,1.8559,1.8559999999999999,399522963
2025-11-25T09:00:00+00:00,1.8559999999999999,1.8559999999999999,1.8559,1.8559999999999999,321447959
2025-11-25T10:00:00+00:00,1.8559999999999999,1.8559999999999999,1.8559,1.8559999999999999,391871133
2025-11-25T11:00:00+00:00,1.8559999999999999,1.8559999999999999,1.8559,1.8559999999999999,529547241
2025-11-25T12:00:00+00:00,1.8559999999999999,1.8559999999999999,1.8559,1.8559999999999999,388945444
2025-11-25T13:00:00+00:00,1.8559,1.8559999999999999,1.8559,1.8559999999999999,581487534
2025-11-25T14:00:00+00:00,1.8559999999999999,1.8559999999999999,1.8559,1.8559999999999999,520641806
2025-11-25T15:00:00+00:00,1.8559999999999999,1.8559999999999999,1.8559,1.8559999999999999,721462899
2025-11-25T16:00:00+00:00,1.8559999999999999,1.8559999999999999,1.8559,1.8559999999999999,426938010
2025-11-25T17:00:00+00:00,1.8559,1.8559999999999999,1.8559,1.8559999999999999,221420314
2025-11-25T18:00:00+00:00,1.8559999999999999,1.8559999999999999,1.8559,1.8559,260841029
2025-11-25T19:00:00+00:00,1.8559999999999999,1.8559999999999999,1.8559,1.8559,287636628
2025-11-25T20:00:00+00:00,1.8559999999999999,1.8559999999999999,1.8559,1.8559,818226430
2025-11-26T03:00:00+00:00,1.8567,1.8567,1.8567,1.8567,463503
2025-11-26T04:00:00+00:00,1.8568,1.8568,1.8567,1.8568,76461597
2025-11-26T05:00:00+00:00,1.8568,1.8568,1.8567,1.8567,79478112
2025-11-26T06:00:00+00:00,1.8568,1.8568,1.8567,1.8567,193810019
2025-11-26T07:00:00+00:00,1.8568,1.8568,1.8567,1.8567,304185505
2025-11-26T08:00:00+00:00,1.8568,1.8568,1.8567,1.8567,284548407
2025-11-26T09:00:00+00:00,1.8568,1.8568,1.8567,1.8568,337467704
2025-11-26T10:00:00+00:00,1.8567,1.8568,1.8567,1.8568,278142415
2025-11-26T11:00:00+00:00,1.8568,1.8568,1.8567,1.8567,373157771
2025-11-26T12:00:00+00:00,1.8568,1.8568,1.8567,1.8567,562248238
2025-11-26T13:00:00+00:00,1.8568,1.8568,1.8567,1.8568,487101334
2025-11-26T14:00:00+00:00,1.8568,1.8568,1.8567,1.8568,263882792
2025-11-26T15:00:00+00:00,1.8567,1.8568,1.8567,1.8567,277480168
2025-11-26T16:00:00+00:00,1.8568,1.8568,1.8567,1.8568,293865149
2025-11-26T17:00:00+00:00,1.8568,1.8568,1.8567,1.8567,120179859
2025-11-26T18:00:00+00:00,1.8567,1.8568,1.8567,1.8567,110278817
2025-11-26T19:00:00+00:00,1.8567,1.8568,1.8567,1.8568,170003666
2025-11-26T20:00:00+00:00,1.8568,1.8568,1.8567,1.8568,317185558
2025-11-27T03:00:00+00:00,1.8576000000000001,1.8576000000000001,1.8576000000000001,1.8576000000000001,7721642
2025-11-27T04:00:00+00:00,1.8577,1.8577,1.8576000000000001,1.8576000000000001,83811051
2025-11-27T05:00:00+00:00,1.8576000000000001,1.8577,1.8576000000000001,1.8577,76514655
2025-11-27T06:00:00+00:00,1.8577,1.8577,1.8576000000000001,1.8577,116092563
2025-11-27T07:00:00+00:00,1.8577,1.8577,1.8576000000000001,1.8577,298409842
2025-11-27T08:00:00+00:00,1.8577,1.8577,1.8576000000000001,1.8577,454489361
2025-11-27T09:00:00+00:00,1.8576000000000001,1.8577,1.8576000000000001,1.8577,308118567
2025-11-27T10:00:00+00:00,1.8577,1.8577,1.8576000000000001,1.8577,518125936
2025-11-27T11:00:00+00:00,1.8576000000000001,1.8577,1.8576000000000001,1.8576000000000001,298271203
2025-11-27T12:00:00+00:00,1.8577,1.8577,1.8576000000000001,1.8577,391631949
2025-11-27T13:00:00+00:00,1.8577,1.8577,1.8576000000000001,1.8577,377436483
2025-11-27T14:00:00+00:00,1.8577,1.8577,1.8576000000000001,1.8576000000000001,470188271
2025-11-27T15:00:00+00:00,1.8577,1.8577,1.8576000000000001,1.8577,1022950342
2025-11-27T16:00:00+00:00,1.8577,1.8577,1.8576000000000001,1.8576000000000001,543718534
2025-11-27T17:00:00+00:00,1.8576000000000001,1.8577,1.8576000000000001,1.8576000000000001,215826338
2025-11-27T18:00:00+00:00,1.8577,1.8577,1.8576000000000001,1.8576000000000001,266593941
2025-11-27T19:00:00+00:00,1.8577,1.8577,1.8576000000000001,1.8577,270274542
2025-11-27T20:00:00+00:00,1.8577,1.8577,1.8576000000000001,1.8577,251676742
2025-11-28T03:00:00+00:00,1.8599999999999999,1.8599999999999999,1.8599999999999999,1.8599999999999999,2075592
2025-11-28T04:00:00+00:00,1.8599999999999999,1.8601,1.8599999999999999,1.8599999999999999,69747802
2025-11-28T05:00:00+00:00,1.8601,1.8601,1.8599999999999999,1.8599999999999999,91746435
2025-11-28T06:00:00+00:00,1.8599999999999999,1.8601,1.8599999999999999,1.8601,287946667
2025-11-28T07:00:00+00:00,1.8601,1.8601,1.8599999999999999,1.8601,505416530
2025-11-28T08:00:00+00:00,1.8601,1.8601,1.8599999999999999,1.8601,271492345
2025-11-28T09:00:00+00:00,1.8601,1.8601,1.8599999999999999,1.8601,233822116
2025-11-28T10:00:00+00:00,1.8601,1.8601,1.8599999999999999,1.8601,254051826
2025-11-28T11:00:00+00:00,1.8601,1.8601,1.8599999999999999,1.8601,295808528
2025-11-28T12:00:00+00:00,1.8599999999999999,1.8601,1.8599999999999999,1.8601,255355534
2025-11-28T13:00:00+00:00,1.8601,1.8601,1.8599999999999999,1.8601,516114600
2025-11-28T14:00:00+00:00,1.8601,1.8601,1.8599999999999999,1.8599999999999999,980198794
2025-11-28T15:00:00+00:00,1.8601,1.8601,1.8599999999999999,1.8599999999999999,483277958
2025-11-28T16:00:00+00:00,1.8601,1.8601,1.8599999999999999,1.8601,334953363
2025-11-28T17:00:00+00:00,1.8601,1.8601,1.8599999999999999,1.8601,118866216
2025-11-28T18:00:00+00:00,1.8601,1.8601,1.8599999999999999,1.8601,272031289
2025-11-28T19:00:00+00:00,1.8601,1.8601,1.8599999999999999,1.8601,148984133
2025-11-28T20:00:00+00:00,1.8601,1.8601,1.8599999999999999,1.8601,508698355
2025-11-29T06:00:00+00:00,1.8608,1.8608,1.8608,1.8608,238861
2025-11-29T07:00:00+00:00,1.8609,1.8609,1.8608,1.8609,52206188
2025-11-29T08:00:00+00:00,1.8609,1.8609,1.8608,1.8609,28067796
2025-11-29T09:00:00+00:00,1.8609,1.8609,1.8608,1.8609,17519646
2025-11-29T10:00:00+00:00,1.8609,1.8609,1.8608,1.8609,17703333
2025-11-29T11:00:00+00:00,1.8609,1.8609,1.8608,1.8609,22537902
2025-11-29T12:00:00+00:00,1.8609,1.8609,1.8608,1.8609,14137720
2025-11-29T13:00:00+00:00,1.8609,1.8609,1.8608,1.8608,12759671
2025-11-29T14:00:00+00:00,1.8609,1.8609,1.8608,1.8609,13048179
2025-11-29T15:00:00+00:00,1.8609,1.8609,1.8608,1.8609,5317537
2025-11-30T06:00:00+00:00,1.8609,1.8609,1.8609,1.8609,747713
2025-11-30T07:00:00+00:00,1.8609,1.8609,1.8608,1.8609,36146831
2025-11-30T08:00:00+00:00,1.8609,1.8609,1.8608,1.8608,25142308
2025-11-30T09:00:00+00:00,1.8609,1.8609,1.8608,1.8609,17103456
2025-11-30T10:00:00+00:00,1.8609,1.8609,1.8608,1.8609,17738168
2025-11-30T11:00:00+00:00,1.8609,1.8609,1.8608,1.8609,14919514
2025-11-30T12:00:00+00:00,1.8609,1.8609,1.8608,1.8609,9009088
2025-11-30T13:00:00+00:00,1.8609,1.8609,1.8608,1.8609,9457495
2025-11-30T14:00:00+00:00,1.8609,1.8609,1.8608,1.8609,18573358
2025-11-30T15:00:00+00:00,1.8609,1.8609,1.8608,1.8608,7244833
2025-12-01T03:00:00+00:00,1.8609,1.8609,1.8609,1.8609,1397284043
2025-12-01T04:00:00+00:00,1.8609,1.861,1.8608,1.861,532992342
2025-12-01T05:00:00+00:00,1.861,1.861,1.8609,1.861,129545352
2025-12-01T06:00:00+00:00,1.861,1.861,1.8609,1.8609,368565738
2025-12-01T07:00:00+00:00,1.861,1.861,1.8609,1.861,513016040
2025-12-01T08:00:00+00:00,1.861,1.861,1.8609,1.861,743136763
2025-12-01T09:00:00+00:00,1.861,1.861,1.8609,1.861,447757965
2025-12-01T10:00:00+00:00,1.861,1.861,1.8609,1.861,399925961
2025-12-01T11:00:00+00:00,1.861,1.861,1.8609,1.861,410900993
2025-12-01T12:00:00+00:00,1.861,1.861,1.8609,1.861,1063593081
2025-12-01T13:00:00+00:00,1.861,1.861,1.8609,1.861,616097779
2025-12-01T14:00:00+00:00,1.861,1.861,1.8609,1.861,466019774
2025-12-01T15:00:00+00:00,1.861,1.861,1.8609,1.861,425820395
2025-12-01T16:00:00+00:00,1.861,1.861,1.8609,1.861,279593184
2025-12-01T17:00:00+00:00,1.861,1.861,1.8609,1.861,259555456
2025-12-01T18:00:00+00:00,1.861,1.861,1.8609,1.8609,180099681
2025-12-01T19:00:00+00:00,1.861,1.861,1.8609,1.861,204643123
2025-12-01T20:00:00+00:00,1.861,1.861,1.8609,1.8609,1560070748
2025-12-02T03:00:00+00:00,1.8617,1.8617,1.8617,1.8617,2756124
2025-12-02T04:00:00+00:00,1.8617,1.8618000000000001,1.8617,1.8618000000000001,77699447
2025-12-02T05:00:00+00:00,1.8618000000000001,1.8618000000000001,1.8617,1.8617,84837060
2025-12-02T06:00:00+00:00,1.8618000000000001,1.8618000000000001,1.8617,1.8618000000000001,179329485
2025-12-02T07:00:00+00:00,1.8618000000000001,1.8618000000000001,1.8617,1.8617,419070791
2025-12-02T08:00:00+00:00,1.8617,1.8618000000000001,1.8617,1.8618000000000001,374249068
2025-12-02T09:00:00+00:00,1.8618000000000001,1.8618000000000001,1.8617,1.8617,332470656
2025-12-02T10:00:00+00:00,1.8618000000000001,1.8618000000000001,1.8617,1.8618000000000001,526647834
2025-12-02T11:00:00+00:00,1.8618000000000001,1.8618000000000001,1.8617,1.8617,400438024
2025-12-02T12:00:00+00:00,1.8618000000000001,1.8618000000000001,1.8617,1.8617,341546539
2025-12-02T13:00:00+00:00,1.8618000000000001,1.8618000000000001,1.8617,1.8618000000000001,351949239
2025-12-02T14:00:00+00:00,1.8618000000000001,1.8618000000000001,1.8617,1.8618000000000001,337664548
2025-12-02T15:00:00+00:00,1.8618000000000001,1.8618000000000001,1.8617,1.8618000000000001,406651412
2025-12-02T16:00:00+00:00,1.8618000000000001,1.8618000000000001,1.8617,1.8618000000000001,297268602
2025-12-02T17:00:00+00:00,1.8618000000000001,1.8618000000000001,1.8617,1.8618000000000001,149755040
2025-12-02T18:00:00+00:00,1.8617,1.8618000000000001,1.8617,1.8617,233431290
2025-12-02T19:00:00+00:00,1.8618000000000001,1.8618000000000001,1.8617,1.8617,253249747
2025-12-02T20:00:00+00:00,1.8618000000000001,1.8618000000000001,1.8617,1.8618000000000001,798729443
2025-12-03T03:00:00+00:00,1.8625,1.8625,1.8625,1.8625,4404195
2025-12-03T04:00:00+00:00,1.8626,1.8626,1.8625,1.8625,83227745
2025-12-03T05:00:00+00:00,1.8626,1.8626,1.8625,1.8626,93133715
2025-12-03T06:00:00+00:00,1.8626,1.8626,1.8625,1.8625,151110872
2025-12-03T07:00:00+00:00,1.8626,1.8626,1.8625,1.8626,583444581
2025-12-03T08:00:00+00:00,1.8626,1.8626,1.8625,1.8626,415001071
2025-12-03T09:00:00+00:00,1.8626,1.8626,1.8625,1.8625,487784738
2025-12-03T10:00:00+00:00,1.8625,1.8626,1.8625,1.8626,324171758
2025-12-03T11:00:00+00:00,1.8625,1.8626,1.8625,1.8626,343539134
2025-12-03T12:00:00+00:00,1.8626,1.8626,1.8625,1.8625,795293720
2025-12-03T13:00:00+00:00,1.8626,1.8626,1.8625,1.8626,705083708
2025-12-03T14:00:00+00:00,1.8626,1.8626,1.8625,1.8626,394580339
2025-12-03T15:00:00+00:00,1.8626,1.8626,1.8625,1.8625,424781221
2025-12-03T16:00:00+00:00,1.8626,1.8626,1.8625,1.8626,296848575
2025-12-03T17:00:00+00:00,1.8625,1.8626,1.8625,1.8626,305487516
2025-12-03T18:00:00+00:00,1.8626,1.8626,1.8625,1.8626,128039261
2025-12-03T19:00:00+00:00,1.8626,1.8626,1.8625,1.8625,162686831
2025-12-03T20:00:00+00:00,1.8626,1.8626,1.8625,1.8626,382906414
2025-12-04T03:00:00+00:00,1.8633,1.8633,1.8633,1.8633,914239481
2025-12-04T04:00:00+00:00,1.8632,1.8633,1.8632,1.8633,110166131
2025-12-04T05:00:00+00:00,1.8632,1.8633,1.8632,1.8633,40809325
2025-12-04T06:00:00+00:00,1.8633,1.8633,1.8632,1.8633,307781060
2025-12-04T07:00:00+00:00,1.8633,1.8633,1.8632,1.8633,362736679
2025-12-04T08:00:00+00:00,1.8633,1.8633,1.8632,1.8633,384185379
2025-12-04T09:00:00+00:00,1.8633,1.8633,1.8632,1.8632,1299831354
2025-12-04T10:00:00+00:00,1.8632,1.8633,1.8632,1.8633,539177819
2025-12-04T11:00:00+00:00,1.8633,1.8633,1.8632,1.8633,313967610
2025-12-04T12:00:00+00:00,1.8633,1.8633,1.8632,1.8632,532158265
2025-12-04T13:00:00+00:00,1.8633,1.8633,1.8632,1.8633,695903727
2025-12-04T14:00:00+00:00,1.8633,1.8633,1.8632,1.8633,429711879
2025-12-04T15:00:00+00:00,1.8633,1.8633,1.8632,1.8633,374696360
2025-12-04T16:00:00+00:00,1.8633,1.8633,1.8632,1.8633,312696512
2025-12-04T17:00:00+00:00,1.8633,1.8633,1.8632,1.8633,232510522
2025-12-04T18:00:00+00:00,1.8633,1.8633,1.8632,1.8633,254460360
2025-12-04T19:00:00+00:00,1.8633,1.8633,1.8632,1.8633,189686709
2025-12-04T20:00:00+00:00,1.8632,1.8633,1.8632,1.8633,283389893
2025-12-05T03:00:00+00:00,1.8657,1.8657,1.8657,1.8657,14279827
2025-12-05T04:00:00+00:00,1.8657,1.8657,1.8656000000000001,1.8657,111709657
2025-12-05T05:00:00+00:00,1.8657,1.8657,1.8656000000000001,1.8656000000000001,387695688
2025-12-05T06:00:00+00:00,1.8656000000000001,1.8657,1.8656000000000001,1.8656000000000001,368599675
2025-12-05T07:00:00+00:00,1.8657,1.8657,1.8656000000000001,1.8657,584199630
2025-12-05T08:00:00+00:00,1.8657,1.8657,1.8656000000000001,1.8657,404290147
2025-12-05T09:00:00+00:00,1.8657,1.8657,1.8656000000000001,1.8657,1519434813
2025-12-05T10:00:00+00:00,1.8657,1.8657,1.8656000000000001,1.8657,437205774
2025-12-05T11:00:00+00:00,1.8657,1.8657,1.8656000000000001,1.8657,1191143920
2025-12-05T12:00:00+00:00,1.8657,1.8657,1.8656000000000001,1.8657,370328827
2025-12-05T13:00:00+00:00,1.8657,1.8657,1.8656000000000001,1.8657,487169273
2025-12-05T14:00:00+00:00,1.8657,1.8657,1.8656000000000001,1.8657,331400012
2025-12-05T15:00:00+00:00,1.8657,1.8657,1.8656000000000001,1.8657,891391050
2025-12-05T16:00:00+00:00,1.8657,1.8657,1.8656000000000001,1.8657,316071481
2025-12-05T17:00:00+00:00,1.8657,1.8657,1.8656000000000001,1.8657,234188199
2025-12-05T18:00:00+00:00,1.8656000000000001,1.8657,1.8656000000000001,1.8657,132078964
2025-12-05T19:00:00+00:00,1.8656000000000001,1.8657,1.8656000000000001,1.8657,176331052
2025-12-05T20:00:00+00:00,1.8656000000000001,1.8657,1.8656000000000001,1.8657,466843824
2025-12-08T03:00:00+00:00,1.8665,1.8665,1.8665,1.8665,12522266
2025-12-08T04:00:00+00:00,1.8664,1.8665,1.8664,1.8665,132246100
2025-12-08T05:00:00+00:00,1.8665,1.8665,1.8664,1.8665,190072743
2025-12-08T06:00:00+00:00,1.8665,1.8665,1.8664,1.8665,288129307
2025-12-08T07:00:00+00:00,1.8665,1.8665,1.8664,1.8665,731682995
2025-12-08T08:00:00+00:00,1.8665,1.8665,1.8664,1.8665,541559915
2025-12-08T09:00:00+00:00,1.8665,1.8665,1.8664,1.8665,1479366667
2025-12-08T10:00:00+00:00,1.8665,1.8665,1.8664,1.8665,468766938
2025-12-08T11:00:00+00:00,1.8664,1.8665,1.8664,1.8665,505230941
2025-12-08T12:00:00+00:00,1.8665,1.8665,1.8664,1.8665,469542831
2025-12-08T13:00:00+00:00,1.8665,1.8665,1.8664,1.8664,598727763
2025-12-08T14:00:00+00:00,1.8664,1.8665,1.8664,1.8665,416866416
2025-12-08T15:00:00+00:00,1.8665,1.8665,1.8664,1.8664,322356889
2025-12-08T16:00:00+00:00,1.8665,1.8665,1.8664,1.8665,324909757
2025-12-08T17:00:00+00:00,1.8664,1.8665,1.8664,1.8665,249737480
2025-12-08T18:00:00+00:00,1.8665,1.8665,1.8664,1.8665,238812105
2025-12-08T19:00:00+00:00,1.8664,1.8665,1.8664,1.8664,143926381
2025-12-08T20:00:00+00:00,1.8665,1.8665,1.8664,1.8664,661774137
2025-12-09T03:00:00+00:00,1.8673,1.8673,1.8673,1.8673,3034500
2025-12-09T04:00:00+00:00,1.8673,1.8674,1.8673,1.8674,87707165
2025-12-09T05:00:00+00:00,1.8674,1.8674,1.8673,1.8674,84136370
2025-12-09T06:00:00+00:00,1.8674,1.8674,1.8673,1.8674,169780567
2025-12-09T07:00:00+00:00,1.8674,1.8674,1.8673,1.8674,374517949
2025-12-09T08:00:00+00:00,1.8674,1.8674,1.8673,1.8674,243285614
2025-12-09T09:00:00+00:00,1.8674,1.8674,1.8673,1.8674,445902685
2025-12-09T10:00:00+00:00,1.8674,1.8674,1.8673,1.8674,356295683
2025-12-09T11:00:00+00:00,1.8674,1.8674,1.8673,1.8673,446031016
2025-12-09T12:00:00+00:00,1.8673,1.8674,1.8673,1.8674,350488410
2025-12-09T13:00:00+00:00,1.8674,1.8674,1.8673,1.8674,364940689
2025-12-09T14:00:00+00:00,1.8673,1.8674,1.8673,1.8674,464116880
2025-12-09T15:00:00+00:00,1.8673,1.8674,1.8673,1.8674,350545140
2025-12-09T16:00:00+00:00,1.8674,1.8674,1.8673,1.8674,214546425
2025-12-09T17:00:00+00:00,1.8673,1.8674,1.8673,1.8674,250999546
2025-12-09T18:00:00+00:00,1.8674,1.8674,1.8673,1.8674,178797413
2025-12-09T19:00:00+00:00,1.8674,1.8674,1.8673,1.8674,300887537
2025-12-09T20:00:00+00:00,1.8674,1.8674,1.8673,1.8673,314261856
2025-12-10T03:00:00+00:00,1.8681,1.8681,1.8681,1.8681,2386166
2025-12-10T04:00:00+00:00,1.8681,1.8681999999999999,1.8681,1.8681999999999999,83177497
2025-12-10T05:00:00+00:00,1.8681,1.8681999999999999,1.8681,1.8681999999999999,82231958
2025-12-10T06:00:00+00:00,1.8681999999999999,1.8681999999999999,1.8681,1.8681,108356262
2025-12-10T07:00:00+00:00,1.8681999999999999,1.8681999999999999,1.8681,1.8681999999999999,266281095
2025-12-10T08:00:00+00:00,1.8681999999999999,1.8681999999999999,1.8681,1.8681999999999999,426786045
2025-12-10T09:00:00+00:00,1.8681999999999999,1.8681999999999999,1.8681,1.8681999999999999,482014637
2025-12-10T10:00:00+00:00,1.8681999999999999,1.8681999999999999,1.8681,1.8681999999999999,468614590
2025-12-10T11:00:00+00:00,1.8681999999999999,1.8681999999999999,1.8681,1.8681,446728470
2025-12-10T12:00:00+00:00,1.8681,1.8681999999999999,1.8681,1.8681999999999999,500967937
2025-12-10T13:00:00+00:00,1.8681999999999999,1.8681999999999999,1.8681,1.8681999999999999,495861193
2025-12-10T14:00:00+00:00,1.8681,1.8681999999999999,1.8681,1.8681999999999999,652384522
2025-12-10T15:00:00+00:00,1.8681,1.8681999999999999,1.8681,1.8681999999999999,310311293
2025-12-10T16:00:00+00:00,1.8681999999999999,1.8681999999999999,1.8681,1.8681,438176692
2025-12-10T17:00:00+00:00,1.8681,1.8681999999999999,1.8681,1.8681999999999999,194870199
2025-12-10T18:00:00+00:00,1.8681999999999999,1.8681999999999999,1.8681,1.8681,137971138
2025-12-10T19:00:00+00:00,1.8681999999999999,1.8681999999999999,1.8681,1.8681999999999999,243554005
2025-12-10T20:00:00+00:00,1.8681,1.8681999999999999,1.8681,1.8681999999999999,728634676
2025-12-11T03:00:00+00:00,1.8689,1.8689,1.8689,1.8689,4166780
2025-12-11T04:00:00+00:00,1.8689,1.869,1.8689,1.869,82018304
2025-12-11T05:00:00+00:00,1.8689,1.869,1.8689,1.8689,117612588
2025-12-11T06:00:00+00:00,1.869,1.869,1.8689,1.8689,175693120
2025-12-11T07:00:00+00:00,1.869,1.869,1.8689,1.869,490540373
2025-12-11T08:00:00+00:00,1.869,1.869,1.8689,1.8689,571764538
2025-12-11T09:00:00+00:00,1.869,1.869,1.8689,1.869,533705546
2025-12-11T10:00:00+00:00,1.869,1.869,1.8689,1.869,543282157
2025-12-11T11:00:00+00:00,1.8689,1.869,1.8689,1.869,464363040
2025-12-11T12:00:00+00:00,1.8689,1.869,1.8689,1.869,348242748
2025-12-11T13:00:00+00:00,1.8689,1.869,1.8689,1.869,1010889992
2025-12-11T14:00:00+00:00,1.8689,1.869,1.8689,1.8689,479330717
2025-12-11T15:00:00+00:00,1.869,1.869,1.8689,1.8689,438165513
2025-12-11T16:00:00+00:00,1.869,1.869,1.8689,1.869,449103840
2025-12-11T17:00:00+00:00,1.8689,1.869,1.8689,1.869,399044062
2025-12-11T18:00:00+00:00,1.869,1.869,1.8689,1.869,284866173
2025-12-11T19:00:00+00:00,1.869,1.869,1.8689,1.8689,243286717
2025-12-11T20:00:00+00:00,1.869,1.869,1.8689,1.869,400765213
2025-12-12T03:00:00+00:00,1.8714,1.8714,1.8714,1.8714,5436401
2025-12-12T04:00:00+00:00,1.8714,1.8714,1.8713,1.8714,172215194
2025-12-12T05:00:00+00:00,1.8714,1.8714,1.8713,1.8714,71801495
2025-12-12T06:00:00+00:00,1.8714,1.8714,1.8713,1.8713,149928101
2025-12-12T07:00:00+00:00,1.8714,1.8714,1.8713,1.8714,414829500
2025-12-12T08:00:00+00:00,1.8714,1.8714,1.8713,1.8714,281126405
2025-12-12T09:00:00+00:00,1.8714,1.8714,1.8713,1.8713,587670751
2025-12-12T10:00:00+00:00,1.8714,1.8714,1.8713,1.8714,333866288
2025-12-12T11:00:00+00:00,1.8714,1.8714,1.8713,1.8714,538747034
2025-12-12T12:00:00+00:00,1.8713,1.8714,1.8713,1.8714,878369806
2025-12-12T13:00:00+00:00,1.8714,1.8714,1.8713,1.8714,500636101
2025-12-12T14:00:00+00:00,1.8713,1.8714,1.8713,1.8714,687930776
2025-12-12T15:00:00+00:00,1.8714,1.8714,1.8713,1.8714,349177370
2025-12-12T16:00:00+00:00,1.8714,1.8714,1.8713,1.8713,278188934
2025-12-12T17:00:00+00:00,1.8714,1.8714,1.8713,1.8714,298083042
2025-12-12T18:00:00+00:00,1.8714,1.8714,1.8713,1.8714,346183922
2025-12-12T19:00:00+00:00,1.8714,1.8714,1.8713,1.8714,230525527
2025-12-12T20:00:00+00:00,1.8714,1.8714,1.8713,1.8714,675516381
2025-12-13T06:00:00+00:00,1.8721,1.8721,1.8721,1.8721,419888
2025-12-13T07:00:00+00:00,1.8721999999999999,1.8721999999999999,1.8721,1.8721,25959117
2025-12-13T08:00:00+00:00,1.8721,1.8721999999999999,1.8721,1.8721999999999999,27787627
2025-12-13T09:00:00+00:00,1.8721999999999999,1.8721999999999999,1.8721,1.8721999999999999,41278195
2025-12-13T10:00:00+00:00,1.8721999999999999,1.8721999999999999,1.8721,1.8721999999999999,24473932
2025-12-13T11:00:00+00:00,1.8721999999999999,1.8721999999999999,1.8721,1.8721,13738992
2025-12-13T12:00:00+00:00,1.8721999999999999,1.8721999999999999,1.8721,1.8721,23537467
2025-12-13T13:00:00+00:00,1.8721999999999999,1.8721999999999999,1.8721,1.8721,7086634
2025-12-13T14:00:00+00:00,1.8721,1.8721999999999999,1.8721,1.8721999999999999,10197118
2025-12-13T15:00:00+00:00,1.8721,1.8721999999999999,1.8721,1.8721,12356506
2025-12-14T06:00:00+00:00,1.8721999999999999,1.8721999999999999,1.8721999999999999,1.8721999999999999,272526
2025-12-14T07:00:00+00:00,1.8721999999999999,1.8721999999999999,1.8721,1.8721999999999999,13407915
2025-12-14T08:00:00+00:00,1.8721999999999999,1.8721999999999999,1.8721,1.8721999999999999,9409535
2025-12-14T09:00:00+00:00,1.8721999999999999,1.8721999999999999,1.8721,1.8721999999999999,10378431
2025-12-14T10:00:00+00:00,1.8721999999999999,1.8721999999999999,1.8721,1.8721999999999999,10850660
2025-12-14T11:00:00+00:00,1.8721999999999999,1.8721999999999999,1.8721,1.8721999999999999,27458328
2025-12-14T12:00:00+00:00,1.8721999999999999,1.8721999999999999,1.8721,1.8721999999999999,5594407
2025-12-14T13:00:00+00:00,1.8721999999999999,1.8721999999999999,1.8721,1.8721999999999999,12555769
2025-12-14T14:00:00+00:00,1.8721999999999999,1.8721999999999999,1.8721,1.8721999999999999,14784790
2025-12-14T15:00:00+00:00,1.8721999999999999,1.8721999999999999,1.8721,1.8721999999999999,11874152
2025-12-15T03:00:00+00:00,1.8721999999999999,1.8721999999999999,1.8721999999999999,1.8721999999999999,1932893
2025-12-15T04:00:00+00:00,1.8721999999999999,1.8721999999999999,1.8721,1.8721,186397746
2025-12-15T05:00:00+00:00,1.8721,1.8721999999999999,1.8721,1.8721999999999999,304783978
2025-12-15T06:00:00+00:00,1.8721999999999999,1.8721999999999999,1.8721,1.8721999999999999,220908447
2025-12-15T07:00:00+00:00,1.8721999999999999,1.8721999999999999,1.8721,1.8721,549897722
2025-12-15T08:00:00+00:00,1.8721,1.8721999999999999,1.8721,1.8721999999999999,852534611
2025-12-15T09:00:00+00:00,1.8721,1.8721999999999999,1.8721,1.8721999999999999,672678038
2025-12-15T10:00:00+00:00,1.8721999999999999,1.8721999999999999,1.8721,1.8721999999999999,596234600
2025-12-15T11:00:00+00:00,1.8721,1.8721999999999999,1.8721,1.8721999999999999,582251184
2025-12-15T12:00:00+00:00,1.8721999999999999,1.8721999999999999,1.8721,1.8721999999999999,720096510
2025-12-15T13:00:00+00:00,1.8721999999999999,1.8721999999999999,1.8721,1.8721999999999999,482441986
2025-12-15T14:00:00+00:00,1.8721999999999999,1.8721999999999999,1.8721,1.8721999999999999,649912794
2025-12-15T15:00:00+00:00,1.8721999999999999,1.8721999999999999,1.8721,1.8721,481774449
2025-12-15T16:00:00+00:00,1.8721999999999999,1.8721999999999999,1.8721,1.8721,376480291
2025-12-15T17:00:00+00:00,1.8721999999999999,1.8721999999999999,1.8721,1.8721999999999999,411517390
2025-12-15T18:00:00+00:00,1.8721999999999999,1.8721999999999999,1.8721,1.8721999999999999,174553018
2025-12-15T19:00:00+00:00,1.8721999999999999,1.8721999999999999,1.8721,1.8721999999999999,284612198
2025-12-15T20:00:00+00:00,1.8721,1.8721999999999999,1.8721,1.8721,808626681
2025-12-16T03:00:00+00:00,1.873,1.873,1.873,1.873,450396821
2025-12-16T04:00:00+00:00,1.8729,1.8731,1.8729,1.873,269336230
2025-12-16T05:00:00+00:00,1.873,1.873,1.8729,1.873,71389047
2025-12-16T06:00:00+00:00,1.873,1.873,1.8729,1.873,166837530
2025-12-16T07:00:00+00:00,1.873,1.873,1.8729,1.873,527640470
2025-12-16T08:00:00+00:00,1.8729,1.873,1.8729,1.873,459355317
2025-12-16T09:00:00+00:00,1.873,1.873,1.8729,1.873,404060794
2025-12-16T10:00:00+00:00,1.873,1.873,1.8729,1.873,346092797
2025-12-16T11:00:00+00:00,1.873,1.873,1.8729,1.873,454268542
2025-12-16T12:00:00+00:00,1.8729,1.873,1.8729,1.873,539330591
2025-12-16T13:00:00+00:00,1.8729,1.873,1.8729,1.873,620646427
2025-12-16T14:00:00+00:00,1.873,1.873,1.8729,1.873,704354007
2025-12-16T15:00:00+00:00,1.873,1.873,1.8729,1.8729,446646246
2025-12-16T16:00:00+00:00,1.873,1.873,1.8729,1.873,281084094
2025-12-16T17:00:00+00:00,1.8729,1.873,1.8729,1.8729,380149778
2025-12-16T18:00:00+00:00,1.8729,1.873,1.8729,1.873,245209907
2025-12-16T19:00:00+00:00,1.8729,1.873,1.8729,1.873,430763352
2025-12-16T20:00:00+00:00,1.873,1.873,1.8729,1.8729,788060170
2025-12-17T03:00:00+00:00,1.8737,1.8737,1.8737,1.8737,7931586
2025-12-17T04:00:00+00:00,1.8738000000000001,1.8738000000000001,1.8737,1.8738000000000001,111396922
2025-12-17T05:00:00+00:00,1.8737,1.8738000000000001,1.8737,1.8738000000000001,129012688
2025-12-17T06:00:00+00:00,1.8738000000000001,1.8738000000000001,1.8737,1.8738000000000001,222489080
2025-12-17T07:00:00+00:00,1.8738000000000001,1.8738000000000001,1.8737,1.8737,492900063
2025-12-17T08:00:00+00:00,1.8737,1.8738000000000001,1.8737,1.8738000000000001,616463216
2025-12-17T09:00:00+00:00,1.8738000000000001,1.8738000000000001,1.8737,1.8738000000000001,644420771
2025-12-17T10:00:00+00:00,1.8737,1.8738000000000001,1.8737,1.8738000000000001,384016560
2025-12-17T11:00:00+00:00,1.8738000000000001,1.8738000000000001,1.8737,1.8737,338827926
2025-12-17T12:00:00+00:00,1.8737,1.8738000000000001,1.8737,1.8738000000000001,689652912
2025-12-17T13:00:00+00:00,1.8737,1.8738000000000001,1.8737,1.8738000000000001,345108196
2025-12-17T14:00:00+00:00,1.8738000000000001,1.8738000000000001,1.8737,1.8737,479201316
2025-12-17T15:00:00+00:00,1.8737,1.8738000000000001,1.8737,1.8737,322496038
2025-12-17T16:00:00+00:00,1.8738000000000001,1.8738000000000001,1.8737,1.8737,399697631
2025-12-17T17:00:00+00:00,1.8738000000000001,1.8738000000000001,1.8737,1.8738000000000001,199878197
2025-12-17T18:00:00+00:00,1.8738000000000001,1.8738000000000001,1.8737,1.8738000000000001,261912917
2025-12-17T19:00:00+00:00,1.8738000000000001,1.8738000000000001,1.8737,1.8738000000000001,503225817
2025-12-17T20:00:00+00:00,1.8738000000000001,1.8738000000000001,1.8737,1.8737,743584024
2025-12-18T03:00:00+00:00,1.8745,1.8745,1.8745,1.8745,1217605
2025-12-18T04:00:00+00:00,1.8745,1.8746,1.8745,1.8746,118022132
2025-12-18T05:00:00+00:00,1.8745,1.8746,1.8745,1.8745,84089728
2025-12-18T06:00:00+00:00,1.8746,1.8746,1.8745,1.8746,231767700
2025-12-18T07:00:00+00:00,1.8746,1.8746,1.8745,1.8746,2419995113
2025-12-18T08:00:00+00:00,1.8745,1.8746,1.8745,1.8746,1045732380
2025-12-18T09:00:00+00:00,1.8746,1.8746,1.8745,1.8745,315221624
2025-12-18T10:00:00+00:00,1.8746,1.8746,1.8745,1.8746,462206783
2025-12-18T11:00:00+00:00,1.8746,1.8746,1.8745,1.8746,520013156
2025-12-18T12:00:00+00:00,1.8746,1.8746,1.8745,1.8746,669683616
2025-12-18T13:00:00+00:00,1.8746,1.8746,1.8745,1.8746,363989752
2025-12-18T14:00:00+00:00,1.8745,1.8746,1.8745,1.8746,900324545
2025-12-18T15:00:00+00:00,1.8746,1.8746,1.8745,1.8746,496913894
2025-12-18T16:00:00+00:00,1.8746,1.8746,1.8745,1.8745,605333676
2025-12-18T17:00:00+00:00,1.8746,1.8746,1.8745,1.8745,323589287
2025-12-18T18:00:00+00:00,1.8745,1.8746,1.8745,1.8746,419429937
2025-12-18T19:00:00+00:00,1.8746,1.8746,1.8745,1.8746,169281236
2025-12-18T20:00:00+00:00,1.8745,1.8746,1.8745,1.8745,298170193
2025-12-19T03:00:00+00:00,1.8768,1.8768,1.8768,1.8768,824768
2025-12-19T04:00:00+00:00,1.8769,1.8769,1.8768,1.8768,308745116
2025-12-19T05:00:00+00:00,1.8769,1.8769,1.8768,1.8769,129486868
2025-12-19T06:00:00+00:00,1.8768,1.8769,1.8768,1.8769,179149423
2025-12-19T07:00:00+00:00,1.8769,1.8769,1.8768,1.8769,555670416
2025-12-19T08:00:00+00:00,1.8769,1.8769,1.8768,1.8769,375132282
2025-12-19T09:00:00+00:00,1.8769,1.8769,1.8768,1.8769,483536046
2025-12-19T10:00:00+00:00,1.8769,1.8769,1.8768,1.8769,541040064
2025-12-19T11:00:00+00:00,1.8768,1.8769,1.8768,1.8769,446467694
2025-12-19T12:00:00+00:00,1.8769,1.8769,1.8768,1.8769,552593919
2025-12-19T13:00:00+00:00,1.8768,1.8769,1.8768,1.8769,3609733299
2025-12-19T14:00:00+00:00,1.8769,1.8769,1.8768,1.8769,1134579690
2025-12-19T15:00:00+00:00,1.8769,1.8769,1.8768,1.8769,428196573
2025-12-19T16:00:00+00:00,1.8769,1.8769,1.8768,1.8769,446479551
2025-12-19T17:00:00+00:00,1.8769,1.8769,1.8768,1.8769,333815400
2025-12-19T18:00:00+00:00,1.8768,1.8769,1.8768,1.8769,192900148
2025-12-19T19:00:00+00:00,1.8769,1.8769,1.8768,1.8768,172994386
2025-12-19T20:00:00+00:00,1.8769,1.8769,1.8768,1.8768,241866309
2025-12-20T06:00:00+00:00,1.8776000000000002,1.8776000000000002,1.8776000000000002,1.8776000000000002,1754125
2025-12-20T07:00:00+00:00,1.8776000000000002,1.8777,1.8776000000000002,1.8777,30243827
2025-12-20T08:00:00+00:00,1.8777,1.8777,1.8776000000000002,1.8777,30592386
2025-12-20T09:00:00+00:00,1.8777,1.8777,1.8776000000000002,1.8777,18324019
2025-12-20T10:00:00+00:00,1.8777,1.8777,1.8776000000000002,1.8777,16058669
2025-12-20T11:00:00+00:00,1.8777,1.8777,1.8776000000000002,1.8777,8365784
2025-12-20T12:00:00+00:00,1.8777,1.8777,1.8776000000000002,1.8776000000000002,7332643
2025-12-20T13:00:00+00:00,1.8777,1.8777,1.8776000000000002,1.8776000000000002,15259081
2025-12-20T14:00:00+00:00,1.8776000000000002,1.8777,1.8776000000000002,1.8777,7462100
2025-12-20T15:00:00+00:00,1.8776000000000002,1.8777,1.8776000000000002,1.8777,20424117
2025-12-21T06:00:00+00:00,1.8777,1.8777,1.8777,1.8777,781626
2025-12-21T07:00:00+00:00,1.8777,1.8777,1.8776000000000002,1.8777,17799480
2025-12-21T08:00:00+00:00,1.8777,1.8777,1.8776000000000002,1.8777,9315183
2025-12-21T09:00:00+00:00,1.8777,1.8777,1.8776000000000002,1.8777,92473747
2025-12-21T10:00:00+00:00,1.8776000000000002,1.8777,1.8776000000000002,1.8777,13243634
2025-12-21T11:00:00+00:00,1.8777,1.8777,1.8776000000000002,1.8777,7302905
2025-12-21T12:00:00+00:00,1.8777,1.8777,1.8776000000000002,1.8777,6470452
2025-12-21T13:00:00+00:00,1.8777,1.8777,1.8776000000000002,1.8776000000000002,19754858
2025-12-21T14:00:00+00:00,1.8777,1.8777,1.8776000000000002,1.8777,8240239
2025-12-21T15:00:00+00:00,1.8777,1.8777,1.8776000000000002,1.8776000000000002,10873414
2025-12-22T04:00:00+00:00,1.8776000000000002,1.8777,1.8776000000000002,1.8777,6108520
2025-12-22T05:00:00+00:00,1.8776000000000002,1.8777,1.8776000000000002,1.8777,3973321
2025-12-22T06:00:00+00:00,1.8777,1.8777,1.8776000000000002,1.8776000000000002,26825947
2025-12-22T07:00:00+00:00,1.8777,1.8777,1.8776000000000002,1.8777,81389092
2025-12-22T08:00:00+00:00,1.8777,1.8777,1.8776000000000002,1.8777,58374568
2025-12-22T09:00:00+00:00,1.8777,1.8777,1.8776000000000002,1.8777,45815210
2025-12-22T10:00:00+00:00,1.8777,1.8777,1.8776000000000002,1.8776000000000002,101078154
2025-12-22T11:00:00+00:00,1.8776000000000002,1.8777,1.8776000000000002,1.8777,39210287
2025-12-22T12:00:00+00:00,1.8777,1.8777,1.8776000000000002,1.8777,20116042
2025-12-22T13:00:00+00:00,1.8776000000000002,1.8778000000000001,1.8775,1.8777,25670573
2025-12-22T14:00:00+00:00,1.8777,1.8777,1.8776000000000002,1.8777,25472018
2025-12-22T15:00:00+00:00,1.8776000000000002,1.8777,1.8776000000000002,1.8777,36160439
2025-12-22T16:00:00+00:00,1.8776000000000002,1.8777,1.8776000000000002,1.8777,46242569
2025-12-22T17:00:00+00:00,1.8776000000000002,1.8777,1.8776000000000002,1.8777,17952235
2025-12-22T18:00:00+00:00,1.8776000000000002,1.8777,1.8776000000000002,1.8777,17025133
2025-12-22T19:00:00+00:00,1.8777,1.8777,1.8776000000000002,1.8776000000000002,15489733
2025-12-22T20:00:00+00:00,1.8777,1.8777,1.8776000000000002,1.8777,17490450
2025-12-23T04:00:00+00:00,1.8784999999999998,1.8784999999999998,1.8784,1.8784999999999998,13459555
2025-12-23T05:00:00+00:00,1.8784,1.8784999999999998,1.8784,1.8784,12651470
2025-12-23T06:00:00+00:00,1.8784,1.8784999999999998,1.8784,1.8784,12751973
2025-12-23T07:00:00+00:00,1.8784999999999998,1.8784999999999998,1.8784,1.8784999999999998,55342092
2025-12-23T08:00:00+00:00,1.8784999999999998,1.8784999999999998,1.8784,1.8784999999999998,37827428
2025-12-23T09:00:00+00:00,1.8784999999999998,1.8784999999999998,1.8784,1.8784999999999998,33954278
2025-12-23T10:00:00+00:00,1.8784999999999998,1.8784999999999998,1.8784,1.8784999999999998,87530540
2025-12-23T11:00:00+00:00,1.8784999999999998,1.8784999999999998,1.8784,1.8784999999999998,27391870
2025-12-23T12:00:00+00:00,1.8784999999999998,1.8784999999999998,1.8784,1.8784,31951436
2025-12-23T13:00:00+00:00,1.8784999999999998,1.8784999999999998,1.8784,1.8784999999999998,18062113
2025-12-23T14:00:00+00:00,1.8784999999999998,1.8784999999999998,1.8784,1.8784999999999998,29956968
2025-12-23T15:00:00+00:00,1.8784999999999998,1.8784999999999998,1.8784,1.8784999999999998,39376808
2025-12-23T16:00:00+00:00,1.8784,1.8784999999999998,1.8784,1.8784999999999998,12348289
2025-12-23T17:00:00+00:00,1.8784999999999998,1.8784999999999998,1.8784,1.8784999999999998,103183664
2025-12-23T18:00:00+00:00,1.8784999999999998,1.8784999999999998,1.8784,1.8784999999999998,29110908
2025-12-23T19:00:00+00:00,1.8784999999999998,1.8784999999999998,1.8784,1.8784,180845798
2025-12-23T20:00:00+00:00,1.8784,1.8784999999999998,1.8784,1.8784999999999998,11116340
2025-12-24T04:00:00+00:00,1.8793,1.8793,1.8792,1.8793,7337977
2025-12-24T05:00:00+00:00,1.8792,1.8793,1.8792,1.8793,4996822
2025-12-24T06:00:00+00:00,1.8793,1.8793,1.8792,1.8793,18128018
2025-12-24T07:00:00+00:00,1.8793,1.8793,1.8792,1.8792,42423160
2025-12-24T08:00:00+00:00,1.8793,1.8793,1.8792,1.8793,27025879
2025-12-24T09:00:00+00:00,1.8793,1.8793,1.8792,1.8793,21489662
2025-12-24T10:00:00+00:00,1.8793,1.8793,1.8792,1.8793,104901135
2025-12-24T11:00:00+00:00,1.8793,1.8793,1.8792,1.8793,115287673
2025-12-24T12:00:00+00:00,1.8792,1.8793,1.8792,1.8793,81250912
2025-12-24T13:00:00+00:00,1.8792,1.8793,1.8792,1.8793,22432269
2025-12-24T14:00:00+00:00,1.8793,1.8793,1.8792,1.8793,33915110
2025-12-24T15:00:00+00:00,1.8793,1.8793,1.8792,1.8792,38477700
2025-12-24T16:00:00+00:00,1.8793,1.8793,1.8792,1.8793,31246873
2025-12-24T17:00:00+00:00,1.8792,1.8793,1.8792,1.8793,26115893
2025-12-24T18:00:00+00:00,1.8793,1.8793,1.8792,1.8793,28326085
2025-12-24T19:00:00+00:00,1.8792,1.8793,1.8792,1.8793,31050679
2025-12-24T20:00:00+00:00,1.8793,1.8793,1.8792,1.8792,12852906
2025-12-25T04:00:00+00:00,1.88,1.8801,1.88,1.8801,5671235
2025-12-25T05:00:00+00:00,1.8801,1.8801,1.88,1.8801,5459375
2025-12-25T06:00:00+00:00,1.8801,1.8801,1.88,1.8801,20266575
2025-12-25T07:00:00+00:00,1.88,1.8801,1.88,1.88,30663800
2025-12-25T08:00:00+00:00,1.8801,1.8801,1.88,1.8801,34216237
2025-12-25T09:00:00+00:00,1.8801,1.8801,1.88,1.8801,62501229
2025-12-25T10:00:00+00:00,1.8801,1.8801,1.88,1.8801,57752099
2025-12-25T11:00:00+00:00,1.8801,1.8801,1.88,1.8801,47257876
2025-12-25T12:00:00+00:00,1.8801,1.8801,1.88,1.8801,41908380
2025-12-25T13:00:00+00:00,1.8801,1.8801,1.88,1.8801,154718806
2025-12-25T14:00:00+00:00,1.8801,1.8801,1.88,1.88,64668307
2025-12-25T15:00:00+00:00,1.8801,1.8801,1.88,1.8801,65503553
2025-12-25T16:00:00+00:00,1.8801,1.8801,1.88,1.8801,25021112
2025-12-25T17:00:00+00:00,1.8801,1.8801,1.88,1.8801,34855001
2025-12-25T18:00:00+00:00,1.8801,1.8801,1.88,1.8801,30546613
2025-12-25T19:00:00+00:00,1.8801,1.8801,1.88,1.8801,14899525
2025-12-25T20:00:00+00:00,1.8801,1.8801,1.88,1.88,33496854
2025-12-26T04:00:00+00:00,1.8824999999999998,1.8824999999999998,1.8824,1.8824999999999998,8344860
2025-12-26T05:00:00+00:00,1.8824999999999998,1.8824999999999998,1.8824,1.8824999999999998,23404759
2025-12-26T06:00:00+00:00,1.8824,1.8824999999999998,1.8824,1.8824,39961041
2025-12-26T07:00:00+00:00,1.8824,1.8824999999999998,1.8824,1.8824999999999998,78862014
2025-12-26T08:00:00+00:00,1.8824999999999998,1.8824999999999998,1.8824,1.8824999999999998,37249082
2025-12-26T09:00:00+00:00,1.8824999999999998,1.8824999999999998,1.8824,1.8824999999999998,63837792
2025-12-26T10:00:00+00:00,1.8824,1.8824999999999998,1.8824,1.8824999999999998,110819637
2025-12-26T11:00:00+00:00,1.8824999999999998,1.8824999999999998,1.8824,1.8824,33852043
2025-12-26T12:00:00+00:00,1.8824999999999998,1.8824999999999998,1.8824,1.8824999999999998,89339009
2025-12-26T13:00:00+00:00,1.8824999999999998,1.8824999999999998,1.8824,1.8824,44093785
2025-12-26T14:00:00+00:00,1.8824999999999998,1.8824999999999998,1.8824,1.8824999999999998,60885269
2025-12-26T15:00:00+00:00,1.8824999999999998,1.8824999999999998,1.8824,1.8824999999999998,48826804
2025-12-26T16:00:00+00:00,1.8824999999999998,1.8824999999999998,1.8824,1.8824,80135671
2025-12-26T17:00:00+00:00,1.8824999999999998,1.8824999999999998,1.8824,1.8824,26782350
2025-12-26T18:00:00+00:00,1.8824999999999998,1.8824999999999998,1.8824,1.8824,87486695
2025-12-26T19:00:00+00:00,1.8824999999999998,1.8824999999999998,1.8824,1.8824,34107057
2025-12-26T20:00:00+00:00,1.8824999999999998,1.8824999999999998,1.8824,1.8824999999999998,88584927
2025-12-27T07:00:00+00:00,1.8832,1.8833,1.8832,1.8833,17088576
2025-12-27T08:00:00+00:00,1.8832,1.8833,1.8832,1.8833,11254978
2025-12-27T09:00:00+00:00,1.8832,1.8833,1.8832,1.8833,19496679
2025-12-27T10:00:00+00:00,1.8833,1.8833,1.8832,1.8833,11913741
2025-12-27T11:00:00+00:00,1.8832,1.8833,1.8832,1.8833,11639838
2025-12-27T12:00:00+00:00,1.8833,1.8833,1.8832,1.8832,4706459
2025-12-27T13:00:00+00:00,1.8833,1.8833,1.8832,1.8833,8602623
2025-12-27T14:00:00+00:00,1.8833,1.8833,1.8832,1.8833,8222102
2025-12-27T15:00:00+00:00,1.8833,1.8833,1.8832,1.8833,5955518
2025-12-27T16:00:00+00:00,1.8833,1.8833,1.8832,1.8832,5301875
2025-12-27T17:00:00+00:00,1.8832,1.8833,1.8832,1.8832,3837648
2025-12-27T18:00:00+00:00,1.8833,1.8833,1.8832,1.8833,3129469
2025-12-27T19:00:00+00:00,1.8832,1.8833,1.8832,1.8833,5344047
2025-12-27T20:00:00+00:00,1.8833,1.8833,1.8832,1.8833,1329339
2025-12-28T07:00:00+00:00,1.8833,1.8833,1.8832,1.8832,6445287
2025-12-28T08:00:00+00:00,1.8833,1.8833,1.8832,1.8833,11960076
2025-12-28T09:00:00+00:00,1.8833,1.8833,1.8832,1.8833,9287792
2025-12-28T10:00:00+00:00,1.8833,1.8833,1.8832,1.8832,6788647
2025-12-28T11:00:00+00:00,1.8832,1.8833,1.8832,1.8833,9635015
2025-12-28T12:00:00+00:00,1.8833,1.8833,1.8832,1.8833,5459520
2025-12-28T13:00:00+00:00,1.8832,1.8833,1.8832,1.8832,4691491
2025-12-28T14:00:00+00:00,1.8832,1.8833,1.8832,1.8833,10688899
2025-12-28T15:00:00+00:00,1.8833,1.8833,1.8832,1.8833,7069602
2025-12-28T16:00:00+00:00,1.8833,1.8833,1.8832,1.8833,4240295
2025-12-28T17:00:00+00:00,1.8833,1.8833,1.8832,1.8833,7424651
2025-12-28T18:00:00+00:00,1.8833,1.8833,1.8832,1.8833,5850544
2025-12-28T19:00:00+00:00,1.8833,1.8833,1.8832,1.8833,5371642
2025-12-28T20:00:00+00:00,1.8832,1.8833,1.8832,1.8833,1566246
2025-12-29T04:00:00+00:00,1.8832,1.8833,1.8832,1.8833,20070769
2025-12-29T05:00:00+00:00,1.8833,1.8833,1.8832,1.8832,16531314
2025-12-29T06:00:00+00:00,1.8833,1.8833,1.8832,1.8833,22962229
2025-12-29T07:00:00+00:00,1.8833,1.8833,1.8832,1.8832,80570092
2025-12-29T08:00:00+00:00,1.8832,1.8833,1.8832,1.8833,132867845
2025-12-29T09:00:00+00:00,1.8832,1.8833,1.8832,1.8832,119685275
2025-12-29T10:00:00+00:00,1.8833,1.8833,1.8832,1.8833,74018926
2025-12-29T11:00:00+00:00,1.8833,1.8833,1.8832,1.8833,84359390
2025-12-29T12:00:00+00:00,1.8833,1.8833,1.8832,1.8833,181176915
2025-12-29T13:00:00+00:00,1.8833,1.8833,1.8832,1.8832,103304608
2025-12-29T14:00:00+00:00,1.8833,1.8833,1.8832,1.8833,131524248
2025-12-29T15:00:00+00:00,1.8833,1.8833,1.8832,1.8833,228267957
2025-12-29T16:00:00+00:00,1.8833,1.8833,1.8832,1.8833,138975533
2025-12-29T17:00:00+00:00,1.8833,1.8833,1.8832,1.8833,122119222
2025-12-29T18:00:00+00:00,1.8833,1.8833,1.8832,1.8833,110438378
2025-12-29T19:00:00+00:00,1.8833,1.8833,1.8832,1.8833,481236586
2025-12-29T20:00:00+00:00,1.8833,1.8833,1.8832,1.8833,297246415
2025-12-30T04:00:00+00:00,1.8881000000000001,1.8881999999999999,1.8881000000000001,1.8881000000000001,529053317
2025-12-30T05:00:00+00:00,1.8881999999999999,1.8881999999999999,1.8881000000000001,1.8881999999999999,101113855
2025-12-30T06:00:00+00:00,1.8881999999999999,1.8881999999999999,1.8881000000000001,1.8881999999999999,365628546
2025-12-30T07:00:00+00:00,1.8881999999999999,1.8881999999999999,1.8881000000000001,1.8881999999999999,185072336
2025-12-30T08:00:00+00:00,1.8881999999999999,1.8881999999999999,1.8881000000000001,1.8881999999999999,93048235
2025-12-30T09:00:00+00:00,1.8881999999999999,1.8881999999999999,1.8881000000000001,1.8881999999999999,94058694
2025-12-30T10:00:00+00:00,1.8881999999999999,1.8881999999999999,1.8881000000000001,1.8881999999999999,70307591
2025-12-30T11:00:00+00:00,1.8881999999999999,1.8881999999999999,1.8881000000000001,1.8881999999999999,56135746
2025-12-30T12:00:00+00:00,1.8881999999999999,1.8881999999999999,1.8881000000000001,1.8881999999999999,68349100
2025-12-30T13:00:00+00:00,1.8881000000000001,1.8881999999999999,1.8881000000000001,1.8881999999999999,59406004
2025-12-30T14:00:00+00:00,1.8881999999999999,1.8881999999999999,1.8881000000000001,1.8881999999999999,50348721
2025-12-30T15:00:00+00:00,1.8881000000000001,1.8881999999999999,1.8881000000000001,1.8881999999999999,60026437
2025-12-30T16:00:00+00:00,1.8881999999999999,1.8881999999999999,1.8881000000000001,1.8881999999999999,71140704
2025-12-30T17:00:00+00:00,1.8881999999999999,1.8881999999999999,1.8881000000000001,1.8881000000000001,33379590
2025-12-30T18:00:00+00:00,1.8881999999999999,1.8881999999999999,1.8881000000000001,1.8881999999999999,34972132
2025-12-30T19:00:00+00:00,1.8881999999999999,1.8881999999999999,1.8881000000000001,1.8881999999999999,91702469
2025-12-30T20:00:00+00:00,1.8881999999999999,1.8881999999999999,1.8881000000000001,1.8881999999999999,33801804
2025-12-31T07:00:00+00:00,1.889,1.889,1.8889,1.889,40749681
2025-12-31T08:00:00+00:00,1.889,1.889,1.8889,1.889,24905617
2025-12-31T09:00:00+00:00,1.889,1.889,1.8889,1.889,17612706
2025-12-31T10:00:00+00:00,1.889,1.889,1.8889,1.889,27006697
2025-12-31T11:00:00+00:00,1.889,1.889,1.8889,1.889,8249827
2025-12-31T12:00:00+00:00,1.889,1.889,1.8889,1.889,9148766
2025-12-31T13:00:00+00:00,1.889,1.889,1.8889,1.8889,16815194
2025-12-31T14:00:00+00:00,1.889,1.889,1.8889,1.889,11901953
2025-12-31T15:00:00+00:00,1.8889,1.889,1.8889,1.889,10297626
2025-12-31T16:00:00+00:00,1.889,1.889,1.8889,1.889,9255435
2025-12-31T17:00:00+00:00,1.889,1.889,1.8889,1.889,3825005
2025-12-31T18:00:00+00:00,1.8889,1.889,1.8889,1.889,2073650
2025-12-31T19:00:00+00:00,1.889,1.889,1.8889,1.889,3278699
2025-12-31T20:00:00+00:00,1.889,1.889,1.8889,1.8889,7418086
2026-01-01T07:00:00+00:00,1.889,1.889,1.8889,1.8889,3412966
2026-01-01T08:00:00+00:00,1.8889,1.889,1.8889,1.8889,2221082
2026-01-01T09:00:00+00:00,1.889,1.889,1.8889,1.889,2533483
2026-01-01T10:00:00+00:00,1.8889,1.889,1.8889,1.889,3970389
2026-01-01T11:00:00+00:00,1.889,1.889,1.8889,1.889,1019939
2026-01-01T12:00:00+00:00,1.889,1.889,1.8889,1.889,4463289
2026-01-01T13:00:00+00:00,1.889,1.889,1.8889,1.889,3357156
2026-01-01T14:00:00+00:00,1.889,1.889,1.8889,1.8889,2717918
2026-01-01T15:00:00+00:00,1.889,1.889,1.8889,1.889,1543212
2026-01-01T16:00:00+00:00,1.8889,1.889,1.8889,1.889,1892900
2026-01-01T17:00:00+00:00,1.889,1.889,1.8889,1.889,1365753
2026-01-01T18:00:00+00:00,1.889,1.889,1.8889,1.889,1848290
2026-01-01T19:00:00+00:00,1.889,1.889,1.8889,1.889,626537
2026-01-01T20:00:00+00:00,1.8889,1.889,1.8889,1.889,1401131
2026-01-02T07:00:00+00:00,1.889,1.889,1.8889,1.889,7199261
2026-01-02T08:00:00+00:00,1.8889,1.889,1.8889,1.889,4545283
2026-01-02T09:00:00+00:00,1.889,1.889,1.8889,1.8889,5838433
2026-01-02T10:00:00+00:00,1.889,1.889,1.8889,1.889,5769341
2026-01-02T11:00:00+00:00,1.889,1.889,1.8889,1.889,2825377
2026-01-02T12:00:00+00:00,1.889,1.889,1.8889,1.889,4460117
2026-01-02T13:00:00+00:00,1.889,1.889,1.8889,1.889,3705337
2026-01-02T14:00:00+00:00,1.889,1.889,1.8889,1.889,3146604
2026-01-02T15:00:00+00:00,1.8889,1.889,1.8889,1.889,2379915
2026-01-02T16:00:00+00:00,1.889,1.889,1.8889,1.889,2339497
2026-01-02T17:00:00+00:00,1.889,1.889,1.8889,1.889,1694160
2026-01-02T18:00:00+00:00,1.889,1.889,1.8889,1.889,1259993
2026-01-02T19:00:00+00:00,1.889,1.889,1.8889,1.8889,2242720
2026-01-02T20:00:00+00:00,1.8889,1.889,1.8889,1.8889,476515
2026-01-03T07:00:00+00:00,1.889,1.889,1.8889,1.889,8701532
2026-01-03T08:00:00+00:00,1.889,1.889,1.8889,1.889,5210266
2026-01-03T09:00:00+00:00,1.889,1.889,1.8889,1.889,5103118
2026-01-03T10:00:00+00:00,1.889,1.889,1.8889,1.889,4806899
2026-01-03T11:00:00+00:00,1.889,1.889,1.8889,1.889,1945690
2026-01-03T12:00:00+00:00,1.8889,1.889,1.8889,1.8889,2134916
2026-01-03T13:00:00+00:00,1.8889,1.889,1.8889,1.889,2187881
2026-01-03T14:00:00+00:00,1.8889,1.889,1.8889,1.889,5297547
2026-01-03T15:00:00+00:00,1.889,1.889,1.8889,1.889,4386827
2026-01-03T16:00:00+00:00,1.8889,1.889,1.8889,1.889,21029709
2026-01-03T17:00:00+00:00,1.889,1.889,1.8889,1.889,918558
2026-01-03T18:00:00+00:00,1.8889,1.889,1.8889,1.889,1602255
2026-01-03T19:00:00+00:00,1.889,1.889,1.8889,1.889,2628617
2026-01-03T20:00:00+00:00,1.889,1.889,1.8889,1.889,1196489
2026-01-04T07:00:00+00:00,1.889,1.889,1.8889,1.8889,3396615
2026-01-04T08:00:00+00:00,1.889,1.889,1.8889,1.889,3267815
2026-01-04T09:00:00+00:00,1.889,1.889,1.8889,1.889,2621134
2026-01-04T10:00:00+00:00,1.889,1.889,1.8889,1.8889,2727252
2026-01-04T11:00:00+00:00,1.8889,1.889,1.8889,1.8889,1710398
2026-01-04T12:00:00+00:00,1.889,1.889,1.8889,1.889,3964096
2026-01-04T13:00:00+00:00,1.889,1.889,1.8889,1.889,2431329
2026-01-04T14:00:00+00:00,1.8889,1.889,1.8889,1.8889,2373135
2026-01-04T15:00:00+00:00,1.8889,1.889,1.8889,1.8889,1766444
2026-01-04T16:00:00+00:00,1.889,1.889,1.8889,1.889,4050021
2026-01-04T17:00:00+00:00,1.8889,1.889,1.8889,1.8889,11583872
2026-01-04T18:00:00+00:00,1.889,1.889,1.8889,1.889,1591690
2026-01-04T19:00:00+00:00,1.889,1.889,1.8889,1.889,1850549
2026-01-04T20:00:00+00:00,1.889,1.889,1.8889,1.889,1730670
2026-01-05T04:00:00+00:00,1.889,1.889,1.8889,1.889,41749877
2026-01-05T05:00:00+00:00,1.889,1.889,1.8889,1.889,7277197
2026-01-05T06:00:00+00:00,1.889,1.889,1.8889,1.889,55720883
2026-01-05T07:00:00+00:00,1.889,1.889,1.8889,1.8889,38524129
2026-01-05T08:00:00+00:00,1.8889,1.889,1.8889,1.889,18081143
2026-01-05T09:00:00+00:00,1.889,1.889,1.8889,1.889,29516473
2026-01-05T10:00:00+00:00,1.889,1.889,1.8889,1.8889,52208223
2026-01-05T11:00:00+00:00,1.8889,1.889,1.8889,1.889,21106714
2026-01-05T12:00:00+00:00,1.889,1.889,1.8889,1.889,12683898
2026-01-05T13:00:00+00:00,1.8889,1.889,1.8889,1.889,20634455
2026-01-05T14:00:00+00:00,1.889,1.889,1.8889,1.889,11143314
2026-01-05T15:00:00+00:00,1.889,1.889,1.8889,1.889,12893873
2026-01-05T16:00:00+00:00,1.889,1.889,1.8889,1.889,72261576
2026-01-05T17:00:00+00:00,1.8889,1.889,1.8889,1.8889,8212265
2026-01-05T18:00:00+00:00,1.889,1.889,1.8889,1.889,23653463
2026-01-05T19:00:00+00:00,1.889,1.889,1.8889,1.889,24167910
2026-01-05T20:00:00+00:00,1.889,1.889,1.8889,1.889,11168738
2026-01-06T04:00:00+00:00,1.8906,1.8906,1.8904999999999998,1.8904999999999998,4081849
2026-01-06T05:00:00+00:00,1.8906,1.8906,1.8904999999999998,1.8904999999999998,3701622
2026-01-06T06:00:00+00:00,1.8906,1.8906,1.8904999999999998,1.8906,6338558
2026-01-06T07:00:00+00:00,1.8906,1.8906,1.8904999999999998,1.8904999999999998,43770315
2026-01-06T08:00:00+00:00,1.8904999999999998,1.8906,1.8904999999999998,1.8906,18165385
2026-01-06T09:00:00+00:00,1.8906,1.8906,1.8904999999999998,1.8906,17226627
2026-01-06T10:00:00+00:00,1.8906,1.8906,1.8904999999999998,1.8904999999999998,43991368
2026-01-06T11:00:00+00:00,1.8906,1.8906,1.8904999999999998,1.8906,12449390
2026-01-06T12:00:00+00:00,1.8906,1.8906,1.8904999999999998,1.8904999999999998,10315106
2026-01-06T13:00:00+00:00,1.8904999999999998,1.8906,1.8904999999999998,1.8904999999999998,11114314
2026-01-06T14:00:00+00:00,1.8904999999999998,1.8906,1.8904999999999998,1.8906,11185090
2026-01-06T15:00:00+00:00,1.8906,1.8906,1.8904999999999998,1.8906,7596522
2026-01-06T16:00:00+00:00,1.8906,1.8906,1.8904999999999998,1.8904999999999998,66854055
2026-01-06T17:00:00+00:00,1.8904999999999998,1.8906,1.8904999999999998,1.8904999999999998,14957576
2026-01-06T18:00:00+00:00,1.8904999999999998,1.8906,1.8904999999999998,1.8906,13995925
2026-01-06T19:00:00+00:00,1.8904999999999998,1.8906,1.8904999999999998,1.8906,5756394
2026-01-06T20:00:00+00:00,1.8904999999999998,1.8906,1.8904999999999998,1.8904999999999998,34454399
2026-01-07T07:00:00+00:00,1.8914,1.8914,1.8913,1.8913,11148868
2026-01-07T08:00:00+00:00,1.8914,1.8914,1.8913,1.8914,3708559
2026-01-07T09:00:00+00:00,1.8914,1.8914,1.8913,1.8914,6349002
2026-01-07T10:00:00+00:00,1.8914,1.8914,1.8913,1.8914,6028238
2026-01-07T11:00:00+00:00,1.8913,1.8914,1.8913,1.8914,5356209
2026-01-07T12:00:00+00:00,1.8914,1.8914,1.8913,1.8913,3485150
2026-01-07T13:00:00+00:00,1.8913,1.8914,1.8913,1.8914,3620888
2026-01-07T14:00:00+00:00,1.8914,1.8914,1.8913,1.8914,2965975
2026-01-07T15:00:00+00:00,1.8914,1.8914,1.8913,1.8914,11753413
2026-01-07T16:00:00+00:00,1.8914,1.8914,1.8913,1.8914,2052814
2026-01-07T17:00:00+00:00,1.8913,1.8914,1.8913,1.8914,1701675
2026-01-07T18:00:00+00:00,1.8914,1.8914,1.8913,1.8914,5706233
2026-01-07T19:00:00+00:00,1.8914,1.8914,1.8913,1.8914,2206448
2026-01-07T20:00:00+00:00,1.8914,1.8914,1.8913,1.8914,5037500
2026-01-08T04:00:00+00:00,1.8914,1.8914,1.8913,1.8913,20942399
2026-01-08T05:00:00+00:00,1.8914,1.8914,1.8913,1.8913,12378632
2026-01-08T06:00:00+00:00,1.8913,1.8914,1.8913,1.8914,20796390
2026-01-08T07:00:00+00:00,1.8913,1.8914,1.8913,1.8914,19571512
2026-01-08T08:00:00+00:00,1.8913,1.8914,1.8913,1.8914,29357408
2026-01-08T09:00:00+00:00,1.8914,1.8914,1.8913,1.8914,22259084
2026-01-08T10:00:00+00:00,1.8914,1.8914,1.8913,1.8914,18853299
2026-01-08T11:00:00+00:00,1.8914,1.8914,1.8913,1.8913,16568625
2026-01-08T12:00:00+00:00,1.8914,1.8914,1.8913,1.8914,12396270
2026-01-08T13:00:00+00:00,1.8913,1.8914,1.8913,1.8913,15065204
2026-01-08T14:00:00+00:00,1.8913,1.8914,1.8913,1.8914,10893798
2026-01-08T15:00:00+00:00,1.8914,1.8914,1.8913,1.8914,9799320
2026-01-08T16:00:00+00:00,1.8913,1.8914,1.8913,1.8913,11974419
2026-01-08T17:00:00+00:00,1.8913,1.8914,1.8913,1.8914,84647144
2026-01-08T18:00:00+00:00,1.8914,1.8914,1.8913,1.8913,5806071
2026-01-08T19:00:00+00:00,1.8913,1.8914,1.8913,1.8914,10866378
2026-01-08T20:00:00+00:00,1.8914,1.8914,1.8913,1.8914,5574133
2026-01-09T04:00:00+00:00,1.8938000000000001,1.8938000000000001,1.8937,1.8937,5494225
2026-01-09T05:00:00+00:00,1.8938000000000001,1.8938000000000001,1.8937,1.8937,3666831
2026-01-09T06:00:00+00:00,1.8938000000000001,1.8938000000000001,1.8937,1.8938000000000001,9930532
2026-01-09T07:00:00+00:00,1.8938000000000001,1.8938000000000001,1.8937,1.8938000000000001,27975572
2026-01-09T08:00:00+00:00,1.8938000000000001,1.8938000000000001,1.8937,1.8938000000000001,24105206
2026-01-09T09:00:00+00:00,1.8938000000000001,1.8938000000000001,1.8937,1.8938000000000001,14281827
2026-01-09T10:00:00+00:00,1.8938000000000001,1.8938000000000001,1.8937,1.8938000000000001,11838719
2026-01-09T11:00:00+00:00,1.8937,1.8938000000000001,1.8937,1.8937,57754884
2026-01-09T12:00:00+00:00,1.8937,1.8938000000000001,1.8937,1.8937,13361067
2026-01-09T13:00:00+00:00,1.8938000000000001,1.8938000000000001,1.8937,1.8938000000000001,12113216
2026-01-09T14:00:00+00:00,1.8937,1.8938000000000001,1.8937,1.8938000000000001,23306614
2026-01-09T15:00:00+00:00,1.8938000000000001,1.8938000000000001,1.8937,1.8937,13023504
2026-01-09T16:00:00+00:00,1.8937,1.8938000000000001,1.8937,1.8937,9502562
2026-01-09T17:00:00+00:00,1.8938000000000001,1.8938000000000001,1.8937,1.8938000000000001,19037478
2026-01-09T18:00:00+00:00,1.8938000000000001,1.8938000000000001,1.8937,1.8937,14224128
2026-01-09T19:00:00+00:00,1.8938000000000001,1.8938000000000001,1.8937,1.8937,10737705
2026-01-09T20:00:00+00:00,1.8938000000000001,1.8938000000000001,1.8937,1.8937,15697863
2026-01-10T07:00:00+00:00,1.8946,1.8946,1.8944999999999999,1.8946,5689968
2026-01-10T08:00:00+00:00,1.8946,1.8946,1.8944999999999999,1.8946,3397627
2026-01-10T09:00:00+00:00,1.8946,1.8946,1.8944999999999999,1.8944999999999999,3795248
2026-01-10T10:00:00+00:00,1.8946,1.8946,1.8944999999999999,1.8944999999999999,3419403
2026-01-10T11:00:00+00:00,1.8946,1.8946,1.8944999999999999,1.8946,5687810
2026-01-10T12:00:00+00:00,1.8946,1.8946,1.8944999999999999,1.8944999999999999,5766727
2026-01-10T13:00:00+00:00,1.8946,1.8946,1.8944999999999999,1.8946,3831632
2026-01-10T14:00:00+00:00,1.8946,1.8946,1.8944999999999999,1.8946,1675920
2026-01-10T15:00:00+00:00,1.8946,1.8946,1.8944999999999999,1.8944999999999999,4624156
2026-01-10T16:00:00+00:00,1.8946,1.8946,1.8944999999999999,1.8946,2638461
2026-01-10T17:00:00+00:00,1.8944999999999999,1.8946,1.8944999999999999,1.8946,3719342
2026-01-10T18:00:00+00:00,1.8944999999999999,1.8946,1.8944999999999999,1.8946,945054
2026-01-10T19:00:00+00:00,1.8946,1.8946,1.8944999999999999,1.8946,1379933
2026-01-10T20:00:00+00:00,1.8944999999999999,1.8946,1.8944999999999999,1.8946,2147369
2026-01-11T07:00:00+00:00,1.8946,1.8946,1.8944999999999999,1.8944999999999999,2171344
2026-01-11T08:00:00+00:00,1.8944999999999999,1.8946,1.8944999999999999,1.8946,4301325
2026-01-11T09:00:00+00:00,1.8944999999999999,1.8946,1.8944999999999999,1.8946,4069147
2026-01-11T10:00:00+00:00,1.8946,1.8946,1.8944999999999999,1.8946,4159844
2026-01-11T11:00:00+00:00,1.8946,1.8946,1.8944999999999999,1.8946,8716770
2026-01-11T12:00:00+00:00,1.8944999999999999,1.8946,1.8944999999999999,1.8946,3005009
2026-01-11T13:00:00+00:00,1.8946,1.8946,1.8944999999999999,1.8946,3618727
2026-01-11T14:00:00+00:00,1.8946,1.8946,1.8944999999999999,1.8946,2601544
2026-01-11T15:00:00+00:00,1.8944999999999999,1.8946,1.8944999999999999,1.8946,1511792
2026-01-11T16:00:00+00:00,1.8946,1.8946,1.8944999999999999,1.8944999999999999,1843910
2026-01-11T17:00:00+00:00,1.8946,1.8946,1.8944999999999999,1.8946,2447154
2026-01-11T18:00:00+00:00,1.8946,1.8946,1.8944999999999999,1.8946,1768105
2026-01-11T19:00:00+00:00,1.8946,1.8946,1.8944999999999999,1.8946,1344883
2026-01-11T20:00:00+00:00,1.8946,1.8946,1.8944999999999999,1.8946,2732126
2026-01-12T04:00:00+00:00,1.8946,1.8946,1.8944999999999999,1.8946,11818839
2026-01-12T05:00:00+00:00,1.8946,1.8946,1.8944999999999999,1.8944999999999999,7401652
2026-01-12T06:00:00+00:00,1.8946,1.8946,1.8944999999999999,1.8944999999999999,21941442
2026-01-12T07:00:00+00:00,1.8944999999999999,1.8946,1.8944999999999999,1.8944999999999999,59192349
2026-01-12T08:00:00+00:00,1.8946,1.8946,1.8944999999999999,1.8946,47363867
2026-01-12T09:00:00+00:00,1.8946,1.8946,1.8944999999999999,1.8946,119299977
2026-01-12T10:00:00+00:00,1.8946,1.8946,1.8944999999999999,1.8946,40755379
2026-01-12T11:00:00+00:00,1.8946,1.8946,1.8944999999999999,1.8946,25649635
2026-01-12T12:00:00+00:00,1.8946,1.8946,1.8944999999999999,1.8944999999999999,43210020
2026-01-12T13:00:00+00:00,1.8944999999999999,1.8946,1.8944999999999999,1.8944999999999999,38535156
2026-01-12T14:00:00+00:00,1.8946,1.8946,1.8944999999999999,1.8944999999999999,130410846
2026-01-12T15:00:00+00:00,1.8944999999999999,1.8946,1.8944999999999999,1.8946,76532963
2026-01-12T16:00:00+00:00,1.8946,1.8946,1.8944999999999999,1.8944999999999999,26922805
2026-01-12T17:00:00+00:00,1.8946,1.8946,1.8944999999999999,1.8946,20228189
2026-01-12T18:00:00+00:00,1.8946,1.8946,1.8944999999999999,1.8946,108956335
2026-01-12T19:00:00+00:00,1.8944999999999999,1.8946,1.8944999999999999,1.8946,27739177
2026-01-12T20:00:00+00:00,1.8946,1.8946,1.8944999999999999,1.8946,32697260
2026-01-13T04:00:00+00:00,1.8954,1.8954,1.8953,1.8954,5895976
2026-01-13T05:00:00+00:00,1.8954,1.8954,1.8953,1.8953,4732822
2026-01-13T06:00:00+00:00,1.8954,1.8954,1.8953,1.8954,17306243
2026-01-13T07:00:00+00:00,1.8953,1.8954,1.8953,1.8954,30084627
2026-01-13T08:00:00+00:00,1.8954,1.8954,1.8953,1.8954,24152305
2026-01-13T09:00:00+00:00,1.8954,1.8954,1.8953,1.8954,43106230
2026-01-13T10:00:00+00:00,1.8954,1.8954,1.8953,1.8953,85819054
2026-01-13T11:00:00+00:00,1.8954,1.8954,1.8953,1.8954,69043750
2026-01-13T12:00:00+00:00,1.8953,1.8954,1.8953,1.8953,22893780
2026-01-13T13:00:00+00:00,1.8953,1.8954,1.8953,1.8954,50907778
2026-01-13T14:00:00+00:00,1.8953,1.8954,1.8953,1.8954,27515674
2026-01-13T15:00:00+00:00,1.8954,1.8954,1.8953,1.8954,16099825
2026-01-13T16:00:00+00:00,1.8953,1.8954,1.8953,1.8953,29600852
2026-01-13T17:00:00+00:00,1.8954,1.8954,1.8953,1.8954,9816957
2026-01-13T18:00:00+00:00,1.8953,1.8954,1.8953,1.8953,13401394
2026-01-13T19:00:00+00:00,1.8953,1.8954,1.8953,1.8953,14787766
2026-01-13T20:00:00+00:00,1.8954,1.8954,1.8953,1.8953,127782879
2026-01-14T04:00:00+00:00,1.8963,1.8963,1.8961999999999999,1.8963,8511466
2026-01-14T05:00:00+00:00,1.8963,1.8963,1.8961999999999999,1.8961999999999999,8610088
2026-01-14T06:00:00+00:00,1.8963,1.8963,1.8961999999999999,1.8963,18724863
2026-01-14T07:00:00+00:00,1.8961999999999999,1.8963,1.8961999999999999,1.8963,76747710
2026-01-14T08:00:00+00:00,1.8963,1.8963,1.8961999999999999,1.8961999999999999,72770760
2026-01-14T09:00:00+00:00,1.8963,1.8963,1.8961999999999999,1.8963,24748244
2026-01-14T10:00:00+00:00,1.8963,1.8963,1.8961999999999999,1.8963,42845919
2026-01-14T11:00:00+00:00,1.8963,1.8963,1.8961999999999999,1.8963,25195328
2026-01-14T12:00:00+00:00,1.8963,1.8963,1.8961999999999999,1.8963,21786530
2026-01-14T13:00:00+00:00,1.8963,1.8963,1.8961999999999999,1.8961999999999999,94016946
2026-01-14T14:00:00+00:00,1.8963,1.8963,1.8961999999999999,1.8961999999999999,42453540
2026-01-14T15:00:00+00:00,1.8963,1.8963,1.8961999999999999,1.8963,18524359
2026-01-14T16:00:00+00:00,1.8963,1.8963,1.8961999999999999,1.8963,14412109
2026-01-14T17:00:00+00:00,1.8961999999999999,1.8963,1.8961999999999999,1.8963,52870942
2026-01-14T18:00:00+00:00,1.8963,1.8963,1.8961999999999999,1.8963,12459973
2026-01-14T19:00:00+00:00,1.8963,1.8963,1.8961999999999999,1.8963,9265455
2026-01-14T20:00:00+00:00,1.8961999999999999,1.8963,1.8961999999999999,1.8963,12846053
2026-01-15T04:00:00+00:00,1.897,1.8971,1.897,1.8971,9738077
2026-01-15T05:00:00+00:00,1.8971,1.8971,1.897,1.8971,4153088
2026-01-15T06:00:00+00:00,1.897,1.8971,1.897,1.897,16115073
2026-01-15T07:00:00+00:00,1.897,1.8971,1.897,1.8971,28637038
2026-01-15T08:00:00+00:00,1.897,1.8971,1.897,1.8971,53875027
2026-01-15T09:00:00+00:00,1.8971,1.8971,1.897,1.8971,14862204
2026-01-15T10:00:00+00:00,1.8971,1.8971,1.897,1.8971,87440924
2026-01-15T11:00:00+00:00,1.8971,1.8971,1.897,1.897,37495860
2026-01-15T12:00:00+00:00,1.8971,1.8971,1.897,1.8971,35194689
2026-01-15T13:00:00+00:00,1.8971,1.8971,1.897,1.8971,25749728
2026-01-15T14:00:00+00:00,1.8971,1.8971,1.897,1.8971,30637858
2026-01-15T15:00:00+00:00,1.897,1.8971,1.897,1.8971,71297151
2026-01-15T16:00:00+00:00,1.8971,1.8971,1.897,1.897,29566231
2026-01-15T17:00:00+00:00,1.8971,1.8971,1.897,1.897,38569493
2026-01-15T18:00:00+00:00,1.8971,1.8971,1.897,1.8971,18451383
2026-01-15T19:00:00+00:00,1.8971,1.8971,1.897,1.897,17710894
2026-01-15T20:00:00+00:00,1.897,1.8971,1.897,1.8971,29915138
2026-01-16T04:00:00+00:00,1.8994,1.8995,1.8994,1.8995,38560267
2026-01-16T05:00:00+00:00,1.8995,1.8995,1.8994,1.8994,13727413
2026-01-16T06:00:00+00:00,1.8994,1.8995,1.8994,1.8995,19706937
2026-01-16T07:00:00+00:00,1.8994,1.8995,1.8994,1.8995,88179546
2026-01-16T08:00:00+00:00,1.8994,1.8995,1.8994,1.8995,92528251
2026-01-16T09:00:00+00:00,1.8994,1.8995,1.8994,1.8995,22943367
2026-01-16T10:00:00+00:00,1.8995,1.8995,1.8994,1.8995,59029533
2026-01-16T11:00:00+00:00,1.8995,1.8995,1.8994,1.8995,21329365
2026-01-16T12:00:00+00:00,1.8995,1.8995,1.8994,1.8995,16954506
2026-01-16T13:00:00+00:00,1.8994,1.8995,1.8994,1.8995,53518019
2026-01-16T14:00:00+00:00,1.8994,1.8995,1.8994,1.8995,91386704
2026-01-16T15:00:00+00:00,1.8995,1.8995,1.8994,1.8995,18416723
2026-01-16T16:00:00+00:00,1.8995,1.8995,1.8994,1.8995,13031892
2026-01-16T17:00:00+00:00,1.8995,1.8995,1.8994,1.8995,9600812
2026-01-16T18:00:00+00:00,1.8995,1.8995,1.8994,1.8995,13918617
2026-01-16T19:00:00+00:00,1.8995,1.8995,1.8994,1.8995,9415660
2026-01-16T20:00:00+00:00,1.8995,1.8995,1.8994,1.8995,29207711
2026-01-17T07:00:00+00:00,1.9002,1.9003,1.9002,1.9003,9908082
2026-01-17T08:00:00+00:00,1.9003,1.9003,1.9002,1.9002,6332821
2026-01-17T09:00:00+00:00,1.9003,1.9003,1.9002,1.9002,4378247
2026-01-17T10:00:00+00:00,1.9003,1.9003,1.9002,1.9002,5615974
2026-01-17T11:00:00+00:00,1.9003,1.9003,1.9002,1.9003,5556977
2026-01-17T12:00:00+00:00,1.9003,1.9003,1.9002,1.9003,4335207
2026-01-17T13:00:00+00:00,1.9003,1.9003,1.9002,1.9003,3229725
2026-01-17T14:00:00+00:00,1.9003,1.9003,1.9002,1.9003,4951606
2026-01-17T15:00:00+00:00,1.9002,1.9003,1.9002,1.9003,4827131
2026-01-17T16:00:00+00:00,1.9002,1.9003,1.9002,1.9003,1518634
2026-01-17T17:00:00+00:00,1.9002,1.9003,1.9002,1.9002,1373306
2026-01-17T18:00:00+00:00,1.9002,1.9003,1.9002,1.9002,1311632
2026-01-17T19:00:00+00:00,1.9003,1.9003,1.9002,1.9003,1829567
2026-01-17T20:00:00+00:00,1.9003,1.9003,1.9002,1.9003,2003634
2026-01-18T07:00:00+00:00,1.9003,1.9003,1.9002,1.9003,9321461
2026-01-18T08:00:00+00:00,1.9003,1.9003,1.9002,1.9003,1729950
2026-01-18T09:00:00+00:00,1.9002,1.9003,1.9002,1.9002,7130233
2026-01-18T10:00:00+00:00,1.9003,1.9003,1.9002,1.9003,4024225
2026-01-18T11:00:00+00:00,1.9003,1.9003,1.9002,1.9002,9012497
2026-01-18T12:00:00+00:00,1.9002,1.9003,1.9002,1.9002,4688258
2026-01-18T13:00:00+00:00,1.9002,1.9003,1.9002,1.9002,4229234
2026-01-18T14:00:00+00:00,1.9002,1.9003,1.9002,1.9003,2569135
2026-01-18T15:00:00+00:00,1.9003,1.9003,1.9002,1.9003,2798869
2026-01-18T16:00:00+00:00,1.9003,1.9003,1.9002,1.9003,1372871
2026-01-18T17:00:00+00:00,1.9003,1.9003,1.9002,1.9002,2573265
2026-01-18T18:00:00+00:00,1.9002,1.9003,1.9002,1.9003,6617424
2026-01-18T19:00:00+00:00,1.9003,1.9003,1.9002,1.9003,1169032
2026-01-18T20:00:00+00:00,1.9003,1.9003,1.9002,1.9003,1238760
2026-01-19T04:00:00+00:00,1.9002,1.9003,1.9002,1.9002,10058516
2026-01-19T05:00:00+00:00,1.9003,1.9003,1.9002,1.9003,5123721
2026-01-19T06:00:00+00:00,1.9003,1.9003,1.9002,1.9003,18130921
2026-01-19T07:00:00+00:00,1.9003,1.9003,1.9002,1.9003,50682902
2026-01-19T08:00:00+00:00,1.9003,1.9003,1.9002,1.9003,34698386
2026-01-19T09:00:00+00:00,1.9003,1.9003,1.9002,1.9003,16890416
2026-01-19T10:00:00+00:00,1.9003,1.9003,1.9002,1.9003,20354689
2026-01-19T11:00:00+00:00,1.9002,1.9003,1.9002,1.9002,24349878
2026-01-19T12:00:00+00:00,1.9002,1.9003,1.9002,1.9003,25602792
2026-01-19T13:00:00+00:00,1.9003,1.9003,1.9002,1.9002,75387134
2026-01-19T14:00:00+00:00,1.9003,1.9003,1.9002,1.9002,42044742
2026-01-19T15:00:00+00:00,1.9003,1.9003,1.9002,1.9003,18081637
2026-01-19T16:00:00+00:00,1.9002,1.9003,1.9002,1.9002,104544407
2026-01-19T17:00:00+00:00,1.9002,1.9003,1.9002,1.9003,58068595
2026-01-19T18:00:00+00:00,1.9003,1.9003,1.9002,1.9003,36947207
2026-01-19T19:00:00+00:00,1.9003,1.9003,1.9002,1.9003,65342433
2026-01-19T20:00:00+00:00,1.9003,1.9003,1.9002,1.9003,21739902
2026-01-20T04:00:00+00:00,1.901,1.9011,1.901,1.9011,6486468
2026-01-20T05:00:00+00:00,1.9011,1.9011,1.901,1.901,7554143
2026-01-20T06:00:00+00:00,1.901,1.9011,1.901,1.9011,22525003
2026-01-20T07:00:00+00:00,1.9011,1.9011,1.901,1.9011,31026423
2026-01-20T08:00:00+00:00,1.9011,1.9011,1.901,1.9011,47485150
2026-01-20T09:00:00+00:00,1.9011,1.9011,1.901,1.901,24649207
2026-01-20T10:00:00+00:00,1.901,1.9011,1.901,1.9011,27576804
2026-01-20T11:00:00+00:00,1.9011,1.9011,1.901,1.901,18622252
2026-01-20T12:00:00+00:00,1.9011,1.9011,1.901,1.901,16690295
2026-01-20T13:00:00+00:00,1.9011,1.9011,1.901,1.9011,49241619
2026-01-20T14:00:00+00:00,1.9011,1.9011,1.901,1.9011,59128451
2026-01-20T15:00:00+00:00,1.9011,1.9011,1.901,1.9011,27954059
2026-01-20T16:00:00+00:00,1.9011,1.9011,1.901,1.9011,25312344
2026-01-20T17:00:00+00:00,1.9011,1.9011,1.901,1.9011,12294080
2026-01-20T18:00:00+00:00,1.9011,1.9011,1.901,1.9011,9755612
2026-01-20T19:00:00+00:00,1.9011,1.9011,1.901,1.9011,10032118
2026-01-20T20:00:00+00:00,1.9011,1.9011,1.901,1.9011,32466483
2026-01-21T04:00:00+00:00,1.9018000000000002,1.9020000000000001,1.9018000000000002,1.9020000000000001,161087849
2026-01-21T05:00:00+00:00,1.9020000000000001,1.9020000000000001,1.9019,1.9020000000000001,7027768
2026-01-21T06:00:00+00:00,1.9020000000000001,1.9020000000000001,1.9019,1.9020000000000001,14948448
2026-01-21T07:00:00+00:00,1.9019,1.9020000000000001,1.9019,1.9020000000000001,176549300
2026-01-21T08:00:00+00:00,1.9020000000000001,1.9020000000000001,1.9019,1.9020000000000001,31110627
2026-01-21T09:00:00+00:00,1.9020000000000001,1.9020000000000001,1.9019,1.9020000000000001,57639407
2026-01-21T10:00:00+00:00,1.9020000000000001,1.9020000000000001,1.9019,1.9020000000000001,34063530
2026-01-21T11:00:00+00:00,1.9020000000000001,1.9020000000000001,1.9019,1.9020000000000001,43907406
2026-01-21T12:00:00+00:00,1.9020000000000001,1.9020000000000001,1.9019,1.9020000000000001,28011652
2026-01-21T13:00:00+00:00,1.9020000000000001,1.9020000000000001,1.9019,1.9020000000000001,19779451
2026-01-21T14:00:00+00:00,1.9020000000000001,1.9020000000000001,1.9019,1.9020000000000001,25529925
2026-01-21T15:00:00+00:00,1.9020000000000001,1.9020000000000001,1.9019,1.9019,26072062
2026-01-21T16:00:00+00:00,1.9020000000000001,1.9020000000000001,1.9019,1.9020000000000001,62012163
2026-01-21T17:00:00+00:00,1.9020000000000001,1.9020000000000001,1.9019,1.9019,23111564
2026-01-21T18:00:00+00:00,1.9020000000000001,1.9020000000000001,1.9019,1.9020000000000001,24973439
2026-01-21T19:00:00+00:00,1.9019,1.9020000000000001,1.9019,1.9020000000000001,35995273
2026-01-21T20:00:00+00:00,1.9019,1.9020000000000001,1.9019,1.9019,53080667
2026-01-22T04:00:00+00:00,1.9026999999999998,1.9028,1.9026999999999998,1.9026999999999998,5551369
2026-01-22T05:00:00+00:00,1.9026999999999998,1.9028,1.9026999999999998,1.9026999999999998,28825760
2026-01-22T06:00:00+00:00,1.9028,1.9028,1.9026999999999998,1.9028,13954034
2026-01-22T07:00:00+00:00,1.9028,1.9028,1.9026999999999998,1.9028,34062699
2026-01-22T08:00:00+00:00,1.9026999999999998,1.9028,1.9026999999999998,1.9028,18572497
2026-01-22T09:00:00+00:00,1.9028,1.9028,1.9026999999999998,1.9028,24820260
2026-01-22T10:00:00+00:00,1.9028,1.9028,1.9026999999999998,1.9028,108163736
2026-01-22T11:00:00+00:00,1.9028,1.9028,1.9026999999999998,1.9028,45138304
2026-01-22T12:00:00+00:00,1.9028,1.9028,1.9026999999999998,1.9028,30784069
2026-01-22T13:00:00+00:00,1.9026999999999998,1.9028,1.9026999999999998,1.9028,22409974
2026-01-22T14:00:00+00:00,1.9028,1.9028,1.9026999999999998,1.9028,38245079
2026-01-22T15:00:00+00:00,1.9028,1.9028,1.9026999999999998,1.9028,25820508
2026-01-22T16:00:00+00:00,1.9028,1.9028,1.9026999999999998,1.9028,60086370
2026-01-22T17:00:00+00:00,1.9028,1.9028,1.9026999999999998,1.9028,17770965
2026-01-22T18:00:00+00:00,1.9028,1.9028,1.9026999999999998,1.9028,33557415
2026-01-22T19:00:00+00:00,1.9028,1.9028,1.9026999999999998,1.9028,28329636
2026-01-22T20:00:00+00:00,1.9028,1.9028,1.9026999999999998,1.9028,12677652
2026-01-23T04:00:00+00:00,1.9052,1.9052,1.9051,1.9052,11996017
2026-01-23T05:00:00+00:00,1.9051,1.9052,1.9051,1.9052,5083321
2026-01-23T06:00:00+00:00,1.9052,1.9052,1.9051,1.9052,14706244
2026-01-23T07:00:00+00:00,1.9052,1.9052,1.9051,1.9052,56313813
2026-01-23T08:00:00+00:00,1.9052,1.9052,1.9051,1.9052,24375030
2026-01-23T09:00:00+00:00,1.9052,1.9052,1.9051,1.9052,68333845
2026-01-23T10:00:00+00:00,1.9051,1.9052,1.9051,1.9052,71546524
2026-01-23T11:00:00+00:00,1.9052,1.9052,1.9051,1.9052,34208575
2026-01-23T12:00:00+00:00,1.9052,1.9052,1.9051,1.9052,28282961
2026-01-23T13:00:00+00:00,1.9052,1.9052,1.9051,1.9051,26471733
2026-01-23T14:00:00+00:00,1.9051,1.9052,1.9051,1.9052,42762914
2026-01-23T15:00:00+00:00,1.9052,1.9052,1.9051,1.9051,100779419
2026-01-23T16:00:00+00:00,1.9052,1.9052,1.9051,1.9052,16390747
2026-01-23T17:00:00+00:00,1.9052,1.9052,1.9051,1.9052,36256293
2026-01-23T18:00:00+00:00,1.9052,1.9052,1.9051,1.9051,47916480
2026-01-23T19:00:00+00:00,1.9052,1.9052,1.9051,1.9052,10383745
2026-01-23T20:00:00+00:00,1.9052,1.9052,1.9051,1.9051,18594484
2026-01-25T07:00:00+00:00,1.9059,1.9060000000000001,1.9059,1.9060000000000001,13318602
2026-01-25T08:00:00+00:00,1.9059,1.9060000000000001,1.9059,1.9060000000000001,6777565
2026-01-25T09:00:00+00:00,1.9060000000000001,1.9060000000000001,1.9059,1.9060000000000001,9008202
2026-01-25T10:00:00+00:00,1.9060000000000001,1.9060000000000001,1.9059,1.9060000000000001,5215966
2026-01-25T11:00:00+00:00,1.9060000000000001,1.9060000000000001,1.9059,1.9060000000000001,5068880
2026-01-25T12:00:00+00:00,1.9060000000000001,1.9060000000000001,1.9059,1.9060000000000001,27227908
2026-01-25T13:00:00+00:00,1.9060000000000001,1.9060000000000001,1.9059,1.9060000000000001,3660186
2026-01-25T14:00:00+00:00,1.9060000000000001,1.9060000000000001,1.9059,1.9060000000000001,3022957
2026-01-25T15:00:00+00:00,1.9060000000000001,1.9060000000000001,1.9059,1.9060000000000001,3248598
2026-01-25T16:00:00+00:00,1.9060000000000001,1.9060000000000001,1.9059,1.9060000000000001,2654543
2026-01-25T17:00:00+00:00,1.9060000000000001,1.9060000000000001,1.9059,1.9059,2587329
2026-01-25T18:00:00+00:00,1.9059,1.9060000000000001,1.9059,1.9060000000000001,1939469
2026-01-25T19:00:00+00:00,1.9060000000000001,1.9060000000000001,1.9059,1.9060000000000001,1084894
2026-01-25T20:00:00+00:00,1.9060000000000001,1.9060000000000001,1.9059,1.9060000000000001,1255125
2026-01-26T04:00:00+00:00,1.9060000000000001,1.9060000000000001,1.9059,1.9060000000000001,14073383
2026-01-26T05:00:00+00:00,1.9059,1.9060000000000001,1.9059,1.9060000000000001,9966802
2026-01-26T06:00:00+00:00,1.9060000000000001,1.9060000000000001,1.9059,1.9060000000000001,58799909
2026-01-26T07:00:00+00:00,1.9060000000000001,1.9060000000000001,1.9059,1.9059,44073552
2026-01-26T08:00:00+00:00,1.9060000000000001,1.9060000000000001,1.9059,1.9060000000000001,28003957
2026-01-26T09:00:00+00:00,1.9060000000000001,1.9060000000000001,1.9059,1.9060000000000001,100151727
2026-01-26T10:00:00+00:00,1.9060000000000001,1.9060000000000001,1.9059,1.9060000000000001,44166854
2026-01-26T11:00:00+00:00,1.9059,1.9060000000000001,1.9059,1.9060000000000001,108025186
2026-01-26T12:00:00+00:00,1.9060000000000001,1.9060000000000001,1.9059,1.9060000000000001,38174629
2026-01-26T13:00:00+00:00,1.9060000000000001,1.9060000000000001,1.9059,1.9059,55871186
2026-01-26T14:00:00+00:00,1.9059,1.9060000000000001,1.9059,1.9060000000000001,30415663
2026-01-26T15:00:00+00:00,1.9060000000000001,1.9060000000000001,1.9059,1.9060000000000001,31106663
2026-01-26T16:00:00+00:00,1.9060000000000001,1.9060000000000001,1.9059,1.9060000000000001,28883475
2026-01-26T17:00:00+00:00,1.9060000000000001,1.9060000000000001,1.9059,1.9060000000000001,157344262
2026-01-26T18:00:00+00:00,1.9059,1.9060000000000001,1.9059,1.9060000000000001,86076542
2026-01-26T19:00:00+00:00,1.9060000000000001,1.9060000000000001,1.9059,1.9060000000000001,19340335
2026-01-26T20:00:00+00:00,1.9060000000000001,1.9060000000000001,1.9059,1.9060000000000001,30366561
2026-01-27T04:00:00+00:00,1.9066999999999998,1.9068,1.9066999999999998,1.9068,6969244
2026-01-27T05:00:00+00:00,1.9068,1.9068,1.9066999999999998,1.9068,6217175
2026-01-27T06:00:00+00:00,1.9068,1.9068,1.9066999999999998,1.9068,17935859
2026-01-27T07:00:00+00:00,1.9068,1.9068,1.9066999999999998,1.9068,59041592
2026-01-27T08:00:00+00:00,1.9066999999999998,1.9068,1.9066999999999998,1.9068,50827403
2026-01-27T09:00:00+00:00,1.9068,1.9068,1.9066999999999998,1.9068,14776542
2026-01-27T10:00:00+00:00,1.9068,1.9068,1.9066999999999998,1.9068,30927108
2026-01-27T11:00:00+00:00,1.9068,1.9068,1.9066999999999998,1.9068,46701194
2026-01-27T12:00:00+00:00,1.9068,1.9068,1.9066999999999998,1.9068,34700770
2026-01-27T13:00:00+00:00,1.9068,1.9068,1.9066999999999998,1.9068,23599269
2026-01-27T14:00:00+00:00,1.9066999999999998,1.9068,1.9066999999999998,1.9066999999999998,37736158
2026-01-27T15:00:00+00:00,1.9068,1.9068,1.9066999999999998,1.9068,21955156
2026-01-27T16:00:00+00:00,1.9068,1.9068,1.9066999999999998,1.9068,24417977
2026-01-27T17:00:00+00:00,1.9066999999999998,1.9068,1.9066999999999998,1.9068,21077539
2026-01-27T18:00:00+00:00,1.9068,1.9068,1.9066999999999998,1.9066999999999998,22753252
2026-01-27T19:00:00+00:00,1.9068,1.9068,1.9066999999999998,1.9068,19649104
2026-01-27T20:00:00+00:00,1.9068,1.9068,1.9066999999999998,1.9068,35779918
2026-01-28T04:00:00+00:00,1.9076,1.9076,1.9075,1.9075,22097805
2026-01-28T05:00:00+00:00,1.9076,1.9076,1.9075,1.9076,11131852
2026-01-28T06:00:00+00:00,1.9076,1.9076,1.9075,1.9075,41741630
2026-01-28T07:00:00+00:00,1.9075,1.9076,1.9075,1.9075,47171057
2026-01-28T08:00:00+00:00,1.9075,1.9076,1.9075,1.9076,45336752
2026-01-28T09:00:00+00:00,1.9076,1.9076,1.9075,1.9076,23192366
2026-01-28T10:00:00+00:00,1.9075,1.9076,1.9075,1.9075,43871828
2026-01-28T11:00:00+00:00,1.9076,1.9076,1.9075,1.9076,13731496
2026-01-28T12:00:00+00:00,1.9076,1.9076,1.9075,1.9076,112834697
2026-01-28T13:00:00+00:00,1.9076,1.9076,1.9075,1.9076,70174344
2026-01-28T14:00:00+00:00,1.9076,1.9076,1.9075,1.9076,38808746
2026-01-28T15:00:00+00:00,1.9076,1.9076,1.9075,1.9076,33856883
2026-01-28T16:00:00+00:00,1.9076,1.9076,1.9075,1.9076,99738233
2026-01-28T17:00:00+00:00,1.9075,1.9076,1.9075,1.9076,45266331
2026-01-28T18:00:00+00:00,1.9076,1.9076,1.9075,1.9076,13654306
2026-01-28T19:00:00+00:00,1.9075,1.9076,1.9075,1.9076,42469628
2026-01-28T20:00:00+00:00,1.9075,1.9076,1.9075,1.9075,29536905
2026-01-29T04:00:00+00:00,1.9083,1.9083999999999999,1.9083,1.9083999999999999,7986429
2026-01-29T05:00:00+00:00,1.9083999999999999,1.9083999999999999,1.9083,1.9083,25292255
2026-01-29T06:00:00+00:00,1.9083999999999999,1.9083999999999999,1.9083,1.9083,33476094
2026-01-29T07:00:00+00:00,1.9083999999999999,1.9083999999999999,1.9083,1.9083,48031216
2026-01-29T08:00:00+00:00,1.9083999999999999,1.9083999999999999,1.9083,1.9083,31356315
2026-01-29T09:00:00+00:00,1.9083999999999999,1.9083999999999999,1.9083,1.9083,21113588
2026-01-29T10:00:00+00:00,1.9083999999999999,1.9083999999999999,1.9083,1.9083999999999999,60946340
2026-01-29T11:00:00+00:00,1.9083999999999999,1.9083999999999999,1.9083,1.9083999999999999,85219640
2026-01-29T12:00:00+00:00,1.9083999999999999,1.9083999999999999,1.9083,1.9083999999999999,45202603
2026-01-29T13:00:00+00:00,1.9083,1.9083999999999999,1.9083,1.9083999999999999,83490571
2026-01-29T14:00:00+00:00,1.9083,1.9083999999999999,1.9083,1.9083,36089367
2026-01-29T15:00:00+00:00,1.9083999999999999,1.9083999999999999,1.9083,1.9083999999999999,98024542
2026-01-29T16:00:00+00:00,1.9083999999999999,1.9083999999999999,1.9083,1.9083999999999999,81780302
2026-01-29T17:00:00+00:00,1.9083,1.9083999999999999,1.9083,1.9083,28533601
2026-01-29T18:00:00+00:00,1.9083999999999999,1.9083999999999999,1.9083,1.9083999999999999,18077073
2026-01-29T19:00:00+00:00,1.9083999999999999,1.9083999999999999,1.9083,1.9083,78905677
2026-01-29T20:00:00+00:00,1.9083,1.9083999999999999,1.9083,1.9083999999999999,147443425
2026-01-30T04:00:00+00:00,1.9106999999999998,1.9108,1.9106999999999998,1.9108,22958566
2026-01-30T05:00:00+00:00,1.9106999999999998,1.9108,1.9106999999999998,1.9106999999999998,21001461
2026-01-30T06:00:00+00:00,1.9108,1.9108,1.9106999999999998,1.9108,22887488
2026-01-30T07:00:00+00:00,1.9108,1.9108,1.9106999999999998,1.9108,51590597
2026-01-30T08:00:00+00:00,1.9108,1.9108,1.9106999999999998,1.9108,42469881
2026-01-30T09:00:00+00:00,1.9108,1.9108,1.9106999999999998,1.9106999999999998,62075422
2026-01-30T10:00:00+00:00,1.9108,1.9108,1.9106999999999998,1.9106999999999998,80907551
2026-01-30T11:00:00+00:00,1.9108,1.9108,1.9106999999999998,1.9108,46894369
2026-01-30T12:00:00+00:00,1.9108,1.9108,1.9106999999999998,1.9108,40957173
2026-01-30T13:00:00+00:00,1.9108,1.9108,1.9106999999999998,1.9108,29914268
2026-01-30T14:00:00+00:00,1.9108,1.9108,1.9106999999999998,1.9108,40433674
2026-01-30T15:00:00+00:00,1.9108,1.9108,1.9106999999999998,1.9106999999999998,88276011
2026-01-30T16:00:00+00:00,1.9108,1.9108,1.9106999999999998,1.9108,19038359
2026-01-30T17:00:00+00:00,1.9108,1.9108,1.9106999999999998,1.9106999999999998,206219813
2026-01-30T18:00:00+00:00,1.9108,1.9108,1.9106999999999998,1.9108,40824304
2026-01-30T19:00:00+00:00,1.9108,1.9108,1.9106999999999998,1.9108,17168519
2026-01-30T20:00:00+00:00,1.9108,1.9108,1.9106999999999998,1.9106999999999998,43328961
2026-01-31T07:00:00+00:00,1.9115,1.9116,1.9115,1.9116,10131509
2026-01-31T08:00:00+00:00,1.9116,1.9116,1.9115,1.9115,10769465
2026-01-31T09:00:00+00:00,1.9115,1.9116,1.9115,1.9116,5075337
2026-01-31T10:00:00+00:00,1.9115,1.9116,1.9115,1.9116,13440101
2026-01-31T11:00:00+00:00,1.9115,1.9116,1.9115,1.9116,3338741
2026-01-31T12:00:00+00:00,1.9115,1.9116,1.9115,1.9116,5935224
2026-01-31T13:00:00+00:00,1.9116,1.9116,1.9115,1.9116,3995273
2026-01-31T14:00:00+00:00,1.9116,1.9116,1.9115,1.9116,2959136
2026-01-31T15:00:00+00:00,1.9115,1.9116,1.9115,1.9116,4609913
2026-01-31T16:00:00+00:00,1.9116,1.9116,1.9115,1.9116,8990156
2026-01-31T17:00:00+00:00,1.9115,1.9116,1.9115,1.9116,2866816
2026-01-31T18:00:00+00:00,1.9116,1.9116,1.9115,1.9116,3250830
2026-01-31T19:00:00+00:00,1.9116,1.9116,1.9115,1.9116,2954497
2026-01-31T20:00:00+00:00,1.9116,1.9116,1.9115,1.9116,3326535
2026-02-01T07:00:00+00:00,1.9115,1.9116,1.9115,1.9115,6619454
2026-02-01T08:00:00+00:00,1.9115,1.9116,1.9115,1.9115,8962625
2026-02-01T09:00:00+00:00,1.9115,1.9116,1.9115,1.9116,8667982
2026-02-01T10:00:00+00:00,1.9115,1.9116,1.9115,1.9116,8227223
2026-02-01T11:00:00+00:00,1.9115,1.9116,1.9115,1.9116,5520229
2026-02-01T12:00:00+00:00,1.9115,1.9116,1.9115,1.9116,1954642
2026-02-01T13:00:00+00:00,1.9116,1.9116,1.9115,1.9116,3266454
2026-02-01T14:00:00+00:00,1.9116,1.9116,1.9115,1.9116,3462721
2026-02-01T15:00:00+00:00,1.9116,1.9116,1.9115,1.9115,3840885
2026-02-01T16:00:00+00:00,1.9116,1.9116,1.9115,1.9116,5104012
2026-02-01T17:00:00+00:00,1.9116,1.9116,1.9115,1.9116,3390825
2026-02-01T18:00:00+00:00,1.9115,1.9116,1.9115,1.9116,2224814
2026-02-01T19:00:00+00:00,1.9116,1.9116,1.9115,1.9116,2072528
2026-02-01T20:00:00+00:00,1.9116,1.9116,1.9115,1.9116,655992
2026-02-02T04:00:00+00:00,1.9116,1.9116,1.9115,1.9115,20751376
2026-02-02T05:00:00+00:00,1.9116,1.9116,1.9115,1.9116,3637560
2026-02-02T06:00:00+00:00,1.9116,1.9116,1.9115,1.9116,24701364
2026-02-02T07:00:00+00:00,1.9115,1.9116,1.9115,1.9116,57187667
2026-02-02T08:00:00+00:00,1.9116,1.9116,1.9115,1.9116,48858017
2026-02-02T09:00:00+00:00,1.9115,1.9116,1.9115,1.9116,64747482
2026-02-02T10:00:00+00:00,1.9116,1.9116,1.9115,1.9116,28701197
2026-02-02T11:00:00+00:00,1.9115,1.9116,1.9115,1.9115,27896050
2026-02-02T12:00:00+00:00,1.9116,1.9116,1.9115,1.9116,23030185
2026-02-02T13:00:00+00:00,1.9116,1.9116,1.9115,1.9116,13188725
2026-02-02T14:00:00+00:00,1.9116,1.9116,1.9115,1.9116,35008379
2026-02-02T15:00:00+00:00,1.9115,1.9116,1.9115,1.9115,46084927
2026-02-02T16:00:00+00:00,1.9116,1.9116,1.9115,1.9116,49250095
2026-02-02T17:00:00+00:00,1.9116,1.9116,1.9115,1.9116,16271808
2026-02-02T18:00:00+00:00,1.9116,1.9116,1.9115,1.9116,38233200
2026-02-02T19:00:00+00:00,1.9116,1.9116,1.9115,1.9116,35743170
2026-02-02T20:00:00+00:00,1.9115,1.9116,1.9115,1.9115,20578568
2026-02-03T04:00:00+00:00,1.9123999999999999,1.9123999999999999,1.9123,1.9123,10483825
2026-02-03T05:00:00+00:00,1.9123,1.9123999999999999,1.9123,1.9123999999999999,11662173
2026-02-03T06:00:00+00:00,1.9123999999999999,1.9123999999999999,1.9123,1.9123999999999999,19106160
2026-02-03T07:00:00+00:00,1.9123999999999999,1.9123999999999999,1.9123,1.9123,47969232
2026-02-03T08:00:00+00:00,1.9123999999999999,1.9123999999999999,1.9123,1.9123999999999999,25436430
2026-02-03T09:00:00+00:00,1.9123999999999999,1.9123999999999999,1.9123,1.9123999999999999,54764150
2026-02-03T10:00:00+00:00,1.9123,1.9123999999999999,1.9123,1.9123999999999999,30742765
2026-02-03T11:00:00+00:00,1.9123999999999999,1.9123999999999999,1.9123,1.9123,17725494
2026-02-03T12:00:00+00:00,1.9123999999999999,1.9123999999999999,1.9123,1.9123999999999999,46967120
2026-02-03T13:00:00+00:00,1.9123,1.9123999999999999,1.9123,1.9123999999999999,91534408
2026-02-03T14:00:00+00:00,1.9123999999999999,1.9123999999999999,1.9123,1.9123999999999999,27064616
2026-02-03T15:00:00+00:00,1.9123999999999999,1.9123999999999999,1.9123,1.9123,27670706
2026-02-03T16:00:00+00:00,1.9123999999999999,1.9123999999999999,1.9123,1.9123999999999999,46607251
2026-02-03T17:00:00+00:00,1.9123999999999999,1.9123999999999999,1.9123,1.9123,105197137
2026-02-03T18:00:00+00:00,1.9123999999999999,1.9123999999999999,1.9123,1.9123999999999999,72060264
2026-02-03T19:00:00+00:00,1.9123999999999999,1.9123999999999999,1.9123,1.9123999999999999,55391329
2026-02-03T20:00:00+00:00,1.9123999999999999,1.9123999999999999,1.9123,1.9123999999999999,136298165
2026-02-04T04:00:00+00:00,1.9131,1.9132,1.9131,1.9131,12279115
2026-02-04T05:00:00+00:00,1.9131,1.9132,1.9131,1.9132,14358730
2026-02-04T06:00:00+00:00,1.9132,1.9132,1.9131,1.9131,42956762
2026-02-04T07:00:00+00:00,1.9132,1.9132,1.9131,1.9131,37772556
2026-02-04T08:00:00+00:00,1.9131,1.9132,1.9131,1.9132,32029638
2026-02-04T09:00:00+00:00,1.9131,1.9132,1.9131,1.9131,44075830
2026-02-04T10:00:00+00:00,1.9132,1.9132,1.9131,1.9131,94803127
2026-02-04T11:00:00+00:00,1.9131,1.9132,1.9131,1.9132,26552358
2026-02-04T12:00:00+00:00,1.9131,1.9132,1.9131,1.9132,32218623
2026-02-04T13:00:00+00:00,1.9132,1.9132,1.9131,1.9132,18539761
2026-02-04T14:00:00+00:00,1.9132,1.9132,1.9131,1.9132,28403210
2026-02-04T15:00:00+00:00,1.9132,1.9132,1.9131,1.9132,111362268
2026-02-04T16:00:00+00:00,1.9132,1.9132,1.9131,1.9132,37503387
2026-02-04T17:00:00+00:00,1.9132,1.9132,1.9131,1.9131,47921699
2026-02-04T18:00:00+00:00,1.9131,1.9132,1.9131,1.9131,42044854
2026-02-04T19:00:00+00:00,1.9131,1.9132,1.9131,1.9132,21922137
2026-02-04T20:00:00+00:00,1.9132,1.9132,1.9131,1.9132,53232106
2026-02-05T04:00:00+00:00,1.9139,1.9140000000000001,1.9139,1.9139,25729932
2026-02-05T05:00:00+00:00,1.9140000000000001,1.9140000000000001,1.9139,1.9139,6406065
2026-02-05T06:00:00+00:00,1.9140000000000001,1.9140000000000001,1.9139,1.9140000000000001,20695571
2026-02-05T07:00:00+00:00,1.9140000000000001,1.9140000000000001,1.9139,1.9140000000000001,100066551
2026-02-05T08:00:00+00:00,1.9140000000000001,1.9140000000000001,1.9139,1.9140000000000001,30049954
2026-02-05T09:00:00+00:00,1.9140000000000001,1.9140000000000001,1.9139,1.9140000000000001,29192133
2026-02-05T10:00:00+00:00,1.9140000000000001,1.9140000000000001,1.9139,1.9139,80211917
2026-02-05T11:00:00+00:00,1.9140000000000001,1.9140000000000001,1.9139,1.9140000000000001,24534235
2026-02-05T12:00:00+00:00,1.9139,1.9140000000000001,1.9139,1.9139,30891364
2026-02-05T13:00:00+00:00,1.9140000000000001,1.9140000000000001,1.9139,1.9140000000000001,63556136
2026-02-05T14:00:00+00:00,1.9140000000000001,1.9140000000000001,1.9139,1.9140000000000001,21924732
2026-02-05T15:00:00+00:00,1.9140000000000001,1.9140000000000001,1.9139,1.9140000000000001,34720886
2026-02-05T16:00:00+00:00,1.9139,1.9140000000000001,1.9139,1.9140000000000001,27778563
2026-02-05T17:00:00+00:00,1.9140000000000001,1.9140000000000001,1.9139,1.9140000000000001,47186023
2026-02-05T18:00:00+00:00,1.9140000000000001,1.9140000000000001,1.9139,1.9139,23254692
2026-02-05T19:00:00+00:00,1.9140000000000001,1.9140000000000001,1.9139,1.9140000000000001,17629864
2026-02-05T20:00:00+00:00,1.9140000000000001,1.9140000000000001,1.9139,1.9140000000000001,17795063
2026-02-06T04:00:00+00:00,1.9163000000000001,1.9163999999999999,1.9163000000000001,1.9163999999999999,8055859
2026-02-06T05:00:00+00:00,1.9163999999999999,1.9163999999999999,1.9163000000000001,1.9163999999999999,8674955
2026-02-06T06:00:00+00:00,1.9163999999999999,1.9163999999999999,1.9163000000000001,1.9163000000000001,30700537
2026-02-06T07:00:00+00:00,1.9163999999999999,1.9163999999999999,1.9163000000000001,1.9163999999999999,29800335
2026-02-06T08:00:00+00:00,1.9163999999999999,1.9163999999999999,1.9163000000000001,1.9163999999999999,33390511
2026-02-06T09:00:00+00:00,1.9163999999999999,1.9163999999999999,1.9163000000000001,1.9163999999999999,26587385
2026-02-06T10:00:00+00:00,1.9163999999999999,1.9163999999999999,1.9163000000000001,1.9163999999999999,31520506
2026-02-06T11:00:00+00:00,1.9163999999999999,1.9163999999999999,1.9163000000000001,1.9163999999999999,110935864
2026-02-06T12:00:00+00:00,1.9163999999999999,1.9163999999999999,1.9163000000000001,1.9163999999999999,135561721
2026-02-06T13:00:00+00:00,1.9163000000000001,1.9163999999999999,1.9163000000000001,1.9163000000000001,29894036
2026-02-06T14:00:00+00:00,1.9163000000000001,1.9163999999999999,1.9163000000000001,1.9163000000000001,28833472
2026-02-06T15:00:00+00:00,1.9163999999999999,1.9163999999999999,1.9163000000000001,1.9163999999999999,29667676
2026-02-06T16:00:00+00:00,1.9163999999999999,1.9163999999999999,1.9163000000000001,1.9163999999999999,71651280
2026-02-06T17:00:00+00:00,1.9163999999999999,1.9163999999999999,1.9163000000000001,1.9163999999999999,44480228
2026-02-06T18:00:00+00:00,1.9163999999999999,1.9163999999999999,1.9163000000000001,1.9163000000000001,20183431
2026-02-06T19:00:00+00:00,1.9163000000000001,1.9163999999999999,1.9163000000000001,1.9163999999999999,18688568
2026-02-06T20:00:00+00:00,1.9163999999999999,1.9163999999999999,1.9163000000000001,1.9163999999999999,13945592
2026-02-07T07:00:00+00:00,1.9171,1.9172,1.9171,1.9172,9182950
2026-02-07T08:00:00+00:00,1.9171,1.9172,1.9171,1.9172,5662385
2026-02-07T09:00:00+00:00,1.9172,1.9172,1.9171,1.9171,6233348
2026-02-07T10:00:00+00:00,1.9171,1.9172,1.9171,1.9171,3671942
2026-02-07T11:00:00+00:00,1.9172,1.9172,1.9171,1.9172,7965917
2026-02-07T12:00:00+00:00,1.9172,1.9172,1.9171,1.9172,4465005
2026-02-07T13:00:00+00:00,1.9172,1.9172,1.9171,1.9172,9272111
2026-02-07T14:00:00+00:00,1.9171,1.9172,1.9171,1.9172,1948158
2026-02-07T15:00:00+00:00,1.9171,1.9172,1.9171,1.9172,3964228
2026-02-07T16:00:00+00:00,1.9172,1.9172,1.9171,1.9172,5113767
2026-02-07T17:00:00+00:00,1.9171,1.9172,1.9171,1.9172,2458091
2026-02-07T18:00:00+00:00,1.9172,1.9172,1.9171,1.9172,1935192
2026-02-07T19:00:00+00:00,1.9172,1.9172,1.9171,1.9172,635115
2026-02-07T20:00:00+00:00,1.9172,1.9172,1.9171,1.9172,1736820
2026-02-08T07:00:00+00:00,1.9172,1.9172,1.9171,1.9172,5111227
2026-02-08T08:00:00+00:00,1.9171,1.9172,1.9171,1.9172,6350228
2026-02-08T09:00:00+00:00,1.9172,1.9172,1.9171,1.9171,4736549
2026-02-08T10:00:00+00:00,1.9171,1.9172,1.9171,1.9172,2200346
2026-02-08T11:00:00+00:00,1.9171,1.9172,1.9171,1.9171,3702730
2026-02-08T12:00:00+00:00,1.9172,1.9172,1.9171,1.9172,2083339
2026-02-08T13:00:00+00:00,1.9172,1.9172,1.9171,1.9171,2397834
2026-02-08T14:00:00+00:00,1.9171,1.9172,1.9171,1.9171,2837675
2026-02-08T15:00:00+00:00,1.9172,1.9172,1.9171,1.9172,2575969
2026-02-08T16:00:00+00:00,1.9172,1.9172,1.9171,1.9172,2660386
2026-02-08T17:00:00+00:00,1.9171,1.9172,1.9171,1.9172,2607826
2026-02-08T18:00:00+00:00,1.9172,1.9172,1.9171,1.9171,2911595
2026-02-08T19:00:00+00:00,1.9172,1.9172,1.9171,1.9172,3756234
2026-02-08T20:00:00+00:00,1.9172,1.9172,1.9171,1.9171,1975793
2026-02-09T04:00:00+00:00,1.9171,1.9172,1.9171,1.9171,14912960
2026-02-09T05:00:00+00:00,1.9171,1.9172,1.9171,1.9172,6907677
2026-02-09T06:00:00+00:00,1.9172,1.9172,1.9171,1.9172,19936573
2026-02-09T07:00:00+00:00,1.9171,1.9172,1.9171,1.9172,36857334
2026-02-09T08:00:00+00:00,1.9172,1.9172,1.9171,1.9172,32482897
2026-02-09T09:00:00+00:00,1.9171,1.9172,1.9171,1.9172,79093217
2026-02-09T10:00:00+00:00,1.9172,1.9172,1.9171,1.9172,32182127
2026-02-09T11:00:00+00:00,1.9172,1.9172,1.9171,1.9172,48205450
2026-02-09T12:00:00+00:00,1.9172,1.9172,1.9171,1.9172,93236400
2026-02-09T13:00:00+00:00,1.9172,1.9172,1.9171,1.9172,48354576
2026-02-09T14:00:00+00:00,1.9171,1.9172,1.9171,1.9172,24291547
2026-02-09T15:00:00+00:00,1.9172,1.9172,1.9171,1.9171,17235068
2026-02-09T16:00:00+00:00,1.9172,1.9172,1.9171,1.9172,30055125
2026-02-09T17:00:00+00:00,1.9172,1.9172,1.9171,1.9172,25588877
2026-02-09T18:00:00+00:00,1.9172,1.9172,1.9171,1.9172,22627925
2026-02-09T19:00:00+00:00,1.9172,1.9172,1.9171,1.9172,18899995
2026-02-09T20:00:00+00:00,1.9172,1.9172,1.9171,1.9172,163877863
2026-02-10T04:00:00+00:00,1.9181,1.9181,1.9180000000000001,1.9181,8396431
2026-02-10T05:00:00+00:00,1.9181,1.9181,1.9180000000000001,1.9181,5635603
2026-02-10T06:00:00+00:00,1.9181,1.9181,1.9180000000000001,1.9181,21784745
2026-02-10T07:00:00+00:00,1.9180000000000001,1.9181,1.9180000000000001,1.9181,39801288
2026-02-10T08:00:00+00:00,1.9181,1.9181,1.9180000000000001,1.9180000000000001,66336365
2026-02-10T09:00:00+00:00,1.9181,1.9181,1.9180000000000001,1.9181,20018995
2026-02-10T10:00:00+00:00,1.9181,1.9181,1.9180000000000001,1.9180000000000001,55772286
2026-02-10T11:00:00+00:00,1.9181,1.9181,1.9180000000000001,1.9181,33492892
2026-02-10T12:00:00+00:00,1.9181,1.9181,1.9180000000000001,1.9181,107622984
2026-02-10T13:00:00+00:00,1.9181,1.9181,1.9180000000000001,1.9181,21389247
2026-02-10T14:00:00+00:00,1.9181,1.9181,1.9180000000000001,1.9180000000000001,19893871
2026-02-10T15:00:00+00:00,1.9181,1.9181,1.9180000000000001,1.9181,38732513
2026-02-10T16:00:00+00:00,1.9181,1.9181,1.9180000000000001,1.9181,29964191
2026-02-10T17:00:00+00:00,1.9181,1.9181,1.9180000000000001,1.9181,12586375
2026-02-10T18:00:00+00:00,1.9181,1.9181,1.9180000000000001,1.9181,31871667
2026-02-10T19:00:00+00:00,1.9181,1.9181,1.9180000000000001,1.9181,25786398
2026-02-10T20:00:00+00:00,1.9181,1.9181,1.9180000000000001,1.9181,26646932
2026-02-11T04:00:00+00:00,1.9188,1.9189,1.9188,1.9188,5636981
2026-02-11T05:00:00+00:00,1.9189,1.9189,1.9188,1.9189,6172488
2026-02-11T06:00:00+00:00,1.9189,1.9189,1.9188,1.9189,16205863
2026-02-11T07:00:00+00:00,1.9189,1.9189,1.9188,1.9189,24416206
2026-02-11T08:00:00+00:00,1.9189,1.9189,1.9188,1.9189,29027706
2026-02-11T09:00:00+00:00,1.9189,1.9189,1.9188,1.9189,28086265
2026-02-11T10:00:00+00:00,1.9189,1.9189,1.9188,1.9189,89512950
2026-02-11T11:00:00+00:00,1.9189,1.9189,1.9188,1.9189,98311756
2026-02-11T12:00:00+00:00,1.9188,1.9189,1.9188,1.9189,29827449
2026-02-11T13:00:00+00:00,1.9189,1.9189,1.9188,1.9189,104385951
2026-02-11T14:00:00+00:00,1.9188,1.9189,1.9188,1.9189,25561637
2026-02-11T15:00:00+00:00,1.9189,1.9189,1.9188,1.9189,10457709
2026-02-11T16:00:00+00:00,1.9189,1.9189,1.9188,1.9189,32544576
2026-02-11T17:00:00+00:00,1.9189,1.9189,1.9188,1.9188,18878128
2026-02-11T18:00:00+00:00,1.9189,1.9189,1.9188,1.9189,75535388
2026-02-11T19:00:00+00:00,1.9189,1.9189,1.9188,1.9189,19525898
2026-02-11T20:00:00+00:00,1.9189,1.9189,1.9188,1.9189,43552327
2026-02-12T04:00:00+00:00,1.9197,1.9197,1.9196,1.9197,11973131
2026-02-12T05:00:00+00:00,1.9196,1.9197,1.9196,1.9197,9568211
2026-02-12T06:00:00+00:00,1.9197,1.9197,1.9196,1.9197,9481460
2026-02-12T07:00:00+00:00,1.9197,1.9197,1.9196,1.9197,20139044
2026-02-12T08:00:00+00:00,1.9197,1.9197,1.9196,1.9197,36312907
2026-02-12T09:00:00+00:00,1.9197,1.9197,1.9196,1.9196,15933412
2026-02-12T10:00:00+00:00,1.9197,1.9197,1.9196,1.9196,59896992
2026-02-12T11:00:00+00:00,1.9197,1.9197,1.9196,1.9197,16079077
2026-02-12T12:00:00+00:00,1.9197,1.9197,1.9196,1.9196,13653605
2026-02-12T13:00:00+00:00,1.9196,1.9197,1.9196,1.9197,27449344
2026-02-12T14:00:00+00:00,1.9197,1.9197,1.9196,1.9197,26925230
2026-02-12T15:00:00+00:00,1.9196,1.9197,1.9196,1.9197,21253125
2026-02-12T16:00:00+00:00,1.9197,1.9197,1.9196,1.9197,72542695
2026-02-12T17:00:00+00:00,1.9197,1.9197,1.9196,1.9197,22830644
2026-02-12T18:00:00+00:00,1.9197,1.9197,1.9196,1.9197,20878743
2026-02-12T19:00:00+00:00,1.9196,1.9197,1.9196,1.9197,58072792
2026-02-12T20:00:00+00:00,1.9197,1.9197,1.9196,1.9197,10017063
2026-02-13T04:00:00+00:00,1.9220000000000002,1.9220000000000002,1.9219,1.9220000000000002,7844114
2026-02-13T05:00:00+00:00,1.9220000000000002,1.9220000000000002,1.9219,1.9219,5008057
2026-02-13T06:00:00+00:00,1.9220000000000002,1.9220000000000002,1.9219,1.9220000000000002,20776544
2026-02-13T07:00:00+00:00,1.9220000000000002,1.9220000000000002,1.9219,1.9220000000000002,28208689
2026-02-13T08:00:00+00:00,1.9220000000000002,1.9220000000000002,1.9219,1.9220000000000002,77119418
2026-02-13T09:00:00+00:00,1.9220000000000002,1.9220000000000002,1.9219,1.9220000000000002,109120206
2026-02-13T10:00:00+00:00,1.9220000000000002,1.9220000000000002,1.9219,1.9220000000000002,184991987
2026-02-13T11:00:00+00:00,1.9220000000000002,1.9220000000000002,1.9219,1.9220000000000002,143962336
2026-02-13T12:00:00+00:00,1.9220000000000002,1.9220000000000002,1.9219,1.9220000000000002,104901509
2026-02-13T13:00:00+00:00,1.9220000000000002,1.9220000000000002,1.9219,1.9220000000000002,70146793
2026-02-13T14:00:00+00:00,1.9220000000000002,1.9220000000000002,1.9219,1.9220000000000002,53650072
2026-02-13T15:00:00+00:00,1.9219,1.9220000000000002,1.9219,1.9220000000000002,31764365
2026-02-13T16:00:00+00:00,1.9220000000000002,1.9220000000000002,1.9219,1.9220000000000002,74338845
2026-02-13T17:00:00+00:00,1.9220000000000002,1.9220000000000002,1.9219,1.9220000000000002,28438033
2026-02-13T18:00:00+00:00,1.9219,1.9220000000000002,1.9219,1.9219,20635709
2026-02-13T19:00:00+00:00,1.9220000000000002,1.9220000000000002,1.9219,1.9220000000000002,19314897
2026-02-13T20:00:00+00:00,1.9220000000000002,1.9220000000000002,1.9219,1.9220000000000002,15548176
2026-02-14T07:00:00+00:00,1.9228,1.9228,1.9226999999999999,1.9228,16884199
2026-02-14T08:00:00+00:00,1.9228,1.9228,1.9226999999999999,1.9228,5636741
2026-02-14T09:00:00+00:00,1.9228,1.9228,1.9226999999999999,1.9228,3598426
2026-02-14T10:00:00+00:00,1.9228,1.9228,1.9226999999999999,1.9228,8971804
2026-02-14T11:00:00+00:00,1.9226999999999999,1.9228,1.9226999999999999,1.9228,20659773
2026-02-14T12:00:00+00:00,1.9228,1.9228,1.9226999999999999,1.9226999999999999,6112920
2026-02-14T13:00:00+00:00,1.9228,1.9228,1.9226999999999999,1.9228,3710933
2026-02-14T14:00:00+00:00,1.9228,1.9228,1.9226999999999999,1.9228,2324036
2026-02-14T15:00:00+00:00,1.9228,1.9228,1.9226999999999999,1.9228,2715943
2026-02-14T16:00:00+00:00,1.9228,1.9228,1.9226999999999999,1.9228,1562678
2026-02-14T17:00:00+00:00,1.9228,1.9228,1.9226999999999999,1.9226999999999999,2239367
2026-02-14T18:00:00+00:00,1.9228,1.9228,1.9226999999999999,1.9228,1451348
2026-02-14T19:00:00+00:00,1.9228,1.9228,1.9226999999999999,1.9228,2721161
2026-02-14T20:00:00+00:00,1.9228,1.9228,1.9226999999999999,1.9228,2343344
2026-02-15T07:00:00+00:00,1.9228,1.9228,1.9226999999999999,1.9228,2824310
2026-02-15T08:00:00+00:00,1.9228,1.9228,1.9226999999999999,1.9226999999999999,5116288
2026-02-15T09:00:00+00:00,1.9228,1.9228,1.9226999999999999,1.9228,1246478
2026-02-15T10:00:00+00:00,1.9228,1.9228,1.9226999999999999,1.9228,3709093
2026-02-15T11:00:00+00:00,1.9228,1.9228,1.9226999999999999,1.9228,2818367
2026-02-15T12:00:00+00:00,1.9228,1.9228,1.9226999999999999,1.9228,1323790
2026-02-15T13:00:00+00:00,1.9228,1.9228,1.9226999999999999,1.9226999999999999,4466842
2026-02-15T14:00:00+00:00,1.9228,1.9228,1.9226999999999999,1.9228,4940274
2026-02-15T15:00:00+00:00,1.9226999999999999,1.9228,1.9226999999999999,1.9228,3292238
2026-02-15T16:00:00+00:00,1.9228,1.9228,1.9226999999999999,1.9228,2591179
2026-02-15T17:00:00+00:00,1.9228,1.9228,1.9226999999999999,1.9228,1250206
2026-02-15T18:00:00+00:00,1.9228,1.9228,1.9226999999999999,1.9228,755399
2026-02-15T19:00:00+00:00,1.9228,1.9228,1.9226999999999999,1.9228,5763168
2026-02-15T20:00:00+00:00,1.9228,1.9228,1.9226999999999999,1.9228,1345990
2026-02-16T04:00:00+00:00,1.9228,1.9228,1.9226999999999999,1.9226999999999999,17073053
2026-02-16T05:00:00+00:00,1.9228,1.9228,1.9226999999999999,1.9226999999999999,9764792
2026-02-16T06:00:00+00:00,1.9226999999999999,1.9228,1.9226999999999999,1.9228,13256475
2026-02-16T07:00:00+00:00,1.9228,1.9228,1.9226999999999999,1.9228,46288182
2026-02-16T08:00:00+00:00,1.9226999999999999,1.9228,1.9226999999999999,1.9226999999999999,23044370
2026-02-16T09:00:00+00:00,1.9226999999999999,1.9228,1.9226999999999999,1.9228,30568714
2026-02-16T10:00:00+00:00,1.9228,1.9228,1.9226999999999999,1.9228,218677112
2026-02-16T11:00:00+00:00,1.9226999999999999,1.9228,1.9226999999999999,1.9228,24641808
2026-02-16T12:00:00+00:00,1.9226999999999999,1.9228,1.9226999999999999,1.9228,25662522
2026-02-16T13:00:00+00:00,1.9228,1.9228,1.9226999999999999,1.9228,20288319
2026-02-16T14:00:00+00:00,1.9228,1.9228,1.9226999999999999,1.9228,27219712
2026-02-16T15:00:00+00:00,1.9228,1.9228,1.9226999999999999,1.9228,52843563
2026-02-16T16:00:00+00:00,1.9226999999999999,1.9228,1.9226999999999999,1.9226999999999999,52930459
2026-02-16T17:00:00+00:00,1.9228,1.9228,1.9226999999999999,1.9226999999999999,16698820
2026-02-16T18:00:00+00:00,1.9228,1.9228,1.9226999999999999,1.9226999999999999,39399405
2026-02-16T19:00:00+00:00,1.9228,1.9228,1.9226999999999999,1.9228,31165875
2026-02-16T20:00:00+00:00,1.9228,1.9228,1.9226999999999999,1.9228,275095355
2026-02-17T04:00:00+00:00,1.9235,1.9236,1.9235,1.9236,6718948
2026-02-17T05:00:00+00:00,1.9235,1.9236,1.9235,1.9236,5191182
2026-02-17T06:00:00+00:00,1.9236,1.9236,1.9235,1.9236,10232085
2026-02-17T07:00:00+00:00,1.9236,1.9236,1.9235,1.9236,25492517
2026-02-17T08:00:00+00:00,1.9236,1.9236,1.9235,1.9236,21744478
2026-02-17T09:00:00+00:00,1.9236,1.9236,1.9235,1.9236,42495451
2026-02-17T10:00:00+00:00,1.9236,1.9236,1.9235,1.9236,49654848
2026-02-17T11:00:00+00:00,1.9236,1.9236,1.9235,1.9236,15233770
2026-02-17T12:00:00+00:00,1.9236,1.9236,1.9235,1.9235,28460850
2026-02-17T13:00:00+00:00,1.9236,1.9236,1.9235,1.9236,31998171
2026-02-17T14:00:00+00:00,1.9236,1.9236,1.9235,1.9235,27234569
2026-02-17T15:00:00+00:00,1.9236,1.9236,1.9235,1.9236,26145245
2026-02-17T16:00:00+00:00,1.9236,1.9236,1.9235,1.9236,13083899
2026-02-17T17:00:00+00:00,1.9236,1.9236,1.9235,1.9235,21726660
2026-02-17T18:00:00+00:00,1.9235,1.9236,1.9235,1.9236,14182412
2026-02-17T19:00:00+00:00,1.9235,1.9236,1.9235,1.9236,9556441
2026-02-17T20:00:00+00:00,1.9236,1.9236,1.9235,1.9236,39108652
2026-02-18T04:00:00+00:00,1.9243999999999999,1.9243999999999999,1.9243000000000001,1.9243999999999999,3593228
2026-02-18T05:00:00+00:00,1.9243999999999999,1.9243999999999999,1.9243000000000001,1.9243999999999999,6493740
2026-02-18T06:00:00+00:00,1.9243999999999999,1.9243999999999999,1.9243000000000001,1.9243000000000001,17250438
2026-02-18T07:00:00+00:00,1.9243999999999999,1.9243999999999999,1.9243000000000001,1.9243999999999999,25165198
2026-02-18T08:00:00+00:00,1.9243999999999999,1.9243999999999999,1.9243000000000001,1.9243000000000001,17716651
2026-02-18T09:00:00+00:00,1.9243999999999999,1.9243999999999999,1.9243000000000001,1.9243999999999999,46488262
2026-02-18T10:00:00+00:00,1.9243999999999999,1.9243999999999999,1.9243000000000001,1.9243999999999999,79482507
2026-02-18T11:00:00+00:00,1.9243999999999999,1.9243999999999999,1.9243000000000001,1.9243999999999999,15902509
2026-02-18T12:00:00+00:00,1.9243999999999999,1.9243999999999999,1.9243000000000001,1.9243999999999999,13032963
2026-02-18T13:00:00+00:00,1.9243000000000001,1.9243999999999999,1.9243000000000001,1.9243000000000001,21254354
2026-02-18T14:00:00+00:00,1.9243000000000001,1.9243999999999999,1.9243000000000001,1.9243000000000001,14523470
2026-02-18T15:00:00+00:00,1.9243000000000001,1.9243999999999999,1.9243000000000001,1.9243999999999999,43119279
2026-02-18T16:00:00+00:00,1.9243000000000001,1.9243999999999999,1.9243000000000001,1.9243999999999999,19240634
2026-02-18T17:00:00+00:00,1.9243999999999999,1.9243999999999999,1.9243000000000001,1.9243999999999999,50238084
2026-02-18T18:00:00+00:00,1.9243999999999999,1.9243999999999999,1.9243000000000001,1.9243999999999999,34140936
2026-02-18T19:00:00+00:00,1.9243999999999999,1.9243999999999999,1.9243000000000001,1.9243999999999999,17292747
2026-02-18T20:00:00+00:00,1.9243999999999999,1.9243999999999999,1.9243000000000001,1.9243999999999999,20172062
2026-02-19T04:00:00+00:00,1.9252,1.9252,1.9251,1.9251,1987111
2026-02-19T05:00:00+00:00,1.9252,1.9252,1.9251,1.9252,9335187
2026-02-19T06:00:00+00:00,1.9252,1.9252,1.9251,1.9251,10881772
2026-02-19T07:00:00+00:00,1.9251,1.9252,1.9251,1.9251,62387854
2026-02-19T08:00:00+00:00,1.9252,1.9252,1.9251,1.9252,81992501
2026-02-19T09:00:00+00:00,1.9251,1.9252,1.9251,1.9252,15862635
2026-02-19T10:00:00+00:00,1.9252,1.9252,1.9251,1.9252,13412487
2026-02-19T11:00:00+00:00,1.9252,1.9252,1.9251,1.9252,26847177
2026-02-19T12:00:00+00:00,1.9251,1.9252,1.9251,1.9252,26714219
2026-02-19T13:00:00+00:00,1.9252,1.9252,1.9251,1.9252,17139350
2026-02-19T14:00:00+00:00,1.9251,1.9252,1.9251,1.9252,16929053
2026-02-19T15:00:00+00:00,1.9252,1.9252,1.9251,1.9252,29704276
2026-02-19T16:00:00+00:00,1.9252,1.9252,1.9251,1.9252,20692182
2026-02-19T17:00:00+00:00,1.9252,1.9252,1.9251,1.9252,19217806
2026-02-19T18:00:00+00:00,1.9251,1.9252,1.9251,1.9252,19574806
2026-02-19T19:00:00+00:00,1.9252,1.9252,1.9251,1.9252,17372361
2026-02-19T20:00:00+00:00,1.9252,1.9252,1.9251,1.9252,24048100
2026-02-20T04:00:00+00:00,1.9283000000000001,1.9283000000000001,1.9282,1.9283000000000001,16492147
2026-02-20T05:00:00+00:00,1.9283000000000001,1.9283000000000001,1.9282,1.9283000000000001,14500060
2026-02-20T06:00:00+00:00,1.9283000000000001,1.9283000000000001,1.9282,1.9282,55340312
2026-02-20T07:00:00+00:00,1.9283000000000001,1.9283000000000001,1.9282,1.9282,27804870
2026-02-20T08:00:00+00:00,1.9283000000000001,1.9283000000000001,1.9282,1.9283000000000001,24631855
2026-02-20T09:00:00+00:00,1.9283000000000001,1.9283000000000001,1.9282,1.9283000000000001,29285126
2026-02-20T10:00:00+00:00,1.9283000000000001,1.9283000000000001,1.9282,1.9283000000000001,37449816
2026-02-20T11:00:00+00:00,1.9283000000000001,1.9283000000000001,1.9282,1.9283000000000001,22412546
2026-02-20T12:00:00+00:00,1.9283000000000001,1.9283000000000001,1.9282,1.9283000000000001,36590798
2026-02-20T13:00:00+00:00,1.9283000000000001,1.9283000000000001,1.9282,1.9282,27545048
2026-02-20T14:00:00+00:00,1.9282,1.9283000000000001,1.9282,1.9283000000000001,29781100
2026-02-20T15:00:00+00:00,1.9282,1.9283000000000001,1.9282,1.9283000000000001,16831235
2026-02-20T16:00:00+00:00,1.9283000000000001,1.9283000000000001,1.9282,1.9283000000000001,20978106
2026-02-20T17:00:00+00:00,1.9283000000000001,1.9283000000000001,1.9282,1.9283000000000001,10731848
2026-02-20T18:00:00+00:00,1.9283000000000001,1.9283000000000001,1.9282,1.9283000000000001,7865082
2026-02-20T19:00:00+00:00,1.9283000000000001,1.9283000000000001,1.9282,1.9283000000000001,22471240
2026-02-20T20:00:00+00:00,1.9283000000000001,1.9283000000000001,1.9282,1.9283000000000001,71078866
2026-02-21T07:00:00+00:00,1.9291,1.9291,1.929,1.9291,11135601
2026-02-21T08:00:00+00:00,1.9291,1.9291,1.929,1.9291,4471617
2026-02-21T09:00:00+00:00,1.9291,1.9291,1.929,1.9291,9066217
2026-02-21T10:00:00+00:00,1.9291,1.9291,1.929,1.9291,4287914
2026-02-21T11:00:00+00:00,1.929,1.9291,1.929,1.9291,5532601
2026-02-21T12:00:00+00:00,1.929,1.9291,1.929,1.9291,6773689
2026-02-21T13:00:00+00:00,1.9291,1.9291,1.929,1.9291,6535449
2026-02-21T14:00:00+00:00,1.929,1.9291,1.929,1.9291,6596294
2026-02-21T15:00:00+00:00,1.9291,1.9291,1.929,1.929,2741370
2026-02-21T16:00:00+00:00,1.929,1.9291,1.929,1.9291,2420474
2026-02-21T17:00:00+00:00,1.9291,1.9291,1.929,1.929,2064055
2026-02-21T18:00:00+00:00,1.929,1.9291,1.929,1.9291,837851
2026-02-21T19:00:00+00:00,1.929,1.9291,1.929,1.929,3485187
2026-02-21T20:00:00+00:00,1.9291,1.9291,1.929,1.9291,378084
2026-02-22T07:00:00+00:00,1.9291,1.9291,1.929,1.9291,8164106
2026-02-22T08:00:00+00:00,1.9291,1.9291,1.929,1.9291,7172175
2026-02-22T09:00:00+00:00,1.929,1.9291,1.929,1.929,5378729
2026-02-22T10:00:00+00:00,1.9291,1.9291,1.929,1.9291,4509273
2026-02-22T11:00:00+00:00,1.9291,1.9291,1.929,1.9291,3212576
2026-02-22T12:00:00+00:00,1.929,1.9291,1.929,1.9291,5826187
2026-02-22T13:00:00+00:00,1.9291,1.9291,1.929,1.9291,1719519
2026-02-22T14:00:00+00:00,1.929,1.9291,1.929,1.929,2105320
2026-02-22T15:00:00+00:00,1.9291,1.9291,1.929,1.929,2176879
2026-02-22T16:00:00+00:00,1.9291,1.9291,1.929,1.9291,1489271
2026-02-22T17:00:00+00:00,1.9291,1.9291,1.929,1.929,1686809
2026-02-22T18:00:00+00:00,1.9291,1.9291,1.929,1.9291,4349658
2026-02-22T19:00:00+00:00,1.929,1.9291,1.929,1.9291,2396931
2026-02-22T20:00:00+00:00,1.9291,1.9291,1.929,1.9291,1009388
2026-02-23T07:00:00+00:00,1.929,1.9291,1.929,1.9291,5762952
2026-02-23T08:00:00+00:00,1.9291,1.9291,1.929,1.9291,6866254
2026-02-23T09:00:00+00:00,1.9291,1.9291,1.929,1.929,3693836
2026-02-23T10:00:00+00:00,1.9291,1.9291,1.929,1.9291,3565396
2026-02-23T11:00:00+00:00,1.9291,1.9291,1.929,1.929,2716866
2026-02-23T12:00:00+00:00,1.9291,1.9291,1.929,1.9291,4705128
2026-02-23T13:00:00+00:00,1.9291,1.9291,1.929,1.929,1907940
2026-02-23T14:00:00+00:00,1.9291,1.9291,1.929,1.9291,2051626
2026-02-23T15:00:00+00:00,1.929,1.9291,1.929,1.9291,8613475
2026-02-23T16:00:00+00:00,1.929,1.9291,1.929,1.9291,2073010
2026-02-23T17:00:00+00:00,1.9291,1.9291,1.929,1.9291,5232122
2026-02-23T18:00:00+00:00,1.9291,1.9291,1.929,1.9291,909430
2026-02-23T19:00:00+00:00,1.9291,1.9291,1.929,1.9291,3742105
2026-02-23T20:00:00+00:00,1.9291,1.9291,1.929,1.9291,19399452
2026-02-24T04:00:00+00:00,1.9291,1.9291,1.929,1.9291,10577421
2026-02-24T05:00:00+00:00,1.929,1.9291,1.929,1.9291,10614186
2026-02-24T06:00:00+00:00,1.9291,1.9291,1.929,1.9291,31746101
2026-02-24T07:00:00+00:00,1.9291,1.9291,1.929,1.9291,62244925
2026-02-24T08:00:00+00:00,1.9291,1.9291,1.929,1.9291,30919172
2026-02-24T09:00:00+00:00,1.9291,1.9291,1.929,1.929,20105308
2026-02-24T10:00:00+00:00,1.9291,1.9291,1.929,1.9291,29045489
2026-02-24T11:00:00+00:00,1.9291,1.9291,1.929,1.9291,13482755
2026-02-24T12:00:00+00:00,1.9291,1.9291,1.929,1.9291,19557626
2026-02-24T13:00:00+00:00,1.929,1.9291,1.929,1.9291,18920775
2026-02-24T14:00:00+00:00,1.929,1.9291,1.929,1.929,19893072
2026-02-24T15:00:00+00:00,1.9291,1.9291,1.929,1.9291,13374568
2026-02-24T16:00:00+00:00,1.9291,1.9291,1.929,1.9291,27178188
2026-02-24T17:00:00+00:00,1.9291,1.9291,1.929,1.9291,24698616
2026-02-24T18:00:00+00:00,1.9291,1.9291,1.929,1.9291,10353745
2026-02-24T19:00:00+00:00,1.9291,1.9291,1.929,1.9291,37732171
2026-02-24T20:00:00+00:00,1.9291,1.9291,1.929,1.9291,62164598
2026-02-25T04:00:00+00:00,1.9298,1.9299,1.9298,1.9298,5282538
2026-02-25T05:00:00+00:00,1.9299,1.9299,1.9298,1.9299,7249581
2026-02-25T06:00:00+00:00,1.9299,1.9299,1.9298,1.9299,10380598
2026-02-25T07:00:00+00:00,1.9299,1.9299,1.9298,1.9298,24732695
2026-02-25T08:00:00+00:00,1.9299,1.9299,1.9298,1.9299,25819180
2026-02-25T09:00:00+00:00,1.9299,1.9299,1.9298,1.9299,28390742
2026-02-25T10:00:00+00:00,1.9299,1.9299,1.9298,1.9299,24390734
2026-02-25T11:00:00+00:00,1.9299,1.9299,1.9298,1.9299,19879272
2026-02-25T12:00:00+00:00,1.9299,1.9299,1.9298,1.9299,67954126
2026-02-25T13:00:00+00:00,1.9299,1.9299,1.9298,1.9298,65625752
2026-02-25T14:00:00+00:00,1.9299,1.9299,1.9298,1.9299,70608011
2026-02-25T15:00:00+00:00,1.9299,1.9299,1.9298,1.9299,41588313
2026-02-25T16:00:00+00:00,1.9298,1.9299,1.9298,1.9299,36619319
2026-02-25T17:00:00+00:00,1.9299,1.9299,1.9298,1.9299,21029338
2026-02-25T18:00:00+00:00,1.9299,1.9299,1.9298,1.9299,18157480
2026-02-25T19:00:00+00:00,1.9299,1.9299,1.9298,1.9299,18771319
2026-02-25T20:00:00+00:00,1.9299,1.9299,1.9298,1.9299,15673010
2026-02-26T04:00:00+00:00,1.9306,1.9306999999999999,1.9306,1.9306,11408292
2026-02-26T05:00:00+00:00,1.9306999999999999,1.9306999999999999,1.9306,1.9306999999999999,5185336
2026-02-26T06:00:00+00:00,1.9306999999999999,1.9306999999999999,1.9306,1.9306,17541986
2026-02-26T07:00:00+00:00,1.9306,1.9306999999999999,1.9306,1.9306999999999999,36587808
2026-02-26T08:00:00+00:00,1.9306999999999999,1.9306999999999999,1.9306,1.9306999999999999,25862336
2026-02-26T09:00:00+00:00,1.9306999999999999,1.9306999999999999,1.9306,1.9306999999999999,36948375
2026-02-26T10:00:00+00:00,1.9306999999999999,1.9306999999999999,1.9306,1.9306999999999999,27469121
2026-02-26T11:00:00+00:00,1.9306,1.9306999999999999,1.9306,1.9306999999999999,29826427
2026-02-26T12:00:00+00:00,1.9306999999999999,1.9306999999999999,1.9306,1.9306999999999999,23382115
2026-02-26T13:00:00+00:00,1.9306999999999999,1.9306999999999999,1.9306,1.9306999999999999,25278038
2026-02-26T14:00:00+00:00,1.9306999999999999,1.9306999999999999,1.9306,1.9306999999999999,67912315
2026-02-26T15:00:00+00:00,1.9306999999999999,1.9306999999999999,1.9306,1.9306999999999999,18097407
2026-02-26T16:00:00+00:00,1.9306,1.9306999999999999,1.9306,1.9306999999999999,28715343
2026-02-26T17:00:00+00:00,1.9306999999999999,1.9306999999999999,1.9306,1.9306,14303836
2026-02-26T18:00:00+00:00,1.9306,1.9306999999999999,1.9306,1.9306999999999999,10880641
2026-02-26T19:00:00+00:00,1.9306,1.9306999999999999,1.9306,1.9306999999999999,21260198
2026-02-26T20:00:00+00:00,1.9306999999999999,1.9306999999999999,1.9306,1.9306,29410727
2026-02-27T04:00:00+00:00,1.9331,1.9331,1.933,1.9331,14590227
2026-02-27T05:00:00+00:00,1.9331,1.9331,1.933,1.9331,27146342
2026-02-27T06:00:00+00:00,1.9331,1.9331,1.933,1.9331,28146635
2026-02-27T07:00:00+00:00,1.933,1.9331,1.933,1.9331,44051467
2026-02-27T08:00:00+00:00,1.9331,1.9331,1.933,1.9331,45613325
2026-02-27T09:00:00+00:00,1.9331,1.9331,1.933,1.9331,30371108
2026-02-27T10:00:00+00:00,1.9331,1.9331,1.933,1.9331,19275781
2026-02-27T11:00:00+00:00,1.9331,1.9331,1.933,1.933,22298572
2026-02-27T12:00:00+00:00,1.9331,1.9331,1.933,1.9331,58807563
2026-02-27T13:00:00+00:00,1.9331,1.9331,1.933,1.9331,107849847
2026-02-27T14:00:00+00:00,1.933,1.9331,1.933,1.933,54249589
2026-02-27T15:00:00+00:00,1.9331,1.9331,1.933,1.9331,36542264
2026-02-27T16:00:00+00:00,1.9331,1.9331,1.933,1.9331,15398209
2026-02-27T17:00:00+00:00,1.933,1.9331,1.933,1.9331,9114750
2026-02-27T18:00:00+00:00,1.9331,1.9331,1.933,1.933,95330320
2026-02-27T19:00:00+00:00,1.9331,1.9331,1.933,1.933,7180471
2026-02-27T20:00:00+00:00,1.9331,1.9331,1.933,1.9331,5923804
2026-03-02T04:00:00+00:00,1.9339,1.9339,1.9338,1.9339,19067278
2026-03-02T05:00:00+00:00,1.9339,1.9339,1.9338,1.9339,37059151
2026-03-02T06:00:00+00:00,1.9339,1.9339,1.9338,1.9339,152021229
2026-03-02T07:00:00+00:00,1.9339,1.9339,1.9338,1.9339,67644996
2026-03-02T08:00:00+00:00,1.9339,1.9339,1.9338,1.9338,55439259
2026-03-02T09:00:00+00:00,1.9338,1.9339,1.9338,1.9339,61511172
2026-03-02T10:00:00+00:00,1.9339,1.9339,1.9338,1.9339,42247191
2026-03-02T11:00:00+00:00,1.9339,1.9339,1.9338,1.9339,40147314
2026-03-02T12:00:00+00:00,1.9339,1.9339,1.9338,1.9339,117031211
2026-03-02T13:00:00+00:00,1.9339,1.9339,1.9338,1.9339,22772595
2026-03-02T14:00:00+00:00,1.9338,1.9339,1.9338,1.9339,37520297
2026-03-02T15:00:00+00:00,1.9339,1.9339,1.9338,1.9339,99016168
2026-03-02T16:00:00+00:00,1.9339,1.9339,1.9338,1.9339,59255785
2026-03-02T17:00:00+00:00,1.9338,1.9339,1.9338,1.9339,31107657
2026-03-02T18:00:00+00:00,1.9338,1.9339,1.9338,1.9339,37878398
2026-03-02T19:00:00+00:00,1.9339,1.9339,1.9338,1.9339,16407688
2026-03-02T20:00:00+00:00,1.9339,1.9339,1.9338,1.9338,140970059
2026-03-03T04:00:00+00:00,1.9346,1.9346999999999999,1.9346,1.9346999999999999,40560234
2026-03-03T05:00:00+00:00,1.9346999999999999,1.9346999999999999,1.9346,1.9346,10700155
2026-03-03T06:00:00+00:00,1.9346999999999999,1.9346999999999999,1.9346,1.9346999999999999,62140688
2026-03-03T07:00:00+00:00,1.9346999999999999,1.9346999999999999,1.9346,1.9346999999999999,71686986
2026-03-03T08:00:00+00:00,1.9346,1.9346999999999999,1.9346,1.9346,36946888
2026-03-03T09:00:00+00:00,1.9346999999999999,1.9346999999999999,1.9346,1.9346999999999999,28665038
2026-03-03T10:00:00+00:00,1.9346999999999999,1.9346999999999999,1.9346,1.9346999999999999,49595999
2026-03-03T11:00:00+00:00,1.9346,1.9346999999999999,1.9346,1.9346999999999999,27514965
2026-03-03T12:00:00+00:00,1.9346,1.9346999999999999,1.9346,1.9346999999999999,63382373
2026-03-03T13:00:00+00:00,1.9346,1.9346999999999999,1.9346,1.9346999999999999,20432595
2026-03-03T14:00:00+00:00,1.9346,1.9346999999999999,1.9346,1.9346,44636442
2026-03-03T15:00:00+00:00,1.9346999999999999,1.9346999999999999,1.9346,1.9346,21513824
2026-03-03T16:00:00+00:00,1.9346999999999999,1.9346999999999999,1.9346,1.9346999999999999,39359782
2026-03-03T17:00:00+00:00,1.9346,1.9346999999999999,1.9346,1.9346999999999999,36717357
2026-03-03T18:00:00+00:00,1.9346999999999999,1.9346999999999999,1.9346,1.9346999999999999,10886956
2026-03-03T19:00:00+00:00,1.9346,1.9346999999999999,1.9346,1.9346999999999999,19327188
2026-03-03T20:00:00+00:00,1.9346999999999999,1.9346999999999999,1.9346,1.9346,21698411
2026-03-04T04:00:00+00:00,1.9355,1.9355,1.9354,1.9354,10365778
2026-03-04T05:00:00+00:00,1.9354,1.9355,1.9354,1.9354,7025404
2026-03-04T06:00:00+00:00,1.9354,1.9355,1.9354,1.9354,18708414
2026-03-04T07:00:00+00:00,1.9355,1.9355,1.9354,1.9355,35429499
2026-03-04T08:00:00+00:00,1.9355,1.9355,1.9354,1.9355,23401365
2026-03-04T09:00:00+00:00,1.9355,1.9355,1.9354,1.9355,52115834
2026-03-04T10:00:00+00:00,1.9355,1.9355,1.9354,1.9354,69363592
2026-03-04T11:00:00+00:00,1.9354,1.9355,1.9354,1.9355,24988167
2026-03-04T12:00:00+00:00,1.9355,1.9355,1.9354,1.9355,100643618
2026-03-04T13:00:00+00:00,1.9354,1.9355,1.9354,1.9355,31118380
2026-03-04T14:00:00+00:00,1.9355,1.9355,1.9354,1.9355,35964692
2026-03-04T15:00:00+00:00,1.9354,1.9355,1.9354,1.9354,72369916
2026-03-04T16:00:00+00:00,1.9355,1.9355,1.9354,1.9354,49569016
2026-03-04T17:00:00+00:00,1.9355,1.9355,1.9354,1.9354,34338824
2026-03-04T18:00:00+00:00,1.9355,1.9355,1.9354,1.9355,72865305
2026-03-04T19:00:00+00:00,1.9355,1.9355,1.9354,1.9355,25852028
2026-03-04T20:00:00+00:00,1.9355,1.9355,1.9354,1.9355,38616605
2026-03-05T04:00:00+00:00,1.9363000000000001,1.9363000000000001,1.9362,1.9363000000000001,5298693
2026-03-05T05:00:00+00:00,1.9363000000000001,1.9363000000000001,1.9362,1.9363000000000001,4130189
2026-03-05T06:00:00+00:00,1.9363000000000001,1.9363000000000001,1.9362,1.9363000000000001,8734640
2026-03-05T07:00:00+00:00,1.9363000000000001,1.9363000000000001,1.9362,1.9363000000000001,16199768
2026-03-05T08:00:00+00:00,1.9363000000000001,1.9363000000000001,1.9362,1.9362,33556092
2026-03-05T09:00:00+00:00,1.9363000000000001,1.9363000000000001,1.9362,1.9363000000000001,29368058
2026-03-05T10:00:00+00:00,1.9363000000000001,1.9363000000000001,1.9362,1.9363000000000001,32827772
2026-03-05T11:00:00+00:00,1.9363000000000001,1.9363000000000001,1.9362,1.9363000000000001,64350537
2026-03-05T12:00:00+00:00,1.9363000000000001,1.9363000000000001,1.9362,1.9363000000000001,35479927
2026-03-05T13:00:00+00:00,1.9362,1.9363000000000001,1.9362,1.9363000000000001,43811450
2026-03-05T14:00:00+00:00,1.9362,1.9363000000000001,1.9362,1.9363000000000001,42238794
2026-03-05T15:00:00+00:00,1.9363000000000001,1.9363000000000001,1.9362,1.9362,28489995
2026-03-05T16:00:00+00:00,1.9363000000000001,1.9363000000000001,1.9362,1.9362,138391702
2026-03-05T17:00:00+00:00,1.9363000000000001,1.9363000000000001,1.9362,1.9362,19622445
2026-03-05T18:00:00+00:00,1.9362,1.9363000000000001,1.9362,1.9362,30633262
2026-03-05T19:00:00+00:00,1.9363000000000001,1.9363000000000001,1.9362,1.9363000000000001,31080319
2026-03-05T20:00:00+00:00,1.9362,1.9363000000000001,1.9362,1.9362,72300587
2026-03-06T04:00:00+00:00,1.9386,1.9386999999999999,1.9386,1.9386999999999999,13498096
2026-03-06T05:00:00+00:00,1.9386999999999999,1.9386999999999999,1.9386,1.9386999999999999,14049130
2026-03-06T06:00:00+00:00,1.9386999999999999,1.9386999999999999,1.9386,1.9386999999999999,22791503
2026-03-06T07:00:00+00:00,1.9386,1.9386999999999999,1.9386,1.9386999999999999,26688502
2026-03-06T08:00:00+00:00,1.9386,1.9386999999999999,1.9386,1.9386999999999999,58630577
2026-03-06T09:00:00+00:00,1.9386999999999999,1.9386999999999999,1.9386,1.9386999999999999,38957676
2026-03-06T10:00:00+00:00,1.9386999999999999,1.9386999999999999,1.9386,1.9386999999999999,39074119
2026-03-06T11:00:00+00:00,1.9386999999999999,1.9386999999999999,1.9386,1.9386999999999999,182927561
2026-03-06T12:00:00+00:00,1.9386999999999999,1.9386999999999999,1.9386,1.9386,31202257
2026-03-06T13:00:00+00:00,1.9386999999999999,1.9386999999999999,1.9386,1.9386999999999999,61413766
2026-03-06T14:00:00+00:00,1.9386,1.9386999999999999,1.9386,1.9386999999999999,69698964
2026-03-06T15:00:00+00:00,1.9386999999999999,1.9386999999999999,1.9386,1.9386,28548400
2026-03-06T16:00:00+00:00,1.9386999999999999,1.9386999999999999,1.9386,1.9386999999999999,33476889
2026-03-06T17:00:00+00:00,1.9386999999999999,1.9386999999999999,1.9386,1.9386,26704464
2026-03-06T18:00:00+00:00,1.9386,1.9386999999999999,1.9386,1.9386,14553886
2026-03-06T19:00:00+00:00,1.9386999999999999,1.9386999999999999,1.9386,1.9386999999999999,13869508
2026-03-06T20:00:00+00:00,1.9386999999999999,1.9386999999999999,1.9386,1.9386,137100631
2026-03-07T07:00:00+00:00,1.9395,1.9395,1.9394,1.9394,11093229
2026-03-07T08:00:00+00:00,1.9395,1.9395,1.9394,1.9395,9204852
2026-03-07T09:00:00+00:00,1.9395,1.9395,1.9394,1.9394,5864652
2026-03-07T10:00:00+00:00,1.9395,1.9395,1.9394,1.9395,5795282
2026-03-07T11:00:00+00:00,1.9395,1.9395,1.9394,1.9395,5036106
2026-03-07T12:00:00+00:00,1.9394,1.9395,1.9394,1.9395,6488737
2026-03-07T13:00:00+00:00,1.9395,1.9395,1.9394,1.9395,4269090
2026-03-07T14:00:00+00:00,1.9395,1.9395,1.9394,1.9395,4068919
2026-03-07T15:00:00+00:00,1.9394,1.9395,1.9394,1.9395,3088401
2026-03-07T16:00:00+00:00,1.9395,1.9395,1.9394,1.9394,4067437
2026-03-07T17:00:00+00:00,1.9395,1.9395,1.9394,1.9394,1697862
2026-03-07T18:00:00+00:00,1.9395,1.9395,1.9394,1.9395,1805450
2026-03-07T19:00:00+00:00,1.9394,1.9395,1.9394,1.9395,4809587
2026-03-07T20:00:00+00:00,1.9394,1.9395,1.9394,1.9395,2533807
2026-03-08T07:00:00+00:00,1.9395,1.9395,1.9394,1.9395,13128940
2026-03-08T08:00:00+00:00,1.9395,1.9395,1.9394,1.9395,1823829
2026-03-08T09:00:00+00:00,1.9395,1.9395,1.9394,1.9394,2786531
2026-03-08T10:00:00+00:00,1.9394,1.9395,1.9394,1.9395,3093284
2026-03-08T11:00:00+00:00,1.9395,1.9395,1.9394,1.9394,2912973
2026-03-08T12:00:00+00:00,1.9395,1.9395,1.9394,1.9395,2049555
2026-03-08T13:00:00+00:00,1.9395,1.9395,1.9394,1.9395,10180991
2026-03-08T14:00:00+00:00,1.9394,1.9395,1.9394,1.9395,2877683
2026-03-08T15:00:00+00:00,1.9394,1.9395,1.9394,1.9395,1527337
2026-03-08T16:00:00+00:00,1.9395,1.9395,1.9394,1.9395,849566
2026-03-08T17:00:00+00:00,1.9394,1.9395,1.9394,1.9395,1759588
2026-03-08T18:00:00+00:00,1.9395,1.9395,1.9394,1.9395,6176809
2026-03-08T19:00:00+00:00,1.9395,1.9395,1.9394,1.9395,1553939
2026-03-08T20:00:00+00:00,1.9395,1.9395,1.9394,1.9395,371509
2026-03-09T04:00:00+00:00,1.9394,1.9395,1.9394,1.9395,8751486
2026-03-09T05:00:00+00:00,1.9395,1.9395,1.9394,1.9395,11661049
2026-03-09T06:00:00+00:00,1.9394,1.9395,1.9394,1.9394,32835773
2026-03-09T07:00:00+00:00,1.9394,1.9395,1.9394,1.9394,36106544
2026-03-09T08:00:00+00:00,1.9395,1.9395,1.9394,1.9395,17354127
2026-03-09T09:00:00+00:00,1.9394,1.9395,1.9394,1.9394,21728859
2026-03-09T10:00:00+00:00,1.9395,1.9395,1.9394,1.9395,14015768
2026-03-09T11:00:00+00:00,1.9394,1.9395,1.9394,1.9395,80162632
2026-03-09T12:00:00+00:00,1.9395,1.9395,1.9394,1.9395,36656969
2026-03-09T13:00:00+00:00,1.9395,1.9395,1.9394,1.9395,81559657
2026-03-09T14:00:00+00:00,1.9394,1.9395,1.9394,1.9395,76108609
2026-03-09T15:00:00+00:00,1.9394,1.9395,1.9394,1.9394,27792215
2026-03-09T16:00:00+00:00,1.9395,1.9395,1.9394,1.9395,17044503
2026-03-09T17:00:00+00:00,1.9394,1.9395,1.9394,1.9395,29770767
2026-03-09T18:00:00+00:00,1.9395,1.9395,1.9394,1.9395,13762937
2026-03-09T19:00:00+00:00,1.9395,1.9395,1.9394,1.9395,141221718
2026-03-09T20:00:00+00:00,1.9395,1.9395,1.9394,1.9395,24082925
2026-03-10T04:00:00+00:00,1.9403000000000001,1.9403000000000001,1.9402,1.9402,9938520
2026-03-10T05:00:00+00:00,1.9403000000000001,1.9403000000000001,1.9402,1.9403000000000001,6575370
2026-03-10T06:00:00+00:00,1.9403000000000001,1.9403000000000001,1.9402,1.9403000000000001,25729419
2026-03-10T07:00:00+00:00,1.9402,1.9403000000000001,1.9402,1.9403000000000001,48732456
2026-03-10T08:00:00+00:00,1.9403000000000001,1.9403000000000001,1.9402,1.9402,23634222
2026-03-10T09:00:00+00:00,1.9403000000000001,1.9403000000000001,1.9402,1.9403000000000001,87534151
2026-03-10T10:00:00+00:00,1.9403000000000001,1.9403000000000001,1.9402,1.9403000000000001,25296342
2026-03-10T11:00:00+00:00,1.9402,1.9403000000000001,1.9402,1.9403000000000001,54276090
2026-03-10T12:00:00+00:00,1.9402,1.9403000000000001,1.9402,1.9402,147833911
2026-03-10T13:00:00+00:00,1.9403000000000001,1.9403000000000001,1.9402,1.9403000000000001,29247006
2026-03-10T14:00:00+00:00,1.9403000000000001,1.9403000000000001,1.9402,1.9403000000000001,46104422
2026-03-10T15:00:00+00:00,1.9403000000000001,1.9403000000000001,1.9402,1.9403000000000001,152732770
2026-03-10T16:00:00+00:00,1.9403000000000001,1.9403000000000001,1.9402,1.9403000000000001,30871360
2026-03-10T17:00:00+00:00,1.9403000000000001,1.9403000000000001,1.9402,1.9403000000000001,27125343
2026-03-10T18:00:00+00:00,1.9403000000000001,1.9403000000000001,1.9402,1.9403000000000001,27024673
2026-03-10T19:00:00+00:00,1.9403000000000001,1.9403000000000001,1.9402,1.9403000000000001,25140870
2026-03-10T20:00:00+00:00,1.9403000000000001,1.9403000000000001,1.9402,1.9403000000000001,59706092
2026-03-11T04:00:00+00:00,1.9409999999999998,1.9411,1.9409999999999998,1.9411,7507263
2026-03-11T05:00:00+00:00,1.9411,1.9411,1.9409999999999998,1.9411,4971741
2026-03-11T06:00:00+00:00,1.9409999999999998,1.9411,1.9409999999999998,1.9411,13320697
2026-03-11T07:00:00+00:00,1.9409999999999998,1.9411,1.9409999999999998,1.9409999999999998,35496688
2026-03-11T08:00:00+00:00,1.9409999999999998,1.9411,1.9409999999999998,1.9411,14184460
2026-03-11T09:00:00+00:00,1.9411,1.9411,1.9409999999999998,1.9409999999999998,19010072
2026-03-11T10:00:00+00:00,1.9411,1.9411,1.9409999999999998,1.9411,23951946
2026-03-11T11:00:00+00:00,1.9411,1.9411,1.9409999999999998,1.9411,17668355
2026-03-11T12:00:00+00:00,1.9411,1.9411,1.9409999999999998,1.9409999999999998,61399057
2026-03-11T13:00:00+00:00,1.9411,1.9411,1.9409999999999998,1.9411,17807734
2026-03-11T14:00:00+00:00,1.9411,1.9411,1.9409999999999998,1.9411,28563667
2026-03-11T15:00:00+00:00,1.9411,1.9411,1.9409999999999998,1.9411,17211678
2026-03-11T16:00:00+00:00,1.9411,1.9411,1.9409999999999998,1.9411,54885558
2026-03-11T17:00:00+00:00,1.9411,1.9411,1.9409999999999998,1.9411,29339357
2026-03-11T18:00:00+00:00,1.9409999999999998,1.9411,1.9409999999999998,1.9411,10336025
2026-03-11T19:00:00+00:00,1.9411,1.9411,1.9409999999999998,1.9411,15568814
2026-03-11T20:00:00+00:00,1.9411,1.9411,1.9409999999999998,1.9411,50460650
2026-03-12T04:00:00+00:00,1.9418,1.9419,1.9418,1.9419,119892579
2026-03-12T05:00:00+00:00,1.9419,1.9419,1.9418,1.9418,7353417
2026-03-12T06:00:00+00:00,1.9419,1.9419,1.9418,1.9419,7623298
2026-03-12T07:00:00+00:00,1.9419,1.9419,1.9418,1.9419,20670880
2026-03-12T08:00:00+00:00,1.9419,1.9419,1.9418,1.9419,36338093
2026-03-12T09:00:00+00:00,1.9419,1.9419,1.9418,1.9418,34779015
2026-03-12T10:00:00+00:00,1.9419,1.9419,1.9418,1.9419,19737589
2026-03-12T11:00:00+00:00,1.9419,1.9419,1.9418,1.9419,33651665
2026-03-12T12:00:00+00:00,1.9419,1.9419,1.9418,1.9419,20782770
2026-03-12T13:00:00+00:00,1.9418,1.9419,1.9418,1.9419,21400394
2026-03-12T14:00:00+00:00,1.9419,1.9419,1.9418,1.9419,45763227
2026-03-12T15:00:00+00:00,1.9419,1.9419,1.9418,1.9419,19100471
2026-03-12T16:00:00+00:00,1.9419,1.9419,1.9418,1.9418,24073900
2026-03-12T17:00:00+00:00,1.9419,1.9419,1.9418,1.9419,17428731
2026-03-12T18:00:00+00:00,1.9419,1.9419,1.9418,1.9419,12147505
2026-03-12T19:00:00+00:00,1.9419,1.9419,1.9418,1.9419,19341265
2026-03-12T20:00:00+00:00,1.9419,1.9419,1.9418,1.9419,11934335
2026-03-13T04:00:00+00:00,1.9443000000000001,1.9443000000000001,1.9442,1.9442,17238465
2026-03-13T05:00:00+00:00,1.9443000000000001,1.9443000000000001,1.9442,1.9443000000000001,19933453
2026-03-13T06:00:00+00:00,1.9443000000000001,1.9443000000000001,1.9442,1.9442,14425377
2026-03-13T07:00:00+00:00,1.9442,1.9443000000000001,1.9442,1.9443000000000001,77936355
2026-03-13T08:00:00+00:00,1.9443000000000001,1.9443000000000001,1.9442,1.9442,40817742
2026-03-13T09:00:00+00:00,1.9443000000000001,1.9443000000000001,1.9442,1.9443000000000001,43790157
2026-03-13T10:00:00+00:00,1.9442,1.9443000000000001,1.9442,1.9443000000000001,69638897
2026-03-13T11:00:00+00:00,1.9443000000000001,1.9443000000000001,1.9442,1.9443000000000001,25884565
2026-03-13T12:00:00+00:00,1.9443000000000001,1.9443000000000001,1.9442,1.9443000000000001,37955079
2026-03-13T13:00:00+00:00,1.9443000000000001,1.9443000000000001,1.9442,1.9443000000000001,27772988
2026-03-13T14:00:00+00:00,1.9443000000000001,1.9443000000000001,1.9442,1.9443000000000001,35048836
2026-03-13T15:00:00+00:00,1.9442,1.9443000000000001,1.9442,1.9443000000000001,19286648
2026-03-13T16:00:00+00:00,1.9442,1.9443000000000001,1.9442,1.9443000000000001,39927766
2026-03-13T17:00:00+00:00,1.9443000000000001,1.9443000000000001,1.9442,1.9443000000000001,28322816
2026-03-13T18:00:00+00:00,1.9443000000000001,1.9443000000000001,1.9442,1.9443000000000001,47099993
2026-03-13T19:00:00+00:00,1.9442,1.9443000000000001,1.9442,1.9442,11952312
2026-03-13T20:00:00+00:00,1.9443000000000001,1.9443000000000001,1.9442,1.9443000000000001,10180085
2026-03-14T07:00:00+00:00,1.9449999999999998,1.9449999999999998,1.9449,1.9449,7025838
2026-03-14T08:00:00+00:00,1.9449999999999998,1.9449999999999998,1.9449,1.9449999999999998,9764165
2026-03-14T09:00:00+00:00,1.9449,1.9449999999999998,1.9449,1.9449,4344748
2026-03-14T10:00:00+00:00,1.9449999999999998,1.9449999999999998,1.9449,1.9449999999999998,4509749
2026-03-14T11:00:00+00:00,1.9449999999999998,1.9449999999999998,1.9449,1.9449,5161257
2026-03-14T12:00:00+00:00,1.9449,1.9449999999999998,1.9449,1.9449999999999998,5070220
2026-03-14T13:00:00+00:00,1.9449999999999998,1.9449999999999998,1.9449,1.9449999999999998,5091114
2026-03-14T14:00:00+00:00,1.9449999999999998,1.9449999999999998,1.9449,1.9449999999999998,4182210
2026-03-14T15:00:00+00:00,1.9449999999999998,1.9449999999999998,1.9449,1.9449999999999998,3265532
2026-03-14T16:00:00+00:00,1.9449,1.9449999999999998,1.9449,1.9449,5281336
2026-03-14T17:00:00+00:00,1.9449999999999998,1.9449999999999998,1.9449,1.9449,3399747
2026-03-14T18:00:00+00:00,1.9449999999999998,1.9449999999999998,1.9449,1.9449999999999998,3942859
2026-03-14T19:00:00+00:00,1.9449999999999998,1.9449999999999998,1.9449,1.9449999999999998,2796303
2026-03-14T20:00:00+00:00,1.9449999999999998,1.9449999999999998,1.9449,1.9449999999999998,391537
2026-03-15T07:00:00+00:00,1.9449999999999998,1.9449999999999998,1.9449,1.9449,144626
2026-03-15T08:00:00+00:00,1.9449999999999998,1.9449999999999998,1.9449,1.9449999999999998,65108
2026-03-15T09:00:00+00:00,1.9449999999999998,1.9449999999999998,1.9449,1.9449999999999998,7637804
2026-03-15T10:00:00+00:00,1.9449999999999998,1.9449999999999998,1.9449,1.9449,7110045
2026-03-15T11:00:00+00:00,1.9449,1.9449999999999998,1.9449,1.9449999999999998,5601082
2026-03-15T12:00:00+00:00,1.9449999999999998,1.9449999999999998,1.9449,1.9449999999999998,6205208
2026-03-15T13:00:00+00:00,1.9449999999999998,1.9449999999999998,1.9449,1.9449999999999998,3432770
2026-03-15T14:00:00+00:00,1.9449999999999998,1.9449999999999998,1.9449,1.9449,3722940
2026-03-15T15:00:00+00:00,1.9449999999999998,1.9449999999999998,1.9449,1.9449999999999998,2693571
2026-03-15T16:00:00+00:00,1.9449999999999998,1.9449999999999998,1.9449,1.9449999999999998,1998530
2026-03-15T17:00:00+00:00,1.9449999999999998,1.9449999999999998,1.9449,1.9449999999999998,3072749
2026-03-15T18:00:00+00:00,1.9449999999999998,1.9449999999999998,1.9449,1.9449999999999998,1114408
2026-03-15T19:00:00+00:00,1.9449999999999998,1.9449999999999998,1.9449,1.9449,8583277
2026-03-15T20:00:00+00:00,1.9449999999999998,1.9449999999999998,1.9449,1.9449999999999998,546029
2026-03-16T04:00:00+00:00,1.9449999999999998,1.9449999999999998,1.9449,1.9449999999999998,9491777
2026-03-16T05:00:00+00:00,1.9449999999999998,1.9449999999999998,1.9449,1.9449999999999998,8398689
2026-03-16T06:00:00+00:00,1.9449999999999998,1.9449999999999998,1.9449,1.9449999999999998,14790091
2026-03-16T07:00:00+00:00,1.9449999999999998,1.9449999999999998,1.9449,1.9449999999999998,72858224
2026-03-16T08:00:00+00:00,1.9449,1.9449999999999998,1.9449,1.9449999999999998,20262731
2026-03-16T09:00:00+00:00,1.9449,1.9449999999999998,1.9449,1.9449,14664722
2026-03-16T10:00:00+00:00,1.9449999999999998,1.9449999999999998,1.9449,1.9449999999999998,82801242
2026-03-16T11:00:00+00:00,1.9449,1.9449999999999998,1.9449,1.9449999999999998,147819188
2026-03-16T12:00:00+00:00,1.9449999999999998,1.9449999999999998,1.9449,1.9449999999999998,35221059
2026-03-16T13:00:00+00:00,1.9449999999999998,1.9449999999999998,1.9449,1.9449,48257089
2026-03-16T14:00:00+00:00,1.9449999999999998,1.9449999999999998,1.9449,1.9449,21904831
2026-03-16T15:00:00+00:00,1.9449,1.9449999999999998,1.9449,1.9449,22459188
2026-03-16T16:00:00+00:00,1.9449999999999998,1.9449999999999998,1.9449,1.9449999999999998,24785729
2026-03-16T17:00:00+00:00,1.9449,1.9449999999999998,1.9449,1.9449,14149592
2026-03-16T18:00:00+00:00,1.9449999999999998,1.9449999999999998,1.9449,1.9449999999999998,28592811
2026-03-16T19:00:00+00:00,1.9449,1.9449999999999998,1.9449,1.9449999999999998,19342359
2026-03-16T20:00:00+00:00,1.9449,1.9449999999999998,1.9449,1.9449999999999998,11006996
2026-03-17T04:00:00+00:00,1.9458,1.9458,1.9457,1.9458,4557166
2026-03-17T05:00:00+00:00,1.9458,1.9458,1.9457,1.9458,5899282
2026-03-17T06:00:00+00:00,1.9458,1.9458,1.9457,1.9458,6692960
2026-03-17T07:00:00+00:00,1.9457,1.9458,1.9457,1.9457,27468579
2026-03-17T08:00:00+00:00,1.9458,1.9458,1.9457,1.9458,27150281
2026-03-17T09:00:00+00:00,1.9458,1.9458,1.9457,1.9458,20611596
2026-03-17T10:00:00+00:00,1.9458,1.9458,1.9457,1.9457,23084451
2026-03-17T11:00:00+00:00,1.9457,1.9458,1.9457,1.9458,28804699
2026-03-17T12:00:00+00:00,1.9457,1.9458,1.9457,1.9457,71888937
2026-03-17T13:00:00+00:00,1.9457,1.9458,1.9457,1.9457,26792434
2026-03-17T14:00:00+00:00,1.9457,1.9458,1.9457,1.9458,42561006
2026-03-17T15:00:00+00:00,1.9458,1.9458,1.9457,1.9458,48502593
2026-03-17T16:00:00+00:00,1.9458,1.9458,1.9457,1.9457,17576153
2026-03-17T17:00:00+00:00,1.9458,1.9458,1.9457,1.9458,13923231
2026-03-17T18:00:00+00:00,1.9457,1.9458,1.9457,1.9458,21962443
2026-03-17T19:00:00+00:00,1.9457,1.9458,1.9457,1.9458,18730062
2026-03-17T20:00:00+00:00,1.9458,1.9458,1.9457,1.9457,11985783
2026-03-18T04:00:00+00:00,1.9466,1.9466,1.9465,1.9465,7067617
2026-03-18T05:00:00+00:00,1.9466,1.9466,1.9465,1.9466,4798087
2026-03-18T06:00:00+00:00,1.9466,1.9466,1.9465,1.9465,13434109
2026-03-18T07:00:00+00:00,1.9465,1.9466,1.9465,1.9466,41736883
2026-03-18T08:00:00+00:00,1.9465,1.9466,1.9465,1.9465,36322400
2026-03-18T09:00:00+00:00,1.9466,1.9466,1.9465,1.9466,23165545
2026-03-18T10:00:00+00:00,1.9466,1.9466,1.9465,1.9466,127486614
2026-03-18T11:00:00+00:00,1.9466,1.9466,1.9465,1.9466,27161235
2026-03-18T12:00:00+00:00,1.9465,1.9466,1.9465,1.9466,41896693
2026-03-18T13:00:00+00:00,1.9466,1.9466,1.9465,1.9466,52007429
2026-03-18T14:00:00+00:00,1.9466,1.9466,1.9465,1.9466,41044289
2026-03-18T15:00:00+00:00,1.9466,1.9466,1.9465,1.9466,77644862
2026-03-18T16:00:00+00:00,1.9465,1.9466,1.9465,1.9466,32421178
2026-03-18T17:00:00+00:00,1.9466,1.9466,1.9465,1.9466,58607811
2026-03-18T18:00:00+00:00,1.9466,1.9466,1.9465,1.9465,20393973
2026-03-18T19:00:00+00:00,1.9466,1.9466,1.9465,1.9465,29974486
2026-03-18T20:00:00+00:00,1.9466,1.9466,1.9465,1.9466,36966739
2026-03-19T04:00:00+00:00,1.9473,1.9474,1.9473,1.9473,7408704
2026-03-19T05:00:00+00:00,1.9473,1.9474,1.9473,1.9473,22777755
2026-03-19T06:00:00+00:00,1.9473,1.9474,1.9473,1.9473,15812754
2026-03-19T07:00:00+00:00,1.9474,1.9474,1.9473,1.9473,92574473
2026-03-19T08:00:00+00:00,1.9473,1.9474,1.9473,1.9474,42349516
2026-03-19T09:00:00+00:00,1.9474,1.9474,1.9473,1.9474,59747742
2026-03-19T10:00:00+00:00,1.9474,1.9474,1.9473,1.9474,109873011
2026-03-19T11:00:00+00:00,1.9474,1.9474,1.9473,1.9474,34593667
2026-03-19T12:00:00+00:00,1.9474,1.9474,1.9473,1.9473,30869943
2026-03-19T13:00:00+00:00,1.9474,1.9474,1.9473,1.9474,25628862
2026-03-19T14:00:00+00:00,1.9474,1.9474,1.9473,1.9474,41533287
2026-03-19T15:00:00+00:00,1.9474,1.9474,1.9473,1.9474,32012134
2026-03-19T16:00:00+00:00,1.9474,1.9474,1.9473,1.9474,123479660
2026-03-19T17:00:00+00:00,1.9474,1.9474,1.9473,1.9473,15845517
2026-03-19T18:00:00+00:00,1.9474,1.9474,1.9473,1.9474,55527824
2026-03-19T19:00:00+00:00,1.9474,1.9474,1.9473,1.9474,33770575
2026-03-19T20:00:00+00:00,1.9474,1.9474,1.9473,1.9474,42948137
2026-03-20T04:00:00+00:00,1.9496,1.9497,1.9496,1.9497,12966794
2026-03-20T05:00:00+00:00,1.9497,1.9497,1.9496,1.9497,13760289
2026-03-20T06:00:00+00:00,1.9496,1.9497,1.9496,1.9497,13649238
2026-03-20T07:00:00+00:00,1.9497,1.9497,1.9496,1.9497,69522502
2026-03-20T08:00:00+00:00,1.9497,1.9497,1.9496,1.9497,47794224
2026-03-20T09:00:00+00:00,1.9496,1.9497,1.9496,1.9496,45634274
2026-03-20T10:00:00+00:00,1.9497,1.9497,1.9496,1.9497,35612824
2026-03-20T11:00:00+00:00,1.9497,1.9497,1.9496,1.9497,48776800
2026-03-20T12:00:00+00:00,1.9497,1.9497,1.9496,1.9496,126627275
2026-03-20T13:00:00+00:00,1.9497,1.9497,1.9496,1.9497,65736932
2026-03-20T14:00:00+00:00,1.9496,1.9497,1.9496,1.9497,87601378
2026-03-20T15:00:00+00:00,1.9497,1.9497,1.9496,1.9497,46865257
2026-03-20T16:00:00+00:00,1.9496,1.9497,1.9496,1.9497,69426336
2026-03-20T17:00:00+00:00,1.9497,1.9497,1.9496,1.9497,20179424
2026-03-20T18:00:00+00:00,1.9497,1.9497,1.9496,1.9496,23477517
2026-03-20T19:00:00+00:00,1.9496,1.9497,1.9496,1.9497,16253617
2026-03-20T20:00:00+00:00,1.9497,1.9497,1.9496,1.9496,11046116
2026-03-21T07:00:00+00:00,1.9505,1.9505,1.9504000000000001,1.9505,7799705
2026-03-21T08:00:00+00:00,1.9504000000000001,1.9505,1.9504000000000001,1.9505,7626423
2026-03-21T09:00:00+00:00,1.9505,1.9505,1.9504000000000001,1.9504000000000001,5024132
2026-03-21T10:00:00+00:00,1.9504000000000001,1.9505,1.9504000000000001,1.9504000000000001,5662894
2026-03-21T11:00:00+00:00,1.9505,1.9505,1.9504000000000001,1.9505,9112975
2026-03-21T12:00:00+00:00,1.9505,1.9505,1.9504000000000001,1.9505,3862450
2026-03-21T13:00:00+00:00,1.9505,1.9505,1.9504000000000001,1.9505,3036208
2026-03-21T14:00:00+00:00,1.9505,1.9505,1.9504000000000001,1.9504000000000001,1933354
2026-03-21T15:00:00+00:00,1.9505,1.9505,1.9504000000000001,1.9504000000000001,3086132
2026-03-21T16:00:00+00:00,1.9505,1.9505,1.9504000000000001,1.9505,2513980
2026-03-21T17:00:00+00:00,1.9504000000000001,1.9505,1.9504000000000001,1.9504000000000001,2833656
2026-03-21T18:00:00+00:00,1.9505,1.9505,1.9504000000000001,1.9504000000000001,3672526
2026-03-21T19:00:00+00:00,1.9504000000000001,1.9505,1.9504000000000001,1.9505,1307750
2026-03-21T20:00:00+00:00,1.9505,1.9505,1.9504000000000001,1.9505,495459
2026-03-22T07:00:00+00:00,1.9505,1.9505,1.9504000000000001,1.9505,6238605
2026-03-22T08:00:00+00:00,1.9505,1.9505,1.9504000000000001,1.9504000000000001,4562065
2026-03-22T09:00:00+00:00,1.9504000000000001,1.9505,1.9504000000000001,1.9504000000000001,4375324
2026-03-22T10:00:00+00:00,1.9505,1.9505,1.9504000000000001,1.9505,1660055
2026-03-22T11:00:00+00:00,1.9505,1.9505,1.9504000000000001,1.9505,2328934
2026-03-22T12:00:00+00:00,1.9505,1.9505,1.9504000000000001,1.9504000000000001,5097128
2026-03-22T13:00:00+00:00,1.9505,1.9505,1.9504000000000001,1.9505,2213487
2026-03-22T14:00:00+00:00,1.9505,1.9505,1.9504000000000001,1.9505,3228709
2026-03-22T15:00:00+00:00,1.9505,1.9505,1.9504000000000001,1.9505,2910938
2026-03-22T16:00:00+00:00,1.9505,1.9505,1.9504000000000001,1.9504000000000001,6042784
2026-03-22T17:00:00+00:00,1.9504000000000001,1.9505,1.9504000000000001,1.9505,1288811
2026-03-22T18:00:00+00:00,1.9505,1.9505,1.9504000000000001,1.9504000000000001,1798883
2026-03-22T19:00:00+00:00,1.9505,1.9505,1.9504000000000001,1.9505,1438455
2026-03-22T20:00:00+00:00,1.9505,1.9505,1.9504000000000001,1.9505,1515553
2026-03-23T04:00:00+00:00,1.9505,1.9505,1.9504000000000001,1.9504000000000001,14025154
2026-03-23T05:00:00+00:00,1.9504000000000001,1.9505,1.9504000000000001,1.9505,12442956
2026-03-23T06:00:00+00:00,1.9505,1.9505,1.9504000000000001,1.9504000000000001,62639092
2026-03-23T07:00:00+00:00,1.9505,1.9505,1.9504000000000001,1.9505,74179778
2026-03-23T08:00:00+00:00,1.9505,1.9505,1.9504000000000001,1.9505,34778265
2026-03-23T09:00:00+00:00,1.9504000000000001,1.9505,1.9504000000000001,1.9505,37326471
2026-03-23T10:00:00+00:00,1.9505,1.9505,1.9504000000000001,1.9505,65463832
2026-03-23T11:00:00+00:00,1.9505,1.9505,1.9504000000000001,1.9504000000000001,97506873
2026-03-23T12:00:00+00:00,1.9505,1.9505,1.9504000000000001,1.9505,57221484
2026-03-23T13:00:00+00:00,1.9504000000000001,1.9505,1.9504000000000001,1.9505,23888387
2026-03-23T14:00:00+00:00,1.9505,1.9505,1.9504000000000001,1.9505,29359640
2026-03-23T15:00:00+00:00,1.9505,1.9505,1.9504000000000001,1.9505,59746456
2026-03-23T16:00:00+00:00,1.9504000000000001,1.9505,1.9504000000000001,1.9504000000000001,50729355
2026-03-23T17:00:00+00:00,1.9505,1.9505,1.9504000000000001,1.9505,12184153
2026-03-23T18:00:00+00:00,1.9505,1.9505,1.9504000000000001,1.9504000000000001,23072008
2026-03-23T19:00:00+00:00,1.9504000000000001,1.9505,1.9504000000000001,1.9505,20658846
2026-03-23T20:00:00+00:00,1.9505,1.9505,1.9504000000000001,1.9505,17677911
2026-03-24T04:00:00+00:00,1.9513,1.9513,1.9512,1.9513,9913460
2026-03-24T05:00:00+00:00,1.9513,1.9513,1.9512,1.9513,15904274
2026-03-24T06:00:00+00:00,1.9513,1.9513,1.9512,1.9513,10538612
2026-03-24T07:00:00+00:00,1.9513,1.9513,1.9512,1.9513,51262023
2026-03-24T08:00:00+00:00,1.9513,1.9513,1.9512,1.9513,16649479
2026-03-24T09:00:00+00:00,1.9513,1.9513,1.9512,1.9513,32638013
2026-03-24T10:00:00+00:00,1.9513,1.9513,1.9512,1.9512,112455624
2026-03-24T11:00:00+00:00,1.9513,1.9513,1.9512,1.9512,20539415
2026-03-24T12:00:00+00:00,1.9512,1.9513,1.9512,1.9512,35427734
2026-03-24T13:00:00+00:00,1.9513,1.9513,1.9512,1.9513,33992027
2026-03-24T14:00:00+00:00,1.9513,1.9513,1.9512,1.9513,42995492
2026-03-24T15:00:00+00:00,1.9513,1.9513,1.9512,1.9513,29397580
2026-03-24T16:00:00+00:00,1.9513,1.9513,1.9512,1.9512,20065100
2026-03-24T17:00:00+00:00,1.9512,1.9513,1.9512,1.9513,22135821
2026-03-24T18:00:00+00:00,1.9513,1.9513,1.9512,1.9513,97621767
2026-03-24T19:00:00+00:00,1.9513,1.9513,1.9512,1.9512,11057621
2026-03-24T20:00:00+00:00,1.9513,1.9513,1.9512,1.9513,175760857
2026-03-25T04:00:00+00:00,1.9521,1.9521,1.952,1.9521,5299380
2026-03-25T05:00:00+00:00,1.9521,1.9521,1.952,1.9521,7445612
2026-03-25T06:00:00+00:00,1.9521,1.9521,1.952,1.9521,11805425
2026-03-25T07:00:00+00:00,1.9521,1.9521,1.952,1.9521,46509806
2026-03-25T08:00:00+00:00,1.9521,1.9521,1.952,1.9521,22776884
2026-03-25T09:00:00+00:00,1.9521,1.9521,1.952,1.9521,12979141
2026-03-25T10:00:00+00:00,1.9521,1.9521,1.952,1.9521,50858614
2026-03-25T11:00:00+00:00,1.9521,1.9521,1.952,1.952,25130135
2026-03-25T12:00:00+00:00,1.9521,1.9521,1.952,1.9521,28676327
2026-03-25T13:00:00+00:00,1.9521,1.9521,1.952,1.9521,49857165
2026-03-25T14:00:00+00:00,1.9521,1.9521,1.952,1.9521,34191506
2026-03-25T15:00:00+00:00,1.9521,1.9521,1.952,1.9521,41076812
2026-03-25T16:00:00+00:00,1.9521,1.9521,1.952,1.952,24877385
2026-03-25T17:00:00+00:00,1.9521,1.9521,1.952,1.9521,12945625
2026-03-25T18:00:00+00:00,1.9521,1.9521,1.952,1.9521,34111102
2026-03-25T19:00:00+00:00,1.952,1.9521,1.952,1.9521,32003379
2026-03-25T20:00:00+00:00,1.9521,1.9521,1.952,1.9521,18739690
2026-03-26T04:00:00+00:00,1.9527999999999999,1.9529,1.9527999999999999,1.9527999999999999,5241210
2026-03-26T05:00:00+00:00,1.9529,1.9529,1.9527999999999999,1.9527999999999999,13679174
2026-03-26T06:00:00+00:00,1.9527999999999999,1.9529,1.9527999999999999,1.9527999999999999,11245882
2026-03-26T07:00:00+00:00,1.9529,1.9529,1.9527999999999999,1.9529,38742418
2026-03-26T08:00:00+00:00,1.9529,1.9529,1.9527999999999999,1.9529,39449645
2026-03-26T09:00:00+00:00,1.9529,1.9529,1.9527999999999999,1.9529,34787748
2026-03-26T10:00:00+00:00,1.9527999999999999,1.9529,1.9527999999999999,1.9529,20253234
2026-03-26T11:00:00+00:00,1.9529,1.9529,1.9527999999999999,1.9529,28004750
2026-03-26T12:00:00+00:00,1.9529,1.9529,1.9527999999999999,1.9529,180159177
2026-03-26T13:00:00+00:00,1.9529,1.9529,1.9527999999999999,1.9529,101219146
2026-03-26T14:00:00+00:00,1.9529,1.9529,1.9527999999999999,1.9529,44485964
2026-03-26T15:00:00+00:00,1.9529,1.9529,1.9527999999999999,1.9529,29055861
2026-03-26T16:00:00+00:00,1.9527999999999999,1.9529,1.9527999999999999,1.9529,27567011
2026-03-26T17:00:00+00:00,1.9529,1.9529,1.9527999999999999,1.9529,16195968
2026-03-26T18:00:00+00:00,1.9527999999999999,1.9529,1.9527999999999999,1.9529,28828404
2026-03-26T19:00:00+00:00,1.9529,1.9529,1.9527999999999999,1.9529,25898027
2026-03-26T20:00:00+00:00,1.9529,1.9529,1.9527999999999999,1.9529,16398415
2026-03-27T04:00:00+00:00,1.9552,1.9552,1.9550999999999998,1.9550999999999998,14009312
2026-03-27T05:00:00+00:00,1.9552,1.9552,1.9550999999999998,1.9550999999999998,6762089
2026-03-27T06:00:00+00:00,1.9552,1.9552,1.9550999999999998,1.9552,15433289
2026-03-27T07:00:00+00:00,1.9552,1.9552,1.9550999999999998,1.9552,49942357
2026-03-27T08:00:00+00:00,1.9552,1.9552,1.9550999999999998,1.9550999999999998,85147763
2026-03-27T09:00:00+00:00,1.9552,1.9552,1.9550999999999998,1.9552,97434084
2026-03-27T10:00:00+00:00,1.9552,1.9552,1.9550999999999998,1.9550999999999998,45644266
2026-03-27T11:00:00+00:00,1.9550999999999998,1.9552,1.9550999999999998,1.9552,25966077
2026-03-27T12:00:00+00:00,1.9552,1.9552,1.9550999999999998,1.9550999999999998,31042546
2026-03-27T13:00:00+00:00,1.9552,1.9552,1.9550999999999998,1.9552,146796970
2026-03-27T14:00:00+00:00,1.9552,1.9552,1.9550999999999998,1.9552,38645829
2026-03-27T15:00:00+00:00,1.9552,1.9552,1.9550999999999998,1.9550999999999998,46459860
2026-03-27T16:00:00+00:00,1.9552,1.9552,1.9550999999999998,1.9552,15605794
2026-03-27T17:00:00+00:00,1.9552,1.9552,1.9550999999999998,1.9552,22585182
2026-03-27T18:00:00+00:00,1.9550999999999998,1.9552,1.9550999999999998,1.9552,17224468
2026-03-27T19:00:00+00:00,1.9552,1.9552,1.9550999999999998,1.9552,21135245
2026-03-27T20:00:00+00:00,1.9550999999999998,1.9552,1.9550999999999998,1.9552,15809286
2026-03-28T07:00:00+00:00,1.9558,1.9559,1.9558,1.9559,10343885
2026-03-28T08:00:00+00:00,1.9559,1.9559,1.9558,1.9558,9917519
2026-03-28T09:00:00+00:00,1.9559,1.9559,1.9558,1.9559,6931157
2026-03-28T10:00:00+00:00,1.9559,1.9559,1.9558,1.9559,4722974
2026-03-28T11:00:00+00:00,1.9559,1.9559,1.9558,1.9559,3951926
2026-03-28T12:00:00+00:00,1.9559,1.9559,1.9558,1.9559,3792440
2026-03-28T13:00:00+00:00,1.9558,1.9559,1.9558,1.9559,4255636
2026-03-28T14:00:00+00:00,1.9559,1.9559,1.9558,1.9559,4967439
2026-03-28T15:00:00+00:00,1.9558,1.9559,1.9558,1.9558,2852397
2026-03-28T16:00:00+00:00,1.9559,1.9559,1.9558,1.9559,1753667
2026-03-28T17:00:00+00:00,1.9558,1.9559,1.9558,1.9559,3149424
2026-03-28T18:00:00+00:00,1.9559,1.9559,1.9558,1.9559,1953652
2026-03-28T19:00:00+00:00,1.9559,1.9559,1.9558,1.9559,886999
2026-03-28T20:00:00+00:00,1.9559,1.9559,1.9558,1.9559,798932
2026-03-29T07:00:00+00:00,1.9558,1.9559,1.9558,1.9559,6006598
2026-03-29T08:00:00+00:00,1.9559,1.9559,1.9558,1.9559,5846674
2026-03-29T09:00:00+00:00,1.9559,1.9559,1.9558,1.9559,3208369
2026-03-29T10:00:00+00:00,1.9558,1.9559,1.9558,1.9559,2139516
2026-03-29T11:00:00+00:00,1.9559,1.9559,1.9558,1.9558,6509235
2026-03-29T12:00:00+00:00,1.9558,1.9559,1.9558,1.9559,2637300
2026-03-29T13:00:00+00:00,1.9558,1.9559,1.9558,1.9559,2652574
2026-03-29T14:00:00+00:00,1.9559,1.9559,1.9558,1.9559,1942026
2026-03-29T15:00:00+00:00,1.9559,1.9559,1.9558,1.9558,2577785
2026-03-29T16:00:00+00:00,1.9558,1.9559,1.9558,1.9559,4102574
2026-03-29T17:00:00+00:00,1.9559,1.9559,1.9558,1.9559,1682061
2026-03-29T18:00:00+00:00,1.9558,1.9559,1.9558,1.9559,1972266
2026-03-29T19:00:00+00:00,1.9559,1.9559,1.9558,1.9559,3224160
2026-03-29T20:00:00+00:00,1.9558,1.9559,1.9558,1.9559,326972
2026-03-30T04:00:00+00:00,1.9559,1.9559,1.9558,1.9559,42214399
2026-03-30T05:00:00+00:00,1.9558,1.9559,1.9558,1.9559,12393142
2026-03-30T06:00:00+00:00,1.9559,1.9559,1.9558,1.9559,11595421
2026-03-30T07:00:00+00:00,1.9559,1.9559,1.9558,1.9559,48780787
2026-03-30T08:00:00+00:00,1.9559,1.9559,1.9558,1.9559,46705344
2026-03-30T09:00:00+00:00,1.9559,1.9559,1.9558,1.9559,75103457
2026-03-30T10:00:00+00:00,1.9559,1.9559,1.9558,1.9559,39066415
2026-03-30T11:00:00+00:00,1.9558,1.9559,1.9558,1.9559,68117062
2026-03-30T12:00:00+00:00,1.9558,1.9559,1.9558,1.9559,18208982
2026-03-30T13:00:00+00:00,1.9558,1.9559,1.9558,1.9558,22908619
2026-03-30T14:00:00+00:00,1.9559,1.9559,1.9558,1.9559,34845414
2026-03-30T15:00:00+00:00,1.9559,1.9559,1.9558,1.9559,26777741
2026-03-30T16:00:00+00:00,1.9559,1.9559,1.9558,1.9558,55155242
2026-03-30T17:00:00+00:00,1.9558,1.9559,1.9558,1.9558,13171416
2026-03-30T18:00:00+00:00,1.9559,1.9559,1.9558,1.9559,11719441
2026-03-30T19:00:00+00:00,1.9559,1.9559,1.9558,1.9559,39012375
2026-03-30T20:00:00+00:00,1.9559,1.9559,1.9558,1.9559,53533805
2026-03-31T04:00:00+00:00,1.9566,1.9567,1.9566,1.9567,18961918
2026-03-31T05:00:00+00:00,1.9567,1.9567,1.9566,1.9566,21453756
2026-03-31T06:00:00+00:00,1.9567,1.9567,1.9566,1.9567,9546298
2026-03-31T07:00:00+00:00,1.9566,1.9567,1.9566,1.9567,26142708
2026-03-31T08:00:00+00:00,1.9567,1.9567,1.9566,1.9567,61760023
2026-03-31T09:00:00+00:00,1.9567,1.9567,1.9566,1.9567,44329201
2026-03-31T10:00:00+00:00,1.9567,1.9567,1.9566,1.9566,37115345
2026-03-31T11:00:00+00:00,1.9567,1.9567,1.9566,1.9566,32469984
2026-03-31T12:00:00+00:00,1.9567,1.9567,1.9566,1.9567,86533523
2026-03-31T13:00:00+00:00,1.9567,1.9567,1.9566,1.9566,31880239
2026-03-31T14:00:00+00:00,1.9567,1.9567,1.9566,1.9567,26233625
2026-03-31T15:00:00+00:00,1.9567,1.9567,1.9566,1.9567,84390370
2026-03-31T16:00:00+00:00,1.9567,1.9567,1.9566,1.9567,40678612
2026-03-31T17:00:00+00:00,1.9567,1.9567,1.9566,1.9567,12060648
2026-03-31T18:00:00+00:00,1.9567,1.9567,1.9566,1.9567,9840786
2026-03-31T19:00:00+00:00,1.9567,1.9567,1.9566,1.9567,40741465
2026-03-31T20:00:00+00:00,1.9567,1.9567,1.9566,1.9567,19153036
2026-04-01T04:00:00+00:00,1.9574,1.9575,1.9574,1.9574,9503692
2026-04-01T05:00:00+00:00,1.9575,1.9575,1.9574,1.9575,16486582
2026-04-01T06:00:00+00:00,1.9575,1.9575,1.9574,1.9574,16475293
2026-04-01T07:00:00+00:00,1.9575,1.9575,1.9574,1.9575,76582630
2026-04-01T08:00:00+00:00,1.9575,1.9575,1.9574,1.9575,31912593
2026-04-01T09:00:00+00:00,1.9575,1.9575,1.9574,1.9574,25678249
2026-04-01T10:00:00+00:00,1.9575,1.9575,1.9574,1.9575,19395375
2026-04-01T11:00:00+00:00,1.9574,1.9575,1.9574,1.9574,40374787
2026-04-01T12:00:00+00:00,1.9575,1.9575,1.9574,1.9575,36443800
2026-04-01T13:00:00+00:00,1.9575,1.9575,1.9574,1.9575,21872898
2026-04-01T14:00:00+00:00,1.9575,1.9575,1.9574,1.9574,33062139
2026-04-01T15:00:00+00:00,1.9574,1.9575,1.9574,1.9574,77937610
2026-04-01T16:00:00+00:00,1.9575,1.9575,1.9574,1.9575,37316994
2026-04-01T17:00:00+00:00,1.9575,1.9575,1.9574,1.9575,43273899
2026-04-01T18:00:00+00:00,1.9575,1.9575,1.9574,1.9575,13946077
2026-04-01T19:00:00+00:00,1.9575,1.9575,1.9574,1.9575,42026935
2026-04-01T20:00:00+00:00,1.9575,1.9575,1.9574,1.9575,10238617
2026-04-02T04:00:00+00:00,1.9582000000000002,1.9583,1.9582000000000002,1.9583,6040605
2026-04-02T05:00:00+00:00,1.9583,1.9583,1.9582000000000002,1.9583,18737389
2026-04-02T06:00:00+00:00,1.9583,1.9583,1.9582000000000002,1.9582000000000002,22310829
2026-04-02T07:00:00+00:00,1.9583,1.9583,1.9582000000000002,1.9583,24240268
2026-04-02T08:00:00+00:00,1.9583,1.9583,1.9582000000000002,1.9583,27051280
2026-04-02T09:00:00+00:00,1.9582000000000002,1.9583,1.9582000000000002,1.9583,14471188
2026-04-02T10:00:00+00:00,1.9583,1.9583,1.9582000000000002,1.9583,30491784
2026-04-02T11:00:00+00:00,1.9583,1.9583,1.9582000000000002,1.9582000000000002,43250902
2026-04-02T12:00:00+00:00,1.9583,1.9583,1.9582000000000002,1.9583,134755573
2026-04-02T13:00:00+00:00,1.9583,1.9583,1.9582000000000002,1.9583,37953933
2026-04-02T14:00:00+00:00,1.9583,1.9583,1.9582000000000002,1.9582000000000002,29299195
2026-04-02T15:00:00+00:00,1.9583,1.9583,1.9582000000000002,1.9583,20564772
2026-04-02T16:00:00+00:00,1.9582000000000002,1.9583,1.9582000000000002,1.9582000000000002,72071212
2026-04-02T17:00:00+00:00,1.9582000000000002,1.9583,1.9582000000000002,1.9583,10211931
2026-04-02T18:00:00+00:00,1.9582000000000002,1.9583,1.9582000000000002,1.9583,13986027
2026-04-02T19:00:00+00:00,1.9582000000000002,1.9583,1.9582000000000002,1.9582000000000002,10550826
2026-04-02T20:00:00+00:00,1.9583,1.9583,1.9582000000000002,1.9583,27748292
2026-04-03T04:00:00+00:00,1.9605000000000001,1.9606,1.9605000000000001,1.9605000000000001,29758700
2026-04-03T05:00:00+00:00,1.9606,1.9606,1.9605000000000001,1.9605000000000001,13628578
2026-04-03T06:00:00+00:00,1.9606,1.9606,1.9605000000000001,1.9606,17568304
2026-04-03T07:00:00+00:00,1.9605000000000001,1.9606,1.9605000000000001,1.9606,24099216
2026-04-03T08:00:00+00:00,1.9606,1.9606,1.9605000000000001,1.9606,42666690
2026-04-03T09:00:00+00:00,1.9606,1.9606,1.9605000000000001,1.9606,41559675
2026-04-03T10:00:00+00:00,1.9606,1.9606,1.9605000000000001,1.9606,19195616
2026-04-03T11:00:00+00:00,1.9605000000000001,1.9606,1.9605000000000001,1.9606,18405410
2026-04-03T12:00:00+00:00,1.9605000000000001,1.9606,1.9605000000000001,1.9606,40679256
2026-04-03T13:00:00+00:00,1.9606,1.9606,1.9605000000000001,1.9606,59205414
2026-04-03T14:00:00+00:00,1.9605000000000001,1.9606,1.9605000000000001,1.9606,36838801
2026-04-03T15:00:00+00:00,1.9606,1.9606,1.9605000000000001,1.9606,43668452
2026-04-03T16:00:00+00:00,1.9605000000000001,1.9606,1.9605000000000001,1.9606,16667812
2026-04-03T17:00:00+00:00,1.9606,1.9606,1.9605000000000001,1.9606,17843900
2026-04-03T18:00:00+00:00,1.9606,1.9606,1.9605000000000001,1.9606,17165141
2026-04-03T19:00:00+00:00,1.9606,1.9606,1.9605000000000001,1.9606,14428339
2026-04-03T20:00:00+00:00,1.9606,1.9606,1.9605000000000001,1.9605000000000001,16651805
2026-04-04T07:00:00+00:00,1.9606,1.9614,1.9606,1.9614,410833218
2026-04-04T08:00:00+00:00,1.9614,1.9614,1.9613,1.9614,6849968
2026-04-04T09:00:00+00:00,1.9613,1.9614,1.9613,1.9613,4554051
2026-04-04T10:00:00+00:00,1.9614,1.9614,1.9613,1.9614,8457613
2026-04-04T11:00:00+00:00,1.9614,1.9614,1.9613,1.9613,6041948
2026-04-04T12:00:00+00:00,1.9614,1.9614,1.9613,1.9614,4545749
2026-04-04T13:00:00+00:00,1.9614,1.9614,1.9613,1.9614,5086555
2026-04-04T14:00:00+00:00,1.9614,1.9614,1.9613,1.9614,5567649
2026-04-04T15:00:00+00:00,1.9613,1.9614,1.9613,1.9614,3463021
2026-04-04T16:00:00+00:00,1.9614,1.9614,1.9613,1.9614,2872302
2026-04-04T17:00:00+00:00,1.9614,1.9614,1.9613,1.9613,1673066
2026-04-04T18:00:00+00:00,1.9614,1.9614,1.9613,1.9613,2611456
2026-04-04T19:00:00+00:00,1.9614,1.9614,1.9613,1.9614,1929037
2026-04-04T20:00:00+00:00,1.9614,1.9614,1.9613,1.9613,723042
2026-04-05T07:00:00+00:00,1.9613,1.9614,1.9613,1.9613,4605495
2026-04-05T08:00:00+00:00,1.9614,1.9614,1.9613,1.9614,4478090
2026-04-05T09:00:00+00:00,1.9614,1.9614,1.9613,1.9613,5135317
2026-04-05T10:00:00+00:00,1.9614,1.9614,1.9613,1.9614,5005050
2026-04-05T11:00:00+00:00,1.9614,1.9614,1.9613,1.9613,5923413
2026-04-05T12:00:00+00:00,1.9613,1.9614,1.9613,1.9613,9245945
2026-04-05T13:00:00+00:00,1.9614,1.9614,1.9613,1.9614,4046196
2026-04-05T14:00:00+00:00,1.9614,1.9614,1.9613,1.9613,7398293
2026-04-05T15:00:00+00:00,1.9614,1.9614,1.9613,1.9614,4914635
2026-04-05T16:00:00+00:00,1.9614,1.9614,1.9613,1.9614,2627133
2026-04-05T17:00:00+00:00,1.9613,1.9614,1.9613,1.9613,15184605
2026-04-05T18:00:00+00:00,1.9614,1.9614,1.9613,1.9614,1814216
2026-04-05T19:00:00+00:00,1.9614,1.9614,1.9613,1.9614,2498104
2026-04-05T20:00:00+00:00,1.9614,1.9614,1.9613,1.9614,803468
2026-04-06T04:00:00+00:00,1.9613,1.9614,1.9613,1.9614,11959515
2026-04-06T05:00:00+00:00,1.9614,1.9614,1.9613,1.9613,6538947
2026-04-06T06:00:00+00:00,1.9614,1.9614,1.9613,1.9613,31275501
2026-04-06T07:00:00+00:00,1.9614,1.9614,1.9613,1.9614,51033440
2026-04-06T08:00:00+00:00,1.9614,1.9614,1.9613,1.9614,42389356
2026-04-06T09:00:00+00:00,1.9614,1.9614,1.9613,1.9614,45893452
2026-04-06T10:00:00+00:00,1.9614,1.9614,1.9613,1.9614,37082452
2026-04-06T11:00:00+00:00,1.9613,1.9614,1.9613,1.9614,197928896
2026-04-06T12:00:00+00:00,1.9614,1.9614,1.9613,1.9614,27197723
2026-04-06T13:00:00+00:00,1.9614,1.9614,1.9613,1.9614,28899449
2026-04-06T14:00:00+00:00,1.9613,1.9614,1.9613,1.9614,32860599
2026-04-06T15:00:00+00:00,1.9614,1.9614,1.9613,1.9614,53531643
2026-04-06T16:00:00+00:00,1.9613,1.9614,1.9613,1.9613,22649023
2026-04-06T17:00:00+00:00,1.9613,1.9614,1.9613,1.9613,22275228
2026-04-06T18:00:00+00:00,1.9614,1.9614,1.9613,1.9614,19952466
2026-04-06T19:00:00+00:00,1.9614,1.9614,1.9613,1.9614,43215270
2026-04-06T20:00:00+00:00,1.9614,1.9614,1.9613,1.9614,125126123
2026-04-07T04:00:00+00:00,1.962,1.9621,1.962,1.9621,6963727
2026-04-07T05:00:00+00:00,1.962,1.9621,1.962,1.9621,8351744
2026-04-07T06:00:00+00:00,1.962,1.9621,1.962,1.9621,14435517
2026-04-07T07:00:00+00:00,1.9621,1.9621,1.962,1.9621,23501180
2026-04-07T08:00:00+00:00,1.962,1.9621,1.962,1.962,29293694
2026-04-07T09:00:00+00:00,1.9621,1.9621,1.962,1.9621,34796705
2026-04-07T10:00:00+00:00,1.9621,1.9621,1.962,1.9621,25995657
2026-04-07T11:00:00+00:00,1.9621,1.9621,1.962,1.9621,24409146
2026-04-07T12:00:00+00:00,1.962,1.9621,1.962,1.9621,23682627
2026-04-07T13:00:00+00:00,1.9621,1.9621,1.962,1.9621,45884654
2026-04-07T14:00:00+00:00,1.9621,1.9621,1.962,1.962,53009551
2026-04-07T15:00:00+00:00,1.962,1.9621,1.962,1.9621,20544907
2026-04-07T16:00:00+00:00,1.9621,1.9621,1.962,1.9621,15961394
2026-04-07T17:00:00+00:00,1.9621,1.9621,1.962,1.9621,63014894
2026-04-07T18:00:00+00:00,1.9621,1.9621,1.962,1.9621,20034791
2026-04-07T19:00:00+00:00,1.962,1.9621,1.962,1.9621,10341409
2026-04-07T20:00:00+00:00,1.9621,1.9621,1.962,1.9621,24929090
2026-04-08T04:00:00+00:00,1.9628,1.9628999999999999,1.9628,1.9628,59893291
2026-04-08T05:00:00+00:00,1.9628999999999999,1.9628999999999999,1.9628,1.9628,20545579
2026-04-08T06:00:00+00:00,1.9628,1.9628999999999999,1.9628,1.9628999999999999,42632334
2026-04-08T07:00:00+00:00,1.9628999999999999,1.9628999999999999,1.9628,1.9628999999999999,24819251
2026-04-08T08:00:00+00:00,1.9628999999999999,1.9628999999999999,1.9628,1.9628999999999999,25456606
2026-04-08T09:00:00+00:00,1.9628999999999999,1.9628999999999999,1.9628,1.9628,19908682
2026-04-08T10:00:00+00:00,1.9628999999999999,1.9628999999999999,1.9628,1.9628999999999999,30972243
2026-04-08T11:00:00+00:00,1.9628999999999999,1.9628999999999999,1.9628,1.9628,39302592
2026-04-08T12:00:00+00:00,1.9628999999999999,1.9628999999999999,1.9628,1.9628999999999999,28923753
2026-04-08T13:00:00+00:00,1.9628,1.9628999999999999,1.9628,1.9628999999999999,34506728
2026-04-08T14:00:00+00:00,1.9628999999999999,1.9628999999999999,1.9628,1.9628,24152239
2026-04-08T15:00:00+00:00,1.9628999999999999,1.9628999999999999,1.9628,1.9628999999999999,14873207
2026-04-08T16:00:00+00:00,1.9628999999999999,1.9628999999999999,1.9628,1.9628999999999999,25212048
2026-04-08T17:00:00+00:00,1.9628999999999999,1.9628999999999999,1.9628,1.9628999999999999,7305956
2026-04-08T18:00:00+00:00,1.9628,1.9628999999999999,1.9628,1.9628999999999999,61790155
2026-04-08T19:00:00+00:00,1.9628,1.9628999999999999,1.9628,1.9628999999999999,9696035
2026-04-08T20:00:00+00:00,1.9628999999999999,1.9628999999999999,1.9628,1.9628999999999999,11825378
2026-04-09T04:00:00+00:00,1.9636,1.9637,1.9636,1.9637,5571744
2026-04-09T05:00:00+00:00,1.9637,1.9637,1.9636,1.9637,6115244
2026-04-09T06:00:00+00:00,1.9637,1.9637,1.9636,1.9637,17097980
2026-04-09T07:00:00+00:00,1.9637,1.9637,1.9636,1.9637,35346304
2026-04-09T08:00:00+00:00,1.9636,1.9637,1.9636,1.9637,46917699
2026-04-09T09:00:00+00:00,1.9636,1.9637,1.9636,1.9637,36226025
2026-04-09T10:00:00+00:00,1.9637,1.9637,1.9636,1.9637,20323501
2026-04-09T11:00:00+00:00,1.9637,1.9637,1.9636,1.9637,16599672
2026-04-09T12:00:00+00:00,1.9637,1.9637,1.9636,1.9637,66247307
2026-04-09T13:00:00+00:00,1.9637,1.9637,1.9636,1.9637,29019202
2026-04-09T14:00:00+00:00,1.9637,1.9637,1.9636,1.9637,28003247
2026-04-09T15:00:00+00:00,1.9636,1.9637,1.9636,1.9637,45283896
2026-04-09T16:00:00+00:00,1.9637,1.9637,1.9636,1.9637,41158188
2026-04-09T17:00:00+00:00,1.9637,1.9637,1.9636,1.9637,34593690
2026-04-09T18:00:00+00:00,1.9637,1.9637,1.9636,1.9637,12488781
2026-04-09T19:00:00+00:00,1.9637,1.9637,1.9636,1.9636,14465849
2026-04-09T20:00:00+00:00,1.9637,1.9637,1.9636,1.9637,52084827
2026-04-10T04:00:00+00:00,1.9659,1.9659,1.9658,1.9659,6545920
2026-04-10T05:00:00+00:00,1.9659,1.9659,1.9658,1.9658,7797835
2026-04-10T06:00:00+00:00,1.9659,1.9659,1.9658,1.9659,65951128
2026-04-10T07:00:00+00:00,1.9659,1.9659,1.9658,1.9659,58461608
2026-04-10T08:00:00+00:00,1.9659,1.9659,1.9658,1.9659,25109589
2026-04-10T09:00:00+00:00,1.9659,1.9659,1.9658,1.9659,37105759
2026-04-10T10:00:00+00:00,1.9659,1.9659,1.9658,1.9659,90801840
2026-04-10T11:00:00+00:00,1.9659,1.9659,1.9658,1.9658,39146185
2026-04-10T12:00:00+00:00,1.9659,1.9659,1.9658,1.9659,21359391
2026-04-10T13:00:00+00:00,1.9659,1.9659,1.9658,1.9659,23716197
2026-04-10T14:00:00+00:00,1.9659,1.9659,1.9658,1.9659,42377447
2026-04-10T15:00:00+00:00,1.9658,1.9659,1.9658,1.9659,151177619
2026-04-10T16:00:00+00:00,1.9659,1.9659,1.9658,1.9659,18655665
2026-04-10T17:00:00+00:00,1.9659,1.9659,1.9658,1.9659,11301258
2026-04-10T18:00:00+00:00,1.9659,1.9659,1.9658,1.9659,19948348
2026-04-10T19:00:00+00:00,1.9658,1.9659,1.9658,1.9658,19880383
2026-04-10T20:00:00+00:00,1.9658,1.9659,1.9658,1.9659,24834641
2026-04-11T07:00:00+00:00,1.9667,1.9667,1.9666000000000001,1.9667,9150620
2026-04-11T08:00:00+00:00,1.9666000000000001,1.9667,1.9666000000000001,1.9666000000000001,8510170
2026-04-11T09:00:00+00:00,1.9667,1.9667,1.9666000000000001,1.9667,8968837
2026-04-11T10:00:00+00:00,1.9667,1.9667,1.9666000000000001,1.9667,16095267
2026-04-11T11:00:00+00:00,1.9667,1.9667,1.9666000000000001,1.9667,12861294
2026-04-11T12:00:00+00:00,1.9667,1.9667,1.9666000000000001,1.9667,3152033
2026-04-11T13:00:00+00:00,1.9667,1.9667,1.9666000000000001,1.9666000000000001,4185929
2026-04-11T14:00:00+00:00,1.9667,1.9667,1.9666000000000001,1.9667,8764499
2026-04-11T15:00:00+00:00,1.9667,1.9667,1.9666000000000001,1.9667,5703003
2026-04-11T16:00:00+00:00,1.9667,1.9667,1.9666000000000001,1.9666000000000001,2258190
2026-04-11T17:00:00+00:00,1.9667,1.9667,1.9666000000000001,1.9666000000000001,4071510
2026-04-11T18:00:00+00:00,1.9667,1.9667,1.9666000000000001,1.9667,2644201
2026-04-11T19:00:00+00:00,1.9667,1.9667,1.9666000000000001,1.9667,609876
2026-04-11T20:00:00+00:00,1.9666000000000001,1.9667,1.9666000000000001,1.9667,825153
2026-04-12T07:00:00+00:00,1.9667,1.9667,1.9666000000000001,1.9667,4234119
2026-04-12T08:00:00+00:00,1.9666000000000001,1.9667,1.9666000000000001,1.9667,11081127
2026-04-12T09:00:00+00:00,1.9667,1.9667,1.9666000000000001,1.9667,4156084
2026-04-12T10:00:00+00:00,1.9667,1.9667,1.9666000000000001,1.9666000000000001,2972225
2026-04-12T11:00:00+00:00,1.9667,1.9667,1.9666000000000001,1.9667,4102788
2026-04-12T12:00:00+00:00,1.9667,1.9667,1.9666000000000001,1.9667,4802366
2026-04-12T13:00:00+00:00,1.9667,1.9667,1.9666000000000001,1.9667,6234520
2026-04-12T14:00:00+00:00,1.9667,1.9667,1.9666000000000001,1.9667,3557033
2026-04-12T15:00:00+00:00,1.9666000000000001,1.9667,1.9666000000000001,1.9666000000000001,6435256
2026-04-12T16:00:00+00:00,1.9667,1.9667,1.9666000000000001,1.9666000000000001,4412312
2026-04-12T17:00:00+00:00,1.9667,1.9667,1.9666000000000001,1.9667,3080309
2026-04-12T18:00:00+00:00,1.9667,1.9667,1.9666000000000001,1.9666000000000001,3045055
2026-04-12T19:00:00+00:00,1.9667,1.9667,1.9666000000000001,1.9667,2609056
2026-04-12T20:00:00+00:00,1.9667,1.9667,1.9666000000000001,1.9667,3522278
2026-04-13T04:00:00+00:00,1.9666000000000001,1.9667,1.9666000000000001,1.9666000000000001,7091034
2026-04-13T05:00:00+00:00,1.9667,1.9667,1.9666000000000001,1.9667,37643296
2026-04-13T06:00:00+00:00,1.9667,1.9667,1.9666000000000001,1.9667,18069662
2026-04-13T07:00:00+00:00,1.9667,1.9667,1.9666000000000001,1.9666000000000001,85863684
2026-04-13T08:00:00+00:00,1.9667,1.9667,1.9666000000000001,1.9667,38900172
2026-04-13T09:00:00+00:00,1.9667,1.9667,1.9666000000000001,1.9667,17146451
2026-04-13T10:00:00+00:00,1.9667,1.9667,1.9666000000000001,1.9667,81408995
2026-04-13T11:00:00+00:00,1.9667,1.9667,1.9666000000000001,1.9666000000000001,30736754
2026-04-13T12:00:00+00:00,1.9667,1.9667,1.9666000000000001,1.9666000000000001,29953925
2026-04-13T13:00:00+00:00,1.9667,1.9667,1.9666000000000001,1.9667,19972652
2026-04-13T14:00:00+00:00,1.9667,1.9667,1.9666000000000001,1.9667,37953784
2026-04-13T15:00:00+00:00,1.9667,1.9667,1.9666000000000001,1.9666000000000001,33696375
2026-04-13T16:00:00+00:00,1.9666000000000001,1.9667,1.9666000000000001,1.9667,15263477
2026-04-13T17:00:00+00:00,1.9667,1.9667,1.9666000000000001,1.9667,14999286
2026-04-13T18:00:00+00:00,1.9667,1.9667,1.9666000000000001,1.9667,9347324
2026-04-13T19:00:00+00:00,1.9666000000000001,1.9667,1.9666000000000001,1.9667,16431157
2026-04-13T20:00:00+00:00,1.9666000000000001,1.9667,1.9666000000000001,1.9667,190104726
2026-04-14T04:00:00+00:00,1.9674,1.9675,1.9674,1.9675,6309581
2026-04-14T05:00:00+00:00,1.9675,1.9675,1.9674,1.9675,7056217
2026-04-14T06:00:00+00:00,1.9675,1.9675,1.9674,1.9675,12778237
2026-04-14T07:00:00+00:00,1.9675,1.9675,1.9674,1.9675,39748461
2026-04-14T08:00:00+00:00,1.9675,1.9675,1.9674,1.9675,29965639
2026-04-14T09:00:00+00:00,1.9675,1.9675,1.9674,1.9675,27168047
2026-04-14T10:00:00+00:00,1.9674,1.9675,1.9674,1.9675,55732948
2026-04-14T11:00:00+00:00,1.9674,1.9675,1.9674,1.9675,34444309
2026-04-14T12:00:00+00:00,1.9675,1.9675,1.9674,1.9674,28392659
2026-04-14T13:00:00+00:00,1.9675,1.9675,1.9674,1.9675,16212808
2026-04-14T14:00:00+00:00,1.9675,1.9675,1.9674,1.9675,19699893
2026-04-14T15:00:00+00:00,1.9675,1.9675,1.9674,1.9675,17292116
2026-04-14T16:00:00+00:00,1.9675,1.9675,1.9674,1.9674,68776113
2026-04-14T17:00:00+00:00,1.9675,1.9675,1.9674,1.9674,7051485
2026-04-14T18:00:00+00:00,1.9675,1.9675,1.9674,1.9675,20718188
2026-04-14T19:00:00+00:00,1.9675,1.9675,1.9674,1.9675,45999340
2026-04-14T20:00:00+00:00,1.9675,1.9675,1.9674,1.9674,9838551
2026-04-15T04:00:00+00:00,1.9683000000000002,1.9683000000000002,1.9682,1.9683000000000002,17678828
2026-04-15T05:00:00+00:00,1.9683000000000002,1.9683000000000002,1.9682,1.9683000000000002,6785039
2026-04-15T06:00:00+00:00,1.9683000000000002,1.9683000000000002,1.9682,1.9683000000000002,10801001
2026-04-15T07:00:00+00:00,1.9683000000000002,1.9683000000000002,1.9682,1.9682,40972878
2026-04-15T08:00:00+00:00,1.9682,1.9683000000000002,1.9682,1.9683000000000002,25580446
2026-04-15T09:00:00+00:00,1.9683000000000002,1.9683000000000002,1.9682,1.9683000000000002,17266561
2026-04-15T10:00:00+00:00,1.9683000000000002,1.9683000000000002,1.9682,1.9683000000000002,56228775
2026-04-15T11:00:00+00:00,1.9682,1.9683000000000002,1.9682,1.9683000000000002,55741239
2026-04-15T12:00:00+00:00,1.9683000000000002,1.9683000000000002,1.9682,1.9683000000000002,36313252
2026-04-15T13:00:00+00:00,1.9682,1.9683000000000002,1.9682,1.9683000000000002,31051467
2026-04-15T14:00:00+00:00,1.9682,1.9683000000000002,1.9682,1.9682,96640729
2026-04-15T15:00:00+00:00,1.9682,1.9683000000000002,1.9682,1.9683000000000002,22542662
2026-04-15T16:00:00+00:00,1.9683000000000002,1.9683000000000002,1.9682,1.9683000000000002,25644035
2026-04-15T17:00:00+00:00,1.9683000000000002,1.9683000000000002,1.9682,1.9682,37238099
2026-04-15T18:00:00+00:00,1.9683000000000002,1.9683000000000002,1.9682,1.9683000000000002,22494022
2026-04-15T19:00:00+00:00,1.9683000000000002,1.9683000000000002,1.9682,1.9682,10029587
2026-04-15T20:00:00+00:00,1.9683000000000002,1.9683000000000002,1.9682,1.9683000000000002,15228168
2026-04-16T04:00:00+00:00,1.9691,1.9691,1.9689999999999999,1.9691,8469423
2026-04-16T05:00:00+00:00,1.9691,1.9691,1.9689999999999999,1.9691,26292177
2026-04-16T06:00:00+00:00,1.9689999999999999,1.9691,1.9689999999999999,1.9691,20705969
2026-04-16T07:00:00+00:00,1.9691,1.9691,1.9689999999999999,1.9691,57782244
2026-04-16T08:00:00+00:00,1.9691,1.9691,1.9689999999999999,1.9689999999999999,35066588
2026-04-16T09:00:00+00:00,1.9691,1.9691,1.9689999999999999,1.9691,23490875
2026-04-16T10:00:00+00:00,1.9689999999999999,1.9691,1.9689999999999999,1.9691,32042488
2026-04-16T11:00:00+00:00,1.9691,1.9691,1.9689999999999999,1.9689999999999999,47715955
2026-04-16T12:00:00+00:00,1.9691,1.9691,1.9689999999999999,1.9691,19720684
2026-04-16T13:00:00+00:00,1.9691,1.9691,1.9689999999999999,1.9691,23218867
2026-04-16T14:00:00+00:00,1.9689999999999999,1.9691,1.9689999999999999,1.9691,16990106
2026-04-16T15:00:00+00:00,1.9691,1.9691,1.9689999999999999,1.9689999999999999,26321008
2026-04-16T16:00:00+00:00,1.9691,1.9691,1.9689999999999999,1.9689999999999999,52597780
2026-04-16T17:00:00+00:00,1.9691,1.9691,1.9689999999999999,1.9691,56407244
2026-04-16T18:00:00+00:00,1.9689999999999999,1.9691,1.9689999999999999,1.9691,17965847
2026-04-16T19:00:00+00:00,1.9691,1.9691,1.9689999999999999,1.9691,98437691
2026-04-16T20:00:00+00:00,1.9691,1.9691,1.9689999999999999,1.9689999999999999,39084026
2026-04-17T04:00:00+00:00,1.9714,1.9714,1.9713,1.9713,13221393
2026-04-17T05:00:00+00:00,1.9714,1.9714,1.9713,1.9714,35507908
2026-04-17T06:00:00+00:00,1.9714,1.9714,1.9713,1.9713,12589929
2026-04-17T07:00:00+00:00,1.9714,1.9714,1.9713,1.9714,35982224
2026-04-17T08:00:00+00:00,1.9713,1.9714,1.9713,1.9714,26412179
2026-04-17T09:00:00+00:00,1.9714,1.9714,1.9713,1.9714,26112708
2026-04-17T10:00:00+00:00,1.9714,1.9714,1.9713,1.9714,117157792
2026-04-17T11:00:00+00:00,1.9713,1.9714,1.9713,1.9713,16230911
2026-04-17T12:00:00+00:00,1.9714,1.9714,1.9713,1.9714,102402033
2026-04-17T13:00:00+00:00,1.9714,1.9714,1.9713,1.9713,71755496
2026-04-17T14:00:00+00:00,1.9714,1.9714,1.9713,1.9713,37141657
2026-04-17T15:00:00+00:00,1.9714,1.9714,1.9713,1.9714,96365907
2026-04-17T16:00:00+00:00,1.9714,1.9714,1.9713,1.9714,11864582
2026-04-17T17:00:00+00:00,1.9714,1.9714,1.9713,1.9714,12794190
2026-04-17T18:00:00+00:00,1.9714,1.9714,1.9713,1.9714,88400317
2026-04-17T19:00:00+00:00,1.9714,1.9714,1.9713,1.9714,30491881
2026-04-17T20:00:00+00:00,1.9713,1.9714,1.9713,1.9714,17192059
2026-04-18T07:00:00+00:00,1.9721,1.9722,1.9721,1.9722,7453777
2026-04-18T08:00:00+00:00,1.9721,1.9722,1.9721,1.9722,7163079
2026-04-18T09:00:00+00:00,1.9722,1.9722,1.9721,1.9722,5139074
2026-04-18T10:00:00+00:00,1.9722,1.9722,1.9721,1.9722,8443596
2026-04-18T11:00:00+00:00,1.9722,1.9722,1.9721,1.9722,3791794
2026-04-18T12:00:00+00:00,1.9721,1.9722,1.9721,1.9721,16208268
2026-04-18T13:00:00+00:00,1.9722,1.9722,1.9721,1.9722,3976383
2026-04-18T14:00:00+00:00,1.9722,1.9722,1.9721,1.9722,3892203
2026-04-18T15:00:00+00:00,1.9722,1.9722,1.9721,1.9721,15804166
2026-04-18T16:00:00+00:00,1.9722,1.9722,1.9721,1.9721,8757768
2026-04-18T17:00:00+00:00,1.9721,1.9722,1.9721,1.9722,1523310
2026-04-18T18:00:00+00:00,1.9722,1.9722,1.9721,1.9722,2550697
2026-04-18T19:00:00+00:00,1.9721,1.9722,1.9721,1.9722,1711066
2026-04-18T20:00:00+00:00,1.9722,1.9722,1.9721,1.9721,1382302
2026-04-19T07:00:00+00:00,1.9722,1.9722,1.9721,1.9721,14919809
2026-04-19T08:00:00+00:00,1.9722,1.9722,1.9721,1.9722,3804244
2026-04-19T09:00:00+00:00,1.9722,1.9722,1.9721,1.9721,3281555
2026-04-19T10:00:00+00:00,1.9722,1.9722,1.9721,1.9722,2570961
2026-04-19T11:00:00+00:00,1.9722,1.9722,1.9721,1.9722,3199536
2026-04-19T12:00:00+00:00,1.9722,1.9722,1.9721,1.9722,6796821
2026-04-19T13:00:00+00:00,1.9722,1.9722,1.9721,1.9722,5447414
2026-04-19T14:00:00+00:00,1.9721,1.9722,1.9721,1.9722,3589247
2026-04-19T15:00:00+00:00,1.9722,1.9722,1.9721,1.9722,4486708
2026-04-19T16:00:00+00:00,1.9721,1.9722,1.9721,1.9721,3044708
2026-04-19T17:00:00+00:00,1.9722,1.9722,1.9721,1.9722,3660412
2026-04-19T18:00:00+00:00,1.9722,1.9722,1.9721,1.9722,1056553
2026-04-19T19:00:00+00:00,1.9722,1.9722,1.9721,1.9722,4729032
2026-04-19T20:00:00+00:00,1.9722,1.9722,1.9721,1.9722,4335370
2026-04-20T04:00:00+00:00,1.972,1.9721,1.972,1.9721,43718808
2026-04-20T05:00:00+00:00,1.9721,1.9721,1.972,1.972,18592544
2026-04-20T06:00:00+00:00,1.9721,1.9721,1.972,1.9721,12677450
2026-04-20T07:00:00+00:00,1.972,1.9721,1.972,1.9721,72059099
2026-04-20T08:00:00+00:00,1.9721,1.9721,1.972,1.9721,27688870
2026-04-20T09:00:00+00:00,1.9721,1.9721,1.972,1.9721,22726702
2026-04-20T10:00:00+00:00,1.9721,1.9721,1.972,1.9721,76716721
2026-04-20T11:00:00+00:00,1.972,1.9721,1.972,1.972,24045103
2026-04-20T12:00:00+00:00,1.9721,1.9721,1.972,1.9721,19364745
2026-04-20T13:00:00+00:00,1.9721,1.9721,1.972,1.9721,32406541
2026-04-20T14:00:00+00:00,1.9721,1.9721,1.972,1.9721,28825518
2026-04-20T15:00:00+00:00,1.9721,1.9721,1.972,1.9721,13046321
2026-04-20T16:00:00+00:00,1.9721,1.9721,1.972,1.9721,21033252
2026-04-20T17:00:00+00:00,1.9721,1.9721,1.972,1.9721,65161019
2026-04-20T18:00:00+00:00,1.9721,1.9721,1.972,1.9721,11077174
2026-04-20T19:00:00+00:00,1.972,1.9721,1.972,1.9721,15289879
2026-04-20T20:00:00+00:00,1.972,1.9721,1.972,1.9721,218299085
2026-04-21T04:00:00+00:00,1.9729,1.9729,1.9727999999999999,1.9729,37195511
2026-04-21T05:00:00+00:00,1.9729,1.9729,1.9727999999999999,1.9729,5617503
2026-04-21T06:00:00+00:00,1.9727999999999999,1.9729,1.9727999999999999,1.9727999999999999,98164001
2026-04-21T07:00:00+00:00,1.9729,1.9729,1.9727999999999999,1.9729,37388271
2026-04-21T08:00:00+00:00,1.9729,1.9729,1.9727999999999999,1.9729,26113749
2026-04-21T09:00:00+00:00,1.9729,1.9729,1.9727999999999999,1.9729,31924444
2026-04-21T10:00:00+00:00,1.9729,1.9729,1.9727999999999999,1.9729,32493785
2026-04-21T11:00:00+00:00,1.9729,1.9729,1.9727999999999999,1.9729,146410292
2026-04-21T12:00:00+00:00,1.9729,1.9729,1.9727999999999999,1.9729,17796075
2026-04-21T13:00:00+00:00,1.9729,1.9729,1.9727999999999999,1.9729,42339891
2026-04-21T14:00:00+00:00,1.9729,1.9729,1.9727999999999999,1.9729,28730302
2026-04-21T15:00:00+00:00,1.9729,1.9729,1.9727999999999999,1.9729,30211193
2026-04-21T16:00:00+00:00,1.9727999999999999,1.9729,1.9727999999999999,1.9727999999999999,33086585
2026-04-21T17:00:00+00:00,1.9729,1.9729,1.9727999999999999,1.9727999999999999,21131330
2026-04-21T18:00:00+00:00,1.9729,1.9729,1.9727999999999999,1.9729,34899184
2026-04-21T19:00:00+00:00,1.9729,1.9729,1.9727999999999999,1.9729,31368328
2026-04-21T20:00:00+00:00,1.9727999999999999,1.9729,1.9727999999999999,1.9727999999999999,60039320
2026-04-22T04:00:00+00:00,1.9735,1.9736,1.9735,1.9736,15754856
2026-04-22T05:00:00+00:00,1.9736,1.9736,1.9735,1.9736,7415915
2026-04-22T06:00:00+00:00,1.9736,1.9736,1.9735,1.9736,23907921
2026-04-22T07:00:00+00:00,1.9736,1.9736,1.9735,1.9736,84267693
2026-04-22T08:00:00+00:00,1.9736,1.9736,1.9735,1.9735,44724928
2026-04-22T09:00:00+00:00,1.9736,1.9736,1.9735,1.9736,17099933
2026-04-22T10:00:00+00:00,1.9736,1.9736,1.9735,1.9736,40970018
2026-04-22T11:00:00+00:00,1.9736,1.9736,1.9735,1.9736,23689441
2026-04-22T12:00:00+00:00,1.9735,1.9736,1.9735,1.9735,14508557
2026-04-22T13:00:00+00:00,1.9736,1.9736,1.9735,1.9735,64599451
2026-04-22T14:00:00+00:00,1.9735,1.9736,1.9735,1.9736,24906429
2026-04-22T15:00:00+00:00,1.9735,1.9736,1.9735,1.9736,41478802
2026-04-22T16:00:00+00:00,1.9736,1.9736,1.9735,1.9735,25384580
2026-04-22T17:00:00+00:00,1.9736,1.9736,1.9735,1.9736,8689871
2026-04-22T18:00:00+00:00,1.9736,1.9736,1.9735,1.9736,12219457
2026-04-22T19:00:00+00:00,1.9736,1.9736,1.9735,1.9736,12061532
2026-04-22T20:00:00+00:00,1.9736,1.9736,1.9735,1.9735,15770134
2026-04-23T04:00:00+00:00,1.9743,1.9744000000000002,1.9743,1.9744000000000002,4752001
2026-04-23T05:00:00+00:00,1.9744000000000002,1.9744000000000002,1.9743,1.9744000000000002,6251216
2026-04-23T06:00:00+00:00,1.9744000000000002,1.9744000000000002,1.9743,1.9744000000000002,10141643
2026-04-23T07:00:00+00:00,1.9743,1.9744000000000002,1.9743,1.9744000000000002,50343475
2026-04-23T08:00:00+00:00,1.9744000000000002,1.9744000000000002,1.9743,1.9744000000000002,28875554
2026-04-23T09:00:00+00:00,1.9744000000000002,1.9744000000000002,1.9743,1.9743,41612818
2026-04-23T10:00:00+00:00,1.9744000000000002,1.9744000000000002,1.9743,1.9744000000000002,52269482
2026-04-23T11:00:00+00:00,1.9743,1.9744000000000002,1.9743,1.9744000000000002,24879067
2026-04-23T12:00:00+00:00,1.9744000000000002,1.9744000000000002,1.9743,1.9744000000000002,31131023
2026-04-23T13:00:00+00:00,1.9744000000000002,1.9744000000000002,1.9743,1.9744000000000002,42994054
2026-04-23T14:00:00+00:00,1.9743,1.9744000000000002,1.9743,1.9743,48752250
2026-04-23T15:00:00+00:00,1.9744000000000002,1.9744000000000002,1.9743,1.9744000000000002,36301566
2026-04-23T16:00:00+00:00,1.9744000000000002,1.9744000000000002,1.9743,1.9744000000000002,90352444
2026-04-23T17:00:00+00:00,1.9744000000000002,1.9744000000000002,1.9743,1.9744000000000002,46472490
2026-04-23T18:00:00+00:00,1.9744000000000002,1.9744000000000002,1.9743,1.9744000000000002,68272244
2026-04-23T19:00:00+00:00,1.9744000000000002,1.9744000000000002,1.9743,1.9744000000000002,27039297
2026-04-23T20:00:00+00:00,1.9743,1.9744000000000002,1.9743,1.9743,22826647
2026-04-24T04:00:00+00:00,1.9765000000000001,1.9766,1.9765000000000001,1.9766,47364232
2026-04-24T05:00:00+00:00,1.9766,1.9766,1.9765000000000001,1.9766,43908579
2026-04-24T06:00:00+00:00,1.9766,1.9766,1.9765000000000001,1.9766,116327249
2026-04-24T07:00:00+00:00,1.9765000000000001,1.9766,1.9765000000000001,1.9766,80598864
2026-04-24T08:00:00+00:00,1.9765000000000001,1.9766,1.9765000000000001,1.9766,54815718
2026-04-24T09:00:00+00:00,1.9766,1.9766,1.9765000000000001,1.9766,46650854
2026-04-24T10:00:00+00:00,1.9766,1.9766,1.9765000000000001,1.9766,60548705
2026-04-24T11:00:00+00:00,1.9766,1.9766,1.9765000000000001,1.9765000000000001,140237130
2026-04-24T12:00:00+00:00,1.9766,1.9766,1.9765000000000001,1.9766,119804914
2026-04-24T13:00:00+00:00,1.9766,1.9766,1.9765000000000001,1.9766,68778830
2026-04-24T14:00:00+00:00,1.9765000000000001,1.9766,1.9765000000000001,1.9766,20553793
2026-04-24T15:00:00+00:00,1.9766,1.9766,1.9765000000000001,1.9766,59088345
2026-04-24T16:00:00+00:00,1.9766,1.9766,1.9765000000000001,1.9766,21174470
2026-04-24T17:00:00+00:00,1.9766,1.9766,1.9765000000000001,1.9766,9388116
2026-04-24T18:00:00+00:00,1.9766,1.9766,1.9765000000000001,1.9766,23663117
2026-04-24T19:00:00+00:00,1.9766,1.9766,1.9765000000000001,1.9765000000000001,60137623
2026-04-24T20:00:00+00:00,1.9765000000000001,1.9766,1.9765000000000001,1.9766,21079090
2026-04-25T07:00:00+00:00,1.9773,1.9773,1.9771999999999998,1.9771999999999998,9141572
2026-04-25T08:00:00+00:00,1.9773,1.9773,1.9771999999999998,1.9773,11026775
2026-04-25T09:00:00+00:00,1.9771999999999998,1.9773,1.9771999999999998,1.9773,4955049
2026-04-25T10:00:00+00:00,1.9771999999999998,1.9773,1.9771999999999998,1.9771999999999998,6187567
2026-04-25T11:00:00+00:00,1.9773,1.9773,1.9771999999999998,1.9771999999999998,6623264
2026-04-25T12:00:00+00:00,1.9771999999999998,1.9773,1.9771999999999998,1.9773,3931214
2026-04-25T13:00:00+00:00,1.9773,1.9773,1.9771999999999998,1.9773,6519564
2026-04-25T14:00:00+00:00,1.9771999999999998,1.9773,1.9771999999999998,1.9773,5036210
2026-04-25T15:00:00+00:00,1.9773,1.9773,1.9771999999999998,1.9773,2505093
2026-04-25T16:00:00+00:00,1.9773,1.9773,1.9771999999999998,1.9773,9819127
2026-04-25T17:00:00+00:00,1.9771999999999998,1.9773,1.9771999999999998,1.9773,2879727
2026-04-25T18:00:00+00:00,1.9771999999999998,1.9773,1.9771999999999998,1.9773,1489716
2026-04-25T19:00:00+00:00,1.9773,1.9773,1.9771999999999998,1.9773,1105479
2026-04-25T20:00:00+00:00,1.9773,1.9773,1.9771999999999998,1.9771999999999998,1554957
2026-04-26T07:00:00+00:00,1.9771999999999998,1.9773,1.9771999999999998,1.9773,4292659
2026-04-26T08:00:00+00:00,1.9773,1.9773,1.9771999999999998,1.9771999999999998,3868702
2026-04-26T09:00:00+00:00,1.9773,1.9773,1.9771999999999998,1.9771999999999998,5734054
2026-04-26T10:00:00+00:00,1.9773,1.9773,1.9771999999999998,1.9773,3225984
2026-04-26T11:00:00+00:00,1.9773,1.9773,1.9771999999999998,1.9771999999999998,1231940
2026-04-26T12:00:00+00:00,1.9773,1.9773,1.9771999999999998,1.9773,1969962
2026-04-26T13:00:00+00:00,1.9773,1.9773,1.9771999999999998,1.9773,2287485
2026-04-26T14:00:00+00:00,1.9771999999999998,1.9773,1.9771999999999998,1.9773,2738741
2026-04-26T15:00:00+00:00,1.9773,1.9773,1.9771999999999998,1.9771999999999998,2802063
2026-04-26T16:00:00+00:00,1.9773,1.9773,1.9771999999999998,1.9773,2542174
2026-04-26T17:00:00+00:00,1.9773,1.9773,1.9771999999999998,1.9771999999999998,1701607
2026-04-26T18:00:00+00:00,1.9773,1.9773,1.9771999999999998,1.9773,1811974
2026-04-26T19:00:00+00:00,1.9773,1.9773,1.9771999999999998,1.9773,1173858
2026-04-26T20:00:00+00:00,1.9773,1.9773,1.9771999999999998,1.9773,2206172
2026-04-27T04:00:00+00:00,1.9773,1.9774,1.9773,1.9774,20550156
2026-04-27T05:00:00+00:00,1.9774,1.9774,1.9773,1.9773,97463292
2026-04-27T06:00:00+00:00,1.9773,1.9774,1.9773,1.9773,40523681
2026-04-27T07:00:00+00:00,1.9774,1.9774,1.9773,1.9774,76054655
2026-04-27T08:00:00+00:00,1.9774,1.9774,1.9773,1.9774,54667574
2026-04-27T09:00:00+00:00,1.9774,1.9774,1.9773,1.9774,26292928
2026-04-27T10:00:00+00:00,1.9773,1.9774,1.9773,1.9773,18102564
2026-04-27T11:00:00+00:00,1.9774,1.9774,1.9773,1.9774,28996560
2026-04-27T12:00:00+00:00,1.9774,1.9774,1.9773,1.9774,29647117
2026-04-27T13:00:00+00:00,1.9773,1.9774,1.9773,1.9774,21571792
2026-04-27T14:00:00+00:00,1.9774,1.9774,1.9773,1.9773,37396254
2026-04-27T15:00:00+00:00,1.9773,1.9774,1.9773,1.9774,39333866
2026-04-27T16:00:00+00:00,1.9774,1.9774,1.9773,1.9774,16709667
2026-04-27T17:00:00+00:00,1.9774,1.9774,1.9773,1.9774,28685553
2026-04-27T18:00:00+00:00,1.9773,1.9774,1.9773,1.9773,11955220
2026-04-27T19:00:00+00:00,1.9774,1.9774,1.9773,1.9774,208944392
2026-04-27T20:00:00+00:00,1.9774,1.9774,1.9773,1.9774,12259780
2026-04-28T04:00:00+00:00,1.9781,1.9782,1.9781,1.9782,19503767
2026-04-28T05:00:00+00:00,1.9782,1.9782,1.9781,1.9782,33554770
2026-04-28T06:00:00+00:00,1.9782,1.9782,1.9781,1.9781,34835755
2026-04-28T07:00:00+00:00,1.9782,1.9782,1.9781,1.9782,41916336
2026-04-28T08:00:00+00:00,1.9782,1.9782,1.9781,1.9782,26085680
2026-04-28T09:00:00+00:00,1.9782,1.9782,1.9781,1.9782,25187563
2026-04-28T10:00:00+00:00,1.9782,1.9782,1.9781,1.9782,33876343
2026-04-28T11:00:00+00:00,1.9782,1.9782,1.9781,1.9782,27476815
2026-04-28T12:00:00+00:00,1.9782,1.9782,1.9781,1.9782,48950972
2026-04-28T13:00:00+00:00,1.9782,1.9782,1.9781,1.9782,30039384
2026-04-28T14:00:00+00:00,1.9781,1.9782,1.9781,1.9782,60374237
2026-04-28T15:00:00+00:00,1.9781,1.9782,1.9781,1.9782,27190965
2026-04-28T16:00:00+00:00,1.9782,1.9782,1.9781,1.9782,41360905
2026-04-28T17:00:00+00:00,1.9782,1.9782,1.9781,1.9781,29315003
2026-04-28T18:00:00+00:00,1.9782,1.9782,1.9781,1.9782,21764106
2026-04-28T19:00:00+00:00,1.9782,1.9782,1.9781,1.9782,12596055
2026-04-28T20:00:00+00:00,1.9782,1.9782,1.9781,1.9781,16261806
2026-04-29T04:00:00+00:00,1.9788999999999999,1.979,1.9788999999999999,1.9788999999999999,9688253
2026-04-29T05:00:00+00:00,1.979,1.979,1.9788999999999999,1.979,6059302
2026-04-29T06:00:00+00:00,1.9788999999999999,1.979,1.9788999999999999,1.979,30153468
2026-04-29T07:00:00+00:00,1.979,1.979,1.9788999999999999,1.9788999999999999,22878335
2026-04-29T08:00:00+00:00,1.979,1.979,1.9788999999999999,1.979,42033959
2026-04-29T09:00:00+00:00,1.979,1.979,1.9788999999999999,1.979,24376478
2026-04-29T10:00:00+00:00,1.9788999999999999,1.979,1.9788999999999999,1.979,34525140
2026-04-29T11:00:00+00:00,1.979,1.979,1.9788999999999999,1.979,20153532
2026-04-29T12:00:00+00:00,1.979,1.979,1.9788999999999999,1.9788999999999999,25014535
2026-04-29T13:00:00+00:00,1.979,1.979,1.9788999999999999,1.979,34345609
2026-04-29T14:00:00+00:00,1.979,1.979,1.9788999999999999,1.979,52343013
2026-04-29T15:00:00+00:00,1.9788999999999999,1.979,1.9788999999999999,1.9788999999999999,69891933
2026-04-29T16:00:00+00:00,1.979,1.979,1.9788999999999999,1.979,40981945
2026-04-29T17:00:00+00:00,1.979,1.979,1.9788999999999999,1.9788999999999999,103309609
2026-04-29T18:00:00+00:00,1.979,1.979,1.9788999999999999,1.9788999999999999,91766022
2026-04-29T19:00:00+00:00,1.979,1.979,1.9788999999999999,1.979,295445064
2026-04-29T20:00:00+00:00,1.9788999999999999,1.979,1.9788999999999999,1.979,23488047
2026-04-30T04:00:00+00:00,1.9821,1.9821,1.982,1.9821,235661515
2026-04-30T05:00:00+00:00,1.982,1.9821,1.982,1.9821,74984754
2026-04-30T06:00:00+00:00,1.9821,1.9821,1.982,1.9821,30875863
2026-04-30T07:00:00+00:00,1.982,1.9821,1.982,1.9821,125277735
2026-04-30T08:00:00+00:00,1.9821,1.9821,1.982,1.982,45253602
2026-04-30T09:00:00+00:00,1.982,1.9821,1.982,1.9821,61501694
2026-04-30T10:00:00+00:00,1.9821,1.9821,1.982,1.9821,19264953
2026-04-30T11:00:00+00:00,1.9821,1.9821,1.982,1.9821,26524734
2026-04-30T12:00:00+00:00,1.9821,1.9821,1.982,1.9821,51979860
2026-04-30T13:00:00+00:00,1.9821,1.9821,1.982,1.9821,23921377
2026-04-30T14:00:00+00:00,1.9821,1.9821,1.982,1.9821,29539062
2026-04-30T15:00:00+00:00,1.982,1.9821,1.982,1.9821,19816959
2026-04-30T16:00:00+00:00,1.9821,1.9821,1.982,1.982,8376253
2026-04-30T17:00:00+00:00,1.9821,1.9821,1.982,1.9821,16700614
2026-04-30T18:00:00+00:00,1.982,1.9821,1.982,1.9821,19004285
2026-04-30T19:00:00+00:00,1.9821,1.9821,1.982,1.9821,24865123
2026-04-30T20:00:00+00:00,1.9821,1.9821,1.982,1.9821,29974614
2026-05-01T07:00:00+00:00,1.9828000000000001,1.9828000000000001,1.9827,1.9828000000000001,19608205
2026-05-01T08:00:00+00:00,1.9828000000000001,1.9828000000000001,1.9827,1.9827,5967159
2026-05-01T09:00:00+00:00,1.9827,1.9828000000000001,1.9827,1.9827,10269101
2026-05-01T10:00:00+00:00,1.9828000000000001,1.9828000000000001,1.9827,1.9828000000000001,7090076
2026-05-01T11:00:00+00:00,1.9828000000000001,1.9828000000000001,1.9827,1.9828000000000001,6115935
2026-05-01T12:00:00+00:00,1.9828000000000001,1.9828000000000001,1.9827,1.9827,4239194
2026-05-01T13:00:00+00:00,1.9828000000000001,1.9828000000000001,1.9827,1.9828000000000001,5821896
2026-05-01T14:00:00+00:00,1.9827,1.9828000000000001,1.9827,1.9828000000000001,6977266
2026-05-01T15:00:00+00:00,1.9828000000000001,1.9828000000000001,1.9827,1.9827,3786404
2026-05-01T16:00:00+00:00,1.9828000000000001,1.9828000000000001,1.9827,1.9828000000000001,8372244
2026-05-01T17:00:00+00:00,1.9828000000000001,1.9828000000000001,1.9827,1.9828000000000001,6518628
2026-05-01T18:00:00+00:00,1.9827,1.9828000000000001,1.9827,1.9828000000000001,4829927
2026-05-01T19:00:00+00:00,1.9828000000000001,1.9828000000000001,1.9827,1.9828000000000001,2235565
2026-05-01T20:00:00+00:00,1.9828000000000001,1.9828000000000001,1.9827,1.9828000000000001,2200343
2026-05-02T07:00:00+00:00,1.9828000000000001,1.9828000000000001,1.9827,1.9828000000000001,7052953
2026-05-02T08:00:00+00:00,1.9827,1.9828000000000001,1.9827,1.9828000000000001,3469166
2026-05-02T09:00:00+00:00,1.9828000000000001,1.9828000000000001,1.9827,1.9828000000000001,5397543
2026-05-02T10:00:00+00:00,1.9827,1.9828000000000001,1.9827,1.9828000000000001,3992018
2026-05-02T11:00:00+00:00,1.9828000000000001,1.9828000000000001,1.9827,1.9827,4391222
2026-05-02T12:00:00+00:00,1.9828000000000001,1.9828000000000001,1.9827,1.9828000000000001,2547651
2026-05-02T13:00:00+00:00,1.9827,1.9828000000000001,1.9827,1.9828000000000001,2360745
2026-05-02T14:00:00+00:00,1.9828000000000001,1.9828000000000001,1.9827,1.9828000000000001,1815641
2026-05-02T15:00:00+00:00,1.9828000000000001,1.9828000000000001,1.9827,1.9827,2222222
2026-05-02T16:00:00+00:00,1.9828000000000001,1.9828000000000001,1.9827,1.9827,3955223
2026-05-02T17:00:00+00:00,1.9827,1.9828000000000001,1.9827,1.9828000000000001,2760554
2026-05-02T18:00:00+00:00,1.9828000000000001,1.9828000000000001,1.9827,1.9828000000000001,1846470
2026-05-02T19:00:00+00:00,1.9828000000000001,1.9828000000000001,1.9827,1.9827,2346395
2026-05-02T20:00:00+00:00,1.9828000000000001,1.9828000000000001,1.9827,1.9828000000000001,1387371
2026-05-03T07:00:00+00:00,1.9827,1.9828000000000001,1.9827,1.9828000000000001,5983679
2026-05-03T08:00:00+00:00,1.9828000000000001,1.9828000000000001,1.9827,1.9828000000000001,3260447
2026-05-03T09:00:00+00:00,1.9827,1.9828000000000001,1.9827,1.9828000000000001,7284407
2026-05-03T10:00:00+00:00,1.9827,1.9828000000000001,1.9827,1.9828000000000001,4120510
2026-05-03T11:00:00+00:00,1.9828000000000001,1.9828000000000001,1.9827,1.9828000000000001,2395804
2026-05-03T12:00:00+00:00,1.9828000000000001,1.9828000000000001,1.9827,1.9827,3187161
2026-05-03T13:00:00+00:00,1.9828000000000001,1.9828000000000001,1.9827,1.9827,2671438
2026-05-03T14:00:00+00:00,1.9828000000000001,1.9828000000000001,1.9827,1.9828000000000001,3033011
2026-05-03T15:00:00+00:00,1.9828000000000001,1.9828000000000001,1.9827,1.9828000000000001,4064109
2026-05-03T16:00:00+00:00,1.9828000000000001,1.9828000000000001,1.9827,1.9828000000000001,5141471
2026-05-03T17:00:00+00:00,1.9828000000000001,1.9828000000000001,1.9827,1.9827,1889301
2026-05-03T18:00:00+00:00,1.9828000000000001,1.9828000000000001,1.9827,1.9828000000000001,14647668
2026-05-03T19:00:00+00:00,1.9828000000000001,1.9828000000000001,1.9827,1.9828000000000001,1892406
2026-05-03T20:00:00+00:00,1.9828000000000001,1.9828000000000001,1.9827,1.9828000000000001,3457463
2026-05-04T04:00:00+00:00,1.9828000000000001,1.9828000000000001,1.9827,1.9828000000000001,14066328
2026-05-04T05:00:00+00:00,1.9827,1.9828000000000001,1.9827,1.9828000000000001,32032568
2026-05-04T06:00:00+00:00,1.9828000000000001,1.9828000000000001,1.9827,1.9827,11366088
2026-05-04T07:00:00+00:00,1.9828000000000001,1.9828000000000001,1.9827,1.9828000000000001,28899326
2026-05-04T08:00:00+00:00,1.9827,1.9828000000000001,1.9827,1.9828000000000001,21400590
2026-05-04T09:00:00+00:00,1.9828000000000001,1.9828000000000001,1.9827,1.9828000000000001,95138339
2026-05-04T10:00:00+00:00,1.9828000000000001,1.9828000000000001,1.9827,1.9828000000000001,73994109
2026-05-04T11:00:00+00:00,1.9828000000000001,1.9828000000000001,1.9827,1.9827,22894400
2026-05-04T12:00:00+00:00,1.9828000000000001,1.9828000000000001,1.9827,1.9828000000000001,19550535
2026-05-04T13:00:00+00:00,1.9827,1.9828000000000001,1.9827,1.9827,40185787
2026-05-04T14:00:00+00:00,1.9828000000000001,1.9828000000000001,1.9827,1.9828000000000001,24397594
2026-05-04T15:00:00+00:00,1.9827,1.9828000000000001,1.9827,1.9827,30119018
2026-05-04T16:00:00+00:00,1.9828000000000001,1.9828000000000001,1.9827,1.9828000000000001,42464610
2026-05-04T17:00:00+00:00,1.9828000000000001,1.9828000000000001,1.9827,1.9828000000000001,32187109
2026-05-04T18:00:00+00:00,1.9827,1.9828000000000001,1.9827,1.9828000000000001,54281434
2026-05-04T19:00:00+00:00,1.9827,1.9828000000000001,1.9827,1.9828000000000001,12370438
2026-05-04T20:00:00+00:00,1.9827,1.9828000000000001,1.9827,1.9828000000000001,6966999
2026-05-05T04:00:00+00:00,1.9836,1.9836,1.9835,1.9836,5746162
2026-05-05T05:00:00+00:00,1.9835,1.9836,1.9835,1.9836,7004372
2026-05-05T06:00:00+00:00,1.9836,1.9836,1.9835,1.9836,14924063
2026-05-05T07:00:00+00:00,1.9835,1.9836,1.9835,1.9836,21912985
2026-05-05T08:00:00+00:00,1.9836,1.9836,1.9835,1.9836,21161914
2026-05-05T09:00:00+00:00,1.9836,1.9836,1.9835,1.9836,25881291
2026-05-05T10:00:00+00:00,1.9836,1.9836,1.9835,1.9836,74301219
2026-05-05T11:00:00+00:00,1.9836,1.9836,1.9835,1.9836,133467532
2026-05-05T12:00:00+00:00,1.9835,1.9836,1.9835,1.9836,38644065
2026-05-05T13:00:00+00:00,1.9836,1.9836,1.9835,1.9835,70099411
2026-05-05T14:00:00+00:00,1.9836,1.9836,1.9835,1.9835,58437199
2026-05-05T15:00:00+00:00,1.9835,1.9836,1.9835,1.9836,71541360
2026-05-05T16:00:00+00:00,1.9836,1.9836,1.9835,1.9835,16843443
2026-05-05T17:00:00+00:00,1.9836,1.9836,1.9835,1.9836,14087268
2026-05-05T18:00:00+00:00,1.9836,1.9836,1.9835,1.9836,10377707
2026-05-05T19:00:00+00:00,1.9836,1.9836,1.9835,1.9836,19469681
2026-05-05T20:00:00+00:00,1.9835,1.9836,1.9835,1.9836,21516242
2026-05-06T04:00:00+00:00,1.9844,1.9844,1.9843,1.9843,28624619
2026-05-06T05:00:00+00:00,1.9844,1.9844,1.9843,1.9844,6364339
2026-05-06T06:00:00+00:00,1.9844,1.9844,1.9843,1.9844,11967757
2026-05-06T07:00:00+00:00,1.9844,1.9844,1.9843,1.9843,15944985
2026-05-06T08:00:00+00:00,1.9844,1.9844,1.9843,1.9844,19474735
2026-05-06T09:00:00+00:00,1.9844,1.9844,1.9843,1.9844,41872333
2026-05-06T10:00:00+00:00,1.9844,1.9844,1.9843,1.9844,33568211
2026-05-06T11:00:00+00:00,1.9843,1.9844,1.9843,1.9843,20869291
2026-05-06T12:00:00+00:00,1.9844,1.9844,1.9843,1.9844,20290777
2026-05-06T13:00:00+00:00,1.9843,1.9844,1.9843,1.9844,14799395
2026-05-06T14:00:00+00:00,1.9844,1.9844,1.9843,1.9843,13512335
2026-05-06T15:00:00+00:00,1.9844,1.9844,1.9843,1.9844,13055725
2026-05-06T16:00:00+00:00,1.9844,1.9844,1.9843,1.9844,27233586
2026-05-06T17:00:00+00:00,1.9844,1.9844,1.9843,1.9843,58075568
2026-05-06T18:00:00+00:00,1.9844,1.9844,1.9843,1.9844,7926481
2026-05-06T19:00:00+00:00,1.9844,1.9844,1.9843,1.9844,14283233
2026-05-06T20:00:00+00:00,1.9844,1.9844,1.9843,1.9844,40409727
2026-05-07T04:00:00+00:00,1.9851,1.9851999999999999,1.9851,1.9851999999999999,3360630
2026-05-07T05:00:00+00:00,1.9851999999999999,1.9851999999999999,1.9851,1.9851999999999999,5891678
2026-05-07T06:00:00+00:00,1.9851999999999999,1.9851999999999999,1.9851,1.9851999999999999,28438435
2026-05-07T07:00:00+00:00,1.9851999999999999,1.9851999999999999,1.9851,1.9851999999999999,29014949
2026-05-07T08:00:00+00:00,1.9851999999999999,1.9851999999999999,1.9851,1.9851999999999999,31942064
2026-05-07T09:00:00+00:00,1.9851999999999999,1.9851999999999999,1.9851,1.9851999999999999,22176594
2026-05-07T10:00:00+00:00,1.9851999999999999,1.9851999999999999,1.9851,1.9851999999999999,63331550
2026-05-07T11:00:00+00:00,1.9851999999999999,1.9851999999999999,1.9851,1.9851999999999999,9466632
2026-05-07T12:00:00+00:00,1.9851,1.9851999999999999,1.9851,1.9851999999999999,37298825
2026-05-07T13:00:00+00:00,1.9851999999999999,1.9851999999999999,1.9851,1.9851999999999999,17371164
2026-05-07T14:00:00+00:00,1.9851999999999999,1.9851999999999999,1.9851,1.9851999999999999,18932241
2026-05-07T15:00:00+00:00,1.9851999999999999,1.9851999999999999,1.9851,1.9851999999999999,19198533
2026-05-07T16:00:00+00:00,1.9851999999999999,1.9851999999999999,1.9851,1.9851,16282691
2026-05-07T17:00:00+00:00,1.9851,1.9851999999999999,1.9851,1.9851999999999999,13839065
2026-05-07T18:00:00+00:00,1.9851999999999999,1.9851999999999999,1.9851,1.9851999999999999,16123970
2026-05-07T19:00:00+00:00,1.9851999999999999,1.9851999999999999,1.9851,1.9851,36837227
2026-05-07T20:00:00+00:00,1.9851999999999999,1.9851999999999999,1.9851,1.9851999999999999,24141453
2026-05-08T04:00:00+00:00,1.9872999999999998,1.9874,1.9872999999999998,1.9874,39909977
2026-05-08T05:00:00+00:00,1.9874,1.9874,1.9872999999999998,1.9872999999999998,7370574
2026-05-08T06:00:00+00:00,1.9874,1.9874,1.9872999999999998,1.9874,39026333
2026-05-08T07:00:00+00:00,1.9874,1.9874,1.9872999999999998,1.9874,29886161
2026-05-08T08:00:00+00:00,1.9872999999999998,1.9874,1.9872999999999998,1.9872999999999998,40207097
2026-05-08T09:00:00+00:00,1.9874,1.9874,1.9872999999999998,1.9874,23752858
2026-05-08T10:00:00+00:00,1.9874,1.9874,1.9872999999999998,1.9874,54240239
2026-05-08T11:00:00+00:00,1.9872999999999998,1.9874,1.9872999999999998,1.9874,27829552
2026-05-08T12:00:00+00:00,1.9874,1.9874,1.9872999999999998,1.9874,16306289
2026-05-08T13:00:00+00:00,1.9874,1.9874,1.9872999999999998,1.9874,36717183
2026-05-08T14:00:00+00:00,1.9874,1.9874,1.9872999999999998,1.9872999999999998,23179198
2026-05-08T15:00:00+00:00,1.9874,1.9874,1.9872999999999998,1.9872999999999998,24021291
2026-05-08T16:00:00+00:00,1.9874,1.9874,1.9872999999999998,1.9874,23203674
2026-05-08T17:00:00+00:00,1.9874,1.9874,1.9872999999999998,1.9874,14067036
2026-05-08T18:00:00+00:00,1.9874,1.9874,1.9872999999999998,1.9874,28777682
2026-05-08T19:00:00+00:00,1.9872999999999998,1.9874,1.9872999999999998,1.9874,10379604
2026-05-08T20:00:00+00:00,1.9872999999999998,1.9874,1.9872999999999998,1.9874,8034323
2026-05-09T07:00:00+00:00,1.9882,1.9882,1.9881,1.9882,3588121
2026-05-09T08:00:00+00:00,1.9881,1.9882,1.9881,1.9882,12704116
2026-05-09T09:00:00+00:00,1.9882,1.9882,1.9881,1.9882,6278753
2026-05-09T10:00:00+00:00,1.9882,1.9882,1.9881,1.9882,1840581
2026-05-09T11:00:00+00:00,1.9881,1.9882,1.9881,1.9882,1866186
2026-05-09T12:00:00+00:00,1.9882,1.9882,1.9881,1.9881,2472693
2026-05-09T13:00:00+00:00,1.9882,1.9882,1.9881,1.9882,2690673
2026-05-09T14:00:00+00:00,1.9881,1.9882,1.9881,1.9881,2826864
2026-05-09T15:00:00+00:00,1.9882,1.9882,1.9881,1.9882,3394417
2026-05-09T16:00:00+00:00,1.9882,1.9882,1.9881,1.9882,1008117
2026-05-09T17:00:00+00:00,1.9882,1.9882,1.9881,1.9882,2935649
2026-05-09T18:00:00+00:00,1.9882,1.9882,1.9881,1.9882,8706689
2026-05-09T19:00:00+00:00,1.9882,1.9882,1.9881,1.9882,2067978
2026-05-09T20:00:00+00:00,1.9882,1.9882,1.9881,1.9882,1819594
2026-05-10T07:00:00+00:00,1.9882,1.9882,1.9881,1.9881,5501257
2026-05-10T08:00:00+00:00,1.9881,1.9882,1.9881,1.9882,4667470
2026-05-10T09:00:00+00:00,1.9882,1.9882,1.9881,1.9882,2075439
2026-05-10T10:00:00+00:00,1.9881,1.9882,1.9881,1.9881,3003322
2026-05-10T11:00:00+00:00,1.9881,1.9882,1.9881,1.9882,3774682
2026-05-10T12:00:00+00:00,1.9882,1.9882,1.9881,1.9881,2875936
2026-05-10T13:00:00+00:00,1.9882,1.9882,1.9881,1.9882,1787608
2026-05-10T14:00:00+00:00,1.9882,1.9882,1.9881,1.9881,2494696
2026-05-10T15:00:00+00:00,1.9882,1.9882,1.9881,1.9882,1324276
2026-05-10T16:00:00+00:00,1.9881,1.9882,1.9881,1.9882,2343975
2026-05-10T17:00:00+00:00,1.9881,1.9882,1.9881,1.9882,1534174
2026-05-10T18:00:00+00:00,1.9882,1.9882,1.9881,1.9882,2088949
2026-05-10T19:00:00+00:00,1.9882,1.9882,1.9881,1.9882,1193671
2026-05-10T20:00:00+00:00,1.9882,1.9882,1.9881,1.9882,404157
2026-05-11T04:00:00+00:00,1.9881,1.9882,1.9881,1.9882,4593579
2026-05-11T05:00:00+00:00,1.9882,1.9882,1.9881,1.9882,33974905
2026-05-11T06:00:00+00:00,1.9882,1.9882,1.9881,1.9881,11767231
2026-05-11T07:00:00+00:00,1.9882,1.9882,1.9881,1.9882,7106865
2026-05-11T08:00:00+00:00,1.9882,1.9882,1.9881,1.9882,17854727
2026-05-11T09:00:00+00:00,1.9882,1.9882,1.9881,1.9882,13727767
2026-05-11T10:00:00+00:00,1.9882,1.9882,1.9881,1.9882,8696321
2026-05-11T11:00:00+00:00,1.9882,1.9882,1.9881,1.9882,11806940
2026-05-11T12:00:00+00:00,1.9882,1.9882,1.9881,1.9882,6341173
2026-05-11T13:00:00+00:00,1.9882,1.9882,1.9881,1.9882,12596462
2026-05-11T14:00:00+00:00,1.9882,1.9882,1.9881,1.9882,23076777
2026-05-11T15:00:00+00:00,1.9882,1.9882,1.9881,1.9882,10009834
2026-05-11T16:00:00+00:00,1.9882,1.9882,1.9881,1.9881,6783118
2026-05-11T17:00:00+00:00,1.9881,1.9882,1.9881,1.9882,12825713
2026-05-11T18:00:00+00:00,1.9882,1.9882,1.9881,1.9882,13406732
2026-05-11T19:00:00+00:00,1.9882,1.9882,1.9881,1.9881,7099665
2026-05-11T20:00:00+00:00,1.9882,1.9882,1.9881,1.9882,21330878
2026-05-12T04:00:00+00:00,1.9888,1.9889000000000001,1.9888,1.9889000000000001,7664327
2026-05-12T05:00:00+00:00,1.9889000000000001,1.9889000000000001,1.9888,1.9889000000000001,11718138
2026-05-12T06:00:00+00:00,1.9888,1.9889000000000001,1.9888,1.9888,13308248
2026-05-12T07:00:00+00:00,1.9889000000000001,1.9889000000000001,1.9888,1.9889000000000001,84184591
2026-05-12T08:00:00+00:00,1.9889000000000001,1.9889000000000001,1.9888,1.9888,31264134
2026-05-12T09:00:00+00:00,1.9888,1.9889000000000001,1.9888,1.9889000000000001,20649613
2026-05-12T10:00:00+00:00,1.9889000000000001,1.9889000000000001,1.9888,1.9888,49454894
2026-05-12T11:00:00+00:00,1.9889000000000001,1.9889000000000001,1.9888,1.9889000000000001,31486752
2026-05-12T12:00:00+00:00,1.9889000000000001,1.9889000000000001,1.9888,1.9889000000000001,20026868
2026-05-12T13:00:00+00:00,1.9889000000000001,1.9889000000000001,1.9888,1.9889000000000001,76633698
2026-05-12T14:00:00+00:00,1.9889000000000001,1.9889000000000001,1.9888,1.9889000000000001,19986566
2026-05-12T15:00:00+00:00,1.9889000000000001,1.9889000000000001,1.9888,1.9889000000000001,64741045
2026-05-12T16:00:00+00:00,1.9889000000000001,1.9889000000000001,1.9888,1.9889000000000001,37954833
2026-05-12T17:00:00+00:00,1.9889000000000001,1.9889000000000001,1.9888,1.9889000000000001,15736606
2026-05-12T18:00:00+00:00,1.9889000000000001,1.9889000000000001,1.9888,1.9889000000000001,15291519
2026-05-12T19:00:00+00:00,1.9889000000000001,1.9889000000000001,1.9888,1.9889000000000001,23558256
2026-05-12T20:00:00+00:00,1.9889000000000001,1.9889000000000001,1.9888,1.9889000000000001,16213426
2026-05-13T04:00:00+00:00,1.9897,1.9897,1.9896,1.9897,4528005
2026-05-13T05:00:00+00:00,1.9897,1.9897,1.9896,1.9896,4449862
2026-05-13T06:00:00+00:00,1.9896,1.9897,1.9896,1.9897,7807625
2026-05-13T07:00:00+00:00,1.9897,1.9897,1.9896,1.9897,18692777
2026-05-13T08:00:00+00:00,1.9897,1.9897,1.9896,1.9897,27055826
2026-05-13T09:00:00+00:00,1.9897,1.9897,1.9896,1.9897,17876755
2026-05-13T10:00:00+00:00,1.9897,1.9897,1.9896,1.9897,70781362
2026-05-13T11:00:00+00:00,1.9897,1.9897,1.9896,1.9897,17458709
2026-05-13T12:00:00+00:00,1.9896,1.9897,1.9896,1.9897,14128785
2026-05-13T13:00:00+00:00,1.9897,1.9897,1.9896,1.9897,50505397
2026-05-13T14:00:00+00:00,1.9897,1.9897,1.9896,1.9896,40929910
2026-05-13T15:00:00+00:00,1.9897,1.9897,1.9896,1.9896,58976641
2026-05-13T16:00:00+00:00,1.9897,1.9897,1.9896,1.9897,24339775
2026-05-13T17:00:00+00:00,1.9897,1.9897,1.9896,1.9897,8819303
2026-05-13T18:00:00+00:00,1.9896,1.9897,1.9896,1.9897,9212564
2026-05-13T19:00:00+00:00,1.9897,1.9897,1.9896,1.9897,14325187
2026-05-13T20:00:00+00:00,1.9897,1.9897,1.9896,1.9897,40965516
2026-05-14T04:00:00+00:00,1.9903,1.9904,1.9903,1.9904,4874571
2026-05-14T05:00:00+00:00,1.9904,1.9904,1.9903,1.9903,5962442
2026-05-14T06:00:00+00:00,1.9904,1.9904,1.9903,1.9903,6725608
2026-05-14T07:00:00+00:00,1.9904,1.9904,1.9903,1.9904,33236359
2026-05-14T08:00:00+00:00,1.9904,1.9904,1.9903,1.9903,20129322
2026-05-14T09:00:00+00:00,1.9903,1.9904,1.9903,1.9904,9887300
2026-05-14T10:00:00+00:00,1.9904,1.9904,1.9903,1.9904,32635818
2026-05-14T11:00:00+00:00,1.9904,1.9904,1.9903,1.9904,14507973
2026-05-14T12:00:00+00:00,1.9904,1.9904,1.9903,1.9904,67070570
2026-05-14T13:00:00+00:00,1.9904,1.9904,1.9903,1.9903,40550341
2026-05-14T14:00:00+00:00,1.9904,1.9904,1.9903,1.9904,33966112
2026-05-14T15:00:00+00:00,1.9904,1.9904,1.9903,1.9903,30617280
2026-05-14T16:00:00+00:00,1.9904,1.9904,1.9903,1.9904,11749327
2026-05-14T17:00:00+00:00,1.9904,1.9904,1.9903,1.9904,23759702
2026-05-14T18:00:00+00:00,1.9904,1.9904,1.9903,1.9904,13735157
2026-05-14T19:00:00+00:00,1.9904,1.9904,1.9903,1.9904,8496398
2026-05-14T20:00:00+00:00,1.9904,1.9904,1.9903,1.9903,11036763
2026-05-15T04:00:00+00:00,1.9925000000000002,1.9926,1.9925000000000002,1.9925000000000002,7475891
2026-05-15T05:00:00+00:00,1.9926,1.9926,1.9925000000000002,1.9926,33194352
2026-05-15T06:00:00+00:00,1.9925000000000002,1.9926,1.9925000000000002,1.9926,17988081
2026-05-15T07:00:00+00:00,1.9925000000000002,1.9926,1.9925000000000002,1.9926,38396205
2026-05-15T08:00:00+00:00,1.9926,1.9926,1.9925000000000002,1.9926,52510992
2026-05-15T09:00:00+00:00,1.9925000000000002,1.9926,1.9925000000000002,1.9926,25305852
2026-05-15T10:00:00+00:00,1.9926,1.9926,1.9925000000000002,1.9926,23783985
2026-05-15T11:00:00+00:00,1.9926,1.9926,1.9925000000000002,1.9926,67159732
2026-05-15T12:00:00+00:00,1.9926,1.9926,1.9925000000000002,1.9926,21175318
2026-05-15T13:00:00+00:00,1.9926,1.9926,1.9925000000000002,1.9926,13206838
2026-05-15T14:00:00+00:00,1.9925000000000002,1.9926,1.9925000000000002,1.9925000000000002,29523688
2026-05-15T15:00:00+00:00,1.9926,1.9926,1.9925000000000002,1.9926,39270881
2026-05-15T16:00:00+00:00,1.9926,1.9926,1.9925000000000002,1.9926,33958668
2026-05-15T17:00:00+00:00,1.9926,1.9926,1.9925000000000002,1.9926,7106691
2026-05-15T18:00:00+00:00,1.9926,1.9926,1.9925000000000002,1.9926,5185943
2026-05-15T19:00:00+00:00,1.9926,1.9926,1.9925000000000002,1.9926,16484597
2026-05-15T20:00:00+00:00,1.9926,1.9926,1.9925000000000002,1.9926,88254651
2026-05-16T07:00:00+00:00,1.9933999999999998,1.9933999999999998,1.9933,1.9933,14167946
2026-05-16T08:00:00+00:00,1.9933,1.9933999999999998,1.9933,1.9933,4621162
2026-05-16T09:00:00+00:00,1.9933999999999998,1.9933999999999998,1.9933,1.9933999999999998,7272377
2026-05-16T10:00:00+00:00,1.9933999999999998,1.9933999999999998,1.9933,1.9933999999999998,2869393
2026-05-16T11:00:00+00:00,1.9933999999999998,1.9933999999999998,1.9933,1.9933,2949634
2026-05-16T12:00:00+00:00,1.9933,1.9933999999999998,1.9933,1.9933999999999998,10011290
2026-05-16T13:00:00+00:00,1.9933,1.9933999999999998,1.9933,1.9933999999999998,2862452
2026-05-16T14:00:00+00:00,1.9933,1.9933999999999998,1.9933,1.9933999999999998,2767721
2026-05-16T15:00:00+00:00,1.9933,1.9933999999999998,1.9933,1.9933999999999998,2177602
2026-05-16T16:00:00+00:00,1.9933,1.9933999999999998,1.9933,1.9933999999999998,5241396
2026-05-16T17:00:00+00:00,1.9933999999999998,1.9933999999999998,1.9933,1.9933999999999998,1505822
2026-05-16T18:00:00+00:00,1.9933999999999998,1.9933999999999998,1.9933,1.9933999999999998,1891615
2026-05-16T19:00:00+00:00,1.9933999999999998,1.9933999999999998,1.9933,1.9933,533473
2026-05-16T20:00:00+00:00,1.9933999999999998,1.9933999999999998,1.9933,1.9933999999999998,1031525
2026-05-17T07:00:00+00:00,1.9933999999999998,1.9933999999999998,1.9933,1.9933999999999998,3491842
2026-05-17T08:00:00+00:00,1.9933999999999998,1.9933999999999998,1.9933,1.9933999999999998,3533272
2026-05-17T09:00:00+00:00,1.9933999999999998,1.9933999999999998,1.9933,1.9933999999999998,4360763
2026-05-17T10:00:00+00:00,1.9933999999999998,1.9933999999999998,1.9933,1.9933,4348692
2026-05-17T11:00:00+00:00,1.9933999999999998,1.9933999999999998,1.9933,1.9933999999999998,5351346
2026-05-17T12:00:00+00:00,1.9933999999999998,1.9933999999999998,1.9933,1.9933999999999998,5177353
2026-05-17T13:00:00+00:00,1.9933999999999998,1.9933999999999998,1.9933,1.9933999999999998,3598015
2026-05-17T14:00:00+00:00,1.9933999999999998,1.9933999999999998,1.9933,1.9933999999999998,5005462
2026-05-17T15:00:00+00:00,1.9933,1.9933999999999998,1.9933,1.9933999999999998,2689655
2026-05-17T16:00:00+00:00,1.9933999999999998,1.9933999999999998,1.9933,1.9933999999999998,1711114
2026-05-17T17:00:00+00:00,1.9933999999999998,1.9933999999999998,1.9933,1.9933999999999998,2842290
2026-05-17T18:00:00+00:00,1.9933999999999998,1.9933999999999998,1.9933,1.9933999999999998,2177356
2026-05-17T19:00:00+00:00,1.9933999999999998,1.9933999999999998,1.9933,1.9933,1524976
2026-05-17T20:00:00+00:00,1.9933999999999998,1.9933999999999998,1.9933,1.9933999999999998,738614
2026-05-18T04:00:00+00:00,1.9933,1.9933999999999998,1.9933,1.9933999999999998,5078011
2026-05-18T05:00:00+00:00,1.9933,1.9933999999999998,1.9933,1.9933,33163691
2026-05-18T06:00:00+00:00,1.9933999999999998,1.9933999999999998,1.9933,1.9933999999999998,17846875
2026-05-18T07:00:00+00:00,1.9933,1.9933999999999998,1.9933,1.9933999999999998,22071228
2026-05-18T08:00:00+00:00,1.9933999999999998,1.9933999999999998,1.9933,1.9933999999999998,24045543
2026-05-18T09:00:00+00:00,1.9933999999999998,1.9933999999999998,1.9933,1.9933999999999998,37881797
2026-05-18T10:00:00+00:00,1.9933999999999998,1.9933999999999998,1.9933,1.9933999999999998,90353898
2026-05-18T11:00:00+00:00,1.9933999999999998,1.9933999999999998,1.9933,1.9933999999999998,23184383
2026-05-18T12:00:00+00:00,1.9933999999999998,1.9933999999999998,1.9933,1.9933,27025565
2026-05-18T13:00:00+00:00,1.9933,1.9933999999999998,1.9933,1.9933999999999998,13865630
2026-05-18T14:00:00+00:00,1.9933999999999998,1.9933999999999998,1.9933,1.9933,52265119
2026-05-18T15:00:00+00:00,1.9933999999999998,1.9933999999999998,1.9933,1.9933999999999998,23471945
2026-05-18T16:00:00+00:00,1.9933999999999998,1.9933999999999998,1.9933,1.9933999999999998,41436599
2026-05-18T17:00:00+00:00,1.9933999999999998,1.9933999999999998,1.9933,1.9933999999999998,16274308
2026-05-18T18:00:00+00:00,1.9933999999999998,1.9933999999999998,1.9933,1.9933999999999998,14970064
2026-05-18T19:00:00+00:00,1.9933999999999998,1.9933999999999998,1.9933,1.9933999999999998,16643323
2026-05-18T20:00:00+00:00,1.9933999999999998,1.9933999999999998,1.9933,1.9933999999999998,10003290
2026-05-19T04:00:00+00:00,1.994,1.9941,1.994,1.994,6815523
2026-05-19T05:00:00+00:00,1.9941,1.9941,1.994,1.9941,3408676
2026-05-19T06:00:00+00:00,1.9941,1.9941,1.994,1.9941,9663081
2026-05-19T07:00:00+00:00,1.9941,1.9941,1.994,1.994,37414589
2026-05-19T08:00:00+00:00,1.9941,1.9941,1.994,1.9941,28549093
2026-05-19T09:00:00+00:00,1.9941,1.9941,1.994,1.9941,52544431
2026-05-19T10:00:00+00:00,1.9941,1.9941,1.994,1.9941,45094503
2026-05-19T11:00:00+00:00,1.9941,1.9941,1.994,1.9941,100482113
2026-05-19T12:00:00+00:00,1.9941,1.9941,1.994,1.994,16632851
2026-05-19T13:00:00+00:00,1.9941,1.9941,1.994,1.9941,16278355
2026-05-19T14:00:00+00:00,1.9941,1.9941,1.994,1.994,19136004
2026-05-19T15:00:00+00:00,1.9941,1.9941,1.994,1.9941,79283721
2026-05-19T16:00:00+00:00,1.9941,1.9941,1.994,1.994,15779022
2026-05-19T17:00:00+00:00,1.9941,1.9941,1.994,1.9941,20932190
2026-05-19T18:00:00+00:00,1.9941,1.9941,1.994,1.9941,8105262
2026-05-19T19:00:00+00:00,1.994,1.9941,1.994,1.994,16312633
2026-05-19T20:00:00+00:00,1.9941,1.9941,1.994,1.9941,126603143
2026-05-20T04:00:00+00:00,1.9949,1.9949,1.9948000000000001,1.9948000000000001,4391473
2026-05-20T05:00:00+00:00,1.9949,1.9949,1.9948000000000001,1.9948000000000001,6247671
2026-05-20T06:00:00+00:00,1.9948000000000001,1.9949,1.9948000000000001,1.9948000000000001,12245062
2026-05-20T07:00:00+00:00,1.9949,1.9949,1.9948000000000001,1.9949,33071478
2026-05-20T08:00:00+00:00,1.9949,1.9949,1.9948000000000001,1.9949,32116923
2026-05-20T09:00:00+00:00,1.9949,1.9949,1.9948000000000001,1.9949,50629773
2026-05-20T10:00:00+00:00,1.9949,1.9949,1.9948000000000001,1.9949,31076334
2026-05-20T11:00:00+00:00,1.9949,1.9949,1.9948000000000001,1.9949,84627320
2026-05-20T12:00:00+00:00,1.9948000000000001,1.9949,1.9948000000000001,1.9949,16560118
2026-05-20T13:00:00+00:00,1.9949,1.9949,1.9948000000000001,1.9949,43558883
2026-05-20T14:00:00+00:00,1.9949,1.9949,1.9948000000000001,1.9949,30543372
2026-05-20T15:00:00+00:00,1.9949,1.9949,1.9948000000000001,1.9949,23890126
2026-05-20T16:00:00+00:00,1.9949,1.9949,1.9948000000000001,1.9949,32801132
2026-05-20T17:00:00+00:00,1.9949,1.9949,1.9948000000000001,1.9948000000000001,933246397
2026-05-20T18:00:00+00:00,1.9948000000000001,1.9949,1.9948000000000001,1.9949,8169272
2026-05-20T19:00:00+00:00,1.9949,1.9949,1.9948000000000001,1.9949,11973905
2026-05-20T20:00:00+00:00,1.9949,1.9949,1.9948000000000001,1.9949,10678951
2026-05-21T04:00:00+00:00,1.9955,1.9956,1.9955,1.9956,5290128
2026-05-21T05:00:00+00:00,1.9956,1.9956,1.9955,1.9955,4923922
2026-05-21T06:00:00+00:00,1.9956,1.9956,1.9955,1.9956,14209302
2026-05-21T07:00:00+00:00,1.9956,1.9956,1.9955,1.9956,32342705
2026-05-21T08:00:00+00:00,1.9956,1.9956,1.9955,1.9956,12062608
2026-05-21T09:00:00+00:00,1.9956,1.9956,1.9955,1.9956,27802281
2026-05-21T10:00:00+00:00,1.9956,1.9956,1.9955,1.9956,15424337
2026-05-21T11:00:00+00:00,1.9956,1.9956,1.9955,1.9956,58422615
2026-05-21T12:00:00+00:00,1.9956,1.9956,1.9955,1.9956,38922820
2026-05-21T13:00:00+00:00,1.9956,1.9956,1.9955,1.9956,23697650
2026-05-21T14:00:00+00:00,1.9956,1.9956,1.9955,1.9956,26795620
2026-05-21T15:00:00+00:00,1.9956,1.9956,1.9955,1.9956,15196785
2026-05-21T16:00:00+00:00,1.9956,1.9956,1.9955,1.9956,16775183
2026-05-21T17:00:00+00:00,1.9956,1.9956,1.9955,1.9956,11694462
2026-05-21T18:00:00+00:00,1.9955,1.9956,1.9955,1.9955,21898135
2026-05-21T19:00:00+00:00,1.9955,1.9956,1.9955,1.9955,11306312
2026-05-21T20:00:00+00:00,1.9955,1.9956,1.9955,1.9955,11328637
2026-05-22T04:00:00+00:00,1.9978,1.9979,1.9978,1.9979,35249033
2026-05-22T05:00:00+00:00,1.9979,1.9979,1.9978,1.9978,9228491
2026-05-22T06:00:00+00:00,1.9979,1.9979,1.9978,1.9979,59118436
2026-05-22T07:00:00+00:00,1.9978,1.9979,1.9978,1.9978,82563770
2026-05-22T08:00:00+00:00,1.9979,1.9979,1.9978,1.9978,36052868
2026-05-22T09:00:00+00:00,1.9979,1.9979,1.9978,1.9979,23550606
2026-05-22T10:00:00+00:00,1.9979,1.9979,1.9978,1.9979,21975539
2026-05-22T11:00:00+00:00,1.9979,1.9979,1.9978,1.9979,41806115
2026-05-22T12:00:00+00:00,1.9979,1.9979,1.9978,1.9978,30319914
2026-05-22T13:00:00+00:00,1.9978,1.9979,1.9978,1.9979,18953763
2026-05-22T14:00:00+00:00,1.9979,1.9979,1.9978,1.9978,25783055
2026-05-22T15:00:00+00:00,1.9978,1.9979,1.9978,1.9978,18732050
2026-05-22T16:00:00+00:00,1.9978,1.9979,1.9978,1.9979,11228523
2026-05-22T17:00:00+00:00,1.9978,1.9979,1.9978,1.9979,16962700
2026-05-22T18:00:00+00:00,1.9979,1.9979,1.9978,1.9979,45549810
2026-05-22T19:00:00+00:00,1.9979,1.9979,1.9978,1.9979,14402514
2026-05-22T20:00:00+00:00,1.9978,1.9979,1.9978,1.9979,21064963
2026-05-23T07:00:00+00:00,1.9986000000000002,1.9987,1.9986000000000002,1.9986000000000002,12568832
2026-05-23T08:00:00+00:00,1.9987,1.9987,1.9986000000000002,1.9987,10751596
2026-05-23T09:00:00+00:00,1.9986000000000002,1.9987,1.9986000000000002,1.9987,5318684
2026-05-23T10:00:00+00:00,1.9987,1.9987,1.9986000000000002,1.9987,8378141
2026-05-23T11:00:00+00:00,1.9987,1.9987,1.9986000000000002,1.9987,4793021
2026-05-23T12:00:00+00:00,1.9987,1.9987,1.9986000000000002,1.9987,3090073
2026-05-23T13:00:00+00:00,1.9987,1.9987,1.9986000000000002,1.9987,5338903
2026-05-23T14:00:00+00:00,1.9986000000000002,1.9987,1.9986000000000002,1.9987,8186062
2026-05-23T15:00:00+00:00,1.9987,1.9987,1.9986000000000002,1.9986000000000002,3680985
2026-05-23T16:00:00+00:00,1.9987,1.9987,1.9986000000000002,1.9986000000000002,2381032
2026-05-23T17:00:00+00:00,1.9987,1.9987,1.9986000000000002,1.9986000000000002,1113660
2026-05-23T18:00:00+00:00,1.9986000000000002,1.9987,1.9986000000000002,1.9986000000000002,3300912
2026-05-23T19:00:00+00:00,1.9987,1.9987,1.9986000000000002,1.9986000000000002,3882126
2026-05-23T20:00:00+00:00,1.9987,1.9987,1.9986000000000002,1.9987,1085240
2026-05-24T07:00:00+00:00,1.9987,1.9987,1.9986000000000002,1.9987,7733452
2026-05-24T08:00:00+00:00,1.9987,1.9987,1.9986000000000002,1.9987,6087294
2026-05-24T09:00:00+00:00,1.9987,1.9987,1.9986000000000002,1.9987,4909279
2026-05-24T10:00:00+00:00,1.9987,1.9987,1.9986000000000002,1.9987,1442445
2026-05-24T11:00:00+00:00,1.9987,1.9987,1.9986000000000002,1.9987,4896636
2026-05-24T12:00:00+00:00,1.9986000000000002,1.9987,1.9986000000000002,1.9986000000000002,1804547
2026-05-24T13:00:00+00:00,1.9987,1.9987,1.9986000000000002,1.9987,3528205
2026-05-24T14:00:00+00:00,1.9986000000000002,1.9987,1.9986000000000002,1.9987,2304190
2026-05-24T15:00:00+00:00,1.9987,1.9987,1.9986000000000002,1.9987,2359238
2026-05-24T16:00:00+00:00,1.9986000000000002,1.9987,1.9986000000000002,1.9987,768813
2026-05-24T17:00:00+00:00,1.9987,1.9987,1.9986000000000002,1.9987,6540418
2026-05-24T18:00:00+00:00,1.9987,1.9987,1.9986000000000002,1.9987,14164398
2026-05-24T19:00:00+00:00,1.9986000000000002,1.9987,1.9986000000000002,1.9987,947781
2026-05-24T20:00:00+00:00,1.9987,1.9987,1.9986000000000002,1.9987,3092575
2026-05-25T04:00:00+00:00,1.9986000000000002,1.9987,1.9986000000000002,1.9987,6913110
2026-05-25T05:00:00+00:00,1.9987,1.9987,1.9986000000000002,1.9987,40489640
2026-05-25T06:00:00+00:00,1.9987,1.9987,1.9986000000000002,1.9986000000000002,28475705
2026-05-25T07:00:00+00:00,1.9986000000000002,1.9987,1.9986000000000002,1.9987,20940247
2026-05-25T08:00:00+00:00,1.9987,1.9987,1.9986000000000002,1.9987,15060555
2026-05-25T09:00:00+00:00,1.9987,1.9987,1.9986000000000002,1.9987,17942973
2026-05-25T10:00:00+00:00,1.9987,1.9987,1.9986000000000002,1.9987,21999882
2026-05-25T11:00:00+00:00,1.9987,1.9987,1.9986000000000002,1.9986000000000002,31814909
2026-05-25T12:00:00+00:00,1.9987,1.9987,1.9986000000000002,1.9986000000000002,24722802
2026-05-25T13:00:00+00:00,1.9987,1.9987,1.9986000000000002,1.9986000000000002,28157787
2026-05-25T14:00:00+00:00,1.9986000000000002,1.9987,1.9986000000000002,1.9986000000000002,29705746
2026-05-25T15:00:00+00:00,1.9986000000000002,1.9987,1.9986000000000002,1.9987,24125459
2026-05-25T16:00:00+00:00,1.9986000000000002,1.9987,1.9986000000000002,1.9986000000000002,13243176
2026-05-25T17:00:00+00:00,1.9986000000000002,1.9987,1.9986000000000002,1.9987,33197380
2026-05-25T18:00:00+00:00,1.9986000000000002,1.9987,1.9986000000000002,1.9987,10683023
2026-05-25T19:00:00+00:00,1.9987,1.9987,1.9986000000000002,1.9987,81973481
2026-05-25T20:00:00+00:00,1.9986000000000002,1.9987,1.9986000000000002,1.9986000000000002,10752954
2026-05-26T04:00:00+00:00,1.9995,1.9995,1.9994,1.9995,28823834
2026-05-26T05:00:00+00:00,1.9994,1.9995,1.9994,1.9994,13766602
2026-05-26T06:00:00+00:00,1.9995,1.9995,1.9994,1.9995,11512912
2026-05-26T07:00:00+00:00,1.9995,1.9995,1.9994,1.9995,17877069
2026-05-26T08:00:00+00:00,1.9995,1.9995,1.9994,1.9995,30550059
2026-05-26T09:00:00+00:00,1.9995,1.9995,1.9994,1.9995,18025916
2026-05-26T10:00:00+00:00,1.9995,1.9995,1.9994,1.9994,18149793
2026-05-26T11:00:00+00:00,1.9995,1.9995,1.9994,1.9994,14013907
2026-05-26T12:00:00+00:00,1.9995,1.9995,1.9994,1.9995,37024643
2026-05-26T13:00:00+00:00,1.9994,1.9995,1.9994,1.9995,14326951
2026-05-26T14:00:00+00:00,1.9994,1.9995,1.9994,1.9995,38882095
2026-05-26T15:00:00+00:00,1.9995,1.9995,1.9994,1.9994,39283210
2026-05-26T16:00:00+00:00,1.9995,1.9995,1.9994,1.9995,14799061
2026-05-26T17:00:00+00:00,1.9994,1.9995,1.9994,1.9995,26148892
2026-05-26T18:00:00+00:00,1.9995,1.9995,1.9994,1.9994,15383074
2026-05-26T19:00:00+00:00,1.9994,1.9995,1.9994,1.9994,9261069
2026-05-26T20:00:00+00:00,1.9995,1.9995,1.9994,1.9995,42090764
2026-05-27T04:00:00+00:00,2.0002,2.0002,2.0001,2.0001,7235379
2026-05-27T05:00:00+00:00,2.0001,2.0002,2.0001,2.0002,4358593
2026-05-27T06:00:00+00:00,2.0002,2.0002,2.0001,2.0002,17052032
2026-05-27T07:00:00+00:00,2.0002,2.0002,2.0001,2.0002,26716663
2026-05-27T08:00:00+00:00,2.0002,2.0002,2.0001,2.0001,45001978
2026-05-27T09:00:00+00:00,2.0002,2.0002,2.0001,2.0002,22789570
2026-05-27T10:00:00+00:00,2.0001,2.0002,2.0001,2.0002,26846133
2026-05-27T11:00:00+00:00,2.0002,2.0002,2.0001,2.0001,28277658
2026-05-27T12:00:00+00:00,2.0002,2.0002,2.0001,2.0002,39508743
2026-05-27T13:00:00+00:00,2.0002,2.0002,2.0001,2.0002,32909134
2026-05-27T14:00:00+00:00,2.0001,2.0002,2.0001,2.0002,32477029
2026-05-27T15:00:00+00:00,2.0002,2.0002,2.0001,2.0001,74846653
2026-05-27T16:00:00+00:00,2.0002,2.0002,2.0001,2.0001,14315661
2026-05-27T17:00:00+00:00,2.0002,2.0002,2.0001,2.0001,14121860
2026-05-27T18:00:00+00:00,2.0002,2.0002,2.0001,2.0001,14333873
2026-05-27T19:00:00+00:00,2.0002,2.0002,2.0001,2.0002,8154525
2026-05-27T20:00:00+00:00,2.0002,2.0002,2.0001,2.0002,15840610
2026-05-28T04:00:00+00:00,2.0009,2.001,2.0009,2.0009,4306353
2026-05-28T05:00:00+00:00,2.001,2.001,2.0009,2.0009,12270942
2026-05-28T06:00:00+00:00,2.0009,2.001,2.0009,2.0009,10165574
2026-05-28T07:00:00+00:00,2.001,2.001,2.0009,2.001,16538822
2026-05-28T08:00:00+00:00,2.0009,2.001,2.0009,2.001,21222095
2026-05-28T09:00:00+00:00,2.001,2.001,2.0009,2.0009,24286289
2026-05-28T10:00:00+00:00,2.001,2.001,2.0009,2.001,10966719
2026-05-28T11:00:00+00:00,2.001,2.001,2.0009,2.001,14031568
2026-05-28T12:00:00+00:00,2.001,2.001,2.0009,2.001,10394394
2026-05-28T13:00:00+00:00,2.001,2.001,2.0009,2.001,18447942
2026-05-28T14:00:00+00:00,2.001,2.001,2.0009,2.001,30362105
2026-05-28T15:00:00+00:00,2.0009,2.001,2.0009,2.001,19420223
2026-05-28T16:00:00+00:00,2.001,2.001,2.0009,2.001,7879107
2026-05-28T17:00:00+00:00,2.001,2.001,2.0009,2.001,9575010
2026-05-28T18:00:00+00:00,2.001,2.001,2.0009,2.0009,11434529
2026-05-28T19:00:00+00:00,2.0009,2.001,2.0009,2.001,23186948
2026-05-28T20:00:00+00:00,2.001,2.001,2.0009,2.001,35293305
2026-05-29T04:00:00+00:00,2.0031,2.0032,2.0031,2.0032,5199001
2026-05-29T05:00:00+00:00,2.0031,2.0032,2.0031,2.0031,8082233
2026-05-29T06:00:00+00:00,2.0032,2.0032,2.0031,2.0032,63172032
2026-05-29T07:00:00+00:00,2.0031,2.0032,2.0031,2.0032,62498594
2026-05-29T08:00:00+00:00,2.0032,2.0032,2.0031,2.0032,47269260
2026-05-29T09:00:00+00:00,2.0031,2.0032,2.0031,2.0032,27296195
2026-05-29T10:00:00+00:00,2.0032,2.0032,2.0031,2.0032,22604466
2026-05-29T11:00:00+00:00,2.0032,2.0032,2.0031,2.0032,30595904
2026-05-29T12:00:00+00:00,2.0031,2.0032,2.0031,2.0032,117391795
2026-05-29T13:00:00+00:00,2.0031,2.0032,2.0031,2.0032,42208121
2026-05-29T14:00:00+00:00,2.0032,2.0032,2.0031,2.0032,56558063
2026-05-29T15:00:00+00:00,2.0032,2.0032,2.0031,2.0031,15725636
2026-05-29T16:00:00+00:00,2.0032,2.0032,2.0031,2.0032,10455387
2026-05-29T17:00:00+00:00,2.0032,2.0032,2.0031,2.0032,63083660
2026-05-29T18:00:00+00:00,2.0032,2.0032,2.0031,2.0031,13852021
2026-05-29T19:00:00+00:00,2.0032,2.0032,2.0031,2.0032,13548725
2026-05-29T20:00:00+00:00,2.0031,2.0032,2.0031,2.0032,5952485
2026-05-30T07:00:00+00:00,2.0039,2.004,2.0039,2.0039,13693010
2026-05-30T08:00:00+00:00,2.0039,2.004,2.0039,2.004,5782187
2026-05-30T09:00:00+00:00,2.004,2.004,2.0039,2.004,4992609
2026-05-30T10:00:00+00:00,2.004,2.004,2.0039,2.0039,5046461
2026-05-30T11:00:00+00:00,2.004,2.004,2.0039,2.004,2702107
2026-05-30T12:00:00+00:00,2.004,2.004,2.0039,2.004,2496906
2026-05-30T13:00:00+00:00,2.004,2.004,2.0039,2.0039,1872495
2026-05-30T14:00:00+00:00,2.0039,2.004,2.0039,2.004,8799539
2026-05-30T15:00:00+00:00,2.004,2.004,2.0039,2.004,2438690
2026-05-30T16:00:00+00:00,2.0039,2.004,2.0039,2.0039,1787411
2026-05-30T17:00:00+00:00,2.004,2.004,2.0039,2.0039,1898015
2026-05-30T18:00:00+00:00,2.004,2.004,2.0039,2.004,2642283
2026-05-30T19:00:00+00:00,2.004,2.004,2.0039,2.004,1668872
2026-05-30T20:00:00+00:00,2.004,2.004,2.0039,2.004,3992130
2026-05-31T07:00:00+00:00,2.004,2.004,2.0039,2.004,6552714
2026-05-31T08:00:00+00:00,2.0039,2.004,2.0039,2.0039,4558792
2026-05-31T09:00:00+00:00,2.004,2.004,2.0039,2.004,2824654
2026-05-31T10:00:00+00:00,2.004,2.004,2.0039,2.004,9275164
2026-05-31T11:00:00+00:00,2.004,2.004,2.0039,2.004,2663960
2026-05-31T12:00:00+00:00,2.004,2.004,2.0039,2.0039,2604206
2026-05-31T13:00:00+00:00,2.0039,2.004,2.0039,2.004,2973708
2026-05-31T14:00:00+00:00,2.004,2.004,2.0039,2.004,2246951
2026-05-31T15:00:00+00:00,2.004,2.004,2.0039,2.004,4070414
2026-05-31T16:00:00+00:00,2.004,2.004,2.0039,2.004,2871205
2026-05-31T17:00:00+00:00,2.004,2.004,2.0039,2.004,916220
2026-05-31T18:00:00+00:00,2.004,2.004,2.0039,2.004,6092267
2026-05-31T19:00:00+00:00,2.004,2.004,2.0039,2.004,1549929
2026-05-31T20:00:00+00:00,2.004,2.004,2.0039,2.004,1438684
2026-06-01T04:00:00+00:00,2.004,2.004,2.0039,2.004,19589895
2026-06-01T05:00:00+00:00,2.004,2.004,2.0039,2.0039,4157718
2026-06-01T06:00:00+00:00,2.004,2.004,2.0039,2.004,39045365
2026-06-01T07:00:00+00:00,2.004,2.004,2.0039,2.004,24353113
2026-06-01T08:00:00+00:00,2.004,2.004,2.0039,2.004,26034540
2026-06-01T09:00:00+00:00,2.004,2.004,2.0039,2.004,15537868
2026-06-01T10:00:00+00:00,2.004,2.004,2.0039,2.004,26448403
2026-06-01T11:00:00+00:00,2.004,2.004,2.0039,2.004,60642066
2026-06-01T12:00:00+00:00,2.004,2.004,2.0039,2.004,12416391
2026-06-01T13:00:00+00:00,2.004,2.004,2.0039,2.0039,22912955
2026-06-01T14:00:00+00:00,2.004,2.004,2.0039,2.004,21816519
2026-06-01T15:00:00+00:00,2.004,2.004,2.0039,2.004,25519407
2026-06-01T16:00:00+00:00,2.004,2.004,2.0039,2.004,10070274
2026-06-01T17:00:00+00:00,2.004,2.004,2.0039,2.0039,12038101
2026-06-01T18:00:00+00:00,2.004,2.004,2.0039,2.004,42004163
2026-06-01T19:00:00+00:00,2.004,2.004,2.0039,2.004,7329122
2026-06-01T20:00:00+00:00,2.004,2.004,2.0039,2.004,15388291
2026-06-02T04:00:00+00:00,2.0047,2.0048,2.0047,2.0047,2172857
2026-06-02T05:00:00+00:00,2.0047,2.0048,2.0047,2.0048,10109285
2026-06-02T06:00:00+00:00,2.0048,2.0048,2.0047,2.0048,8525601
2026-06-02T07:00:00+00:00,2.0048,2.0048,2.0047,2.0048,58035757
2026-06-02T08:00:00+00:00,2.0047,2.0048,2.0047,2.0048,19450774
2026-06-02T09:00:00+00:00,2.0048,2.0048,2.0047,2.0048,43115858
2026-06-02T10:00:00+00:00,2.0048,2.0048,2.0047,2.0048,81129322
2026-06-02T11:00:00+00:00,2.0048,2.0048,2.0047,2.0048,18591348
2026-06-02T12:00:00+00:00,2.0048,2.0048,2.0047,2.0048,8892031
2026-06-02T13:00:00+00:00,2.0048,2.0048,2.0047,2.0048,54393465
2026-06-02T14:00:00+00:00,2.0047,2.0048,2.0047,2.0047,35895192
2026-06-02T15:00:00+00:00,2.0048,2.0048,2.0047,2.0048,24848766
2026-06-02T16:00:00+00:00,2.0047,2.0048,2.0047,2.0048,18598586
2026-06-02T17:00:00+00:00,2.0048,2.0048,2.0047,2.0048,10967037
2026-06-02T18:00:00+00:00,2.0048,2.0048,2.0047,2.0048,13802737
2026-06-02T19:00:00+00:00,2.0047,2.0048,2.0047,2.0048,21028086
2026-06-02T20:00:00+00:00,2.0048,2.0048,2.0047,2.0048,33444258
2026-06-03T04:00:00+00:00,2.0054,2.0055,2.0054,2.0055,9336856
2026-06-03T05:00:00+00:00,2.0055,2.0055,2.0054,2.0055,5397924
2026-06-03T06:00:00+00:00,2.0055,2.0055,2.0054,2.0055,60960003
2026-06-03T07:00:00+00:00,2.0055,2.0055,2.0054,2.0055,39917821
2026-06-03T08:00:00+00:00,2.0055,2.0055,2.0054,2.0055,20854260
2026-06-03T09:00:00+00:00,2.0055,2.0055,2.0054,2.0054,51262567
2026-06-03T10:00:00+00:00,2.0054,2.0055,2.0054,2.0054,20711890
2026-06-03T11:00:00+00:00,2.0054,2.0055,2.0054,2.0054,36601774
2026-06-03T12:00:00+00:00,2.0054,2.0055,2.0054,2.0055,27468654
2026-06-03T13:00:00+00:00,2.0055,2.0055,2.0054,2.0055,92244114
2026-06-03T14:00:00+00:00,2.0055,2.0055,2.0054,2.0055,29264298
2026-06-03T15:00:00+00:00,2.0055,2.0055,2.0054,2.0055,22016571
2026-06-03T16:00:00+00:00,2.0055,2.0055,2.0054,2.0055,10945453
2026-06-03T17:00:00+00:00,2.0055,2.0055,2.0054,2.0055,10254208
2026-06-03T18:00:00+00:00,2.0055,2.0055,2.0054,2.0055,15935367
2026-06-03T19:00:00+00:00,2.0055,2.0055,2.0054,2.0055,15099152
2026-06-03T20:00:00+00:00,2.0055,2.0055,2.0054,2.0055,10549258
2026-06-04T04:00:00+00:00,2.0063,2.0063,2.0062,2.0063,3312006
2026-06-04T05:00:00+00:00,2.0063,2.0063,2.0062,2.0063,6519201
2026-06-04T06:00:00+00:00,2.0062,2.0063,2.0062,2.0062,16661146
2026-06-04T07:00:00+00:00,2.0063,2.0063,2.0062,2.0062,65157661
2026-06-04T08:00:00+00:00,2.0063,2.0063,2.0062,2.0063,20666447
2026-06-04T09:00:00+00:00,2.0063,2.0063,2.0062,2.0063,47193924
2026-06-04T10:00:00+00:00,2.0063,2.0063,2.0062,2.0063,15680548
2026-06-04T11:00:00+00:00,2.0063,2.0063,2.0062,2.0063,97202649
2026-06-04T12:00:00+00:00,2.0063,2.0063,2.0062,2.0063,12698012
2026-06-04T13:00:00+00:00,2.0063,2.0063,2.0062,2.0062,28194778
2026-06-04T14:00:00+00:00,2.0063,2.0063,2.0062,2.0063,19095115
2026-06-04T15:00:00+00:00,2.0063,2.0063,2.0062,2.0063,10623728
2026-06-04T16:00:00+00:00,2.0063,2.0063,2.0062,2.0063,12036428
2026-06-04T17:00:00+00:00,2.0063,2.0063,2.0062,2.0063,34242823
2026-06-04T18:00:00+00:00,2.0062,2.0063,2.0062,2.0063,10416918
2026-06-04T19:00:00+00:00,2.0063,2.0063,2.0062,2.0062,21695466
2026-06-04T20:00:00+00:00,2.0062,2.0063,2.0062,2.0062,11005646
2026-06-05T04:00:00+00:00,2.0086,2.0086,2.0085,2.0086,4696687
2026-06-05T05:00:00+00:00,2.0086,2.0086,2.0085,2.0086,43525646
2026-06-05T06:00:00+00:00,2.0086,2.0086,2.0085,2.0086,17775315
2026-06-05T07:00:00+00:00,2.0086,2.0086,2.0085,2.0085,34622528
2026-06-05T08:00:00+00:00,2.0085,2.0086,2.0085,2.0086,18982926
2026-06-05T09:00:00+00:00,2.0086,2.0086,2.0085,2.0086,22882618
2026-06-05T10:00:00+00:00,2.0086,2.0086,2.0085,2.0086,32445308
2026-06-05T11:00:00+00:00,2.0086,2.0086,2.0085,2.0086,16265635
2026-06-05T12:00:00+00:00,2.0086,2.0086,2.0085,2.0086,60865510
2026-06-05T13:00:00+00:00,2.0086,2.0086,2.0085,2.0086,14040318
2026-06-05T14:00:00+00:00,2.0085,2.0086,2.0085,2.0085,14779207
2026-06-05T15:00:00+00:00,2.0086,2.0086,2.0085,2.0086,48034337
2026-06-05T16:00:00+00:00,2.0086,2.0086,2.0085,2.0085,43038471
2026-06-05T17:00:00+00:00,2.0085,2.0086,2.0085,2.0086,9448589
2026-06-05T18:00:00+00:00,2.0086,2.0086,2.0085,2.0086,14269402
2026-06-05T19:00:00+00:00,2.0086,2.0086,2.0085,2.0086,9345066
2026-06-05T20:00:00+00:00,2.0086,2.0086,2.0085,2.0086,7297841
2026-06-06T07:00:00+00:00,2.0093,2.0094,2.0093,2.0094,7224399
2026-06-06T08:00:00+00:00,2.0093,2.0094,2.0093,2.0094,6531472
2026-06-06T09:00:00+00:00,2.0093,2.0094,2.0093,2.0094,4153548
2026-06-06T10:00:00+00:00,2.0094,2.0094,2.0093,2.0094,4762285
2026-06-06T11:00:00+00:00,2.0094,2.0094,2.0093,2.0094,6491765
2026-06-06T12:00:00+00:00,2.0093,2.0094,2.0093,2.0093,3366460
2026-06-06T13:00:00+00:00,2.0093,2.0094,2.0093,2.0094,2444751
2026-06-06T14:00:00+00:00,2.0093,2.0094,2.0093,2.0094,1683341
2026-06-06T15:00:00+00:00,2.0094,2.0094,2.0093,2.0094,2841941
2026-06-06T16:00:00+00:00,2.0094,2.0094,2.0093,2.0094,2375107
2026-06-06T17:00:00+00:00,2.0094,2.0094,2.0093,2.0094,1204778
2026-06-06T18:00:00+00:00,2.0094,2.0094,2.0093,2.0094,1500727
2026-06-06T19:00:00+00:00,2.0094,2.0094,2.0093,2.0094,852467
2026-06-06T20:00:00+00:00,2.0093,2.0094,2.0093,2.0094,309553
2026-06-07T07:00:00+00:00,2.0094,2.0094,2.0093,2.0093,4675286
2026-06-07T08:00:00+00:00,2.0094,2.0094,2.0093,2.0094,9502335
2026-06-07T09:00:00+00:00,2.0094,2.0094,2.0093,2.0094,3674726
2026-06-07T10:00:00+00:00,2.0093,2.0094,2.0093,2.0094,1744562
2026-06-07T11:00:00+00:00,2.0094,2.0094,2.0093,2.0094,4249693
2026-06-07T12:00:00+00:00,2.0093,2.0094,2.0093,2.0094,2590171
2026-06-07T13:00:00+00:00,2.0093,2.0094,2.0093,2.0094,2491011
2026-06-07T14:00:00+00:00,2.0094,2.0094,2.0093,2.0094,8594876
2026-06-07T15:00:00+00:00,2.0093,2.0094,2.0093,2.0094,3649616
2026-06-07T16:00:00+00:00,2.0094,2.0094,2.0093,2.0094,3689524
2026-06-07T17:00:00+00:00,2.0094,2.0094,2.0093,2.0093,3305209
2026-06-07T18:00:00+00:00,2.0094,2.0094,2.0093,2.0094,3175804
2026-06-07T19:00:00+00:00,2.0094,2.0094,2.0093,2.0093,669503
2026-06-07T20:00:00+00:00,2.0094,2.0094,2.0093,2.0094,534968
2026-06-08T04:00:00+00:00,2.0094,2.0094,2.0093,2.0093,37448360
2026-06-08T05:00:00+00:00,2.0094,2.0094,2.0093,2.0094,3439233
2026-06-08T06:00:00+00:00,2.0093,2.0094,2.0093,2.0093,11847051
2026-06-08T07:00:00+00:00,2.0094,2.0094,2.0093,2.0093,23416630
2026-06-08T08:00:00+00:00,2.0094,2.0094,2.0093,2.0094,38936382
2026-06-08T09:00:00+00:00,2.0094,2.0094,2.0093,2.0094,26977577
2026-06-08T10:00:00+00:00,2.0094,2.0094,2.0093,2.0094,129512504
2026-06-08T11:00:00+00:00,2.0094,2.0094,2.0093,2.0094,16667547
2026-06-08T12:00:00+00:00,2.0094,2.0094,2.0093,2.0094,23585285
2026-06-08T13:00:00+00:00,2.0094,2.0094,2.0093,2.0094,39238202
2026-06-08T14:00:00+00:00,2.0094,2.0094,2.0093,2.0094,37224580
2026-06-08T15:00:00+00:00,2.0093,2.0094,2.0093,2.0094,22591866
2026-06-08T16:00:00+00:00,2.0094,2.0094,2.0093,2.0093,17057291
2026-06-08T17:00:00+00:00,2.0093,2.0094,2.0093,2.0094,8481096
2026-06-08T18:00:00+00:00,2.0094,2.0094,2.0093,2.0093,49628255
2026-06-08T19:00:00+00:00,2.0094,2.0094,2.0093,2.0093,9151991
2026-06-08T20:00:00+00:00,2.0093,2.0094,2.0093,2.0094,31616577
2026-06-09T04:00:00+00:00,2.0101,2.0102,2.0101,2.0102,4414284
2026-06-09T05:00:00+00:00,2.0102,2.0102,2.0101,2.0101,6532461
2026-06-09T06:00:00+00:00,2.0101,2.0102,2.0101,2.0102,9395494
2026-06-09T07:00:00+00:00,2.0101,2.0102,2.0101,2.0101,34900732
2026-06-09T08:00:00+00:00,2.0102,2.0102,2.0101,2.0101,44960454
2026-06-09T09:00:00+00:00,2.0102,2.0102,2.0101,2.0102,71454836
2026-06-09T10:00:00+00:00,2.0102,2.0102,2.0101,2.0102,29857482
2026-06-09T11:00:00+00:00,2.0102,2.0102,2.0101,2.0102,16884801
2026-06-09T12:00:00+00:00,2.0102,2.0102,2.0101,2.0102,20110214
2026-06-09T13:00:00+00:00,2.0102,2.0102,2.0101,2.0102,37486581
2026-06-09T14:00:00+00:00,2.0102,2.0102,2.0101,2.0102,14267303
2026-06-09T15:00:00+00:00,2.0102,2.0102,2.0101,2.0102,52100041
2026-06-09T16:00:00+00:00,2.0101,2.0102,2.0101,2.0102,7718812
2026-06-09T17:00:00+00:00,2.0102,2.0102,2.0101,2.0101,15097706
2026-06-09T18:00:00+00:00,2.0101,2.0102,2.0101,2.0101,7574614
2026-06-09T19:00:00+00:00,2.0101,2.0102,2.0101,2.0102,8613580
2026-06-09T20:00:00+00:00,2.0102,2.0102,2.0101,2.0101,68980706
2026-06-10T04:00:00+00:00,2.0109,2.011,2.0109,2.011,3351210
2026-06-10T05:00:00+00:00,2.011,2.011,2.0109,2.011,6233690
2026-06-10T06:00:00+00:00,2.011,2.011,2.0109,2.011,12096237
2026-06-10T07:00:00+00:00,2.011,2.011,2.0109,2.0109,23800934
2026-06-10T08:00:00+00:00,2.011,2.011,2.0109,2.011,24886463
2026-06-10T09:00:00+00:00,2.0109,2.011,2.0109,2.011,25368878
2026-06-10T10:00:00+00:00,2.011,2.011,2.0109,2.011,41214044
2026-06-10T11:00:00+00:00,2.011,2.011,2.0109,2.011,15439692
2026-06-10T12:00:00+00:00,2.011,2.011,2.0109,2.011,17252785
2026-06-10T13:00:00+00:00,2.011,2.011,2.0109,2.011,14923800
2026-06-10T14:00:00+00:00,2.011,2.011,2.0109,2.011,30341476
2026-06-10T15:00:00+00:00,2.011,2.011,2.0109,2.011,34780897
2026-06-10T16:00:00+00:00,2.0109,2.011,2.0109,2.011,11978631
2026-06-10T17:00:00+00:00,2.0109,2.011,2.0109,2.011,15636733
2026-06-10T18:00:00+00:00,2.0109,2.011,2.0109,2.011,10496370
2026-06-10T19:00:00+00:00,2.011,2.011,2.0109,2.011,218020401
2026-06-10T20:00:00+00:00,2.011,2.011,2.0109,2.011,80359005
2026-06-11T04:00:00+00:00,2.014,2.014,2.0139,2.014,172519523
2026-06-11T05:00:00+00:00,2.0139,2.014,2.0139,2.014,9470224
2026-06-11T06:00:00+00:00,2.014,2.014,2.0139,2.014,23741197
2026-06-11T07:00:00+00:00,2.014,2.014,2.0139,2.014,46682383
2026-06-11T08:00:00+00:00,2.014,2.014,2.0139,2.014,18661185
2026-06-11T09:00:00+00:00,2.014,2.014,2.0139,2.014,36765919
2026-06-11T10:00:00+00:00,2.014,2.014,2.0139,2.014,8617428
2026-06-11T11:00:00+00:00,2.014,2.014,2.0139,2.014,22453853
2026-06-11T12:00:00+00:00,2.014,2.014,2.0139,2.0139,18707238
2026-06-11T13:00:00+00:00,2.0139,2.014,2.0139,2.014,15651637
2026-06-11T14:00:00+00:00,2.014,2.014,2.0139,2.014,17700588
2026-06-11T15:00:00+00:00,2.014,2.014,2.0139,2.014,31066689
2026-06-11T16:00:00+00:00,2.014,2.014,2.0139,2.014,6671022
2026-06-11T17:00:00+00:00,2.014,2.014,2.0139,2.014,11629553
2026-06-11T18:00:00+00:00,2.014,2.014,2.0139,2.014,92967915
2026-06-11T19:00:00+00:00,2.014,2.014,2.0139,2.014,4223615
2026-06-11T20:00:00+00:00,2.014,2.014,2.0139,2.014,11426341
2026-06-12T07:00:00+00:00,2.0147,2.0147,2.0146,2.0147,18566831
2026-06-12T08:00:00+00:00,2.0146,2.0147,2.0146,2.0147,4645982
2026-06-12T09:00:00+00:00,2.0147,2.0147,2.0146,2.0147,12464488
2026-06-12T10:00:00+00:00,2.0147,2.0147,2.0146,2.0147,8602698
2026-06-12T11:00:00+00:00,2.0146,2.0147,2.0146,2.0147,3682904
2026-06-12T12:00:00+00:00,2.0147,2.0147,2.0146,2.0147,3543050
2026-06-12T13:00:00+00:00,2.0147,2.0147,2.0146,2.0147,3211520
2026-06-12T14:00:00+00:00,2.0147,2.0147,2.0146,2.0147,5301804
2026-06-12T15:00:00+00:00,2.0147,2.0147,2.0146,2.0147,3311978
2026-06-12T16:00:00+00:00,2.0147,2.0147,2.0146,2.0146,4273290
2026-06-12T17:00:00+00:00,2.0146,2.0147,2.0146,2.0147,3377807
2026-06-12T18:00:00+00:00,2.0147,2.0147,2.0146,2.0147,1787125
2026-06-12T19:00:00+00:00,2.0147,2.0147,2.0146,2.0146,1146481
2026-06-12T20:00:00+00:00,2.0146,2.0147,2.0146,2.0147,936543
2026-06-13T07:00:00+00:00,2.0147,2.0155,2.0146,2.0147,4138737
2026-06-13T08:00:00+00:00,2.0146,2.0147,2.0146,2.0147,5609868
2026-06-13T09:00:00+00:00,2.0147,2.0147,2.0146,2.0146,3801918
2026-06-13T10:00:00+00:00,2.0147,2.0147,2.0146,2.0147,14472206
2026-06-13T11:00:00+00:00,2.0147,2.0147,2.0146,2.0146,782814
