time,open,high,low,close,volume
2025-06-13T11:00:00+00:00,224.05,224.35,223.15,223.75,7959
2025-06-13T12:00:00+00:00,223.75,224.2,223.55,223.65,4505
2025-06-13T13:00:00+00:00,223.85,224.1,223.55,224.05,6815
2025-06-13T14:00:00+00:00,224.05,224.35,223.8,224.05,5833
2025-06-13T15:00:00+00:00,224.0,224.05,223.55,223.65,5156
2025-06-13T16:00:00+00:00,223.7,224.15,223.55,223.95,4304
2025-06-13T17:00:00+00:00,224.0,224.3,224.0,224.1,1476
2025-06-13T18:00:00+00:00,224.2,224.2,223.9,224.0,2681
2025-06-13T19:00:00+00:00,223.9,224.4,223.8,224.15,4322
2025-06-13T20:00:00+00:00,224.15,224.2,223.75,223.9,1856
2025-06-13T23:00:00+00:00,223.05,223.9,222.65,223.55,38
2025-06-14T00:00:00+00:00,223.55,224.5,223.5,224.45,28
2025-06-14T01:00:00+00:00,224.4,224.4,224.0,224.0,6
2025-06-14T02:00:00+00:00,224.3,224.3,223.95,224.0,21
2025-06-14T03:00:00+00:00,224.3,224.3,224.0,224.3,33
2025-06-14T04:00:00+00:00,224.3,224.3,224.0,224.0,20
2025-06-14T05:00:00+00:00,224.0,224.3,224.0,224.3,70
2025-06-14T06:00:00+00:00,224.1,224.3,223.95,223.95,51
2025-06-14T07:00:00+00:00,223.95,224.5,223.9,224.2,1489
2025-06-14T08:00:00+00:00,224.0,224.3,223.95,224.3,1036
2025-06-14T09:00:00+00:00,224.3,224.35,224.0,224.3,1831
2025-06-14T10:00:00+00:00,224.35,224.4,224.1,224.25,685
2025-06-14T11:00:00+00:00,224.3,224.45,224.05,224.45,808
2025-06-14T12:00:00+00:00,224.45,224.5,224.35,224.5,1061
2025-06-14T13:00:00+00:00,224.5,224.7,224.35,224.65,908
2025-06-14T14:00:00+00:00,224.65,224.9,224.55,224.9,1188
2025-06-14T15:00:00+00:00,224.9,225.4,224.9,225.1,5582
2025-06-14T16:00:00+00:00,225.75,225.75,224.0,224.75,136
2025-06-14T17:00:00+00:00,225.05,227.0,224.75,225.05,320
2025-06-14T18:00:00+00:00,225.1,226.15,224.95,225.05,305
2025-06-14T19:00:00+00:00,225.05,225.6,224.05,224.45,202
2025-06-14T20:00:00+00:00,224.45,225.95,224.1,225.9,111
2025-06-14T23:00:00+00:00,224.05,225.1,224.05,224.75,34
2025-06-15T00:00:00+00:00,225.0,225.0,225.0,225.0,152
2025-06-15T01:00:00+00:00,225.0,225.0,224.85,225.0,15
2025-06-15T02:00:00+00:00,225.0,225.0,224.8,224.85,74
2025-06-15T03:00:00+00:00,224.85,224.85,224.75,224.85,102
2025-06-15T04:00:00+00:00,225.15,225.5,224.75,224.8,76
2025-06-15T05:00:00+00:00,225.0,225.95,224.9,225.85,100
2025-06-15T06:00:00+00:00,225.85,225.85,225.3,225.5,63
2025-06-15T07:00:00+00:00,225.8,226.85,224.85,224.85,9154
2025-06-15T08:00:00+00:00,225.1,225.2,224.8,224.95,1803
2025-06-15T09:00:00+00:00,224.95,225.3,224.75,225.1,1219
2025-06-15T10:00:00+00:00,225.25,225.5,225.05,225.25,989
2025-06-15T11:00:00+00:00,225.2,226.0,225.15,225.95,1468
2025-06-15T12:00:00+00:00,225.9,226.2,225.75,225.9,2294
2025-06-15T13:00:00+00:00,225.9,226.15,225.75,226.15,2460
2025-06-15T14:00:00+00:00,226.15,226.45,225.8,226.2,3845
2025-06-15T15:00:00+00:00,226.15,226.5,225.95,225.95,2549
2025-06-15T16:00:00+00:00,225.95,226.9,225.95,226.6,100
2025-06-15T17:00:00+00:00,226.7,226.7,225.95,226.65,322
2025-06-15T18:00:00+00:00,226.6,226.65,225.9,226.3,541
2025-06-15T19:00:00+00:00,226.4,227.95,226.05,226.9,803
2025-06-15T20:00:00+00:00,226.9,226.9,226.15,226.5,149
2025-06-16T03:00:00+00:00,226.45,226.45,226.45,226.45,112
2025-06-16T04:00:00+00:00,226.4,226.75,225.45,226.6,5269
2025-06-16T05:00:00+00:00,226.5,226.55,226.25,226.3,1299
2025-06-16T06:00:00+00:00,226.3,226.4,225.85,226.2,5686
2025-06-16T07:00:00+00:00,226.05,226.3,225.0,225.4,28204
2025-06-16T08:00:00+00:00,225.35,225.85,224.8,225.55,13181
2025-06-16T09:00:00+00:00,225.55,226.2,225.1,225.6,15444
2025-06-16T10:00:00+00:00,225.6,225.9,225.1,225.25,5418
2025-06-16T11:00:00+00:00,225.3,225.65,225.15,225.5,3733
2025-06-16T12:00:00+00:00,225.45,225.55,224.1,224.7,21643
2025-06-16T13:00:00+00:00,224.7,225.25,224.05,224.85,26567
2025-06-16T14:00:00+00:00,224.8,225.6,224.7,225.2,23843
2025-06-16T15:00:00+00:00,225.2,225.35,224.8,225.3,8390
2025-06-16T16:00:00+00:00,225.3,225.35,224.85,225.15,9550
2025-06-16T17:00:00+00:00,225.15,225.35,225.1,225.25,2591
2025-06-16T18:00:00+00:00,225.25,225.35,225.25,225.25,3033
2025-06-16T19:00:00+00:00,225.25,225.35,225.2,225.35,3169
2025-06-16T20:00:00+00:00,225.35,225.6,225.35,225.55,3059
2025-06-17T03:00:00+00:00,226.0,226.0,226.0,226.0,56
2025-06-17T04:00:00+00:00,226.0,226.5,225.55,226.45,4658
2025-06-17T05:00:00+00:00,226.45,226.5,226.2,226.35,2833
2025-06-17T06:00:00+00:00,226.3,226.3,225.5,225.6,8311
2025-06-17T07:00:00+00:00,225.6,228.25,225.5,227.6,39846
2025-06-17T08:00:00+00:00,227.7,228.15,226.1,226.25,31412
2025-06-17T09:00:00+00:00,226.15,227.3,226.15,226.5,20347
2025-06-17T10:00:00+00:00,226.55,226.95,225.6,225.6,23366
2025-06-17T11:00:00+00:00,225.6,226.25,225.5,225.65,25448
2025-06-17T12:00:00+00:00,225.7,226.4,225.55,225.6,17355
2025-06-17T13:00:00+00:00,225.6,226.0,225.55,225.75,14982
2025-06-17T14:00:00+00:00,225.85,225.9,225.55,225.7,17949
2025-06-17T15:00:00+00:00,225.6,226.0,225.6,225.95,9104
2025-06-17T16:00:00+00:00,225.95,226.2,225.65,225.95,7344
2025-06-17T17:00:00+00:00,225.9,226.05,225.8,225.9,5133
2025-06-17T18:00:00+00:00,226.0,226.5,225.85,226.3,11708
2025-06-17T19:00:00+00:00,226.25,226.45,225.9,226.15,7018
2025-06-17T20:00:00+00:00,226.2,226.2,225.9,226.05,3888
2025-06-18T03:00:00+00:00,226.45,226.45,226.45,226.45,17
2025-06-18T04:00:00+00:00,226.45,226.9,225.0,226.2,8509
2025-06-18T05:00:00+00:00,226.1,226.6,226.0,226.3,2496
2025-06-18T06:00:00+00:00,226.35,226.8,226.2,226.5,9133
2025-06-18T07:00:00+00:00,226.55,226.55,225.9,226.45,13676
2025-06-18T08:00:00+00:00,226.4,226.55,226.05,226.3,12004
2025-06-18T09:00:00+00:00,226.35,227.55,226.1,227.0,20870
2025-06-18T10:00:00+00:00,227.15,228.0,226.85,227.85,15905
2025-06-18T11:00:00+00:00,227.85,228.5,227.4,228.35,19228
2025-06-18T12:00:00+00:00,228.25,229.0,227.25,229.0,22679
2025-06-18T13:00:00+00:00,229.0,229.0,228.4,229.0,21868
2025-06-18T14:00:00+00:00,229.0,229.0,227.6,228.7,23984
2025-06-18T15:00:00+00:00,228.6,229.85,228.55,229.45,26344
2025-06-18T16:00:00+00:00,229.0,229.5,228.85,228.9,10271
2025-06-18T17:00:00+00:00,228.85,228.95,228.05,228.5,6908
2025-06-18T18:00:00+00:00,228.5,228.75,228.3,228.6,3891
2025-06-18T19:00:00+00:00,228.55,228.65,228.2,228.4,3065
2025-06-18T20:00:00+00:00,228.4,228.45,228.3,228.45,3305
2025-06-19T03:00:00+00:00,228.45,228.45,228.45,228.45,23
2025-06-19T04:00:00+00:00,228.45,230.0,228.4,229.85,7311
2025-06-19T05:00:00+00:00,229.8,230.0,229.65,229.65,7382
2025-06-19T06:00:00+00:00,229.6,230.0,229.4,229.95,7481
2025-06-19T07:00:00+00:00,229.95,230.0,229.05,229.6,33736
2025-06-19T08:00:00+00:00,229.6,230.0,228.6,229.15,52254
2025-06-19T09:00:00+00:00,229.2,229.35,228.1,228.3,19980
2025-06-19T10:00:00+00:00,228.3,228.4,226.75,227.25,35985
2025-06-19T11:00:00+00:00,227.15,228.15,227.0,228.0,33606
2025-06-19T12:00:00+00:00,227.9,228.0,226.7,227.15,61680
2025-06-19T13:00:00+00:00,227.2,228.85,227.15,228.65,38055
2025-06-19T14:00:00+00:00,228.6,229.2,228.55,229.05,59462
2025-06-19T15:00:00+00:00,229.15,229.85,228.5,229.85,40256
2025-06-19T16:00:00+00:00,229.45,229.85,229.35,229.8,17286
2025-06-19T17:00:00+00:00,229.8,229.8,229.15,229.15,8101
2025-06-19T18:00:00+00:00,229.15,229.25,228.5,228.65,7950
2025-06-19T19:00:00+00:00,228.7,229.05,228.5,228.85,3890
2025-06-19T20:00:00+00:00,228.8,229.05,228.8,229.05,3362
2025-06-20T03:00:00+00:00,229.45,229.45,229.45,229.45,11
2025-06-20T04:00:00+00:00,229.05,229.65,228.8,229.0,3182
2025-06-20T05:00:00+00:00,229.0,229.25,228.85,229.0,930
2025-06-20T06:00:00+00:00,228.95,229.3,228.8,228.95,2421
2025-06-20T07:00:00+00:00,229.15,229.3,228.15,229.2,15565
2025-06-20T08:00:00+00:00,229.2,229.6,228.3,228.6,28237
2025-06-20T09:00:00+00:00,228.55,229.0,228.5,228.95,13366
2025-06-20T10:00:00+00:00,228.9,229.0,228.5,228.9,13835
2025-06-20T11:00:00+00:00,228.95,229.65,228.45,228.5,22711
2025-06-20T12:00:00+00:00,228.6,228.85,227.7,227.95,32694
2025-06-20T13:00:00+00:00,227.85,228.2,227.1,227.45,26928
2025-06-20T14:00:00+00:00,227.35,228.15,227.25,227.65,17337
2025-06-20T15:00:00+00:00,227.65,228.15,227.4,227.95,9078
2025-06-20T16:00:00+00:00,227.9,228.35,227.55,228.25,6574
2025-06-20T17:00:00+00:00,228.25,228.3,227.5,228.0,9118
2025-06-20T18:00:00+00:00,227.95,228.7,227.75,228.15,7175
2025-06-20T19:00:00+00:00,228.1,228.75,228.05,228.35,2080
2025-06-20T20:00:00+00:00,228.6,228.6,228.4,228.5,2446
2025-06-20T23:00:00+00:00,229.95,230.0,227.2,227.95,174
2025-06-21T00:00:00+00:00,227.95,228.0,227.7,227.95,144
2025-06-21T01:00:00+00:00,227.95,228.0,227.95,228.0,16
2025-06-21T02:00:00+00:00,227.95,228.0,227.95,227.95,97
2025-06-21T03:00:00+00:00,228.0,228.0,227.15,227.9,414
2025-06-21T04:00:00+00:00,227.45,227.85,227.25,227.25,44
2025-06-21T05:00:00+00:00,227.55,229.5,227.3,229.15,790
2025-06-21T06:00:00+00:00,229.15,229.5,228.0,228.95,201
2025-06-21T07:00:00+00:00,228.95,228.95,228.0,228.05,231
2025-06-21T08:00:00+00:00,228.05,228.75,228.0,228.6,280
2025-06-21T09:00:00+00:00,228.05,228.7,228.0,228.6,321
2025-06-21T10:00:00+00:00,228.7,228.7,228.05,228.6,307
2025-06-21T11:00:00+00:00,228.6,228.8,228.05,228.8,239
2025-06-21T12:00:00+00:00,228.8,228.95,228.45,228.95,401
2025-06-21T13:00:00+00:00,228.5,228.95,228.0,228.1,527
2025-06-21T14:00:00+00:00,228.2,228.85,228.0,228.05,180
2025-06-21T15:00:00+00:00,228.0,228.75,227.45,228.0,1092
2025-06-21T16:00:00+00:00,228.3,228.9,228.0,228.8,519
2025-06-21T17:00:00+00:00,228.8,228.85,228.05,228.75,82
2025-06-21T18:00:00+00:00,228.75,228.75,228.35,228.4,69
2025-06-21T19:00:00+00:00,228.4,228.8,228.05,228.7,326
2025-06-21T20:00:00+00:00,228.75,228.8,227.9,228.75,301
2025-06-21T23:00:00+00:00,229.1,229.5,228.55,229.2,168
2025-06-22T00:00:00+00:00,229.15,229.45,228.7,229.45,16
2025-06-22T01:00:00+00:00,229.45,230.1,229.45,230.05,630
2025-06-22T02:00:00+00:00,230.05,233.0,229.0,232.35,762
2025-06-22T03:00:00+00:00,230.3,231.95,229.15,230.25,586
2025-06-22T04:00:00+00:00,230.25,230.6,229.0,229.55,656
2025-06-22T05:00:00+00:00,229.55,234.65,229.05,233.45,17570
2025-06-22T06:00:00+00:00,233.15,233.35,231.1,232.4,5959
2025-06-22T07:00:00+00:00,232.0,232.0,231.2,231.2,1100
2025-06-22T08:00:00+00:00,231.2,231.75,231.2,231.5,781
2025-06-22T09:00:00+00:00,231.45,231.45,230.4,231.45,980
2025-06-22T10:00:00+00:00,231.45,231.75,231.1,231.1,787
2025-06-22T11:00:00+00:00,231.1,231.7,231.1,231.5,821
2025-06-22T12:00:00+00:00,231.7,231.7,231.3,231.6,518
2025-06-22T13:00:00+00:00,231.35,231.9,231.35,231.4,764
2025-06-22T14:00:00+00:00,231.45,231.45,230.25,230.5,1242
2025-06-22T15:00:00+00:00,230.35,231.45,230.25,231.4,406
2025-06-22T16:00:00+00:00,230.85,231.4,230.2,230.55,408
2025-06-22T17:00:00+00:00,231.05,231.1,230.55,231.1,251
2025-06-22T18:00:00+00:00,231.1,231.15,230.55,231.15,254
2025-06-22T19:00:00+00:00,230.95,231.35,230.95,231.0,879
2025-06-22T20:00:00+00:00,231.0,231.35,231.0,231.3,508
2025-06-23T03:00:00+00:00,228.55,228.55,228.55,228.55,2026
2025-06-23T04:00:00+00:00,228.5,229.8,228.5,229.3,11564
2025-06-23T05:00:00+00:00,229.3,229.5,228.95,229.2,7276
2025-06-23T06:00:00+00:00,229.15,229.25,227.9,228.3,13126
2025-06-23T07:00:00+00:00,228.35,228.35,224.7,226.8,94154
2025-06-23T08:00:00+00:00,226.75,226.95,225.95,226.95,19736
2025-06-23T09:00:00+00:00,226.95,227.8,226.2,226.75,27208
2025-06-23T10:00:00+00:00,226.75,227.3,226.05,226.45,29471
2025-06-23T11:00:00+00:00,226.45,226.75,226.05,226.35,15831
2025-06-23T12:00:00+00:00,226.35,226.5,225.25,226.05,47718
2025-06-23T13:00:00+00:00,226.05,226.7,225.75,226.25,43771
2025-06-23T14:00:00+00:00,226.35,227.45,226.25,227.45,25392
2025-06-23T15:00:00+00:00,227.45,227.8,226.9,227.0,10835
2025-06-23T16:00:00+00:00,227.0,227.15,226.05,226.3,16701
2025-06-23T17:00:00+00:00,226.35,226.75,226.0,226.25,9601
2025-06-23T18:00:00+00:00,226.2,226.85,226.2,226.75,8513
2025-06-23T19:00:00+00:00,226.7,227.15,226.6,227.0,10944
2025-06-23T20:00:00+00:00,227.0,227.4,226.75,227.2,8420
2025-06-24T03:00:00+00:00,227.5,227.5,227.5,227.5,101
2025-06-24T04:00:00+00:00,227.5,227.75,226.65,227.7,12451
2025-06-24T05:00:00+00:00,227.6,228.25,227.35,227.75,17667
2025-06-24T06:00:00+00:00,227.75,227.75,226.35,227.05,22624
2025-06-24T07:00:00+00:00,227.0,227.25,225.6,226.0,39156
2025-06-24T08:00:00+00:00,226.0,226.75,225.25,226.75,24167
2025-06-24T09:00:00+00:00,226.65,229.4,226.4,229.35,73850
2025-06-24T10:00:00+00:00,229.35,229.4,228.7,229.2,47078
2025-06-24T11:00:00+00:00,229.15,229.4,228.3,229.4,38587
2025-06-24T12:00:00+00:00,229.4,234.2,227.75,233.2,246598
2025-06-24T13:00:00+00:00,233.2,236.0,233.15,233.75,166097
2025-06-24T14:00:00+00:00,233.75,234.4,233.6,234.3,60567
2025-06-24T15:00:00+00:00,234.35,234.85,233.5,233.5,43616
2025-06-24T16:00:00+00:00,233.6,233.95,232.35,233.6,40109
2025-06-24T17:00:00+00:00,233.65,234.2,233.5,233.7,8284
2025-06-24T18:00:00+00:00,233.7,234.85,233.65,234.15,22384
2025-06-24T19:00:00+00:00,234.15,234.9,234.0,234.65,16225
2025-06-24T20:00:00+00:00,234.65,235.0,234.5,234.95,14766
2025-06-25T03:00:00+00:00,235.05,235.05,235.05,235.05,584
2025-06-25T04:00:00+00:00,235.05,235.95,234.05,235.8,25812
2025-06-25T05:00:00+00:00,235.8,235.9,235.2,235.8,13004
2025-06-25T06:00:00+00:00,235.7,237.3,235.0,236.65,61128
2025-06-25T07:00:00+00:00,236.65,237.25,236.15,237.05,42977
2025-06-25T08:00:00+00:00,237.05,237.4,236.2,237.0,45707
2025-06-25T09:00:00+00:00,237.0,237.15,234.55,234.7,83120
2025-06-25T10:00:00+00:00,234.65,235.7,234.25,235.05,53403
2025-06-25T11:00:00+00:00,235.0,236.0,234.5,234.7,43114
2025-06-25T12:00:00+00:00,234.7,234.85,233.3,233.7,45689
2025-06-25T13:00:00+00:00,233.65,234.65,233.55,234.1,41027
2025-06-25T14:00:00+00:00,234.05,236.0,233.9,235.75,35762
2025-06-25T15:00:00+00:00,235.75,236.75,235.65,236.2,31097
2025-06-25T16:00:00+00:00,236.2,236.2,235.4,235.55,14882
2025-06-25T17:00:00+00:00,235.6,235.7,235.15,235.6,4851
2025-06-25T18:00:00+00:00,235.65,236.25,235.55,235.95,16811
2025-06-25T19:00:00+00:00,235.85,235.95,235.25,235.25,7364
2025-06-25T20:00:00+00:00,235.25,235.8,235.25,235.6,5308
2025-06-26T03:00:00+00:00,236.0,236.0,236.0,236.0,105
2025-06-26T04:00:00+00:00,236.2,236.65,235.75,236.0,10152
2025-06-26T05:00:00+00:00,236.0,236.2,234.8,235.9,11296
2025-06-26T06:00:00+00:00,235.8,235.9,235.5,235.7,6735
2025-06-26T07:00:00+00:00,235.6,235.65,234.5,235.0,43706
2025-06-26T08:00:00+00:00,235.0,235.1,232.5,233.45,96133
2025-06-26T09:00:00+00:00,233.45,234.5,232.85,233.45,33835
2025-06-26T10:00:00+00:00,233.4,234.0,233.1,233.5,59204
2025-06-26T11:00:00+00:00,233.5,235.9,233.45,234.0,55628
2025-06-26T12:00:00+00:00,234.15,234.7,233.55,234.6,28174
2025-06-26T13:00:00+00:00,234.6,234.8,233.75,234.05,22744
2025-06-26T14:00:00+00:00,234.05,235.05,233.7,234.35,51668
2025-06-26T15:00:00+00:00,234.45,234.8,234.2,234.6,15907
2025-06-26T16:00:00+00:00,234.4,234.65,234.05,234.55,3553
2025-06-26T17:00:00+00:00,234.5,234.7,233.8,234.35,12587
2025-06-26T18:00:00+00:00,234.35,234.35,233.9,234.05,4902
2025-06-26T19:00:00+00:00,234.05,234.3,233.95,234.2,3862
2025-06-26T20:00:00+00:00,234.25,234.25,233.25,234.0,15584
2025-06-27T03:00:00+00:00,234.65,234.65,234.65,234.65,97
2025-06-27T04:00:00+00:00,234.7,235.0,233.6,234.95,9834
2025-06-27T05:00:00+00:00,234.95,235.25,234.6,234.75,9059
2025-06-27T06:00:00+00:00,234.65,234.9,234.3,234.35,7939
2025-06-27T07:00:00+00:00,234.35,234.6,233.6,234.3,15997
2025-06-27T08:00:00+00:00,234.3,235.0,234.25,234.95,21373
2025-06-27T09:00:00+00:00,235.0,235.1,234.1,234.6,28769
2025-06-27T10:00:00+00:00,234.55,234.9,234.1,234.4,18210
2025-06-27T11:00:00+00:00,234.4,234.7,233.9,234.05,27770
2025-06-27T12:00:00+00:00,234.1,234.5,233.95,234.0,17016
2025-06-27T13:00:00+00:00,234.1,234.7,233.85,234.4,45720
2025-06-27T14:00:00+00:00,234.6,234.7,234.0,234.4,22845
2025-06-27T15:00:00+00:00,234.4,234.8,234.4,234.65,23268
2025-06-27T16:00:00+00:00,234.6,234.8,234.2,234.75,15296
2025-06-27T17:00:00+00:00,234.75,234.95,234.7,234.75,10048
2025-06-27T18:00:00+00:00,234.75,234.8,234.3,234.5,3943
2025-06-27T19:00:00+00:00,234.6,234.6,234.35,234.5,4057
2025-06-27T20:00:00+00:00,234.5,234.65,234.2,234.5,6006
2025-06-27T23:00:00+00:00,233.7,235.95,233.7,235.0,100
2025-06-28T00:00:00+00:00,235.55,235.55,234.6,234.6,12
2025-06-28T01:00:00+00:00,235.0,235.2,234.1,235.2,33
2025-06-28T02:00:00+00:00,235.4,235.4,235.0,235.0,22
2025-06-28T03:00:00+00:00,235.0,235.25,234.65,234.8,42
2025-06-28T04:00:00+00:00,234.75,235.0,234.75,235.0,194
2025-06-28T05:00:00+00:00,235.0,235.35,234.8,235.1,880
2025-06-28T06:00:00+00:00,235.15,235.35,235.0,235.0,292
2025-06-28T07:00:00+00:00,235.0,235.0,234.65,234.9,2751
2025-06-28T08:00:00+00:00,234.7,235.2,234.65,235.1,3630
2025-06-28T09:00:00+00:00,235.0,237.0,234.95,236.75,34833
2025-06-28T10:00:00+00:00,236.9,237.2,236.15,236.2,25706
2025-06-28T11:00:00+00:00,236.35,236.7,236.0,236.6,13458
2025-06-28T12:00:00+00:00,236.7,236.7,235.9,236.6,10167
2025-06-28T13:00:00+00:00,236.55,236.6,236.05,236.25,2460
2025-06-28T14:00:00+00:00,236.1,236.75,235.65,236.6,11825
2025-06-28T15:00:00+00:00,236.6,236.7,236.0,236.3,4444
2025-06-28T16:00:00+00:00,235.65,237.1,235.65,236.9,749
2025-06-28T17:00:00+00:00,236.7,236.9,236.5,236.6,315
2025-06-28T18:00:00+00:00,236.55,236.8,236.35,236.55,505
2025-06-28T19:00:00+00:00,236.55,236.6,236.35,236.6,426
2025-06-28T20:00:00+00:00,236.5,236.8,236.45,236.6,680
2025-06-28T23:00:00+00:00,236.05,237.2,236.05,237.1,87
2025-06-29T00:00:00+00:00,237.15,237.15,237.1,237.1,19
2025-06-29T01:00:00+00:00,237.15,237.15,236.6,236.6,26
2025-06-29T02:00:00+00:00,236.7,237.0,236.6,236.6,22
2025-06-29T03:00:00+00:00,236.7,236.75,236.6,236.75,131
2025-06-29T04:00:00+00:00,236.75,236.9,236.6,236.9,351
2025-06-29T05:00:00+00:00,236.9,237.7,236.6,236.6,2904
2025-06-29T06:00:00+00:00,236.65,236.7,236.6,236.6,220
2025-06-29T07:00:00+00:00,236.65,237.3,236.45,237.0,13879
2025-06-29T08:00:00+00:00,237.0,237.15,237.0,237.15,3820
2025-06-29T09:00:00+00:00,237.15,237.2,237.0,237.15,4623
2025-06-29T10:00:00+00:00,237.05,237.4,237.0,237.3,6054
2025-06-29T11:00:00+00:00,237.4,237.4,237.0,237.2,6275
2025-06-29T12:00:00+00:00,237.15,237.4,237.0,237.4,2912
2025-06-29T13:00:00+00:00,237.4,237.5,237.2,237.4,5346
2025-06-29T14:00:00+00:00,237.4,237.4,236.95,237.0,13394
2025-06-29T15:00:00+00:00,237.1,237.5,236.55,237.15,8546
2025-06-29T16:00:00+00:00,237.6,237.6,235.75,236.9,1388
2025-06-29T17:00:00+00:00,237.2,237.5,236.9,237.5,695
2025-06-29T18:00:00+00:00,237.5,237.5,236.95,237.05,727
2025-06-29T19:00:00+00:00,237.25,237.5,236.9,237.15,1431
2025-06-29T20:00:00+00:00,237.15,237.45,236.9,237.45,1147
2025-06-30T03:00:00+00:00,237.1,237.1,237.1,237.1,519
2025-06-30T04:00:00+00:00,237.1,238.75,237.0,238.7,30236
2025-06-30T05:00:00+00:00,238.7,238.8,238.1,238.15,18334
2025-06-30T06:00:00+00:00,238.15,238.7,237.4,238.2,40718
2025-06-30T07:00:00+00:00,238.25,238.65,237.45,237.7,118955
2025-06-30T08:00:00+00:00,237.7,238.05,236.3,237.35,86003
2025-06-30T09:00:00+00:00,237.35,238.15,237.0,237.7,25960
2025-06-30T10:00:00+00:00,237.65,238.8,237.25,238.65,48842
2025-06-30T11:00:00+00:00,238.65,239.35,238.3,238.65,116281
2025-06-30T12:00:00+00:00,238.6,239.1,238.45,239.1,83152
2025-06-30T13:00:00+00:00,239.05,239.2,238.35,238.5,28733
2025-06-30T14:00:00+00:00,238.45,238.85,238.3,238.35,17529
2025-06-30T15:00:00+00:00,238.3,238.85,238.1,238.85,12246
2025-06-30T16:00:00+00:00,238.85,238.9,237.6,238.35,20459
2025-06-30T17:00:00+00:00,238.45,238.75,238.3,238.7,5247
2025-06-30T18:00:00+00:00,238.55,238.75,238.1,238.55,6417
2025-06-30T19:00:00+00:00,238.55,238.8,237.5,237.8,17398
2025-06-30T20:00:00+00:00,237.75,238.1,237.5,237.9,8168
2025-07-01T03:00:00+00:00,238.05,238.05,238.05,238.05,26
2025-07-01T04:00:00+00:00,238.05,238.6,237.1,238.35,32401
2025-07-01T05:00:00+00:00,238.25,238.4,237.65,237.65,13191
2025-07-01T06:00:00+00:00,237.65,238.75,236.0,237.15,75029
2025-07-01T07:00:00+00:00,237.15,237.4,235.8,237.05,86359
2025-07-01T08:00:00+00:00,237.1,237.45,236.0,237.05,68196
2025-07-01T09:00:00+00:00,237.05,237.4,236.6,237.35,42960
2025-07-01T10:00:00+00:00,237.35,237.35,237.0,237.3,27217
2025-07-01T11:00:00+00:00,237.3,237.6,236.65,237.25,70045
2025-07-01T12:00:00+00:00,237.25,237.65,237.0,237.5,52747
2025-07-01T13:00:00+00:00,237.5,237.6,237.1,237.5,72832
2025-07-01T14:00:00+00:00,237.55,237.7,237.0,237.5,96713
2025-07-01T15:00:00+00:00,237.55,237.6,236.8,237.45,48574
2025-07-01T16:00:00+00:00,237.35,237.5,236.35,236.8,29722
2025-07-01T17:00:00+00:00,236.8,236.95,236.4,236.5,11694
2025-07-01T18:00:00+00:00,236.55,236.7,236.0,236.45,15284
2025-07-01T19:00:00+00:00,236.4,236.85,236.15,236.55,8841
2025-07-01T20:00:00+00:00,236.55,236.9,236.35,236.45,6650
2025-07-02T03:00:00+00:00,236.5,236.5,236.5,236.5,112
2025-07-02T04:00:00+00:00,236.95,237.45,236.45,236.9,17766
2025-07-02T05:00:00+00:00,236.9,237.1,236.7,236.95,7391
2025-07-02T06:00:00+00:00,236.95,236.95,235.5,236.25,36088
2025-07-02T07:00:00+00:00,236.2,236.65,233.4,233.6,78253
2025-07-02T08:00:00+00:00,233.6,233.95,231.85,232.4,81771
2025-07-02T09:00:00+00:00,232.4,233.5,232.15,232.8,42339
2025-07-02T10:00:00+00:00,232.8,234.0,232.4,233.5,47911
2025-07-02T11:00:00+00:00,233.5,234.45,233.3,234.2,36636
2025-07-02T12:00:00+00:00,234.2,235.1,234.05,234.95,20284
2025-07-02T13:00:00+00:00,234.95,235.55,234.3,235.2,64929
2025-07-02T14:00:00+00:00,235.15,235.45,234.0,234.05,27080
2025-07-02T15:00:00+00:00,234.05,234.85,233.6,234.45,21857
2025-07-02T16:00:00+00:00,234.4,234.85,233.0,233.0,40556
2025-07-02T17:00:00+00:00,233.0,233.75,232.3,233.7,23092
2025-07-02T18:00:00+00:00,233.7,233.7,232.8,233.35,16784
2025-07-02T19:00:00+00:00,233.35,233.9,233.1,233.85,9202
2025-07-02T20:00:00+00:00,233.8,234.1,233.35,234.1,11740
2025-07-03T03:00:00+00:00,234.5,234.5,234.5,234.5,490
2025-07-03T04:00:00+00:00,234.5,235.45,234.3,234.95,21483
2025-07-03T05:00:00+00:00,234.9,235.3,234.55,234.7,8589
2025-07-03T06:00:00+00:00,234.7,234.9,233.9,234.65,22616
2025-07-03T07:00:00+00:00,234.55,234.75,233.0,233.45,59215
2025-07-03T08:00:00+00:00,233.45,234.8,233.35,234.5,95207
2025-07-03T09:00:00+00:00,234.45,235.35,234.0,235.2,84292
2025-07-03T10:00:00+00:00,235.2,235.2,234.1,234.3,61788
2025-07-03T11:00:00+00:00,234.35,234.6,233.5,233.85,60927
2025-07-03T12:00:00+00:00,233.9,234.15,231.35,232.4,117452
2025-07-03T13:00:00+00:00,232.5,233.0,231.75,232.25,106363
2025-07-03T14:00:00+00:00,232.3,232.35,231.15,231.9,78434
2025-07-03T15:00:00+00:00,231.9,231.9,230.0,230.05,117642
2025-07-03T16:00:00+00:00,230.05,230.1,228.25,229.0,66061
2025-07-03T17:00:00+00:00,229.0,229.05,227.6,228.0,67110
2025-07-03T18:00:00+00:00,228.0,228.75,227.8,228.05,24461
2025-07-03T19:00:00+00:00,228.15,228.4,227.15,228.35,46936
2025-07-03T20:00:00+00:00,228.4,228.5,228.25,228.5,18394
2025-07-04T03:00:00+00:00,228.0,228.0,228.0,228.0,1016
2025-07-04T04:00:00+00:00,227.95,228.3,226.0,226.75,62509
2025-07-04T05:00:00+00:00,226.75,226.9,225.15,225.7,32917
2025-07-04T06:00:00+00:00,225.8,226.5,225.7,226.25,32720
2025-07-04T07:00:00+00:00,226.25,228.2,226.05,227.8,88453
2025-07-04T08:00:00+00:00,227.9,228.2,226.05,226.65,167848
2025-07-04T09:00:00+00:00,226.65,226.7,225.4,226.45,113690
2025-07-04T10:00:00+00:00,226.35,226.75,226.15,226.75,75043
2025-07-04T11:00:00+00:00,226.75,227.15,226.55,227.0,91481
2025-07-04T12:00:00+00:00,227.0,227.0,226.5,226.55,67844
2025-07-04T13:00:00+00:00,226.55,226.7,225.45,225.8,91817
2025-07-04T14:00:00+00:00,225.8,225.95,224.95,225.95,107525
2025-07-04T15:00:00+00:00,225.95,227.85,225.75,227.45,104835
2025-07-04T16:00:00+00:00,227.4,227.45,226.5,226.95,29382
2025-07-04T17:00:00+00:00,226.9,227.25,226.65,226.8,30178
2025-07-04T18:00:00+00:00,226.85,226.9,225.65,225.8,44485
2025-07-04T19:00:00+00:00,225.8,226.05,225.35,225.35,51456
2025-07-04T20:00:00+00:00,225.35,225.55,224.6,225.5,84893
2025-07-04T23:00:00+00:00,216.1,216.1,216.1,216.1,6675
2025-07-05T00:00:00+00:00,216.1,216.1,216.1,216.1,215
2025-07-05T01:00:00+00:00,216.1,216.1,216.1,216.1,511
2025-07-05T02:00:00+00:00,216.1,216.1,216.1,216.1,735
2025-07-05T03:00:00+00:00,216.1,216.1,216.1,216.1,880
2025-07-05T04:00:00+00:00,216.1,216.1,216.1,216.1,1008
2025-07-05T05:00:00+00:00,216.1,216.1,216.1,216.1,563
2025-07-05T06:00:00+00:00,216.1,218.25,216.1,218.25,5439
2025-07-05T07:00:00+00:00,218.25,218.25,218.25,218.25,13280
2025-07-05T08:00:00+00:00,218.25,218.25,218.25,218.25,3963
2025-07-05T16:00:00+00:00,216.1,216.1,216.1,216.1,616
2025-07-05T17:00:00+00:00,216.1,216.1,216.1,216.1,454
2025-07-05T18:00:00+00:00,216.1,216.1,216.1,216.1,335
2025-07-05T19:00:00+00:00,216.1,216.1,216.1,216.1,215
2025-07-05T20:00:00+00:00,216.1,216.1,216.1,216.1,269
2025-07-05T23:00:00+00:00,216.1,216.1,216.1,216.1,236
2025-07-06T00:00:00+00:00,216.1,216.1,216.1,216.1,32
2025-07-06T01:00:00+00:00,216.1,216.1,216.1,216.1,36
2025-07-06T02:00:00+00:00,216.1,216.1,216.1,216.1,113
2025-07-06T03:00:00+00:00,216.1,216.1,216.1,216.1,133
2025-07-06T04:00:00+00:00,216.1,216.1,216.1,216.1,14
2025-07-06T05:00:00+00:00,216.1,216.1,216.1,216.1,162
2025-07-06T06:00:00+00:00,216.1,216.1,216.1,216.1,42
2025-07-06T16:00:00+00:00,216.1,216.1,216.1,216.1,185
2025-07-06T17:00:00+00:00,216.1,216.1,216.1,216.1,583
2025-07-06T18:00:00+00:00,216.1,216.1,216.1,216.1,339
2025-07-06T19:00:00+00:00,216.1,216.1,216.1,216.1,166
2025-07-06T20:00:00+00:00,216.1,216.1,216.1,216.1,22
2025-07-07T03:00:00+00:00,192.3,192.3,192.3,192.3,28837
2025-07-07T04:00:00+00:00,192.4,193.45,188.7,190.45,402691
2025-07-07T05:00:00+00:00,190.4,191.45,189.8,190.85,91294
2025-07-07T06:00:00+00:00,190.9,192.6,190.9,191.4,193984
2025-07-07T07:00:00+00:00,191.45,193.35,190.55,193.3,240658
2025-07-07T08:00:00+00:00,193.25,194.6,192.7,193.2,223716
2025-07-07T09:00:00+00:00,193.25,194.5,192.4,194.05,180095
2025-07-07T10:00:00+00:00,194.0,195.15,193.8,194.65,180945
2025-07-07T11:00:00+00:00,194.6,195.25,194.45,195.2,95798
2025-07-07T12:00:00+00:00,195.2,195.4,194.35,194.85,111443
2025-07-07T13:00:00+00:00,194.85,195.1,192.5,193.95,225212
2025-07-07T14:00:00+00:00,194.0,195.2,193.85,194.85,133038
2025-07-07T15:00:00+00:00,194.85,194.85,193.65,194.35,50107
2025-07-07T16:00:00+00:00,194.35,195.1,193.9,195.0,48747
2025-07-07T17:00:00+00:00,195.0,195.05,194.35,194.95,30527
2025-07-07T18:00:00+00:00,194.95,194.95,194.2,194.45,19226
2025-07-07T19:00:00+00:00,194.4,194.45,193.65,193.95,31022
2025-07-07T20:00:00+00:00,193.95,194.1,193.8,193.8,13277
2025-07-08T03:00:00+00:00,193.7,193.7,193.7,193.7,153
2025-07-08T04:00:00+00:00,193.7,194.55,191.8,192.55,77967
2025-07-08T05:00:00+00:00,192.55,193.35,192.0,192.85,23879
2025-07-08T06:00:00+00:00,192.95,194.0,192.9,193.4,32282
2025-07-08T07:00:00+00:00,193.45,194.45,193.0,193.85,92217
2025-07-08T08:00:00+00:00,193.9,195.3,193.8,195.15,91956
2025-07-08T09:00:00+00:00,195.2,196.65,194.9,196.3,177146
2025-07-08T10:00:00+00:00,196.3,196.6,195.6,196.1,86632
2025-07-08T11:00:00+00:00,196.1,196.85,196.0,196.2,50231
2025-07-08T12:00:00+00:00,196.25,197.8,196.15,197.25,111927
2025-07-08T13:00:00+00:00,197.35,198.25,197.1,197.55,116647
2025-07-08T14:00:00+00:00,197.55,198.85,197.1,198.6,60849
2025-07-08T15:00:00+00:00,198.6,198.7,197.7,198.45,51347
2025-07-08T16:00:00+00:00,198.5,198.8,196.55,197.4,87388
2025-07-08T17:00:00+00:00,197.25,197.95,196.25,196.25,40730
2025-07-08T18:00:00+00:00,196.3,196.5,195.25,195.9,28013
2025-07-08T19:00:00+00:00,195.9,196.3,195.0,195.85,37602
2025-07-08T20:00:00+00:00,195.8,195.95,195.25,195.95,13286
2025-07-09T03:00:00+00:00,195.9,195.9,195.9,195.9,281
2025-07-09T04:00:00+00:00,195.75,198.3,195.75,197.6,58550
2025-07-09T05:00:00+00:00,197.65,198.2,197.0,197.0,21145
2025-07-09T06:00:00+00:00,197.05,198.9,196.8,198.6,67191
2025-07-09T07:00:00+00:00,198.6,198.7,197.15,198.55,59680
2025-07-09T08:00:00+00:00,198.45,198.5,196.65,197.1,80663
2025-07-09T09:00:00+00:00,197.05,197.3,195.0,195.25,86756
2025-07-09T10:00:00+00:00,195.25,196.8,192.8,194.95,136767
2025-07-09T11:00:00+00:00,195.05,196.25,194.2,194.95,63235
2025-07-09T12:00:00+00:00,194.95,195.6,194.5,194.5,43048
2025-07-09T13:00:00+00:00,194.5,194.65,193.9,194.1,32136
2025-07-09T14:00:00+00:00,194.15,194.3,192.55,192.9,70924
2025-07-09T15:00:00+00:00,192.8,194.05,191.6,194.05,40992
2025-07-09T16:00:00+00:00,193.55,193.9,192.45,193.75,28148
2025-07-09T17:00:00+00:00,193.75,194.0,192.7,192.8,17137
2025-07-09T18:00:00+00:00,192.85,193.6,192.55,193.35,6869
2025-07-09T19:00:00+00:00,193.35,194.5,193.2,194.5,15063
2025-07-09T20:00:00+00:00,194.5,194.55,193.5,193.95,13589
2025-07-10T03:00:00+00:00,195.35,195.35,195.35,195.35,523
2025-07-10T04:00:00+00:00,194.0,195.65,194.0,195.2,26111
2025-07-10T05:00:00+00:00,195.2,195.2,194.85,195.0,3017
2025-07-10T06:00:00+00:00,195.0,195.7,195.0,195.25,9591
2025-07-10T07:00:00+00:00,195.2,195.7,194.55,194.75,29422
2025-07-10T08:00:00+00:00,194.75,194.85,193.85,194.45,22647
2025-07-10T09:00:00+00:00,194.4,194.9,194.1,194.7,16023
2025-07-10T10:00:00+00:00,194.7,197.8,194.7,196.55,84514
2025-07-10T11:00:00+00:00,196.65,196.75,195.65,196.55,56618
2025-07-10T12:00:00+00:00,196.55,198.2,196.05,197.95,67592
2025-07-10T13:00:00+00:00,197.95,198.2,197.85,198.05,54938
2025-07-10T14:00:00+00:00,198.05,198.45,197.55,197.95,42430
2025-07-10T15:00:00+00:00,197.95,198.0,197.15,197.75,20494
2025-07-10T16:00:00+00:00,197.75,197.75,196.85,197.0,20534
2025-07-10T17:00:00+00:00,197.0,197.65,196.85,197.65,7481
2025-07-10T18:00:00+00:00,197.65,197.65,197.25,197.35,3457
2025-07-10T19:00:00+00:00,197.35,197.35,197.05,197.15,3350
2025-07-10T20:00:00+00:00,197.1,197.45,196.85,197.0,9079
2025-07-11T03:00:00+00:00,197.05,197.05,197.05,197.05,32
2025-07-11T04:00:00+00:00,197.05,197.65,195.55,195.8,14624
2025-07-11T05:00:00+00:00,195.9,195.9,194.8,195.75,12800
2025-07-11T06:00:00+00:00,195.8,195.8,194.25,194.8,39811
2025-07-11T07:00:00+00:00,194.8,196.2,194.7,195.7,22110
2025-07-11T08:00:00+00:00,195.75,195.75,193.25,194.2,61789
2025-07-11T09:00:00+00:00,194.25,194.95,193.35,194.2,39317
2025-07-11T10:00:00+00:00,194.15,195.2,194.15,194.8,20954
2025-07-11T11:00:00+00:00,194.7,195.1,193.7,193.85,49812
2025-07-11T12:00:00+00:00,193.85,194.75,193.7,194.5,25970
2025-07-11T13:00:00+00:00,194.5,195.9,194.3,195.4,35613
2025-07-11T14:00:00+00:00,195.5,195.65,193.9,194.2,40078
2025-07-11T15:00:00+00:00,194.3,194.75,193.2,193.45,32124
2025-07-11T16:00:00+00:00,193.4,194.05,192.95,193.95,15246
2025-07-11T17:00:00+00:00,193.95,194.05,193.7,193.75,2471
2025-07-11T18:00:00+00:00,193.7,193.95,193.5,193.85,5349
2025-07-11T19:00:00+00:00,193.85,193.9,193.45,193.45,4864
2025-07-11T20:00:00+00:00,193.45,194.65,193.15,193.65,9761
2025-07-11T23:00:00+00:00,196.1,196.1,194.25,194.25,89
2025-07-12T00:00:00+00:00,194.25,194.55,194.1,194.55,64
2025-07-12T01:00:00+00:00,194.2,194.45,193.8,193.8,60
2025-07-12T02:00:00+00:00,194.05,194.75,193.8,194.75,76
2025-07-12T03:00:00+00:00,194.75,194.75,194.1,194.55,55
2025-07-12T04:00:00+00:00,194.2,194.45,193.05,193.15,187
2025-07-12T05:00:00+00:00,193.4,193.45,193.0,193.25,375
2025-07-12T06:00:00+00:00,193.25,193.6,193.0,193.6,271
2025-07-12T07:00:00+00:00,193.6,193.65,191.15,193.05,12020
2025-07-12T08:00:00+00:00,192.9,193.2,192.8,193.0,1848
2025-07-12T09:00:00+00:00,192.9,193.35,192.9,193.35,953
2025-07-12T10:00:00+00:00,193.35,193.35,193.1,193.25,1785
2025-07-12T11:00:00+00:00,193.1,193.3,192.85,193.0,1119
2025-07-12T12:00:00+00:00,193.1,193.2,192.55,192.7,2561
2025-07-12T13:00:00+00:00,192.55,193.05,192.55,193.0,402
2025-07-12T14:00:00+00:00,192.9,193.0,192.65,192.8,443
2025-07-12T15:00:00+00:00,192.7,192.85,192.55,192.75,1032
2025-07-12T16:00:00+00:00,193.5,193.5,192.2,192.95,125
2025-07-12T17:00:00+00:00,192.55,193.1,192.0,192.05,670
2025-07-12T18:00:00+00:00,192.5,193.1,192.2,192.5,227
2025-07-12T19:00:00+00:00,192.45,192.5,191.0,192.0,942
2025-07-12T20:00:00+00:00,192.0,193.05,191.85,193.0,165
2025-07-12T23:00:00+00:00,183.85,192.85,183.85,192.85,483
2025-07-13T00:00:00+00:00,193.1,193.1,192.6,192.8,17
2025-07-13T01:00:00+00:00,193.0,193.0,192.55,192.85,18
2025-07-13T02:00:00+00:00,192.55,192.85,192.5,192.8,6
2025-07-13T03:00:00+00:00,193.0,193.0,192.8,192.8,13
2025-07-13T04:00:00+00:00,192.8,193.15,192.8,193.15,48
2025-07-13T05:00:00+00:00,192.85,193.5,192.8,192.8,136
2025-07-13T06:00:00+00:00,193.2,193.3,192.75,192.75,107
2025-07-13T07:00:00+00:00,192.75,193.0,192.5,192.8,1648
2025-07-13T08:00:00+00:00,192.8,192.8,192.1,192.4,1226
2025-07-13T09:00:00+00:00,192.5,192.5,191.9,192.05,1292
2025-07-13T10:00:00+00:00,192.0,192.05,191.65,191.65,1489
2025-07-13T11:00:00+00:00,191.7,191.8,191.55,191.6,1988
2025-07-13T12:00:00+00:00,191.65,191.75,191.55,191.75,1269
2025-07-13T13:00:00+00:00,191.75,192.05,191.7,192.0,1638
2025-07-13T14:00:00+00:00,192.0,192.1,191.75,191.9,885
2025-07-13T15:00:00+00:00,191.9,192.0,191.75,191.9,1603
2025-07-13T16:00:00+00:00,192.1,192.3,190.4,192.3,334
2025-07-13T17:00:00+00:00,191.9,192.7,191.9,192.35,349
2025-07-13T18:00:00+00:00,192.6,192.6,191.1,191.1,217
2025-07-13T19:00:00+00:00,191.15,192.3,190.8,190.8,628
2025-07-13T20:00:00+00:00,190.9,192.15,190.5,192.05,524
2025-07-14T03:00:00+00:00,192.75,192.75,192.75,192.75,224
2025-07-14T04:00:00+00:00,192.05,192.6,191.05,191.25,12086
2025-07-14T05:00:00+00:00,191.3,191.45,190.5,190.95,9189
2025-07-14T06:00:00+00:00,190.95,192.1,190.95,191.65,15874
2025-07-14T07:00:00+00:00,191.65,192.45,190.3,191.15,63788
2025-07-14T08:00:00+00:00,191.0,191.25,190.15,190.7,27784
2025-07-14T09:00:00+00:00,190.7,191.2,190.1,190.1,22666
2025-07-14T10:00:00+00:00,190.1,191.65,190.05,191.3,34004
2025-07-14T11:00:00+00:00,191.3,191.4,190.1,190.2,23845
2025-07-14T12:00:00+00:00,190.2,190.9,190.2,190.6,30679
2025-07-14T13:00:00+00:00,190.7,190.7,189.0,189.7,48152
2025-07-14T14:00:00+00:00,189.6,190.5,189.5,189.85,23275
2025-07-14T15:00:00+00:00,189.85,193.2,189.5,192.65,53924
2025-07-14T16:00:00+00:00,192.65,195.55,192.65,194.9,71593
2025-07-14T17:00:00+00:00,195.0,195.1,193.95,194.3,14663
2025-07-14T18:00:00+00:00,194.3,194.4,193.85,194.1,8719
2025-07-14T19:00:00+00:00,194.1,194.45,194.05,194.15,5250
2025-07-14T20:00:00+00:00,194.2,194.55,194.15,194.4,6894
2025-07-15T03:00:00+00:00,195.2,195.2,195.2,195.2,101
2025-07-15T04:00:00+00:00,195.2,196.8,194.7,195.6,24803
2025-07-15T05:00:00+00:00,195.6,195.65,195.25,195.55,4611
2025-07-15T06:00:00+00:00,195.5,195.5,194.15,195.1,23540
2025-07-15T07:00:00+00:00,195.05,195.35,194.4,195.35,21264
2025-07-15T08:00:00+00:00,195.35,198.45,195.35,198.45,113812
2025-07-15T09:00:00+00:00,198.3,199.8,197.35,199.8,64594
2025-07-15T10:00:00+00:00,199.75,201.35,199.75,201.0,97049
2025-07-15T11:00:00+00:00,201.0,201.0,199.5,200.15,35626
2025-07-15T12:00:00+00:00,200.1,200.35,199.0,199.6,39375
2025-07-15T13:00:00+00:00,199.55,199.7,199.1,199.7,30138
2025-07-15T14:00:00+00:00,199.7,200.35,199.5,200.0,47267
2025-07-15T15:00:00+00:00,200.05,201.0,199.9,200.8,26182
2025-07-15T16:00:00+00:00,200.8,201.0,200.55,200.6,12152
2025-07-15T17:00:00+00:00,200.6,200.65,200.55,200.6,4688
2025-07-15T18:00:00+00:00,200.6,200.7,200.15,200.45,3930
2025-07-15T19:00:00+00:00,200.35,200.7,200.35,200.65,3737
2025-07-15T20:00:00+00:00,200.65,200.85,200.6,200.75,3460
2025-07-16T03:00:00+00:00,200.95,200.95,200.95,200.95,164
2025-07-16T04:00:00+00:00,200.95,204.15,200.95,203.25,34342
2025-07-16T05:00:00+00:00,203.3,204.0,203.15,203.6,16280
2025-07-16T06:00:00+00:00,203.5,203.6,201.8,202.45,21924
2025-07-16T07:00:00+00:00,202.25,203.2,201.7,203.2,39708
2025-07-16T08:00:00+00:00,203.1,203.9,202.75,202.75,84993
2025-07-16T09:00:00+00:00,202.8,203.25,202.4,203.0,60927
2025-07-16T10:00:00+00:00,203.0,203.95,202.75,203.4,67959
2025-07-16T11:00:00+00:00,203.4,204.25,203.25,203.85,54167
2025-07-16T12:00:00+00:00,203.8,204.3,203.55,203.85,37059
2025-07-16T13:00:00+00:00,203.85,204.6,203.85,204.4,44244
2025-07-16T14:00:00+00:00,204.4,204.75,204.15,204.15,22384
2025-07-16T15:00:00+00:00,204.15,204.7,204.1,204.7,11836
2025-07-16T16:00:00+00:00,204.7,204.8,204.1,204.3,24014
2025-07-16T17:00:00+00:00,204.3,204.5,204.15,204.45,6075
2025-07-16T18:00:00+00:00,204.45,204.45,203.1,203.1,18439
2025-07-16T19:00:00+00:00,203.1,203.5,202.7,202.8,6418
2025-07-16T20:00:00+00:00,202.75,202.75,201.9,202.15,10959
2025-07-17T03:00:00+00:00,202.0,202.0,202.0,202.0,201
2025-07-17T04:00:00+00:00,202.15,204.85,202.15,204.5,44771
2025-07-17T05:00:00+00:00,204.45,206.6,204.0,205.5,36447
2025-07-17T06:00:00+00:00,205.5,206.2,205.0,205.65,19971
2025-07-17T07:00:00+00:00,205.65,205.9,204.8,204.95,34239
2025-07-17T08:00:00+00:00,204.95,205.7,204.6,205.45,28403
2025-07-17T09:00:00+00:00,205.45,205.65,204.5,205.4,28799
2025-07-17T10:00:00+00:00,205.6,206.15,205.1,205.45,46878
2025-07-17T11:00:00+00:00,205.35,205.45,204.4,205.0,19231
2025-07-17T12:00:00+00:00,204.9,205.1,204.5,204.5,44415
2025-07-17T13:00:00+00:00,204.55,205.65,204.1,204.95,47754
2025-07-17T14:00:00+00:00,204.95,205.45,203.1,203.2,50090
2025-07-17T15:00:00+00:00,203.2,203.75,202.1,202.85,23131
2025-07-17T16:00:00+00:00,202.85,202.85,201.3,201.3,22949
2025-07-17T17:00:00+00:00,201.3,203.3,201.15,202.55,21816
2025-07-17T18:00:00+00:00,202.6,202.9,202.25,202.4,10833
2025-07-17T19:00:00+00:00,202.35,202.7,201.9,201.9,4408
2025-07-17T20:00:00+00:00,201.9,202.25,201.7,202.2,4397
2025-07-18T03:00:00+00:00,202.4,202.4,202.4,202.4,50
2025-07-18T04:00:00+00:00,202.4,204.95,202.4,204.0,33526
2025-07-18T05:00:00+00:00,204.0,204.5,203.4,204.35,8229
2025-07-18T06:00:00+00:00,204.4,204.65,203.9,203.9,12190
2025-07-18T07:00:00+00:00,203.95,205.4,203.95,205.15,46332
2025-07-18T08:00:00+00:00,205.1,205.9,204.7,205.4,80257
2025-07-18T09:00:00+00:00,205.5,205.95,205.05,205.9,24032
2025-07-18T10:00:00+00:00,205.95,206.8,205.8,206.55,30067
2025-07-18T11:00:00+00:00,206.55,207.3,206.35,206.75,43258
2025-07-18T12:00:00+00:00,206.7,207.15,206.45,206.8,18548
2025-07-18T13:00:00+00:00,206.9,207.75,206.8,207.45,23722
2025-07-18T14:00:00+00:00,207.45,208.85,207.4,208.0,49959
2025-07-18T15:00:00+00:00,208.0,208.65,207.85,208.35,7722
2025-07-18T16:00:00+00:00,208.35,208.45,207.65,207.65,5591
2025-07-18T17:00:00+00:00,207.65,207.75,207.1,207.6,7547
2025-07-18T18:00:00+00:00,207.6,207.6,207.35,207.45,4859
2025-07-18T19:00:00+00:00,207.5,208.2,207.2,207.9,12252
2025-07-18T20:00:00+00:00,207.95,208.7,207.95,208.65,13843
2025-07-18T23:00:00+00:00,207.65,208.85,207.25,208.4,435
2025-07-19T00:00:00+00:00,208.4,208.45,207.55,208.45,39
2025-07-19T01:00:00+00:00,208.1,209.95,207.5,209.95,380
2025-07-19T02:00:00+00:00,209.9,209.9,208.35,208.7,34
2025-07-19T03:00:00+00:00,208.7,208.7,208.0,208.5,1200
2025-07-19T04:00:00+00:00,208.5,209.9,208.45,209.7,682
2025-07-19T05:00:00+00:00,209.9,209.95,208.8,209.05,587
2025-07-19T06:00:00+00:00,209.0,209.2,208.75,208.75,442
2025-07-19T07:00:00+00:00,208.75,210.9,208.65,210.3,25023
2025-07-19T08:00:00+00:00,210.2,210.75,210.0,210.7,8835
2025-07-19T09:00:00+00:00,210.75,210.95,210.7,210.8,5276
2025-07-19T10:00:00+00:00,210.85,210.9,210.7,210.7,3528
2025-07-19T11:00:00+00:00,210.7,210.85,210.65,210.65,4953
2025-07-19T12:00:00+00:00,210.65,210.75,209.6,209.8,8030
2025-07-19T13:00:00+00:00,209.8,209.95,209.55,209.95,2472
2025-07-19T14:00:00+00:00,209.95,209.95,209.6,209.6,1028
2025-07-19T15:00:00+00:00,209.7,210.15,209.6,209.95,3038
2025-07-19T16:00:00+00:00,211.45,211.5,208.8,209.95,259
2025-07-19T17:00:00+00:00,209.95,210.9,209.5,210.85,417
2025-07-19T18:00:00+00:00,210.85,211.0,210.8,210.9,678
2025-07-19T19:00:00+00:00,210.8,211.0,210.65,210.65,531
2025-07-19T20:00:00+00:00,210.9,211.0,210.6,210.65,390
2025-07-19T23:00:00+00:00,209.5,211.95,209.5,211.2,123
2025-07-20T00:00:00+00:00,211.1,211.85,210.05,210.05,302
2025-07-20T01:00:00+00:00,210.45,210.5,210.1,210.5,43
2025-07-20T02:00:00+00:00,210.1,211.1,210.1,211.1,51
2025-07-20T03:00:00+00:00,211.15,211.15,210.5,210.7,52
2025-07-20T04:00:00+00:00,210.75,211.8,210.75,211.25,283
2025-07-20T05:00:00+00:00,211.0,211.25,210.85,210.85,247
2025-07-20T06:00:00+00:00,211.0,211.0,210.25,210.25,430
2025-07-20T07:00:00+00:00,210.3,211.5,210.05,210.35,8492
2025-07-20T08:00:00+00:00,210.35,210.45,209.75,209.85,2709
2025-07-20T09:00:00+00:00,209.85,209.85,209.7,209.85,752
2025-07-20T10:00:00+00:00,209.85,209.95,209.65,209.75,1591
2025-07-20T11:00:00+00:00,209.8,209.95,209.65,209.95,857
2025-07-20T12:00:00+00:00,209.95,210.0,209.8,210.0,1059
2025-07-20T13:00:00+00:00,209.95,210.25,209.95,210.25,1112
2025-07-20T14:00:00+00:00,210.15,210.6,210.15,210.35,1764
2025-07-20T15:00:00+00:00,210.35,210.5,210.25,210.4,2680
2025-07-20T16:00:00+00:00,209.7,211.2,208.6,210.15,184
2025-07-20T17:00:00+00:00,210.2,210.55,210.1,210.15,606
2025-07-20T18:00:00+00:00,210.15,210.4,209.6,210.25,333
2025-07-20T19:00:00+00:00,210.25,210.4,210.25,210.25,328
2025-07-20T20:00:00+00:00,210.4,210.4,210.25,210.4,97
2025-07-21T03:00:00+00:00,210.45,210.45,210.45,210.45,16
2025-07-21T04:00:00+00:00,210.45,211.15,210.0,211.1,6480
2025-07-21T05:00:00+00:00,211.1,212.4,211.05,212.3,16108
2025-07-21T06:00:00+00:00,212.3,212.3,209.3,210.6,30618
2025-07-21T07:00:00+00:00,210.55,211.1,208.1,208.4,30310
2025-07-21T08:00:00+00:00,208.4,211.35,208.05,210.25,33765
2025-07-21T09:00:00+00:00,210.25,211.85,210.25,211.8,34687
2025-07-21T10:00:00+00:00,211.85,211.85,210.75,210.8,23921
2025-07-21T11:00:00+00:00,210.75,211.0,209.65,210.0,27811
2025-07-21T12:00:00+00:00,210.0,210.25,209.0,209.15,25705
2025-07-21T13:00:00+00:00,209.2,209.8,208.7,209.1,30600
2025-07-21T14:00:00+00:00,209.1,210.3,208.9,210.2,25678
2025-07-21T15:00:00+00:00,210.2,210.25,209.45,209.7,16583
2025-07-21T16:00:00+00:00,209.65,210.0,209.45,209.7,4510
2025-07-21T17:00:00+00:00,209.6,210.0,209.45,209.55,2425
2025-07-21T18:00:00+00:00,209.5,209.75,208.8,209.65,11967
2025-07-21T19:00:00+00:00,209.75,209.75,209.25,209.4,3867
2025-07-21T20:00:00+00:00,209.35,209.65,209.1,209.45,3855
2025-07-22T03:00:00+00:00,209.5,209.5,209.5,209.5,59
2025-07-22T04:00:00+00:00,209.5,210.45,209.0,209.0,5189
2025-07-22T05:00:00+00:00,209.0,209.25,208.9,209.0,1423
2025-07-22T06:00:00+00:00,209.0,209.0,207.15,207.8,52725
2025-07-22T07:00:00+00:00,207.95,208.75,207.75,208.0,14719
2025-07-22T08:00:00+00:00,208.0,209.5,208.0,208.75,36851
2025-07-22T09:00:00+00:00,208.65,209.15,207.95,208.5,53059
2025-07-22T10:00:00+00:00,208.45,209.85,208.2,209.55,21289
2025-07-22T11:00:00+00:00,209.5,209.75,209.0,209.15,10606
2025-07-22T12:00:00+00:00,209.05,209.7,208.85,209.15,12613
2025-07-22T13:00:00+00:00,209.15,210.15,209.15,210.0,21127
2025-07-22T14:00:00+00:00,210.0,210.15,209.4,209.6,10894
2025-07-22T15:00:00+00:00,209.6,209.8,209.4,209.7,5806
2025-07-22T16:00:00+00:00,209.6,209.8,209.5,209.8,2774
2025-07-22T17:00:00+00:00,209.8,210.3,209.5,210.2,9580
2025-07-22T18:00:00+00:00,210.15,210.2,209.8,210.0,2044
2025-07-22T19:00:00+00:00,210.0,210.05,209.8,209.95,1680
2025-07-22T20:00:00+00:00,209.95,210.0,209.85,210.0,1832
2025-07-23T03:00:00+00:00,210.0,210.0,210.0,210.0,36
2025-07-23T04:00:00+00:00,210.1,210.95,210.0,210.65,3056
2025-07-23T05:00:00+00:00,210.55,210.65,210.4,210.55,3267
2025-07-23T06:00:00+00:00,210.5,210.6,210.25,210.4,3459
2025-07-23T07:00:00+00:00,210.55,212.05,210.45,212.05,39211
2025-07-23T08:00:00+00:00,212.05,212.55,212.0,212.4,65188
2025-07-23T09:00:00+00:00,212.45,212.65,211.3,212.05,46129
2025-07-23T10:00:00+00:00,212.1,212.25,211.05,211.5,28805
2025-07-23T11:00:00+00:00,211.55,212.55,211.4,212.0,56538
2025-07-23T12:00:00+00:00,212.0,212.1,211.7,211.95,12597
2025-07-23T13:00:00+00:00,211.95,212.4,211.1,211.1,55747
2025-07-23T14:00:00+00:00,211.15,211.5,210.55,210.75,29193
2025-07-23T15:00:00+00:00,210.65,212.4,210.6,212.4,17429
2025-07-23T16:00:00+00:00,212.4,212.4,211.05,211.8,9272
2025-07-23T17:00:00+00:00,211.8,211.85,211.5,211.6,2837
2025-07-23T18:00:00+00:00,211.6,211.6,210.75,210.85,8664
2025-07-23T19:00:00+00:00,210.85,210.9,210.5,210.75,15676
2025-07-23T20:00:00+00:00,210.75,210.9,210.4,210.85,7898
2025-07-24T03:00:00+00:00,210.05,210.05,210.05,210.05,710
2025-07-24T04:00:00+00:00,210.15,211.15,210.15,211.05,1443
2025-07-24T05:00:00+00:00,211.05,211.65,211.0,211.25,1691
2025-07-24T06:00:00+00:00,211.2,211.95,211.1,211.95,4331
2025-07-24T07:00:00+00:00,211.9,211.9,210.55,210.9,26033
2025-07-24T08:00:00+00:00,210.9,211.15,209.55,210.8,27960
2025-07-24T09:00:00+00:00,210.7,211.45,210.5,211.3,7582
2025-07-24T10:00:00+00:00,211.25,211.5,210.8,211.15,13777
2025-07-24T11:00:00+00:00,211.1,211.25,210.8,211.0,6161
2025-07-24T12:00:00+00:00,210.95,211.25,210.45,210.55,5811
2025-07-24T13:00:00+00:00,210.7,210.7,210.35,210.45,2855
2025-07-24T14:00:00+00:00,210.45,210.85,210.4,210.75,3608
2025-07-24T15:00:00+00:00,210.8,211.15,210.3,211.15,15700
2025-07-24T16:00:00+00:00,211.0,211.35,210.85,211.3,6774
2025-07-24T17:00:00+00:00,211.3,211.4,211.1,211.1,1732
2025-07-24T18:00:00+00:00,211.1,211.45,210.7,210.95,8238
2025-07-24T19:00:00+00:00,210.95,211.1,210.5,210.6,2844
2025-07-24T20:00:00+00:00,210.65,211.15,210.65,211.05,2361
2025-07-25T03:00:00+00:00,211.1,211.1,211.1,211.1,4
2025-07-25T04:00:00+00:00,211.2,211.95,211.1,211.6,6388
2025-07-25T05:00:00+00:00,211.45,211.7,211.2,211.4,2304
2025-07-25T06:00:00+00:00,211.4,211.65,210.35,210.75,8542
2025-07-25T07:00:00+00:00,210.75,211.55,210.45,211.2,14019
2025-07-25T08:00:00+00:00,211.2,211.8,211.05,211.25,14890
2025-07-25T09:00:00+00:00,211.3,212.2,211.2,211.7,11857
2025-07-25T10:00:00+00:00,211.65,212.2,209.1,211.2,85512
2025-07-25T11:00:00+00:00,211.2,212.15,210.7,211.2,21584
2025-07-25T12:00:00+00:00,211.2,212.0,210.25,210.25,36901
2025-07-25T13:00:00+00:00,210.2,211.05,208.25,210.55,67106
2025-07-25T14:00:00+00:00,210.55,210.6,208.25,208.85,30130
2025-07-25T15:00:00+00:00,208.9,209.0,208.05,208.6,17022
2025-07-25T16:00:00+00:00,209.0,209.15,208.4,208.65,13149
2025-07-25T17:00:00+00:00,208.55,209.9,208.5,209.6,6806
2025-07-25T18:00:00+00:00,209.6,209.8,209.45,209.5,2330
2025-07-25T19:00:00+00:00,209.55,209.7,209.4,209.6,2423
2025-07-25T20:00:00+00:00,209.6,210.1,208.8,209.35,9429
2025-07-25T23:00:00+00:00,209.8,211.0,209.8,210.95,55
2025-07-26T00:00:00+00:00,210.5,210.9,210.15,210.2,50
2025-07-26T01:00:00+00:00,210.8,210.85,210.8,210.8,12
2025-07-26T02:00:00+00:00,210.85,210.85,209.2,209.2,148
2025-07-26T03:00:00+00:00,209.2,210.35,209.1,210.3,105
2025-07-26T04:00:00+00:00,209.95,210.15,208.1,209.4,593
2025-07-26T05:00:00+00:00,209.4,210.1,208.4,209.45,486
2025-07-26T06:00:00+00:00,209.95,210.05,209.5,210.0,201
2025-07-26T07:00:00+00:00,209.35,210.35,209.25,210.1,2332
2025-07-26T08:00:00+00:00,210.2,210.3,210.0,210.1,369
2025-07-26T09:00:00+00:00,210.1,210.1,210.0,210.1,500
2025-07-26T10:00:00+00:00,210.0,210.15,209.95,210.05,348
2025-07-26T11:00:00+00:00,209.95,210.1,209.5,209.55,578
2025-07-26T12:00:00+00:00,209.55,209.85,209.5,209.5,1263
2025-07-26T13:00:00+00:00,209.45,209.5,209.35,209.5,590
2025-07-26T14:00:00+00:00,209.5,209.5,209.2,209.3,675
2025-07-26T15:00:00+00:00,209.3,209.7,209.3,209.7,561
2025-07-26T16:00:00+00:00,210.85,210.85,209.5,209.6,76
2025-07-26T17:00:00+00:00,209.6,210.1,208.0,209.35,612
2025-07-26T18:00:00+00:00,209.0,209.85,208.65,209.65,583
2025-07-26T19:00:00+00:00,209.35,209.6,208.45,208.45,85
2025-07-26T20:00:00+00:00,208.5,209.45,208.45,209.45,52
2025-07-26T23:00:00+00:00,209.55,209.75,209.3,209.75,14
2025-07-27T00:00:00+00:00,209.35,209.75,209.35,209.75,3
2025-07-27T01:00:00+00:00,209.55,209.55,209.0,209.0,10
2025-07-27T02:00:00+00:00,209.35,209.6,209.35,209.6,18
2025-07-27T03:00:00+00:00,209.15,209.65,209.15,209.65,13
2025-07-27T04:00:00+00:00,209.15,209.65,209.1,209.1,82
2025-07-27T05:00:00+00:00,209.1,209.65,209.1,209.15,43
2025-07-27T06:00:00+00:00,209.15,209.7,209.05,209.7,121
2025-07-27T07:00:00+00:00,209.7,210.0,208.8,209.15,2511
2025-07-27T08:00:00+00:00,209.05,209.3,208.6,209.3,850
2025-07-27T09:00:00+00:00,209.3,209.3,208.95,209.1,385
2025-07-27T10:00:00+00:00,209.0,209.2,208.95,209.1,485
2025-07-27T11:00:00+00:00,209.1,209.1,209.0,209.1,340
2025-07-27T12:00:00+00:00,209.1,209.15,209.0,209.1,248
2025-07-27T13:00:00+00:00,209.1,209.1,209.0,209.0,246
2025-07-27T14:00:00+00:00,209.1,209.1,209.0,209.1,361
2025-07-27T15:00:00+00:00,209.1,209.2,209.0,209.2,493
2025-07-27T16:00:00+00:00,210.25,210.25,207.7,208.85,475
2025-07-27T17:00:00+00:00,208.85,209.35,208.85,209.3,110
2025-07-27T18:00:00+00:00,209.3,209.3,208.45,208.95,81
2025-07-27T19:00:00+00:00,208.85,209.3,208.8,209.1,39
2025-07-27T20:00:00+00:00,209.1,209.3,208.8,208.8,81
2025-07-28T03:00:00+00:00,209.2,209.2,209.2,209.2,6
2025-07-28T04:00:00+00:00,209.2,209.2,208.55,209.0,2549
2025-07-28T05:00:00+00:00,209.05,209.15,208.75,209.1,1440
2025-07-28T06:00:00+00:00,209.1,209.2,206.35,207.4,22305
2025-07-28T07:00:00+00:00,207.45,208.1,206.8,207.85,31055
2025-07-28T08:00:00+00:00,207.85,209.5,207.75,209.3,26525
2025-07-28T09:00:00+00:00,209.3,210.0,209.1,209.8,16034
2025-07-28T10:00:00+00:00,209.7,209.95,209.2,209.45,16065
2025-07-28T11:00:00+00:00,209.5,209.9,207.95,207.95,23166
2025-07-28T12:00:00+00:00,207.9,208.0,206.55,207.8,49492
2025-07-28T13:00:00+00:00,207.75,208.5,206.0,207.8,55108
2025-07-28T14:00:00+00:00,207.9,208.05,206.4,207.6,30266
2025-07-28T15:00:00+00:00,207.6,207.8,206.85,206.85,7830
2025-07-28T16:00:00+00:00,206.85,207.6,206.25,206.45,10288
2025-07-28T17:00:00+00:00,206.45,206.75,206.0,206.7,22922
2025-07-28T18:00:00+00:00,206.65,207.1,206.4,206.7,3792
2025-07-28T19:00:00+00:00,206.7,207.15,206.6,207.0,2251
2025-07-28T20:00:00+00:00,206.95,207.1,206.7,206.75,1510
2025-07-29T03:00:00+00:00,208.0,208.0,208.0,208.0,300
2025-07-29T04:00:00+00:00,207.35,208.25,206.75,207.85,6638
2025-07-29T05:00:00+00:00,207.85,207.9,207.65,207.7,768
2025-07-29T06:00:00+00:00,207.65,207.65,206.15,206.7,15121
2025-07-29T07:00:00+00:00,206.7,207.45,205.2,206.25,55312
2025-07-29T08:00:00+00:00,206.3,207.2,206.05,206.9,19754
2025-07-29T09:00:00+00:00,206.9,207.25,206.25,207.0,20048
2025-07-29T10:00:00+00:00,207.0,207.65,206.55,207.5,12878
2025-07-29T11:00:00+00:00,207.4,208.8,207.35,208.45,21372
2025-07-29T12:00:00+00:00,208.45,209.3,208.3,208.55,11462
2025-07-29T13:00:00+00:00,208.6,208.6,207.6,208.05,6038
2025-07-29T14:00:00+00:00,208.15,208.75,207.9,208.65,6264
2025-07-29T15:00:00+00:00,208.7,208.9,208.4,208.75,7465
2025-07-29T16:00:00+00:00,208.8,208.85,208.15,208.65,5739
2025-07-29T17:00:00+00:00,208.65,208.9,206.8,206.85,11041
2025-07-29T18:00:00+00:00,206.9,206.9,206.6,206.8,13159
2025-07-29T19:00:00+00:00,206.8,207.1,206.65,206.8,8372
2025-07-29T20:00:00+00:00,206.85,207.1,206.7,206.8,5460
2025-07-30T03:00:00+00:00,206.8,206.8,206.8,206.8,1
2025-07-30T04:00:00+00:00,206.9,207.1,206.5,206.75,2280
2025-07-30T05:00:00+00:00,206.7,206.8,206.45,206.45,895
2025-07-30T06:00:00+00:00,206.6,207.1,206.5,207.05,2759
2025-07-30T07:00:00+00:00,207.0,207.65,206.5,207.5,9306
2025-07-30T08:00:00+00:00,207.4,207.4,206.75,206.85,4551
2025-07-30T09:00:00+00:00,206.85,208.05,206.85,207.45,18012
2025-07-30T10:00:00+00:00,207.45,207.6,207.4,207.5,3248
2025-07-30T11:00:00+00:00,207.5,207.9,207.4,207.4,6441
2025-07-30T12:00:00+00:00,207.45,207.65,205.05,205.25,37430
2025-07-30T13:00:00+00:00,205.25,205.6,205.0,205.6,15377
2025-07-30T14:00:00+00:00,205.6,206.2,205.25,205.7,8301
2025-07-30T15:00:00+00:00,205.7,206.15,205.5,205.5,5272
2025-07-30T16:00:00+00:00,205.5,205.95,205.2,205.4,4632
2025-07-30T17:00:00+00:00,205.3,205.35,205.05,205.1,2817
2025-07-30T18:00:00+00:00,205.1,205.6,205.05,205.45,2854
2025-07-30T19:00:00+00:00,205.55,205.55,205.25,205.35,2042
2025-07-30T20:00:00+00:00,205.25,205.4,205.25,205.35,801
2025-07-31T03:00:00+00:00,205.35,205.35,205.35,205.35,10
2025-07-31T04:00:00+00:00,205.3,205.8,205.05,205.25,3948
2025-07-31T05:00:00+00:00,205.15,206.75,205.15,206.7,7172
2025-07-31T06:00:00+00:00,206.7,206.75,205.95,206.3,6029
2025-07-31T07:00:00+00:00,206.3,206.55,205.1,205.65,27881
2025-07-31T08:00:00+00:00,205.55,208.8,205.3,208.45,83908
2025-07-31T09:00:00+00:00,208.45,209.85,208.1,208.7,51464
2025-07-31T10:00:00+00:00,208.7,209.5,208.7,209.25,23941
2025-07-31T11:00:00+00:00,209.25,209.35,208.55,208.95,20514
2025-07-31T12:00:00+00:00,208.95,209.25,208.75,209.05,13668
2025-07-31T13:00:00+00:00,209.15,209.5,208.85,209.45,22519
2025-07-31T14:00:00+00:00,209.5,209.95,209.05,209.3,30132
2025-07-31T15:00:00+00:00,209.25,209.5,209.05,209.45,5618
2025-07-31T16:00:00+00:00,209.35,209.7,209.1,209.2,12285
2025-07-31T17:00:00+00:00,209.25,209.4,209.2,209.3,3140
2025-07-31T18:00:00+00:00,209.25,209.35,209.25,209.35,2046
2025-07-31T19:00:00+00:00,209.35,209.5,209.25,209.5,1942
2025-07-31T20:00:00+00:00,209.45,209.75,209.4,209.75,6053
2025-08-01T03:00:00+00:00,210.05,210.05,210.05,210.05,63
2025-08-01T04:00:00+00:00,210.05,211.85,209.5,210.8,31709
2025-08-01T05:00:00+00:00,210.8,210.85,210.3,210.6,4581
2025-08-01T06:00:00+00:00,210.55,210.65,210.05,210.35,8958
2025-08-01T07:00:00+00:00,210.25,210.4,208.9,210.05,35587
2025-08-01T08:00:00+00:00,210.05,210.15,208.9,209.65,25520
2025-08-01T09:00:00+00:00,209.65,209.75,208.5,208.75,13607
2025-08-01T10:00:00+00:00,208.7,209.35,208.6,209.0,5789
2025-08-01T11:00:00+00:00,208.95,209.2,208.0,208.0,19380
2025-08-01T12:00:00+00:00,208.0,208.6,207.5,207.5,13975
2025-08-01T13:00:00+00:00,207.5,208.2,207.4,207.6,9094
2025-08-01T14:00:00+00:00,207.7,207.9,207.3,207.55,19391
2025-08-01T15:00:00+00:00,207.45,207.95,207.3,207.6,7872
2025-08-01T16:00:00+00:00,207.9,207.9,206.7,207.0,9592
2025-08-01T17:00:00+00:00,206.9,208.0,206.65,207.9,6381
2025-08-01T18:00:00+00:00,207.85,208.0,207.7,208.0,6041
2025-08-01T19:00:00+00:00,207.95,208.0,207.95,207.95,1023
2025-08-01T20:00:00+00:00,207.9,208.0,207.85,208.0,4056
2025-08-01T23:00:00+00:00,208.25,208.85,207.3,208.0,24
2025-08-02T00:00:00+00:00,208.0,208.2,207.6,208.2,6
2025-08-02T01:00:00+00:00,208.2,208.25,207.1,207.55,34
2025-08-02T02:00:00+00:00,207.55,207.55,207.1,207.5,40
2025-08-02T03:00:00+00:00,207.55,208.1,207.55,207.55,51
2025-08-02T04:00:00+00:00,207.95,208.25,207.0,207.3,208
2025-08-02T05:00:00+00:00,207.65,207.8,207.1,207.5,91
2025-08-02T06:00:00+00:00,207.1,207.75,207.1,207.55,106
2025-08-02T07:00:00+00:00,207.7,207.75,207.25,207.65,59
2025-08-02T08:00:00+00:00,207.65,207.75,207.15,207.2,365
2025-08-02T09:00:00+00:00,207.5,207.7,207.2,207.5,79
2025-08-02T10:00:00+00:00,207.25,207.6,207.1,207.15,91
2025-08-02T11:00:00+00:00,207.15,207.8,207.15,207.45,70
2025-08-02T12:00:00+00:00,207.45,208.2,207.25,207.85,124
2025-08-02T13:00:00+00:00,207.35,207.9,207.35,207.35,95
2025-08-02T14:00:00+00:00,207.75,207.8,207.3,207.35,119
2025-08-02T15:00:00+00:00,207.35,207.75,207.3,207.7,217
2025-08-02T16:00:00+00:00,207.35,207.7,207.25,207.3,259
2025-08-02T17:00:00+00:00,207.7,208.0,207.3,207.5,140
2025-08-02T18:00:00+00:00,207.4,207.65,207.3,207.55,59
2025-08-02T19:00:00+00:00,207.4,207.75,207.3,207.75,85
2025-08-02T20:00:00+00:00,207.7,207.75,207.35,207.5,18
2025-08-02T23:00:00+00:00,207.3,208.1,206.9,207.65,116
2025-08-03T00:00:00+00:00,207.65,207.65,207.45,207.45,4
2025-08-03T01:00:00+00:00,207.35,207.65,207.35,207.65,7
2025-08-03T02:00:00+00:00,207.65,207.65,206.95,207.65,29
2025-08-03T03:00:00+00:00,207.65,207.65,207.0,207.0,11
2025-08-03T04:00:00+00:00,207.25,208.05,207.25,207.55,130
2025-08-03T05:00:00+00:00,207.3,208.0,207.2,207.9,119
2025-08-03T06:00:00+00:00,207.9,208.0,207.4,207.85,31
2025-08-03T07:00:00+00:00,207.9,208.15,207.4,208.15,277
2025-08-03T08:00:00+00:00,208.0,208.2,207.65,208.0,102
2025-08-03T09:00:00+00:00,207.75,208.2,207.7,208.2,106
2025-08-03T10:00:00+00:00,208.0,208.65,207.05,207.9,843
2025-08-03T11:00:00+00:00,207.85,207.85,207.0,207.15,244
2025-08-03T12:00:00+00:00,207.15,207.85,207.15,207.75,51
2025-08-03T13:00:00+00:00,207.65,207.8,207.35,207.4,108
2025-08-03T14:00:00+00:00,207.4,207.75,207.0,207.4,376
2025-08-03T15:00:00+00:00,207.4,207.75,207.15,207.6,159
2025-08-03T16:00:00+00:00,207.35,207.65,207.15,207.55,149
2025-08-03T17:00:00+00:00,207.65,207.7,207.15,207.2,129
2025-08-03T18:00:00+00:00,207.2,207.7,207.15,207.3,163
2025-08-03T19:00:00+00:00,207.2,207.7,207.15,207.2,87
2025-08-03T20:00:00+00:00,207.4,207.8,207.15,207.15,111
2025-08-04T03:00:00+00:00,208.0,208.0,208.0,208.0,148
2025-08-04T04:00:00+00:00,208.0,208.9,207.8,207.85,4237
2025-08-04T05:00:00+00:00,208.0,208.05,207.8,207.95,1776
2025-08-04T06:00:00+00:00,208.05,208.15,207.5,207.65,3752
2025-08-04T07:00:00+00:00,207.55,208.4,207.3,208.25,6915
2025-08-04T08:00:00+00:00,208.25,209.25,208.2,209.05,11490
2025-08-04T09:00:00+00:00,209.05,210.1,209.05,210.0,23039
2025-08-04T10:00:00+00:00,210.0,210.1,208.95,209.45,25290
2025-08-04T11:00:00+00:00,209.4,209.5,207.9,208.45,17163
2025-08-04T12:00:00+00:00,208.45,208.7,208.15,208.45,13220
2025-08-04T13:00:00+00:00,208.4,208.45,207.9,207.9,15904
2025-08-04T14:00:00+00:00,207.95,208.55,207.65,208.0,15451
2025-08-04T15:00:00+00:00,208.0,209.0,208.0,208.6,5956
2025-08-04T16:00:00+00:00,208.65,209.05,208.6,209.0,3723
2025-08-04T17:00:00+00:00,209.0,209.1,208.85,209.1,3373
2025-08-04T18:00:00+00:00,209.1,209.3,208.85,209.3,5094
2025-08-04T19:00:00+00:00,209.3,209.45,208.0,208.15,24128
2025-08-04T20:00:00+00:00,208.15,208.45,208.05,208.2,5354
2025-08-05T03:00:00+00:00,208.8,208.8,208.8,208.8,3
2025-08-05T04:00:00+00:00,208.8,208.8,208.2,208.55,3178
2025-08-05T05:00:00+00:00,208.5,208.85,208.4,208.7,1262
2025-08-05T06:00:00+00:00,208.7,209.65,208.7,209.6,5594
2025-08-05T07:00:00+00:00,209.6,209.6,208.7,208.85,6878
2025-08-05T08:00:00+00:00,208.85,209.6,208.45,209.55,11246
2025-08-05T09:00:00+00:00,209.55,210.95,208.95,210.4,55774
2025-08-05T10:00:00+00:00,210.4,210.95,210.3,210.95,20945
2025-08-05T11:00:00+00:00,210.9,210.95,210.4,210.85,10630
2025-08-05T12:00:00+00:00,210.85,212.8,210.4,212.35,60119
2025-08-05T13:00:00+00:00,212.25,212.7,211.95,212.4,56605
2025-08-05T14:00:00+00:00,212.45,212.65,211.9,212.05,36522
2025-08-05T15:00:00+00:00,212.15,212.6,211.5,212.35,26185
2025-08-05T16:00:00+00:00,211.95,212.6,211.75,212.1,8457
2025-08-05T17:00:00+00:00,212.2,212.6,211.2,211.2,13523
2025-08-05T18:00:00+00:00,211.2,211.95,211.2,211.9,5004
2025-08-05T19:00:00+00:00,211.95,212.3,211.9,212.05,3919
2025-08-05T20:00:00+00:00,212.05,212.25,211.9,212.2,5310
2025-08-06T03:00:00+00:00,212.9,212.9,212.9,212.9,436
2025-08-06T04:00:00+00:00,212.85,212.85,212.05,212.35,4531
2025-08-06T05:00:00+00:00,212.35,212.55,212.15,212.25,1819
2025-08-06T06:00:00+00:00,212.25,212.7,212.25,212.4,2371
2025-08-06T07:00:00+00:00,212.4,212.7,211.1,211.3,31573
2025-08-06T08:00:00+00:00,211.3,211.5,210.4,210.65,25875
2025-08-06T09:00:00+00:00,210.65,210.75,210.4,210.4,12217
2025-08-06T10:00:00+00:00,210.45,210.95,210.4,210.55,11523
2025-08-06T11:00:00+00:00,210.45,211.0,210.4,210.75,11811
2025-08-06T12:00:00+00:00,210.75,211.4,210.0,210.05,32649
2025-08-06T13:00:00+00:00,210.0,210.4,209.3,209.35,14999
2025-08-06T14:00:00+00:00,209.35,211.05,208.85,209.55,30354
2025-08-06T15:00:00+00:00,209.55,210.0,209.1,209.7,6898
2025-08-06T16:00:00+00:00,209.9,211.4,209.55,210.0,14311
2025-08-06T17:00:00+00:00,210.0,213.5,210.0,212.35,61939
2025-08-06T18:00:00+00:00,212.35,215.0,212.35,214.85,40399
2025-08-06T19:00:00+00:00,214.85,215.9,213.5,213.9,83305
2025-08-06T20:00:00+00:00,213.95,214.1,212.15,213.0,31997
2025-08-07T03:00:00+00:00,213.9,213.9,213.9,213.9,704
2025-08-07T04:00:00+00:00,213.85,213.85,213.1,213.35,3780
2025-08-07T05:00:00+00:00,213.3,214.4,213.2,214.35,5726
2025-08-07T06:00:00+00:00,214.4,214.4,213.6,213.8,3041
2025-08-07T07:00:00+00:00,213.65,214.8,212.5,214.45,18723
2025-08-07T08:00:00+00:00,214.45,217.35,214.45,216.9,57858
2025-08-07T09:00:00+00:00,216.9,217.4,215.7,215.85,32335
2025-08-07T10:00:00+00:00,215.9,217.2,215.4,216.7,20093
2025-08-07T11:00:00+00:00,216.65,217.65,216.15,216.95,15603
2025-08-07T12:00:00+00:00,217.0,217.65,216.0,216.4,15467
2025-08-07T13:00:00+00:00,216.35,216.5,216.05,216.25,7906
2025-08-07T14:00:00+00:00,216.25,216.45,216.0,216.4,7296
2025-08-07T15:00:00+00:00,216.45,217.45,215.4,216.2,28561
2025-08-07T16:00:00+00:00,216.3,216.5,215.15,216.2,21772
2025-08-07T17:00:00+00:00,216.05,216.35,215.3,215.3,8194
2025-08-07T18:00:00+00:00,215.25,217.0,215.2,216.5,10155
2025-08-07T19:00:00+00:00,216.45,216.9,216.2,216.9,3479
2025-08-07T20:00:00+00:00,216.9,217.35,216.4,217.05,8644
2025-08-08T03:00:00+00:00,217.3,217.3,217.3,217.3,35
2025-08-08T04:00:00+00:00,217.3,217.7,216.1,216.35,4126
2025-08-08T05:00:00+00:00,216.4,217.05,216.4,216.65,5088
2025-08-08T06:00:00+00:00,216.65,216.95,216.5,216.95,3147
2025-08-08T07:00:00+00:00,216.85,217.7,216.45,217.05,22421
2025-08-08T08:00:00+00:00,216.95,217.4,216.65,216.95,12697
2025-08-08T09:00:00+00:00,216.95,217.3,216.9,217.3,6907
2025-08-08T10:00:00+00:00,217.3,217.7,217.1,217.65,13813
2025-08-08T11:00:00+00:00,217.6,219.75,217.55,219.55,47968
2025-08-08T12:00:00+00:00,219.45,219.55,218.8,218.8,24628
2025-08-08T13:00:00+00:00,218.85,219.1,218.8,218.9,7227
2025-08-08T14:00:00+00:00,218.95,219.5,218.1,218.65,48588
2025-08-08T15:00:00+00:00,218.8,221.2,218.4,221.2,69089
2025-08-08T16:00:00+00:00,221.2,221.2,220.15,220.35,23458
2025-08-08T17:00:00+00:00,220.3,220.65,219.75,220.15,8475
2025-08-08T18:00:00+00:00,220.2,220.65,220.15,220.35,4760
2025-08-08T19:00:00+00:00,220.25,220.45,219.85,220.4,14739
2025-08-08T20:00:00+00:00,220.3,222.0,220.3,221.95,35271
2025-08-08T23:00:00+00:00,222.6,226.0,222.6,223.0,640
2025-08-09T00:00:00+00:00,223.5,225.6,223.0,224.15,157
2025-08-09T01:00:00+00:00,224.15,225.55,224.15,224.95,146
2025-08-09T02:00:00+00:00,224.95,225.1,224.15,224.45,577
2025-08-09T03:00:00+00:00,224.45,225.0,224.45,224.45,627
2025-08-09T04:00:00+00:00,224.95,226.0,224.6,225.65,1117
2025-08-09T05:00:00+00:00,225.65,226.15,224.2,224.5,1280
2025-08-09T06:00:00+00:00,224.5,224.95,222.95,223.0,1909
2025-08-09T07:00:00+00:00,222.95,224.05,222.95,223.2,1001
2025-08-09T08:00:00+00:00,223.25,223.9,223.0,223.1,808
2025-08-09T09:00:00+00:00,223.65,223.7,223.05,223.6,501
2025-08-09T10:00:00+00:00,223.6,224.0,223.1,223.7,305
2025-08-09T11:00:00+00:00,223.7,224.2,223.1,223.5,383
2025-08-09T12:00:00+00:00,223.2,224.2,223.0,223.8,333
2025-08-09T13:00:00+00:00,223.8,224.1,223.05,223.8,137
2025-08-09T14:00:00+00:00,223.25,224.0,223.05,223.65,298
2025-08-09T15:00:00+00:00,223.65,223.8,223.0,223.65,745
2025-08-09T16:00:00+00:00,223.3,224.75,223.0,223.05,792
2025-08-09T17:00:00+00:00,223.0,224.5,223.0,223.95,209
2025-08-09T18:00:00+00:00,223.75,224.35,223.75,224.35,78
2025-08-09T19:00:00+00:00,224.35,224.4,224.2,224.2,94
2025-08-09T20:00:00+00:00,224.4,224.45,224.2,224.4,359
2025-08-09T23:00:00+00:00,224.25,225.05,223.05,225.0,32
2025-08-10T00:00:00+00:00,225.05,225.05,223.5,224.5,61
2025-08-10T01:00:00+00:00,224.95,224.95,223.9,224.2,66
2025-08-10T02:00:00+00:00,223.95,224.35,223.85,223.85,39
2025-08-10T03:00:00+00:00,223.85,224.4,223.75,224.4,55
2025-08-10T04:00:00+00:00,224.45,224.95,223.8,224.9,285
2025-08-10T05:00:00+00:00,224.9,225.0,223.55,223.55,891
2025-08-10T06:00:00+00:00,224.6,225.0,223.2,223.95,488
2025-08-10T07:00:00+00:00,223.9,224.8,223.4,223.45,781
2025-08-10T08:00:00+00:00,223.45,223.5,223.4,223.4,204
2025-08-10T09:00:00+00:00,223.45,224.0,223.35,223.45,551
2025-08-10T10:00:00+00:00,223.5,223.9,223.4,223.85,324
2025-08-10T11:00:00+00:00,223.85,224.95,223.4,224.65,1234
2025-08-10T12:00:00+00:00,224.6,224.65,223.55,223.9,179
2025-08-10T13:00:00+00:00,223.9,224.55,223.65,224.45,280
2025-08-10T14:00:00+00:00,224.05,224.65,223.7,224.3,220
2025-08-10T15:00:00+00:00,224.6,224.7,224.0,224.2,163
2025-08-10T16:00:00+00:00,224.5,224.5,224.0,224.05,214
2025-08-10T17:00:00+00:00,224.35,224.5,224.1,224.4,233
2025-08-10T18:00:00+00:00,224.2,224.6,224.15,224.6,579
2025-08-10T19:00:00+00:00,224.6,224.8,224.5,224.65,226
2025-08-10T20:00:00+00:00,224.7,224.9,224.65,224.9,214
2025-08-11T03:00:00+00:00,224.0,224.0,224.0,224.0,1774
2025-08-11T04:00:00+00:00,223.85,225.1,223.05,224.05,36681
2025-08-11T05:00:00+00:00,224.05,224.35,222.6,222.75,17321
2025-08-11T06:00:00+00:00,222.75,223.0,222.0,222.8,21596
2025-08-11T07:00:00+00:00,222.75,223.15,222.3,222.35,28150
2025-08-11T08:00:00+00:00,222.35,222.85,222.3,222.55,18607
2025-08-11T09:00:00+00:00,222.65,222.65,222.3,222.4,17510
2025-08-11T10:00:00+00:00,222.4,222.65,222.3,222.45,10506
2025-08-11T11:00:00+00:00,222.45,223.15,222.3,222.85,13298
2025-08-11T12:00:00+00:00,222.85,223.0,222.4,222.7,12815
2025-08-11T13:00:00+00:00,222.7,222.75,220.5,220.95,47504
2025-08-11T14:00:00+00:00,221.0,221.9,220.95,221.55,40865
2025-08-11T15:00:00+00:00,221.6,221.7,220.95,221.1,16121
2025-08-11T16:00:00+00:00,221.0,221.3,218.05,219.25,39446
2025-08-11T17:00:00+00:00,219.2,219.8,219.1,219.35,12020
2025-08-11T18:00:00+00:00,219.4,219.65,219.25,219.65,2264
2025-08-11T19:00:00+00:00,219.55,219.75,219.3,219.75,2685
2025-08-11T20:00:00+00:00,219.7,220.75,219.7,220.35,6245
2025-08-12T03:00:00+00:00,220.35,220.35,220.35,220.35,11
2025-08-12T04:00:00+00:00,220.35,221.35,219.7,219.9,4625
2025-08-12T05:00:00+00:00,219.8,220.15,219.8,220.15,1694
2025-08-12T06:00:00+00:00,220.15,221.8,220.15,221.3,7408
2025-08-12T07:00:00+00:00,221.1,221.3,218.65,218.7,24070
2025-08-12T08:00:00+00:00,218.7,221.5,218.6,221.4,38947
2025-08-12T09:00:00+00:00,221.45,221.8,220.9,221.05,25537
2025-08-12T10:00:00+00:00,221.1,222.15,220.95,221.55,37263
2025-08-12T11:00:00+00:00,221.65,222.2,221.0,221.75,20819
2025-08-12T12:00:00+00:00,221.7,223.25,221.65,222.0,35388
2025-08-12T13:00:00+00:00,222.0,223.5,221.8,222.35,36804
2025-08-12T14:00:00+00:00,222.35,222.65,221.25,221.75,42682
2025-08-12T15:00:00+00:00,221.75,222.5,221.35,222.5,16859
2025-08-12T16:00:00+00:00,222.5,222.5,221.85,221.85,8800
2025-08-12T17:00:00+00:00,221.85,222.0,221.55,221.8,5783
2025-08-12T18:00:00+00:00,221.8,222.1,221.75,221.9,1411
2025-08-12T19:00:00+00:00,221.9,221.95,221.75,221.9,1341
2025-08-12T20:00:00+00:00,221.9,221.95,221.8,221.8,1650
2025-08-13T03:00:00+00:00,222.0,222.0,222.0,222.0,5
2025-08-13T04:00:00+00:00,222.0,222.15,221.75,222.15,1369
2025-08-13T05:00:00+00:00,222.15,222.45,222.05,222.45,1900
2025-08-13T06:00:00+00:00,222.3,223.05,222.15,222.7,5542
2025-08-13T07:00:00+00:00,222.65,222.85,221.75,221.9,18051
2025-08-13T08:00:00+00:00,221.9,222.75,221.6,222.55,16554
2025-08-13T09:00:00+00:00,222.55,222.8,222.05,222.1,18658
2025-08-13T10:00:00+00:00,222.15,222.15,220.6,221.6,17873
2025-08-13T11:00:00+00:00,221.55,221.8,220.4,220.7,11586
2025-08-13T12:00:00+00:00,220.7,221.85,220.5,221.45,22359
2025-08-13T13:00:00+00:00,221.5,222.85,221.3,222.75,29482
2025-08-13T14:00:00+00:00,222.75,223.45,222.55,223.4,46660
2025-08-13T15:00:00+00:00,223.4,223.45,222.95,222.95,7888
2025-08-13T16:00:00+00:00,223.0,223.4,222.8,222.8,9575
2025-08-13T17:00:00+00:00,222.8,222.85,222.05,222.2,7858
2025-08-13T18:00:00+00:00,222.3,222.45,222.15,222.3,2260
2025-08-13T19:00:00+00:00,222.3,222.35,222.2,222.25,1810
2025-08-13T20:00:00+00:00,222.25,222.3,222.1,222.1,3372
2025-08-14T03:00:00+00:00,222.1,222.1,222.1,222.1,42
2025-08-14T04:00:00+00:00,222.55,222.85,221.4,221.7,3017
2025-08-14T05:00:00+00:00,221.7,221.75,221.5,221.6,2946
2025-08-14T06:00:00+00:00,221.55,221.75,220.55,220.75,7054
2025-08-14T07:00:00+00:00,220.75,221.4,220.0,221.2,13972
2025-08-14T08:00:00+00:00,221.2,221.7,220.7,221.55,13290
2025-08-14T09:00:00+00:00,221.45,222.5,221.4,222.35,10091
2025-08-14T10:00:00+00:00,222.35,222.8,222.05,222.7,16125
2025-08-14T11:00:00+00:00,222.6,222.95,222.35,222.8,6517
2025-08-14T12:00:00+00:00,222.8,224.5,222.7,224.5,31520
2025-08-14T13:00:00+00:00,224.5,224.5,223.4,223.55,25564
2025-08-14T14:00:00+00:00,223.55,223.6,222.05,222.6,17548
2025-08-14T15:00:00+00:00,222.6,223.7,222.6,223.7,11142
2025-08-14T16:00:00+00:00,223.35,223.75,222.95,223.25,5635
2025-08-14T17:00:00+00:00,223.3,223.5,222.8,223.45,4555
2025-08-14T18:00:00+00:00,223.45,223.55,223.35,223.45,1335
2025-08-14T19:00:00+00:00,223.5,223.7,223.4,223.55,3570
2025-08-14T20:00:00+00:00,223.45,223.6,222.6,222.75,5109
2025-08-15T03:00:00+00:00,223.0,223.0,223.0,223.0,7
2025-08-15T04:00:00+00:00,223.0,223.9,222.75,223.1,1130
2025-08-15T05:00:00+00:00,223.1,223.65,223.1,223.3,2106
2025-08-15T06:00:00+00:00,223.3,223.35,222.4,223.0,4098
2025-08-15T07:00:00+00:00,223.0,223.05,222.75,222.9,5601
2025-08-15T08:00:00+00:00,222.85,223.35,222.1,223.05,27672
2025-08-15T09:00:00+00:00,223.0,223.75,223.0,223.75,8689
2025-08-15T10:00:00+00:00,223.75,224.4,223.7,224.35,17363
2025-08-15T11:00:00+00:00,224.3,225.0,224.3,224.65,20642
2025-08-15T12:00:00+00:00,224.65,224.7,223.45,224.45,25075
2025-08-15T13:00:00+00:00,224.5,224.55,224.1,224.25,7992
2025-08-15T14:00:00+00:00,224.2,224.75,224.2,224.7,8604
2025-08-15T15:00:00+00:00,224.7,225.45,224.35,225.4,23228
2025-08-15T16:00:00+00:00,225.4,225.5,225.05,225.3,8126
2025-08-15T17:00:00+00:00,225.35,225.35,224.5,224.85,6336
2025-08-15T18:00:00+00:00,224.85,225.0,224.4,224.4,4212
2025-08-15T19:00:00+00:00,224.4,224.55,223.8,224.2,4948
2025-08-15T20:00:00+00:00,224.2,224.6,224.0,224.6,3342
2025-08-15T23:00:00+00:00,229.3,230.8,214.7,216.0,3981
2025-08-16T00:00:00+00:00,216.5,220.95,216.5,218.75,1007
2025-08-16T01:00:00+00:00,218.25,223.8,218.25,222.8,1223
2025-08-16T02:00:00+00:00,222.8,222.8,221.4,222.0,99
2025-08-16T03:00:00+00:00,222.45,222.9,221.9,222.15,332
2025-08-16T04:00:00+00:00,222.15,222.55,221.9,222.55,170
2025-08-16T05:00:00+00:00,222.1,222.65,221.35,222.2,704
2025-08-16T06:00:00+00:00,222.25,222.8,221.35,222.8,666
2025-08-16T07:00:00+00:00,223.0,223.5,220.45,221.8,21321
2025-08-16T08:00:00+00:00,221.75,222.1,221.0,222.0,7848
2025-08-16T09:00:00+00:00,222.1,222.1,221.5,221.75,4489
2025-08-16T10:00:00+00:00,221.6,221.95,221.55,221.75,1405
2025-08-16T11:00:00+00:00,221.6,222.1,221.6,221.7,1796
2025-08-16T12:00:00+00:00,221.7,221.95,221.65,221.75,888
2025-08-16T13:00:00+00:00,221.75,222.0,221.75,221.85,1094
2025-08-16T14:00:00+00:00,222.0,222.1,221.85,221.9,871
2025-08-16T15:00:00+00:00,222.0,223.05,221.9,222.75,7054
2025-08-16T16:00:00+00:00,223.6,223.6,221.6,221.7,139
2025-08-16T17:00:00+00:00,221.95,222.2,221.65,222.1,176
2025-08-16T18:00:00+00:00,221.7,222.45,221.65,222.45,304
2025-08-16T19:00:00+00:00,222.45,223.0,221.8,223.0,94
2025-08-16T20:00:00+00:00,223.0,223.0,222.05,222.05,29
2025-08-16T23:00:00+00:00,220.9,222.1,220.9,221.4,15
2025-08-17T00:00:00+00:00,222.95,222.95,221.7,221.7,18
2025-08-17T01:00:00+00:00,222.3,222.3,222.3,222.3,2
2025-08-17T02:00:00+00:00,221.75,222.0,221.45,221.6,15
2025-08-17T03:00:00+00:00,221.6,222.8,221.6,222.15,14
2025-08-17T04:00:00+00:00,222.8,222.8,221.2,221.95,335
2025-08-17T05:00:00+00:00,221.55,222.75,221.3,222.55,68
2025-08-17T06:00:00+00:00,222.15,222.6,221.9,222.6,63
2025-08-17T07:00:00+00:00,222.6,222.95,221.9,222.95,2901
2025-08-17T08:00:00+00:00,222.95,223.2,222.65,223.1,4386
2025-08-17T09:00:00+00:00,222.95,222.95,222.65,222.8,290
2025-08-17T10:00:00+00:00,222.8,222.85,222.45,222.6,1023
2025-08-17T11:00:00+00:00,222.5,222.9,222.45,222.9,919
2025-08-17T12:00:00+00:00,222.85,222.9,222.65,222.65,541
2025-08-17T13:00:00+00:00,222.65,223.25,222.6,222.95,8913
2025-08-17T14:00:00+00:00,222.95,222.95,222.55,222.55,731
2025-08-17T15:00:00+00:00,222.55,222.85,222.45,222.8,1521
2025-08-17T16:00:00+00:00,221.95,222.85,221.2,222.35,211
2025-08-17T17:00:00+00:00,222.35,222.7,222.1,222.65,131
2025-08-17T18:00:00+00:00,222.25,222.7,222.1,222.1,118
2025-08-17T19:00:00+00:00,222.55,222.55,222.0,222.5,34
2025-08-17T20:00:00+00:00,222.5,222.8,222.05,222.8,119
2025-08-18T03:00:00+00:00,221.8,221.8,221.8,221.8,100
2025-08-18T04:00:00+00:00,222.0,223.95,221.0,223.65,5891
2025-08-18T05:00:00+00:00,223.7,224.0,223.7,223.8,2619
2025-08-18T06:00:00+00:00,223.8,223.8,222.6,223.3,5686
2025-08-18T07:00:00+00:00,223.3,224.3,222.95,224.1,22245
2025-08-18T08:00:00+00:00,224.15,225.9,223.85,225.85,19834
2025-08-18T09:00:00+00:00,225.7,226.0,225.3,225.95,15909
2025-08-18T10:00:00+00:00,225.9,225.9,221.65,221.9,49267
2025-08-18T11:00:00+00:00,221.8,223.65,221.8,223.6,17850
2025-08-18T12:00:00+00:00,223.65,223.7,223.15,223.45,4434
2025-08-18T13:00:00+00:00,223.5,223.9,222.75,223.85,18406
2025-08-18T14:00:00+00:00,223.9,224.7,223.2,223.4,19299
2025-08-18T15:00:00+00:00,223.55,224.25,223.45,223.5,6412
2025-08-18T16:00:00+00:00,223.75,224.0,222.75,224.0,6568
2025-08-18T17:00:00+00:00,223.95,224.0,223.15,223.55,7864
2025-08-18T18:00:00+00:00,223.55,225.55,223.4,225.45,10696
2025-08-18T19:00:00+00:00,225.4,226.2,224.05,224.95,17304
2025-08-18T20:00:00+00:00,224.85,225.2,224.75,225.1,3551
2025-08-19T03:00:00+00:00,225.15,225.15,225.15,225.15,3
2025-08-19T04:00:00+00:00,225.1,225.8,224.3,225.25,4098
2025-08-19T05:00:00+00:00,225.15,225.6,225.05,225.3,2830
2025-08-19T06:00:00+00:00,225.3,226.65,225.15,225.8,24068
2025-08-19T07:00:00+00:00,225.7,230.5,225.65,229.75,107336
2025-08-19T08:00:00+00:00,229.85,229.85,226.9,227.05,92767
2025-08-19T09:00:00+00:00,227.0,229.5,226.85,227.4,108894
2025-08-19T10:00:00+00:00,227.25,228.05,227.05,227.45,35336
2025-08-19T11:00:00+00:00,227.35,227.55,227.15,227.15,15287
2025-08-19T12:00:00+00:00,227.2,227.3,225.55,225.6,38115
2025-08-19T13:00:00+00:00,225.6,227.7,224.75,227.5,63745
2025-08-19T14:00:00+00:00,227.5,228.15,226.55,226.75,30951
2025-08-19T15:00:00+00:00,226.7,227.05,226.0,226.8,26259
2025-08-19T16:00:00+00:00,226.3,226.75,225.8,226.1,24911
2025-08-19T17:00:00+00:00,226.1,227.25,225.45,226.6,19513
2025-08-19T18:00:00+00:00,226.6,226.95,225.95,226.0,9963
2025-08-19T19:00:00+00:00,226.0,226.4,225.95,226.05,6796
2025-08-19T20:00:00+00:00,226.1,226.1,225.4,225.6,5155
2025-08-20T03:00:00+00:00,225.6,225.6,225.6,225.6,13
2025-08-20T04:00:00+00:00,226.0,227.15,225.6,226.2,9112
2025-08-20T05:00:00+00:00,226.2,226.3,225.75,225.8,3584
2025-08-20T06:00:00+00:00,225.8,227.1,225.55,226.65,7438
2025-08-20T07:00:00+00:00,226.65,227.85,225.75,226.4,28333
2025-08-20T08:00:00+00:00,226.4,226.45,225.1,225.65,31068
2025-08-20T09:00:00+00:00,225.65,226.1,225.05,225.1,17776
2025-08-20T10:00:00+00:00,225.1,226.15,225.1,225.5,24424
2025-08-20T11:00:00+00:00,225.5,225.6,224.0,225.15,39410
2025-08-20T12:00:00+00:00,225.15,226.5,224.5,225.75,26262
2025-08-20T13:00:00+00:00,225.8,225.8,224.75,225.75,22182
2025-08-20T14:00:00+00:00,225.7,226.75,225.25,226.7,37055
2025-08-20T15:00:00+00:00,226.75,226.85,226.5,226.85,16891
2025-08-20T16:00:00+00:00,226.9,226.9,225.7,225.9,8279
2025-08-20T17:00:00+00:00,225.85,226.15,225.45,225.45,5647
2025-08-20T18:00:00+00:00,225.45,226.2,225.4,226.15,3878
2025-08-20T19:00:00+00:00,226.15,226.3,225.95,226.15,991
2025-08-20T20:00:00+00:00,226.15,226.4,225.95,226.25,2334
2025-08-21T03:00:00+00:00,225.95,225.95,225.95,225.95,34
2025-08-21T04:00:00+00:00,226.0,226.9,225.95,226.45,2511
2025-08-21T05:00:00+00:00,226.45,226.6,225.9,226.1,1230
2025-08-21T06:00:00+00:00,226.05,226.2,225.5,225.6,2562
2025-08-21T07:00:00+00:00,225.5,226.15,224.55,225.1,16936
2025-08-21T08:00:00+00:00,225.0,226.35,225.0,225.25,46064
2025-08-21T09:00:00+00:00,225.25,227.85,225.2,227.3,48481
2025-08-21T10:00:00+00:00,227.3,227.6,225.9,226.85,43239
2025-08-21T11:00:00+00:00,226.9,227.75,226.25,226.45,26450
2025-08-21T12:00:00+00:00,226.45,226.85,225.3,225.5,25794
2025-08-21T13:00:00+00:00,225.5,225.6,224.3,224.7,32744
2025-08-21T14:00:00+00:00,224.7,226.25,224.15,225.6,56892
2025-08-21T15:00:00+00:00,225.6,226.1,225.0,225.0,27476
2025-08-21T16:00:00+00:00,225.0,225.05,224.1,224.35,16302
2025-08-21T17:00:00+00:00,224.4,224.85,224.4,224.65,6372
2025-08-21T18:00:00+00:00,224.55,224.6,223.45,223.75,13560
2025-08-21T19:00:00+00:00,223.65,224.4,223.45,223.6,7833
2025-08-21T20:00:00+00:00,223.5,224.15,223.45,223.8,3707
2025-08-22T03:00:00+00:00,223.9,223.9,223.9,223.9,8
2025-08-22T04:00:00+00:00,223.9,225.0,223.85,224.0,5064
2025-08-22T05:00:00+00:00,224.15,224.15,223.9,224.0,958
2025-08-22T06:00:00+00:00,224.0,225.45,224.0,224.65,17485
2025-08-22T07:00:00+00:00,224.45,226.5,224.25,225.95,96129
2025-08-22T08:00:00+00:00,225.95,226.0,224.75,225.05,26642
2025-08-22T09:00:00+00:00,225.0,225.7,224.7,225.05,15606
2025-08-22T10:00:00+00:00,225.05,226.0,225.0,225.55,25665
2025-08-22T11:00:00+00:00,225.55,225.75,225.0,225.45,20600
2025-08-22T12:00:00+00:00,225.45,225.55,224.05,224.1,24477
2025-08-22T13:00:00+00:00,224.1,225.0,223.6,224.95,30056
2025-08-22T14:00:00+00:00,225.0,225.0,223.65,223.7,17976
2025-08-22T15:00:00+00:00,223.65,225.3,223.65,225.3,31710
2025-08-22T16:00:00+00:00,225.45,225.6,224.95,225.4,5119
2025-08-22T17:00:00+00:00,225.4,225.4,224.2,224.65,7598
2025-08-22T18:00:00+00:00,224.65,224.7,224.35,224.55,1733
2025-08-22T19:00:00+00:00,224.5,224.8,224.35,224.8,1159
2025-08-22T20:00:00+00:00,224.8,224.9,224.55,224.9,1462
2025-08-22T23:00:00+00:00,224.05,225.8,223.8,225.5,46
2025-08-23T00:00:00+00:00,225.45,225.5,224.6,224.6,67
2025-08-23T01:00:00+00:00,225.4,225.45,225.4,225.4,13
2025-08-23T02:00:00+00:00,225.4,225.4,225.4,225.4,2
2025-08-23T03:00:00+00:00,225.05,225.4,225.0,225.4,30
2025-08-23T04:00:00+00:00,225.0,225.4,224.95,224.95,29
2025-08-23T05:00:00+00:00,225.4,225.4,224.95,225.0,48
2025-08-23T06:00:00+00:00,225.0,225.5,225.0,225.5,56
2025-08-23T07:00:00+00:00,225.45,225.45,224.7,225.0,833
2025-08-23T08:00:00+00:00,225.15,225.15,224.8,224.85,447
2025-08-23T09:00:00+00:00,224.8,224.85,224.65,224.8,367
2025-08-23T10:00:00+00:00,224.8,224.85,224.5,224.8,1046
2025-08-23T11:00:00+00:00,224.8,224.9,224.5,224.6,384
2025-08-23T12:00:00+00:00,224.6,225.2,224.55,225.1,710
2025-08-23T13:00:00+00:00,225.1,225.15,224.8,225.0,220
2025-08-23T14:00:00+00:00,225.05,225.15,225.0,225.1,618
2025-08-23T15:00:00+00:00,225.1,225.35,225.05,225.2,1195
2025-08-23T16:00:00+00:00,225.2,225.4,224.7,224.95,27
2025-08-23T17:00:00+00:00,224.75,225.9,223.8,224.8,948
2025-08-23T18:00:00+00:00,224.1,224.85,224.05,224.25,442
2025-08-23T19:00:00+00:00,224.3,224.8,224.2,224.2,145
2025-08-23T20:00:00+00:00,224.2,224.65,224.1,224.65,254
2025-08-23T23:00:00+00:00,224.3,225.15,223.8,224.6,25
2025-08-24T00:00:00+00:00,224.3,224.75,224.2,224.2,34
2025-08-24T01:00:00+00:00,224.2,224.35,224.2,224.35,4
2025-08-24T02:00:00+00:00,223.75,223.8,223.75,223.8,6
2025-08-24T03:00:00+00:00,224.35,224.35,223.8,223.9,12
2025-08-24T04:00:00+00:00,224.3,224.3,223.9,224.3,10
2025-08-24T05:00:00+00:00,224.3,224.5,224.0,224.5,104
2025-08-24T06:00:00+00:00,224.05,225.15,224.05,225.15,470
2025-08-24T07:00:00+00:00,225.2,225.45,223.85,223.95,3278
2025-08-24T08:00:00+00:00,224.0,224.55,224.0,224.35,1794
2025-08-24T09:00:00+00:00,224.35,224.65,224.1,224.3,1913
2025-08-24T10:00:00+00:00,224.3,224.8,224.2,224.2,1319
2025-08-24T11:00:00+00:00,224.4,224.6,224.25,224.4,457
2025-08-24T12:00:00+00:00,224.4,224.75,224.4,224.75,223
2025-08-24T13:00:00+00:00,224.6,224.75,224.35,224.75,361
2025-08-24T14:00:00+00:00,224.7,224.85,224.0,224.2,2604
2025-08-24T15:00:00+00:00,224.2,224.7,224.1,224.4,1841
2025-08-24T16:00:00+00:00,224.1,225.85,224.0,225.05,70
2025-08-24T17:00:00+00:00,224.15,225.25,223.65,224.0,1096
2025-08-24T18:00:00+00:00,224.7,225.5,223.95,224.0,95
2025-08-24T19:00:00+00:00,224.1,225.05,223.85,224.3,113
2025-08-24T20:00:00+00:00,224.9,224.95,223.85,223.85,38
2025-08-25T03:00:00+00:00,224.4,224.4,224.4,224.4,1
2025-08-25T04:00:00+00:00,224.0,224.8,223.85,223.9,4001
2025-08-25T05:00:00+00:00,224.0,224.2,223.85,224.15,880
2025-08-25T06:00:00+00:00,224.15,224.15,223.95,223.95,5126
2025-08-25T07:00:00+00:00,223.95,224.7,221.6,221.6,59189
2025-08-25T08:00:00+00:00,221.6,221.65,217.6,218.75,102045
2025-08-25T09:00:00+00:00,218.85,219.2,218.05,218.05,28129
2025-08-25T10:00:00+00:00,218.05,219.1,218.0,218.6,23969
2025-08-25T11:00:00+00:00,218.6,220.0,218.1,218.85,32748
2025-08-25T12:00:00+00:00,218.9,219.6,218.5,218.85,31900
2025-08-25T13:00:00+00:00,218.85,219.75,218.6,219.55,23378
2025-08-25T14:00:00+00:00,219.6,219.75,219.0,219.1,45811
2025-08-25T15:00:00+00:00,219.15,220.35,219.1,220.2,15437
2025-08-25T16:00:00+00:00,220.2,220.5,220.05,220.4,8513
2025-08-25T17:00:00+00:00,220.45,220.5,220.2,220.4,2729
2025-08-25T18:00:00+00:00,220.3,221.1,220.25,220.8,5333
2025-08-25T19:00:00+00:00,220.7,220.9,220.15,220.25,6175
2025-08-25T20:00:00+00:00,220.25,220.35,220.1,220.3,1557
2025-08-26T03:00:00+00:00,220.3,220.3,220.3,220.3,16
2025-08-26T04:00:00+00:00,220.3,221.35,218.45,221.35,6153
2025-08-26T05:00:00+00:00,221.35,221.6,221.0,221.35,3010
2025-08-26T06:00:00+00:00,221.35,222.0,220.7,221.45,6588
2025-08-26T07:00:00+00:00,221.45,222.5,221.2,221.95,27084
2025-08-26T08:00:00+00:00,221.95,222.55,221.75,222.05,40515
2025-08-26T09:00:00+00:00,222.05,222.05,221.8,222.0,11284
2025-08-26T10:00:00+00:00,222.0,223.45,221.9,223.2,15090
2025-08-26T11:00:00+00:00,223.2,223.8,223.0,223.55,15822
2025-08-26T12:00:00+00:00,223.5,223.6,222.65,223.0,19003
2025-08-26T13:00:00+00:00,223.0,224.1,222.5,223.15,52351
2025-08-26T14:00:00+00:00,223.2,224.0,222.5,222.5,34532
2025-08-26T15:00:00+00:00,222.65,223.3,222.4,223.2,7384
2025-08-26T16:00:00+00:00,223.3,223.7,222.65,222.9,3374
2025-08-26T17:00:00+00:00,222.8,222.9,222.6,222.9,974
2025-08-26T18:00:00+00:00,222.8,223.3,222.6,223.15,2838
2025-08-26T19:00:00+00:00,223.2,223.9,223.05,223.85,3160
2025-08-26T20:00:00+00:00,223.8,224.0,223.7,224.0,1332
2025-08-27T03:00:00+00:00,224.0,224.0,224.0,224.0,21
2025-08-27T04:00:00+00:00,223.35,224.4,223.35,223.9,1336
2025-08-27T05:00:00+00:00,223.9,223.95,223.4,223.45,1618
2025-08-27T06:00:00+00:00,223.45,223.6,223.15,223.2,3504
2025-08-27T07:00:00+00:00,223.2,224.2,223.1,223.7,9480
2025-08-27T08:00:00+00:00,223.8,224.2,223.5,224.0,10726
2025-08-27T09:00:00+00:00,224.05,225.0,223.9,223.95,23228
2025-08-27T10:00:00+00:00,223.95,224.45,223.6,224.1,17852
2025-08-27T11:00:00+00:00,224.1,224.45,223.7,223.75,19686
2025-08-27T12:00:00+00:00,223.8,223.9,223.3,223.5,12992
2025-08-27T13:00:00+00:00,223.5,223.7,223.15,223.4,9666
2025-08-27T14:00:00+00:00,223.45,224.45,223.45,224.1,25928
2025-08-27T15:00:00+00:00,224.1,224.15,223.45,224.05,12605
2025-08-27T16:00:00+00:00,224.05,224.2,223.8,224.2,4386
2025-08-27T17:00:00+00:00,224.2,224.4,224.2,224.35,5987
2025-08-27T18:00:00+00:00,224.3,224.45,224.25,224.3,2407
2025-08-27T19:00:00+00:00,224.3,224.4,223.8,223.95,4697
2025-08-27T20:00:00+00:00,223.95,224.25,223.9,224.0,1235
2025-08-28T03:00:00+00:00,224.2,224.2,224.2,224.2,21
2025-08-28T04:00:00+00:00,224.2,224.55,223.5,223.75,749
2025-08-28T05:00:00+00:00,223.75,223.8,223.45,223.8,1148
2025-08-28T06:00:00+00:00,223.8,224.0,223.45,223.9,2448
2025-08-28T07:00:00+00:00,223.9,224.0,223.05,223.1,7266
2025-08-28T08:00:00+00:00,223.1,223.7,221.95,222.3,39706
2025-08-28T09:00:00+00:00,222.4,223.5,221.6,223.0,31691
2025-08-28T10:00:00+00:00,223.1,224.7,223.0,223.55,31414
2025-08-28T11:00:00+00:00,223.55,223.7,221.9,222.45,69925
2025-08-28T12:00:00+00:00,222.5,223.55,222.35,222.95,15894
2025-08-28T13:00:00+00:00,223.1,223.5,222.3,222.35,12972
2025-08-28T14:00:00+00:00,222.5,223.0,222.3,222.5,8533
2025-08-28T15:00:00+00:00,222.65,223.35,222.1,222.1,16727
2025-08-28T16:00:00+00:00,222.3,222.45,221.8,221.8,7815
2025-08-28T17:00:00+00:00,221.8,221.95,219.3,220.45,25203
2025-08-28T18:00:00+00:00,220.25,220.95,219.75,220.9,7185
2025-08-28T19:00:00+00:00,220.8,220.8,219.65,219.9,4176
2025-08-28T20:00:00+00:00,219.9,220.85,219.9,219.9,2326
2025-08-29T03:00:00+00:00,219.9,219.9,219.9,219.9,41
2025-08-29T04:00:00+00:00,220.1,221.8,219.95,221.7,3807
2025-08-29T05:00:00+00:00,221.65,222.0,221.65,221.7,1754
2025-08-29T06:00:00+00:00,221.7,222.6,221.3,221.45,8259
2025-08-29T07:00:00+00:00,221.65,222.1,220.85,221.35,9547
2025-08-29T08:00:00+00:00,221.3,221.8,221.0,221.8,4813
2025-08-29T09:00:00+00:00,221.7,221.8,219.75,219.9,22368
2025-08-29T10:00:00+00:00,219.9,220.1,218.05,218.2,36285
2025-08-29T11:00:00+00:00,218.2,218.4,216.8,217.8,36718
2025-08-29T12:00:00+00:00,217.85,217.95,217.05,217.75,13027
2025-08-29T13:00:00+00:00,217.8,217.95,217.25,217.4,9895
2025-08-29T14:00:00+00:00,217.4,218.6,217.4,217.85,16610
2025-08-29T15:00:00+00:00,217.95,218.5,217.5,217.9,18714
2025-08-29T16:00:00+00:00,217.9,217.95,217.65,217.95,2171
2025-08-29T17:00:00+00:00,217.95,218.45,217.85,218.2,3695
2025-08-29T18:00:00+00:00,218.3,218.3,217.8,217.95,2811
2025-08-29T19:00:00+00:00,218.05,218.2,217.9,218.0,1714
2025-08-29T20:00:00+00:00,217.95,218.3,217.95,217.95,2440
2025-08-29T23:00:00+00:00,217.05,219.15,217.05,219.0,14
2025-08-30T00:00:00+00:00,218.95,219.0,218.95,219.0,23
2025-08-30T01:00:00+00:00,218.95,218.95,218.0,218.9,46
2025-08-30T02:00:00+00:00,218.85,218.85,218.85,218.85,1
2025-08-30T03:00:00+00:00,218.2,218.75,218.2,218.25,20
2025-08-30T04:00:00+00:00,218.45,218.65,218.15,218.2,59
2025-08-30T05:00:00+00:00,218.15,218.8,218.15,218.8,103
2025-08-30T06:00:00+00:00,218.8,218.8,218.0,218.0,94
2025-08-30T07:00:00+00:00,218.25,218.9,217.25,218.65,2024
2025-08-30T08:00:00+00:00,218.65,218.95,218.35,218.75,1433
2025-08-30T09:00:00+00:00,218.85,218.9,218.55,218.65,810
2025-08-30T10:00:00+00:00,218.8,218.8,218.5,218.7,582
2025-08-30T11:00:00+00:00,218.65,218.65,218.2,218.4,1251
2025-08-30T12:00:00+00:00,218.35,218.35,218.1,218.15,410
2025-08-30T13:00:00+00:00,218.15,218.15,217.45,217.5,3534
2025-08-30T14:00:00+00:00,217.5,217.8,217.3,217.55,6183
2025-08-30T15:00:00+00:00,217.55,218.05,217.55,218.05,2564
2025-08-30T16:00:00+00:00,221.95,221.95,216.8,218.25,130
2025-08-30T17:00:00+00:00,217.9,218.75,217.75,218.15,125
2025-08-30T18:00:00+00:00,217.95,218.3,217.9,217.95,313
2025-08-30T19:00:00+00:00,217.95,218.45,217.9,218.4,76
2025-08-30T20:00:00+00:00,218.3,218.3,217.7,217.9,77
2025-08-30T23:00:00+00:00,217.7,220.7,217.15,220.7,65
2025-08-31T00:00:00+00:00,218.1,220.4,217.1,219.6,194
2025-08-31T01:00:00+00:00,218.95,219.5,218.85,219.3,10
2025-08-31T02:00:00+00:00,218.65,219.2,218.6,219.15,43
2025-08-31T03:00:00+00:00,219.1,219.1,218.5,218.5,8
2025-08-31T04:00:00+00:00,217.95,218.5,217.7,217.95,71
2025-08-31T05:00:00+00:00,217.95,218.4,217.85,218.1,85
2025-08-31T06:00:00+00:00,218.0,218.1,217.85,218.05,93
2025-08-31T07:00:00+00:00,218.05,218.95,218.0,218.8,2481
2025-08-31T08:00:00+00:00,218.8,218.85,218.45,218.8,1055
2025-08-31T09:00:00+00:00,218.85,219.0,218.85,219.0,1085
2025-08-31T10:00:00+00:00,219.0,220.1,218.95,219.65,5320
2025-08-31T11:00:00+00:00,219.65,219.65,218.9,219.0,2446
2025-08-31T12:00:00+00:00,219.0,219.3,218.9,219.2,917
2025-08-31T13:00:00+00:00,219.1,219.45,218.95,219.2,947
2025-08-31T14:00:00+00:00,219.3,219.4,219.1,219.15,706
2025-08-31T15:00:00+00:00,219.3,219.35,219.15,219.15,521
2025-08-31T16:00:00+00:00,221.35,221.35,218.95,218.95,75
2025-08-31T17:00:00+00:00,219.1,220.5,218.95,219.85,165
2025-08-31T18:00:00+00:00,219.75,219.75,218.45,219.3,41
2025-08-31T19:00:00+00:00,219.3,219.3,218.5,218.5,112
2025-08-31T20:00:00+00:00,218.65,220.0,218.25,220.0,104
2025-09-01T03:00:00+00:00,219.0,219.0,219.0,219.0,3
2025-09-01T04:00:00+00:00,219.15,220.95,219.0,220.75,2574
2025-09-01T05:00:00+00:00,220.75,221.45,220.75,221.05,4177
2025-09-01T06:00:00+00:00,221.0,221.1,220.35,220.55,3956
2025-09-01T07:00:00+00:00,220.6,220.6,219.65,220.2,12953
2025-09-01T08:00:00+00:00,220.2,221.15,220.2,221.05,17824
2025-09-01T09:00:00+00:00,221.0,221.05,219.7,220.05,7925
2025-09-01T10:00:00+00:00,220.05,220.2,218.95,218.95,10732
2025-09-01T11:00:00+00:00,218.9,219.1,218.6,218.8,19999
2025-09-01T12:00:00+00:00,218.85,219.0,218.15,218.3,14221
2025-09-01T13:00:00+00:00,218.3,218.3,217.75,217.75,6658
2025-09-01T14:00:00+00:00,217.8,217.8,217.4,217.6,12074
2025-09-01T15:00:00+00:00,217.55,217.8,217.5,217.5,12283
2025-09-01T16:00:00+00:00,217.8,217.95,217.15,217.75,6935
2025-09-01T17:00:00+00:00,217.7,218.05,217.65,218.0,1801
2025-09-01T18:00:00+00:00,218.05,218.05,217.8,218.05,2359
2025-09-01T19:00:00+00:00,218.05,218.2,218.0,218.2,893
2025-09-01T20:00:00+00:00,218.2,218.45,218.05,218.45,2235
2025-09-02T03:00:00+00:00,218.05,218.05,218.05,218.05,19
2025-09-02T04:00:00+00:00,218.1,219.15,218.1,219.0,824
2025-09-02T05:00:00+00:00,219.0,219.05,218.3,218.5,1528
2025-09-02T06:00:00+00:00,218.5,218.5,217.5,217.7,3591
2025-09-02T07:00:00+00:00,217.75,217.85,216.4,216.65,18537
2025-09-02T08:00:00+00:00,216.65,217.05,216.25,216.85,7531
2025-09-02T09:00:00+00:00,216.85,219.0,216.3,218.6,37797
2025-09-02T10:00:00+00:00,218.55,219.15,218.15,219.1,17802
2025-09-02T11:00:00+00:00,219.15,220.05,219.15,220.05,18213
2025-09-02T12:00:00+00:00,220.1,220.3,219.0,219.75,21320
2025-09-02T13:00:00+00:00,219.85,219.85,218.0,218.95,24937
2025-09-02T14:00:00+00:00,218.95,219.35,217.8,217.95,20070
2025-09-02T15:00:00+00:00,217.95,218.2,217.5,217.5,9408
2025-09-02T16:00:00+00:00,217.95,218.05,217.0,217.05,7633
2025-09-02T17:00:00+00:00,217.25,217.4,216.6,216.8,5541
2025-09-02T18:00:00+00:00,216.85,217.85,216.85,217.7,4429
2025-09-02T19:00:00+00:00,217.55,218.25,217.4,218.15,1599
2025-09-02T20:00:00+00:00,218.15,218.5,217.85,218.35,3207
2025-09-03T04:00:00+00:00,218.4,218.5,217.2,217.4,2483
2025-09-03T05:00:00+00:00,217.4,217.6,217.3,217.55,768
2025-09-03T06:00:00+00:00,217.6,218.0,217.4,218.0,1085
2025-09-03T07:00:00+00:00,218.0,218.7,217.75,218.35,12758
2025-09-03T08:00:00+00:00,218.4,219.35,218.35,219.0,24105
2025-09-03T09:00:00+00:00,219.0,219.0,218.35,218.35,16600
2025-09-03T10:00:00+00:00,218.4,219.15,218.4,218.95,13041
2025-09-03T11:00:00+00:00,218.95,219.1,218.5,218.85,10224
2025-09-03T12:00:00+00:00,218.85,219.3,218.0,219.3,22888
2025-09-03T13:00:00+00:00,219.3,219.5,218.6,218.65,30317
2025-09-03T14:00:00+00:00,218.65,218.8,218.35,218.75,8453
2025-09-03T15:00:00+00:00,218.65,218.75,218.0,218.35,4288
2025-09-03T16:00:00+00:00,218.35,219.5,218.25,219.0,4582
2025-09-03T17:00:00+00:00,219.0,219.25,218.7,218.9,1292
2025-09-03T18:00:00+00:00,218.9,219.9,218.6,219.8,8034
2025-09-03T19:00:00+00:00,219.8,220.0,219.6,219.7,3233
2025-09-03T20:00:00+00:00,219.7,220.0,219.65,220.0,3216
2025-09-04T03:00:00+00:00,220.0,220.0,220.0,220.0,20
2025-09-04T04:00:00+00:00,219.65,222.0,219.65,221.5,40418
2025-09-04T05:00:00+00:00,221.5,221.95,221.45,221.8,2934
2025-09-04T06:00:00+00:00,221.8,221.85,221.05,221.55,5563
2025-09-04T07:00:00+00:00,221.5,222.95,221.4,222.35,22085
2025-09-04T08:00:00+00:00,222.3,222.45,221.8,222.25,7965
2025-09-04T09:00:00+00:00,222.3,223.45,222.1,222.35,12749
2025-09-04T10:00:00+00:00,222.25,222.4,222.1,222.1,2718
2025-09-04T11:00:00+00:00,222.1,222.3,222.1,222.1,5746
2025-09-04T12:00:00+00:00,222.15,222.15,221.5,221.55,11931
2025-09-04T13:00:00+00:00,221.55,222.2,221.5,221.95,8326
2025-09-04T14:00:00+00:00,222.0,222.15,220.45,220.85,15524
2025-09-04T15:00:00+00:00,220.75,222.05,220.65,221.65,14398
2025-09-04T16:00:00+00:00,221.8,221.9,221.5,221.9,4598
2025-09-04T17:00:00+00:00,221.9,222.25,221.85,222.2,2790
2025-09-04T18:00:00+00:00,222.2,222.6,222.1,222.35,5582
2025-09-04T19:00:00+00:00,222.4,222.4,221.9,222.15,3572
2025-09-04T20:00:00+00:00,222.25,222.5,222.0,222.15,3893
2025-09-05T03:00:00+00:00,222.15,222.15,222.15,222.15,30
2025-09-05T04:00:00+00:00,222.4,223.1,221.6,222.55,2705
2025-09-05T05:00:00+00:00,222.55,222.75,222.3,222.65,1421
2025-09-05T06:00:00+00:00,222.7,223.3,222.7,223.15,3099
2025-09-05T07:00:00+00:00,223.0,224.55,222.95,224.1,45868
2025-09-05T08:00:00+00:00,224.05,225.0,223.75,224.95,56077
2025-09-05T09:00:00+00:00,224.95,226.5,224.9,225.8,123327
2025-09-05T10:00:00+00:00,225.75,226.1,225.55,226.05,26607
2025-09-05T11:00:00+00:00,226.05,226.5,225.7,226.25,42178
2025-09-05T12:00:00+00:00,226.2,226.25,225.05,225.4,64969
2025-09-05T13:00:00+00:00,225.35,225.9,224.55,225.8,33261
2025-09-05T14:00:00+00:00,225.75,226.0,224.95,225.1,24866
2025-09-05T15:00:00+00:00,225.05,225.15,223.9,224.1,29656
2025-09-05T16:00:00+00:00,224.45,224.45,223.55,223.85,10969
2025-09-05T17:00:00+00:00,223.85,224.1,223.7,224.0,3924
2025-09-05T18:00:00+00:00,224.0,224.25,224.0,224.25,4762
2025-09-05T19:00:00+00:00,224.2,224.65,224.05,224.4,5186
2025-09-05T20:00:00+00:00,224.45,224.65,224.25,224.5,3606
2025-09-05T23:00:00+00:00,224.9,225.45,224.4,224.6,11
2025-09-06T00:00:00+00:00,225.0,225.0,224.3,224.3,4
2025-09-06T01:00:00+00:00,224.2,224.9,224.2,224.9,10
2025-09-06T02:00:00+00:00,224.5,225.1,224.5,225.1,8
2025-09-06T03:00:00+00:00,225.05,225.25,224.95,225.15,109
2025-09-06T04:00:00+00:00,225.15,225.35,224.65,225.3,60
2025-09-06T05:00:00+00:00,224.7,225.4,224.7,224.75,151
2025-09-06T06:00:00+00:00,225.1,225.35,224.35,224.5,152
2025-09-06T07:00:00+00:00,224.5,225.25,224.45,224.6,872
2025-09-06T08:00:00+00:00,224.55,224.8,224.45,224.8,569
2025-09-06T09:00:00+00:00,224.8,225.0,224.7,224.9,615
2025-09-06T10:00:00+00:00,224.9,224.95,224.75,224.85,280
2025-09-06T11:00:00+00:00,224.85,224.95,224.65,224.7,379
2025-09-06T12:00:00+00:00,224.6,224.7,224.45,224.65,505
2025-09-06T13:00:00+00:00,224.65,224.65,224.4,224.6,190
2025-09-06T14:00:00+00:00,224.6,224.7,224.6,224.6,326
2025-09-06T15:00:00+00:00,224.6,225.05,224.6,224.95,1147
2025-09-06T16:00:00+00:00,225.55,226.2,224.45,225.5,213
2025-09-06T17:00:00+00:00,224.7,225.5,224.6,224.6,145
2025-09-06T18:00:00+00:00,224.95,225.0,224.65,224.7,109
2025-09-06T19:00:00+00:00,224.65,225.0,224.6,224.6,137
2025-09-06T20:00:00+00:00,224.6,224.9,224.0,224.05,85
2025-09-06T23:00:00+00:00,224.05,224.95,224.05,224.95,17
2025-09-07T00:00:00+00:00,224.75,224.75,224.35,224.35,7
2025-09-07T01:00:00+00:00,224.3,224.75,223.95,223.95,81
2025-09-07T02:00:00+00:00,224.0,224.7,224.0,224.2,26
2025-09-07T03:00:00+00:00,224.25,224.7,223.95,224.7,65
2025-09-07T04:00:00+00:00,224.7,224.7,224.05,224.1,23
2025-09-07T05:00:00+00:00,224.25,224.7,224.1,224.15,53
2025-09-07T06:00:00+00:00,224.45,224.9,224.1,224.9,42
2025-09-07T07:00:00+00:00,224.6,225.0,224.55,224.9,448
2025-09-07T08:00:00+00:00,224.9,225.2,224.65,225.0,726
2025-09-07T09:00:00+00:00,225.0,225.0,224.8,224.95,335
2025-09-07T10:00:00+00:00,224.8,225.0,224.8,225.0,634
2025-09-07T11:00:00+00:00,225.0,225.05,224.85,225.0,2098
2025-09-07T12:00:00+00:00,224.9,225.15,224.9,225.05,1165
2025-09-07T13:00:00+00:00,225.05,225.75,225.05,225.2,6299
2025-09-07T14:00:00+00:00,225.15,225.3,225.1,225.3,432
2025-09-07T15:00:00+00:00,225.25,225.3,224.95,225.3,1008
2025-09-07T16:00:00+00:00,225.0,225.4,225.0,225.35,113
2025-09-07T17:00:00+00:00,225.05,226.2,224.8,225.05,533
2025-09-07T18:00:00+00:00,225.45,225.45,224.8,224.8,68
2025-09-07T19:00:00+00:00,224.9,225.65,224.8,224.8,117
2025-09-07T20:00:00+00:00,225.4,225.65,224.8,225.65,49
2025-09-08T03:00:00+00:00,226.0,226.0,226.0,226.0,1000
2025-09-08T04:00:00+00:00,225.5,225.95,225.0,225.0,1734
2025-09-08T05:00:00+00:00,225.0,225.4,225.0,225.2,3689
2025-09-08T06:00:00+00:00,225.2,225.5,225.15,225.15,3095
2025-09-08T07:00:00+00:00,225.2,225.5,224.7,224.75,18314
2025-09-08T08:00:00+00:00,224.75,224.9,223.7,224.0,24820
2025-09-08T09:00:00+00:00,224.0,224.2,223.5,224.0,11962
2025-09-08T10:00:00+00:00,224.05,224.25,223.65,224.15,11036
2025-09-08T11:00:00+00:00,224.15,224.6,224.05,224.25,13696
2025-09-08T12:00:00+00:00,224.25,224.5,223.75,223.75,19414
2025-09-08T13:00:00+00:00,223.75,224.2,223.6,223.8,11899
2025-09-08T14:00:00+00:00,223.8,225.1,223.75,224.85,6374
2025-09-08T15:00:00+00:00,224.85,225.2,224.75,224.75,8091
2025-09-08T16:00:00+00:00,224.85,225.15,224.3,224.45,4692
2025-09-08T17:00:00+00:00,224.35,224.4,224.0,224.0,1771
2025-09-08T18:00:00+00:00,224.0,224.4,224.0,224.3,1991
2025-09-08T19:00:00+00:00,224.2,224.3,224.05,224.15,1025
2025-09-08T20:00:00+00:00,224.05,224.2,223.85,224.15,3887
2025-09-09T03:00:00+00:00,224.15,224.15,224.15,224.15,9
2025-09-09T04:00:00+00:00,224.5,224.55,224.2,224.4,1406
2025-09-09T05:00:00+00:00,224.4,224.5,224.0,224.1,1188
2025-09-09T06:00:00+00:00,224.0,224.75,224.0,224.45,5684
2025-09-09T07:00:00+00:00,224.45,224.5,223.8,224.4,11145
2025-09-09T08:00:00+00:00,224.45,224.5,224.0,224.45,23359
2025-09-09T09:00:00+00:00,224.45,225.0,224.35,224.9,13807
2025-09-09T10:00:00+00:00,224.9,224.9,223.5,224.15,30671
2025-09-09T11:00:00+00:00,224.15,224.25,223.6,223.7,13823
2025-09-09T12:00:00+00:00,223.7,223.85,222.75,223.0,33737
2025-09-09T13:00:00+00:00,223.05,224.1,222.9,223.45,18671
2025-09-09T14:00:00+00:00,223.35,223.75,222.9,223.1,13774
2025-09-09T15:00:00+00:00,223.15,223.8,223.1,223.35,3927
2025-09-09T16:00:00+00:00,223.75,223.85,223.0,223.1,8121
2025-09-09T17:00:00+00:00,223.1,223.65,222.75,223.55,3861
2025-09-09T18:00:00+00:00,223.5,223.75,223.4,223.7,815
2025-09-09T19:00:00+00:00,223.7,223.7,223.5,223.55,549
2025-09-09T20:00:00+00:00,223.55,223.8,223.45,223.5,1807
2025-09-10T03:00:00+00:00,223.95,223.95,223.95,223.95,6
2025-09-10T04:00:00+00:00,223.55,223.85,222.9,223.1,2244
2025-09-10T05:00:00+00:00,223.05,223.25,222.0,222.65,15232
2025-09-10T06:00:00+00:00,222.65,222.85,222.2,222.2,7660
2025-09-10T07:00:00+00:00,222.15,222.25,221.7,221.85,19383
2025-09-10T08:00:00+00:00,221.85,223.45,221.85,222.85,48560
2025-09-10T09:00:00+00:00,222.85,223.6,222.2,223.0,27266
2025-09-10T10:00:00+00:00,223.0,223.05,222.55,222.95,16314
2025-09-10T11:00:00+00:00,222.95,223.0,222.45,222.6,28373
2025-09-10T12:00:00+00:00,222.6,223.25,222.35,223.25,16229
2025-09-10T13:00:00+00:00,223.25,223.3,222.0,222.4,26273
2025-09-10T14:00:00+00:00,222.4,222.8,221.8,222.15,18866
2025-09-10T15:00:00+00:00,222.15,222.15,219.8,220.95,42598
2025-09-10T16:00:00+00:00,220.95,220.95,219.15,219.65,26138
2025-09-10T17:00:00+00:00,219.55,220.3,219.55,220.1,10479
2025-09-10T18:00:00+00:00,220.0,220.3,219.8,220.0,3859
2025-09-10T19:00:00+00:00,220.05,220.15,219.75,219.95,2483
2025-09-10T20:00:00+00:00,219.95,220.1,219.75,220.0,4540
2025-09-11T03:00:00+00:00,220.05,220.05,220.05,220.05,61
2025-09-11T04:00:00+00:00,220.2,220.8,220.05,220.8,2026
2025-09-11T05:00:00+00:00,220.85,221.5,220.7,221.35,1946
2025-09-11T06:00:00+00:00,221.3,221.55,221.2,221.25,9274
2025-09-11T07:00:00+00:00,221.2,221.3,218.75,218.85,23501
2025-09-11T08:00:00+00:00,218.85,220.15,218.55,219.9,19099
2025-09-11T09:00:00+00:00,219.9,221.2,219.9,220.3,30585
2025-09-11T10:00:00+00:00,220.3,220.85,220.05,220.5,11909
2025-09-11T11:00:00+00:00,220.5,221.7,220.25,220.6,26659
2025-09-11T12:00:00+00:00,220.6,220.6,219.35,219.85,17222
2025-09-11T13:00:00+00:00,219.8,220.4,219.35,219.65,17290
2025-09-11T14:00:00+00:00,219.65,220.25,219.6,220.15,18332
2025-09-11T15:00:00+00:00,220.15,220.25,219.6,219.9,7141
2025-09-11T16:00:00+00:00,219.9,220.45,219.8,220.35,3127
2025-09-11T17:00:00+00:00,220.15,220.2,219.8,220.1,2261
2025-09-11T18:00:00+00:00,220.05,220.25,219.9,219.95,1123
2025-09-11T19:00:00+00:00,219.95,220.0,219.85,219.9,647
2025-09-11T20:00:00+00:00,220.0,220.05,219.9,219.9,467
2025-09-12T03:00:00+00:00,219.9,219.9,219.9,219.9,9
2025-09-12T04:00:00+00:00,219.9,220.85,219.9,220.35,1606
2025-09-12T05:00:00+00:00,220.35,220.35,219.95,220.25,1283
2025-09-12T06:00:00+00:00,220.2,220.25,218.9,219.1,3812
2025-09-12T07:00:00+00:00,219.0,219.1,218.0,218.5,21039
2025-09-12T08:00:00+00:00,218.5,219.35,218.35,219.05,37148
2025-09-12T09:00:00+00:00,219.1,219.75,218.45,219.4,17208
2025-09-12T10:00:00+00:00,219.45,219.85,216.0,216.95,80648
2025-09-12T11:00:00+00:00,216.95,217.6,216.6,217.1,24168
2025-09-12T12:00:00+00:00,217.1,217.15,215.0,215.5,44023
2025-09-12T13:00:00+00:00,215.55,215.95,215.05,215.45,28841
2025-09-12T14:00:00+00:00,215.3,216.2,214.9,214.9,27241
2025-09-12T15:00:00+00:00,214.9,215.15,214.6,214.9,12031
2025-09-12T16:00:00+00:00,214.9,214.95,211.35,212.9,63175
2025-09-12T17:00:00+00:00,212.85,213.3,212.85,213.1,6303
2025-09-12T18:00:00+00:00,213.0,213.7,212.85,213.6,4646
2025-09-12T19:00:00+00:00,213.6,213.65,213.05,213.15,4022
2025-09-12T20:00:00+00:00,213.15,213.6,213.1,213.6,3225
2025-09-12T23:00:00+00:00,214.9,214.9,214.3,214.6,19
2025-09-13T00:00:00+00:00,214.5,214.85,214.5,214.75,97
2025-09-13T01:00:00+00:00,214.7,214.8,213.8,214.05,38
2025-09-13T02:00:00+00:00,214.65,214.8,213.85,214.8,46
2025-09-13T03:00:00+00:00,214.8,214.85,214.2,214.2,39
2025-09-13T04:00:00+00:00,214.3,214.75,213.05,213.7,338
2025-09-13T05:00:00+00:00,213.2,214.5,213.05,213.05,268
2025-09-13T06:00:00+00:00,213.05,214.25,213.05,213.6,136
2025-09-13T08:00:00+00:00,213.6,213.6,212.8,213.1,2108
2025-09-13T09:00:00+00:00,213.05,213.5,213.0,213.1,2051
2025-09-13T10:00:00+00:00,213.1,213.1,213.0,213.1,1053
2025-09-13T11:00:00+00:00,213.1,213.1,212.9,213.0,1698
2025-09-13T12:00:00+00:00,212.9,213.0,212.85,213.0,1189
2025-09-13T13:00:00+00:00,212.95,213.0,212.85,213.0,763
2025-09-13T14:00:00+00:00,212.95,213.05,212.75,213.05,1453
2025-09-13T15:00:00+00:00,213.05,213.2,212.95,213.2,485
2025-09-13T16:00:00+00:00,213.9,213.9,213.0,213.5,118
2025-09-13T17:00:00+00:00,213.3,213.7,212.5,212.7,198
2025-09-13T18:00:00+00:00,212.8,213.35,212.75,212.8,102
2025-09-13T19:00:00+00:00,212.8,213.25,212.8,212.95,41
2025-09-13T20:00:00+00:00,212.95,213.05,212.8,212.8,125
2025-09-13T23:00:00+00:00,213.55,214.45,213.25,213.9,26
2025-09-14T00:00:00+00:00,213.9,213.9,213.4,213.9,11
2025-09-14T01:00:00+00:00,213.45,213.45,213.45,213.45,1
2025-09-14T02:00:00+00:00,213.45,213.5,213.45,213.45,12
2025-09-14T03:00:00+00:00,213.5,213.85,213.2,213.3,18
2025-09-14T04:00:00+00:00,213.7,213.8,213.2,213.8,88
2025-09-14T05:00:00+00:00,213.8,213.85,213.3,213.3,40
2025-09-14T06:00:00+00:00,213.45,213.85,213.3,213.3,75
2025-09-14T07:00:00+00:00,213.6,214.15,212.1,212.65,3193
2025-09-14T08:00:00+00:00,212.8,213.05,212.65,213.0,880
2025-09-14T09:00:00+00:00,212.9,213.4,212.5,213.0,7739
2025-09-14T10:00:00+00:00,213.0,213.3,213.0,213.25,468
2025-09-14T11:00:00+00:00,213.2,213.65,213.15,213.65,955
2025-09-14T12:00:00+00:00,213.5,214.3,213.45,214.15,1713
2025-09-14T13:00:00+00:00,214.2,214.5,214.15,214.4,1279
2025-09-14T14:00:00+00:00,214.4,214.5,214.4,214.4,663
2025-09-14T15:00:00+00:00,214.5,214.65,214.4,214.45,1864
2025-09-14T16:00:00+00:00,214.05,215.6,214.05,215.35,340
2025-09-14T17:00:00+00:00,215.3,215.35,214.65,215.3,122
2025-09-14T18:00:00+00:00,214.85,215.3,214.15,214.45,106
2025-09-14T19:00:00+00:00,214.45,215.5,214.45,215.15,209
2025-09-14T20:00:00+00:00,215.05,215.95,215.0,215.95,934
2025-09-15T03:00:00+00:00,214.85,214.85,214.85,214.85,26
2025-09-15T04:00:00+00:00,214.85,215.6,213.05,213.3,10337
2025-09-15T05:00:00+00:00,213.2,214.55,213.0,213.95,9160
2025-09-15T06:00:00+00:00,214.0,214.1,213.0,213.55,8679
2025-09-15T07:00:00+00:00,213.4,214.1,212.95,212.95,11773
2025-09-15T08:00:00+00:00,212.95,214.45,212.15,214.05,31366
2025-09-15T09:00:00+00:00,213.95,214.45,213.55,214.0,17654
2025-09-15T10:00:00+00:00,214.0,215.25,213.8,214.2,35017
2025-09-15T11:00:00+00:00,214.15,214.2,213.2,213.25,25576
2025-09-15T12:00:00+00:00,213.35,213.8,212.0,212.05,33415
2025-09-15T13:00:00+00:00,212.05,212.5,211.05,211.45,34187
2025-09-15T14:00:00+00:00,211.5,212.6,210.5,211.05,35654
2025-09-15T15:00:00+00:00,211.1,211.35,210.55,210.85,6994
2025-09-15T16:00:00+00:00,211.55,212.05,211.1,211.75,2401
2025-09-15T17:00:00+00:00,211.85,212.15,211.75,211.95,1528
2025-09-15T18:00:00+00:00,211.95,212.05,211.5,211.65,1863
2025-09-15T19:00:00+00:00,211.75,211.95,211.5,211.65,2370
2025-09-15T20:00:00+00:00,211.65,212.0,211.55,211.75,982
2025-09-16T03:00:00+00:00,211.7,211.7,211.7,211.7,23
2025-09-16T04:00:00+00:00,211.7,213.9,211.55,212.95,9809
2025-09-16T05:00:00+00:00,213.1,213.85,212.95,213.75,4468
2025-09-16T06:00:00+00:00,213.7,213.85,212.95,213.1,6243
2025-09-16T07:00:00+00:00,213.05,213.85,212.6,212.85,7949
2025-09-16T08:00:00+00:00,212.9,213.1,211.05,211.25,14470
2025-09-16T09:00:00+00:00,211.2,211.35,209.3,209.7,28116
2025-09-16T10:00:00+00:00,209.75,211.35,208.65,210.95,59660
2025-09-16T11:00:00+00:00,211.0,212.0,210.8,211.9,20028
2025-09-16T12:00:00+00:00,211.9,212.3,211.05,212.25,23301
2025-09-16T13:00:00+00:00,212.2,213.45,211.75,213.1,21957
2025-09-16T14:00:00+00:00,213.0,213.5,212.1,212.7,40852
2025-09-16T15:00:00+00:00,212.7,212.7,211.25,211.45,15727
2025-09-16T16:00:00+00:00,211.85,212.25,211.45,212.25,1889
2025-09-16T17:00:00+00:00,212.25,212.25,211.85,212.0,1810
2025-09-16T18:00:00+00:00,212.05,212.2,212.0,212.15,772
2025-09-16T19:00:00+00:00,212.15,212.25,212.0,212.2,2252
2025-09-16T20:00:00+00:00,212.2,212.35,211.95,212.35,1739
2025-09-17T03:00:00+00:00,212.35,212.35,212.35,212.35,4
2025-09-17T04:00:00+00:00,212.4,212.75,212.25,212.65,1336
2025-09-17T05:00:00+00:00,212.65,212.7,212.1,212.3,1854
2025-09-17T06:00:00+00:00,212.2,212.4,211.3,211.45,2222
2025-09-17T07:00:00+00:00,211.35,211.35,210.55,210.95,8389
2025-09-17T08:00:00+00:00,210.9,212.9,210.75,212.8,26060
2025-09-17T09:00:00+00:00,212.75,214.3,212.75,214.1,46538
2025-09-17T10:00:00+00:00,214.15,214.9,213.7,214.7,17332
2025-09-17T11:00:00+00:00,214.65,214.9,212.5,212.9,38907
2025-09-17T12:00:00+00:00,213.05,213.5,211.8,212.5,28362
2025-09-17T13:00:00+00:00,212.45,212.8,211.8,212.1,26829
2025-09-17T14:00:00+00:00,212.1,214.3,212.0,213.95,41052
2025-09-17T15:00:00+00:00,213.95,214.1,212.8,212.8,11832
2025-09-17T16:00:00+00:00,213.8,214.65,213.0,214.25,15255
2025-09-17T17:00:00+00:00,214.25,215.6,214.15,215.2,25415
2025-09-17T18:00:00+00:00,215.2,215.35,214.55,214.7,8885
2025-09-17T19:00:00+00:00,214.7,214.9,214.4,214.7,2844
2025-09-17T20:00:00+00:00,214.75,214.8,214.15,214.15,4360
2025-09-18T03:00:00+00:00,214.95,214.95,214.95,214.95,6
2025-09-18T04:00:00+00:00,214.65,214.8,214.1,214.3,658
2025-09-18T05:00:00+00:00,214.15,214.55,214.1,214.1,584
2025-09-18T06:00:00+00:00,214.1,214.3,213.6,213.75,3264
2025-09-18T07:00:00+00:00,213.7,214.2,213.45,213.6,9272
2025-09-18T08:00:00+00:00,213.6,214.2,212.8,213.9,15107
2025-09-18T09:00:00+00:00,213.75,214.2,212.1,212.2,11889
2025-09-18T10:00:00+00:00,212.15,212.4,211.55,211.65,13676
2025-09-18T11:00:00+00:00,211.7,211.95,211.1,211.65,19695
2025-09-18T12:00:00+00:00,211.65,212.35,209.65,211.25,113744
2025-09-18T13:00:00+00:00,211.3,212.2,211.05,211.25,14270
2025-09-18T14:00:00+00:00,211.25,212.45,211.25,211.75,13280
2025-09-18T15:00:00+00:00,211.95,213.25,211.55,212.4,9204
2025-09-18T16:00:00+00:00,212.85,212.95,212.1,212.15,4192
2025-09-18T17:00:00+00:00,212.15,212.3,211.0,211.1,10023
2025-09-18T18:00:00+00:00,211.1,211.5,211.0,211.25,6486
2025-09-18T19:00:00+00:00,211.25,211.9,211.1,211.9,4452
2025-09-18T20:00:00+00:00,211.95,212.85,211.8,212.2,5977
2025-09-19T04:00:00+00:00,212.3,212.7,211.75,212.2,3569
2025-09-19T05:00:00+00:00,212.1,212.3,211.75,211.8,1648
2025-09-19T06:00:00+00:00,211.8,212.95,211.8,212.85,4109
2025-09-19T07:00:00+00:00,212.75,214.1,212.7,213.7,21150
2025-09-19T08:00:00+00:00,213.65,213.65,211.75,211.95,10275
2025-09-19T09:00:00+00:00,211.95,213.8,211.7,213.6,16897
2025-09-19T10:00:00+00:00,213.6,214.1,212.3,212.3,14847
2025-09-19T11:00:00+00:00,212.45,213.3,211.1,213.25,25171
2025-09-19T12:00:00+00:00,213.25,213.25,211.8,211.95,12109
2025-09-19T13:00:00+00:00,211.95,212.4,211.65,211.9,8319
2025-09-19T14:00:00+00:00,211.9,211.9,210.4,210.4,21543
2025-09-19T15:00:00+00:00,210.4,210.6,209.1,210.3,37098
2025-09-19T16:00:00+00:00,210.35,210.45,208.4,209.05,28708
2025-09-19T17:00:00+00:00,209.1,209.4,208.75,209.4,4254
2025-09-19T18:00:00+00:00,209.4,209.5,208.8,208.8,2714
2025-09-19T19:00:00+00:00,208.8,209.05,208.45,208.85,4397
2025-09-19T20:00:00+00:00,208.95,208.95,207.65,208.1,19135
2025-09-19T23:00:00+00:00,209.3,209.3,208.0,208.35,48
2025-09-20T00:00:00+00:00,208.75,208.75,203.5,205.35,4467
2025-09-20T01:00:00+00:00,206.55,207.75,204.15,206.3,2948
2025-09-20T02:00:00+00:00,206.9,218.5,206.9,210.0,17701
2025-09-20T03:00:00+00:00,210.0,210.7,209.8,210.15,537
2025-09-20T04:00:00+00:00,210.4,210.7,207.85,209.75,2540
2025-09-20T05:00:00+00:00,209.75,210.1,209.35,210.1,755
2025-09-20T06:00:00+00:00,210.1,210.1,209.55,210.0,503
2025-09-20T07:00:00+00:00,210.0,210.5,210.0,210.35,399
2025-09-20T08:00:00+00:00,210.3,210.4,209.7,210.25,331
2025-09-20T09:00:00+00:00,209.9,210.25,209.55,210.2,529
2025-09-20T10:00:00+00:00,209.65,210.2,209.65,209.8,179
2025-09-20T11:00:00+00:00,209.8,209.85,209.5,209.7,173
2025-09-20T12:00:00+00:00,209.55,209.95,209.45,209.65,270
2025-09-20T13:00:00+00:00,210.15,210.15,209.7,210.15,76
2025-09-20T14:00:00+00:00,210.0,210.3,210.0,210.3,144
2025-09-20T15:00:00+00:00,210.35,210.4,210.1,210.15,59
2025-09-20T16:00:00+00:00,210.3,210.45,209.95,209.95,251
2025-09-20T17:00:00+00:00,209.95,210.45,209.95,210.4,177
2025-09-20T18:00:00+00:00,210.4,210.45,210.2,210.3,42
2025-09-20T19:00:00+00:00,210.45,210.45,210.25,210.3,181
2025-09-20T20:00:00+00:00,210.3,210.35,210.15,210.15,58
2025-09-20T23:00:00+00:00,211.3,211.3,210.15,210.25,80
2025-09-21T00:00:00+00:00,210.65,210.7,210.15,210.15,10
2025-09-21T01:00:00+00:00,210.65,210.75,209.85,209.85,140
2025-09-21T02:00:00+00:00,209.7,210.5,209.65,210.5,8
2025-09-21T03:00:00+00:00,210.55,210.65,210.05,210.45,11
2025-09-21T04:00:00+00:00,210.1,210.65,210.1,210.2,74
2025-09-21T05:00:00+00:00,210.6,210.6,210.2,210.5,57
2025-09-21T06:00:00+00:00,210.6,210.6,210.2,210.25,73
2025-09-21T07:00:00+00:00,210.45,210.5,210.05,210.25,105
2025-09-21T08:00:00+00:00,210.05,210.4,210.05,210.4,38
2025-09-21T09:00:00+00:00,210.05,210.4,209.9,210.05,111
2025-09-21T10:00:00+00:00,210.0,210.5,209.95,210.0,187
2025-09-21T11:00:00+00:00,210.05,210.55,209.55,209.6,324
2025-09-21T12:00:00+00:00,209.65,210.4,209.6,209.9,243
2025-09-21T13:00:00+00:00,209.65,210.1,209.65,209.8,43
2025-09-21T14:00:00+00:00,209.85,210.05,209.7,209.7,92
2025-09-21T15:00:00+00:00,209.95,209.95,209.6,209.65,246
2025-09-21T16:00:00+00:00,210.05,210.4,209.8,209.95,139
2025-09-21T17:00:00+00:00,209.95,209.95,209.75,209.75,116
2025-09-21T18:00:00+00:00,209.7,209.9,209.6,209.85,59
2025-09-21T19:00:00+00:00,209.9,209.95,209.6,209.95,188
2025-09-21T20:00:00+00:00,209.9,209.9,209.45,209.45,425
2025-09-22T03:00:00+00:00,209.35,209.35,209.35,209.35,259
2025-09-22T04:00:00+00:00,209.35,209.35,207.65,208.75,5846
2025-09-22T05:00:00+00:00,208.75,209.5,208.75,209.35,2426
2025-09-22T06:00:00+00:00,209.35,209.35,208.8,209.05,6110
2025-09-22T07:00:00+00:00,209.1,209.9,208.5,208.95,17467
2025-09-22T08:00:00+00:00,208.95,209.0,207.7,208.1,18374
2025-09-22T09:00:00+00:00,208.1,208.1,207.0,207.3,18061
2025-09-22T10:00:00+00:00,207.3,207.4,206.2,206.8,21299
2025-09-22T11:00:00+00:00,206.8,208.3,206.5,207.65,15473
2025-09-22T12:00:00+00:00,207.65,208.1,207.0,207.05,19790
2025-09-22T13:00:00+00:00,207.1,207.4,206.4,206.45,16912
2025-09-22T14:00:00+00:00,206.45,208.0,206.45,207.6,11570
2025-09-22T15:00:00+00:00,207.65,208.5,207.55,208.0,14653
2025-09-22T16:00:00+00:00,208.0,208.65,208.0,208.3,5264
2025-09-22T17:00:00+00:00,208.3,209.0,207.9,209.0,4924
2025-09-22T18:00:00+00:00,209.0,209.4,208.85,209.4,7650
2025-09-22T19:00:00+00:00,209.4,209.5,209.0,209.25,4063
2025-09-22T20:00:00+00:00,209.3,209.35,208.15,208.45,2899
2025-09-23T04:00:00+00:00,209.0,209.35,208.05,208.3,844
2025-09-23T05:00:00+00:00,208.25,208.4,208.05,208.25,466
2025-09-23T06:00:00+00:00,208.3,209.2,208.2,209.1,1713
2025-09-23T07:00:00+00:00,209.0,210.45,208.8,209.15,24395
2025-09-23T08:00:00+00:00,209.15,210.0,208.5,209.4,31556
2025-09-23T09:00:00+00:00,209.4,210.15,209.4,209.9,7917
2025-09-23T10:00:00+00:00,210.0,210.9,209.45,210.9,17671
2025-09-23T11:00:00+00:00,210.9,212.3,210.85,212.1,29418
2025-09-23T12:00:00+00:00,212.2,212.25,211.1,211.15,24684
2025-09-23T13:00:00+00:00,211.1,211.95,211.0,211.1,24314
2025-09-23T14:00:00+00:00,211.1,211.1,209.5,210.25,22563
2025-09-23T15:00:00+00:00,210.3,210.85,210.0,210.5,5071
2025-09-23T16:00:00+00:00,210.3,210.5,208.35,208.75,16833
2025-09-23T17:00:00+00:00,208.75,208.95,208.1,208.3,3997
2025-09-23T18:00:00+00:00,208.3,208.7,208.05,208.05,9162
2025-09-23T19:00:00+00:00,208.05,208.1,205.7,205.7,27517
2025-09-23T20:00:00+00:00,205.7,208.4,205.15,207.5,15131
2025-09-24T03:00:00+00:00,208.0,208.0,208.0,208.0,35
2025-09-24T04:00:00+00:00,208.0,208.4,207.6,208.3,3103
2025-09-24T05:00:00+00:00,208.3,208.3,206.85,207.35,2359
2025-09-24T06:00:00+00:00,207.4,207.4,205.6,206.2,8124
2025-09-24T07:00:00+00:00,206.15,208.6,205.6,208.6,17392
2025-09-24T08:00:00+00:00,208.65,209.85,208.35,209.25,40710
2025-09-24T09:00:00+00:00,209.2,209.5,207.6,207.75,15687
2025-09-24T10:00:00+00:00,207.8,208.5,207.45,208.05,21693
2025-09-24T11:00:00+00:00,208.15,209.25,207.55,209.2,33629
2025-09-24T12:00:00+00:00,209.25,211.25,209.15,210.6,43411
2025-09-24T13:00:00+00:00,210.65,211.75,209.9,211.5,23234
2025-09-24T14:00:00+00:00,211.4,211.5,209.8,210.95,15299
2025-09-24T15:00:00+00:00,210.85,211.4,210.1,210.1,10133
2025-09-24T16:00:00+00:00,210.4,210.95,210.15,210.35,2748
2025-09-24T17:00:00+00:00,210.55,210.85,209.3,209.9,14965
2025-09-24T18:00:00+00:00,209.9,210.35,207.95,209.05,30115
2025-09-24T19:00:00+00:00,209.05,209.55,209.0,209.35,3768
2025-09-24T20:00:00+00:00,209.35,209.4,208.85,209.25,1850
2025-09-25T03:00:00+00:00,209.35,209.35,209.35,209.35,1
2025-09-25T04:00:00+00:00,209.3,210.45,209.25,210.35,1185
2025-09-25T05:00:00+00:00,210.35,210.35,209.85,209.85,738
2025-09-25T06:00:00+00:00,209.9,210.1,209.2,209.95,3859
2025-09-25T07:00:00+00:00,210.05,210.05,208.3,208.8,10124
2025-09-25T08:00:00+00:00,208.7,209.4,208.0,208.85,11396
2025-09-25T09:00:00+00:00,208.85,209.05,205.8,206.6,46316
2025-09-25T10:00:00+00:00,206.65,206.95,206.5,206.5,16577
2025-09-25T11:00:00+00:00,206.5,207.0,206.45,206.8,9366
2025-09-25T12:00:00+00:00,206.8,206.8,206.0,206.25,12272
2025-09-25T13:00:00+00:00,206.25,206.55,205.85,206.1,11351
2025-09-25T14:00:00+00:00,206.1,206.35,206.05,206.2,5002
2025-09-25T15:00:00+00:00,206.1,206.35,205.8,206.35,12020
2025-09-25T16:00:00+00:00,206.4,206.55,205.8,206.45,6291
2025-09-25T17:00:00+00:00,206.45,206.55,206.15,206.25,956
2025-09-25T18:00:00+00:00,206.2,206.45,205.85,206.3,3043
2025-09-25T19:00:00+00:00,206.3,206.4,206.0,206.05,1640
2025-09-25T20:00:00+00:00,206.05,206.15,205.85,205.95,1807
2025-09-26T03:00:00+00:00,205.95,205.95,205.95,205.95,10
2025-09-26T04:00:00+00:00,205.95,206.8,205.85,205.9,1423
2025-09-26T05:00:00+00:00,205.9,206.25,205.8,206.05,1697
2025-09-26T06:00:00+00:00,206.2,207.1,206.2,206.8,4181
2025-09-26T07:00:00+00:00,206.8,206.95,205.05,205.9,37465
2025-09-26T08:00:00+00:00,205.95,207.75,205.95,207.25,17114
2025-09-26T09:00:00+00:00,207.25,208.8,207.15,208.75,8536
2025-09-26T10:00:00+00:00,208.8,208.9,207.6,208.05,10044
2025-09-26T11:00:00+00:00,208.05,208.05,206.55,206.8,9316
2025-09-26T12:00:00+00:00,206.85,207.35,206.65,207.2,7697
2025-09-26T13:00:00+00:00,207.2,207.5,206.85,206.95,6821
2025-09-26T14:00:00+00:00,206.95,207.95,206.85,207.85,12954
2025-09-26T15:00:00+00:00,207.95,208.5,207.5,208.5,4958
2025-09-26T16:00:00+00:00,208.55,208.9,207.9,208.5,9258
2025-09-26T17:00:00+00:00,208.35,208.7,208.15,208.25,6360
2025-09-26T18:00:00+00:00,208.25,208.45,207.8,208.0,3848
2025-09-26T19:00:00+00:00,207.95,208.0,207.6,207.85,2096
2025-09-26T20:00:00+00:00,207.85,208.35,207.55,207.8,3180
2025-09-26T23:00:00+00:00,209.25,209.25,208.1,208.15,8
2025-09-27T00:00:00+00:00,208.3,208.35,208.3,208.35,3
2025-09-27T01:00:00+00:00,208.15,208.35,208.15,208.35,2
2025-09-27T02:00:00+00:00,208.15,208.5,208.15,208.5,14
2025-09-27T03:00:00+00:00,208.15,208.15,208.05,208.05,6
2025-09-27T04:00:00+00:00,208.4,208.5,207.2,207.45,93
2025-09-27T05:00:00+00:00,207.5,207.7,207.2,207.45,78
2025-09-27T06:00:00+00:00,207.45,207.7,206.65,206.65,106
2025-09-27T07:00:00+00:00,206.7,208.25,206.7,208.15,555
2025-09-27T08:00:00+00:00,208.25,208.35,207.85,208.25,860
2025-09-27T09:00:00+00:00,208.2,208.3,207.95,207.95,398
2025-09-27T10:00:00+00:00,207.95,208.25,207.9,208.1,205
2025-09-27T11:00:00+00:00,208.15,208.3,208.0,208.3,200
2025-09-27T12:00:00+00:00,208.2,208.3,208.15,208.2,204
2025-09-27T13:00:00+00:00,208.2,208.3,207.95,207.95,509
2025-09-27T14:00:00+00:00,207.95,208.2,207.8,208.0,286
2025-09-27T15:00:00+00:00,208.1,208.1,207.7,208.0,165
2025-09-27T16:00:00+00:00,206.0,208.2,206.0,208.0,54
2025-09-27T17:00:00+00:00,207.75,208.35,207.75,208.25,50
2025-09-27T18:00:00+00:00,208.35,208.35,207.5,207.9,84
2025-09-27T19:00:00+00:00,207.9,208.3,207.9,208.05,26
2025-09-27T20:00:00+00:00,208.25,208.3,207.75,208.2,92
2025-09-27T23:00:00+00:00,208.35,210.95,208.35,209.0,75
2025-09-28T00:00:00+00:00,208.75,208.95,208.65,208.7,30
2025-09-28T01:00:00+00:00,208.7,208.7,208.4,208.6,15
2025-09-28T02:00:00+00:00,208.6,208.9,208.45,208.85,14
2025-09-28T03:00:00+00:00,208.45,208.9,208.45,208.9,7
2025-09-28T04:00:00+00:00,208.9,209.0,208.45,208.95,75
2025-09-28T05:00:00+00:00,208.95,209.0,208.25,208.35,230
2025-09-28T06:00:00+00:00,208.35,208.85,208.25,208.5,66
2025-09-28T07:00:00+00:00,208.0,208.45,207.85,208.0,473
2025-09-28T08:00:00+00:00,208.0,208.05,207.85,207.95,302
2025-09-28T09:00:00+00:00,207.85,208.05,207.85,207.9,211
2025-09-28T10:00:00+00:00,207.95,208.0,207.9,208.0,103
2025-09-28T11:00:00+00:00,207.9,208.0,207.9,208.0,101
2025-09-28T12:00:00+00:00,207.95,208.1,207.9,207.95,169
2025-09-28T13:00:00+00:00,207.95,208.1,207.9,208.0,195
2025-09-28T14:00:00+00:00,208.0,208.0,207.9,208.0,92
2025-09-28T15:00:00+00:00,208.0,208.1,207.2,207.35,1740
2025-09-28T16:00:00+00:00,206.75,207.85,206.15,207.25,691
2025-09-28T17:00:00+00:00,207.25,207.4,206.85,207.4,57
2025-09-28T18:00:00+00:00,207.45,207.75,207.0,207.3,52
2025-09-28T19:00:00+00:00,207.35,207.45,206.85,206.95,75
2025-09-28T20:00:00+00:00,207.0,207.4,206.85,206.85,21
2025-09-29T03:00:00+00:00,207.3,207.3,207.3,207.3,15
2025-09-29T04:00:00+00:00,207.05,207.55,206.35,206.4,5475
2025-09-29T05:00:00+00:00,206.35,206.45,206.05,206.15,2993
2025-09-29T06:00:00+00:00,206.15,206.5,206.05,206.4,3099
2025-09-29T07:00:00+00:00,206.3,209.4,206.1,209.15,48194
2025-09-29T08:00:00+00:00,209.15,210.35,208.7,209.4,41985
2025-09-29T09:00:00+00:00,209.4,210.2,208.15,210.0,34959
2025-09-29T10:00:00+00:00,210.0,210.15,209.5,209.6,19543
2025-09-29T11:00:00+00:00,209.6,210.05,209.1,210.0,21903
2025-09-29T12:00:00+00:00,210.0,210.0,208.55,208.8,28770
2025-09-29T13:00:00+00:00,208.85,209.0,207.65,207.8,28525
2025-09-29T14:00:00+00:00,207.75,208.25,206.75,207.4,42721
2025-09-29T15:00:00+00:00,207.35,208.0,206.4,207.15,34379
2025-09-29T16:00:00+00:00,207.05,207.5,206.45,207.0,8665
2025-09-29T17:00:00+00:00,206.95,207.8,206.55,207.0,6743
2025-09-29T18:00:00+00:00,206.95,207.0,206.5,206.95,6734
2025-09-29T19:00:00+00:00,206.95,207.65,206.55,207.5,6358
2025-09-29T20:00:00+00:00,207.5,207.8,207.4,207.55,4387
2025-09-30T03:00:00+00:00,207.8,207.8,207.8,207.8,22
2025-09-30T04:00:00+00:00,207.8,208.75,207.8,208.55,2771
2025-09-30T05:00:00+00:00,208.5,208.55,208.25,208.3,996
2025-09-30T06:00:00+00:00,208.2,208.2,207.05,207.15,3954
2025-09-30T07:00:00+00:00,207.05,207.85,206.2,207.5,13903
2025-09-30T08:00:00+00:00,207.5,207.8,206.85,206.85,11928
2025-09-30T09:00:00+00:00,206.85,209.45,206.65,209.45,40522
2025-09-30T10:00:00+00:00,209.45,209.45,206.7,207.1,28765
2025-09-30T11:00:00+00:00,207.1,207.25,206.1,206.1,29044
2025-09-30T12:00:00+00:00,206.15,207.15,204.4,204.9,51175
2025-09-30T13:00:00+00:00,204.95,205.7,203.0,204.95,63985
2025-09-30T14:00:00+00:00,204.95,205.85,202.55,203.0,52900
2025-09-30T15:00:00+00:00,202.95,204.85,202.85,204.4,26941
2025-09-30T16:00:00+00:00,204.25,204.8,203.75,204.5,13400
2025-09-30T17:00:00+00:00,204.5,205.3,203.85,205.25,10184
2025-09-30T18:00:00+00:00,205.15,205.6,205.0,205.3,8145
2025-09-30T19:00:00+00:00,205.35,205.6,204.8,205.6,8673
2025-09-30T20:00:00+00:00,205.6,205.6,204.85,205.05,2263
2025-10-01T03:00:00+00:00,205.55,205.55,205.55,205.55,16
2025-10-01T04:00:00+00:00,205.65,206.3,205.3,206.3,3338
2025-10-01T05:00:00+00:00,206.2,206.35,206.15,206.2,3315
2025-10-01T06:00:00+00:00,206.2,206.55,206.0,206.2,3549
2025-10-01T07:00:00+00:00,206.15,206.2,203.8,204.2,21002
2025-10-01T08:00:00+00:00,204.2,206.65,204.2,206.6,27914
2025-10-01T09:00:00+00:00,206.55,207.25,205.8,206.8,29314
2025-10-01T10:00:00+00:00,206.8,206.85,204.7,204.85,44968
2025-10-01T11:00:00+00:00,204.85,205.4,204.1,204.4,23112
2025-10-01T12:00:00+00:00,204.35,205.8,203.95,205.2,37476
2025-10-01T13:00:00+00:00,205.05,205.4,204.3,204.85,32418
2025-10-01T14:00:00+00:00,204.8,204.85,203.15,204.35,40175
2025-10-01T15:00:00+00:00,204.5,204.95,203.7,204.15,9530
2025-10-01T16:00:00+00:00,204.15,204.35,203.7,203.95,3005
2025-10-01T17:00:00+00:00,203.95,204.0,203.5,203.75,2864
2025-10-01T18:00:00+00:00,203.65,204.1,203.45,204.0,3657
2025-10-01T19:00:00+00:00,204.0,204.5,203.9,204.5,2365
2025-10-01T20:00:00+00:00,204.45,204.45,204.15,204.35,1633
2025-10-02T03:00:00+00:00,204.35,204.35,204.35,204.35,5
2025-10-02T04:00:00+00:00,204.15,204.35,203.0,203.2,3803
2025-10-02T05:00:00+00:00,203.2,203.25,202.6,203.05,6036
2025-10-02T06:00:00+00:00,203.05,203.7,202.95,203.15,5484
2025-10-02T07:00:00+00:00,203.15,204.8,202.65,203.9,15619
2025-10-02T08:00:00+00:00,204.0,205.35,202.3,202.95,33597
2025-10-02T09:00:00+00:00,202.9,204.25,202.25,203.85,24100
2025-10-02T10:00:00+00:00,204.0,204.95,203.45,204.0,34111
2025-10-02T11:00:00+00:00,203.9,203.95,202.5,202.6,27192
2025-10-02T12:00:00+00:00,202.6,203.35,202.45,202.55,31350
2025-10-02T13:00:00+00:00,202.5,202.8,201.0,201.4,32295
2025-10-02T14:00:00+00:00,201.35,203.3,201.2,202.85,17364
2025-10-02T15:00:00+00:00,203.0,203.65,202.7,202.85,8694
2025-10-02T16:00:00+00:00,202.85,203.25,202.55,202.7,4281
2025-10-02T17:00:00+00:00,202.8,203.1,202.4,202.95,1209
2025-10-02T18:00:00+00:00,202.95,203.05,201.7,202.05,3250
2025-10-02T19:00:00+00:00,201.9,203.5,201.8,203.35,3035
2025-10-02T20:00:00+00:00,203.3,203.5,202.45,202.5,2098
2025-10-03T03:00:00+00:00,202.6,202.6,202.6,202.6,2
2025-10-03T04:00:00+00:00,202.6,203.8,202.5,203.8,739
2025-10-03T05:00:00+00:00,203.8,203.95,203.6,203.7,599
2025-10-03T06:00:00+00:00,203.7,203.9,203.35,203.65,2716
2025-10-03T07:00:00+00:00,203.65,204.55,203.6,204.15,26349
2025-10-03T08:00:00+00:00,204.15,205.1,203.75,204.5,23996
2025-10-03T09:00:00+00:00,204.55,204.55,201.5,201.5,22108
2025-10-03T10:00:00+00:00,201.5,201.95,201.2,201.8,22674
2025-10-03T11:00:00+00:00,201.8,202.05,201.0,201.85,21477
2025-10-03T12:00:00+00:00,201.9,202.9,201.85,201.9,17787
2025-10-03T13:00:00+00:00,202.0,202.25,201.25,201.7,35075
2025-10-03T14:00:00+00:00,201.85,202.0,200.2,200.95,34713
2025-10-03T15:00:00+00:00,200.75,202.45,200.65,202.3,21431
2025-10-03T16:00:00+00:00,202.15,202.35,200.7,200.95,9318
2025-10-03T17:00:00+00:00,201.0,202.0,200.9,202.0,5636
2025-10-03T18:00:00+00:00,201.9,201.9,201.05,201.4,3253
2025-10-03T19:00:00+00:00,201.4,201.55,200.95,201.4,2278
2025-10-03T20:00:00+00:00,201.4,201.45,200.5,201.0,4415
2025-10-03T23:00:00+00:00,203.0,204.0,200.65,201.25,143
2025-10-04T00:00:00+00:00,201.2,202.4,201.2,202.4,5
2025-10-04T01:00:00+00:00,202.4,202.45,202.4,202.45,4
2025-10-04T02:00:00+00:00,202.3,202.3,201.9,201.9,34
2025-10-04T03:00:00+00:00,202.1,202.1,201.9,202.1,17
2025-10-04T04:00:00+00:00,202.05,202.05,201.3,202.0,48
2025-10-04T05:00:00+00:00,201.5,202.0,201.35,201.9,179
2025-10-04T06:00:00+00:00,201.9,201.95,201.0,201.0,123
2025-10-04T07:00:00+00:00,201.5,201.5,199.0,199.35,17122
2025-10-04T08:00:00+00:00,199.4,199.75,199.25,199.35,2180
2025-10-04T09:00:00+00:00,199.4,199.65,199.15,199.5,2977
2025-10-04T10:00:00+00:00,199.45,199.65,199.0,199.4,7571
2025-10-04T11:00:00+00:00,199.4,200.0,199.25,199.75,4866
2025-10-04T12:00:00+00:00,199.75,200.05,199.45,199.9,2279
2025-10-04T13:00:00+00:00,200.0,200.0,199.6,199.65,1241
2025-10-04T14:00:00+00:00,199.65,199.75,199.5,199.75,541
2025-10-04T15:00:00+00:00,199.75,200.35,199.7,200.2,2426
2025-10-04T16:00:00+00:00,200.8,200.8,199.55,200.5,196
2025-10-04T17:00:00+00:00,200.5,200.5,200.25,200.45,37
2025-10-04T18:00:00+00:00,200.45,200.75,200.05,200.3,186
2025-10-04T19:00:00+00:00,200.05,200.65,200.05,200.35,47
2025-10-04T20:00:00+00:00,200.6,200.9,200.4,200.9,77
2025-10-04T23:00:00+00:00,200.05,200.75,198.45,198.45,56
2025-10-05T00:00:00+00:00,199.9,200.0,199.1,200.0,21
2025-10-05T01:00:00+00:00,200.0,200.3,199.15,200.3,23
2025-10-05T02:00:00+00:00,200.4,200.45,200.3,200.45,7
2025-10-05T03:00:00+00:00,200.45,200.9,200.3,200.55,60
2025-10-05T04:00:00+00:00,200.55,200.6,200.35,200.35,45
2025-10-05T05:00:00+00:00,200.55,200.6,200.0,200.55,87
2025-10-05T06:00:00+00:00,200.6,200.6,200.25,200.4,98
2025-10-05T07:00:00+00:00,200.4,200.55,199.2,199.75,2151
2025-10-05T08:00:00+00:00,199.8,200.15,199.65,200.0,9172
2025-10-05T09:00:00+00:00,199.9,200.35,199.9,200.15,2089
2025-10-05T10:00:00+00:00,200.15,200.3,200.05,200.1,2392
2025-10-05T11:00:00+00:00,200.15,200.4,200.1,200.35,4009
2025-10-05T12:00:00+00:00,200.35,200.35,200.1,200.15,643
2025-10-05T13:00:00+00:00,200.25,200.25,200.1,200.25,450
2025-10-05T14:00:00+00:00,200.2,200.25,200.05,200.1,1247
2025-10-05T15:00:00+00:00,200.1,200.8,200.05,200.7,2869
2025-10-05T16:00:00+00:00,200.65,202.0,200.2,201.45,105
2025-10-05T17:00:00+00:00,201.75,201.95,201.45,201.45,144
2025-10-05T18:00:00+00:00,201.9,201.9,201.35,201.75,204
2025-10-05T19:00:00+00:00,201.75,201.9,201.5,201.85,117
2025-10-05T20:00:00+00:00,201.85,201.9,201.35,201.65,188
2025-10-06T03:00:00+00:00,201.45,201.45,201.45,201.45,72
2025-10-06T04:00:00+00:00,201.6,202.3,201.25,201.65,3154
2025-10-06T05:00:00+00:00,201.75,201.95,201.4,201.75,2319
2025-10-06T06:00:00+00:00,201.65,201.65,200.75,201.15,3617
2025-10-06T07:00:00+00:00,201.2,203.85,200.55,203.8,37919
2025-10-06T08:00:00+00:00,203.8,204.15,202.05,202.4,28936
2025-10-06T09:00:00+00:00,202.4,203.4,202.15,202.65,30300
2025-10-06T10:00:00+00:00,202.7,203.05,200.65,200.95,41844
2025-10-06T11:00:00+00:00,201.05,201.3,200.3,200.3,44327
2025-10-06T12:00:00+00:00,200.4,200.5,199.1,199.55,37972
2025-10-06T13:00:00+00:00,199.65,202.05,199.65,201.65,23463
2025-10-06T14:00:00+00:00,201.75,202.45,201.15,201.35,18436
2025-10-06T15:00:00+00:00,201.45,203.6,201.15,203.5,20691
2025-10-06T16:00:00+00:00,203.2,203.25,202.0,202.9,9220
2025-10-06T17:00:00+00:00,202.9,203.0,202.0,202.25,5967
2025-10-06T18:00:00+00:00,202.15,202.9,202.1,202.85,6035
2025-10-06T19:00:00+00:00,202.8,203.05,202.5,203.0,1801
2025-10-06T20:00:00+00:00,202.9,203.0,202.2,202.75,4571
2025-10-07T03:00:00+00:00,202.75,202.75,202.75,202.75,11
2025-10-07T04:00:00+00:00,202.75,203.1,201.9,202.05,3753
2025-10-07T05:00:00+00:00,202.1,202.9,202.05,202.8,1889
2025-10-07T06:00:00+00:00,202.7,202.75,201.05,202.0,7300
2025-10-07T07:00:00+00:00,202.0,203.5,201.4,202.9,15396
2025-10-07T08:00:00+00:00,202.8,206.1,202.8,206.05,100324
2025-10-07T09:00:00+00:00,206.0,206.05,205.5,205.7,15799
2025-10-07T10:00:00+00:00,205.7,206.55,205.5,206.3,41780
2025-10-07T11:00:00+00:00,206.3,206.95,206.0,206.55,25118
2025-10-07T12:00:00+00:00,206.55,208.5,205.7,208.35,54500
2025-10-07T13:00:00+00:00,208.3,209.35,208.0,209.0,46252
2025-10-07T14:00:00+00:00,209.0,209.0,208.1,208.6,25330
2025-10-07T15:00:00+00:00,208.45,209.65,208.1,209.65,27664
2025-10-07T16:00:00+00:00,209.55,209.55,208.15,208.4,7132
2025-10-07T17:00:00+00:00,208.4,208.9,208.3,208.9,2712
2025-10-07T18:00:00+00:00,208.9,209.25,208.7,208.9,2439
2025-10-07T19:00:00+00:00,208.9,209.15,208.25,208.6,5954
2025-10-07T20:00:00+00:00,208.75,208.95,208.55,208.65,3690
2025-10-08T03:00:00+00:00,208.65,208.65,208.65,208.65,28
2025-10-08T04:00:00+00:00,208.65,209.5,208.55,209.05,3520
2025-10-08T05:00:00+00:00,209.1,209.1,208.0,208.05,3761
2025-10-08T06:00:00+00:00,208.15,208.45,207.8,208.45,6801
2025-10-08T07:00:00+00:00,208.4,209.1,206.7,207.35,35971
2025-10-08T08:00:00+00:00,207.15,207.35,206.1,206.45,29214
2025-10-08T09:00:00+00:00,206.45,206.45,205.5,205.8,36694
2025-10-08T10:00:00+00:00,205.8,206.25,205.55,205.9,21884
2025-10-08T11:00:00+00:00,205.9,206.55,205.85,205.9,19318
2025-10-08T12:00:00+00:00,205.9,206.35,205.8,206.35,17911
2025-10-08T13:00:00+00:00,206.3,207.0,204.85,204.95,46982
2025-10-08T14:00:00+00:00,204.95,205.95,202.85,202.85,42406
2025-10-08T15:00:00+00:00,202.8,204.6,202.55,204.2,30924
2025-10-08T16:00:00+00:00,204.25,204.6,202.55,203.6,12978
2025-10-08T17:00:00+00:00,203.6,204.55,203.45,204.3,7820
2025-10-08T18:00:00+00:00,204.3,205.1,204.25,204.95,6250
2025-10-08T19:00:00+00:00,204.85,204.95,204.15,204.4,2736
2025-10-08T20:00:00+00:00,204.4,204.75,204.3,204.7,2014
2025-10-09T03:00:00+00:00,204.7,204.7,204.7,204.7,1
2025-10-09T04:00:00+00:00,204.5,205.25,203.65,205.15,2460
2025-10-09T05:00:00+00:00,205.2,205.2,204.15,204.15,1956
2025-10-09T06:00:00+00:00,204.2,204.3,203.0,203.65,8640
2025-10-09T07:00:00+00:00,203.65,205.7,203.05,203.25,35108
2025-10-09T08:00:00+00:00,203.25,203.75,198.95,200.95,132486
2025-10-09T09:00:00+00:00,200.9,203.95,200.5,203.55,84202
2025-10-09T10:00:00+00:00,203.6,205.3,203.5,203.7,35317
2025-10-09T11:00:00+00:00,203.65,204.45,203.0,204.0,15921
2025-10-09T12:00:00+00:00,204.05,205.5,203.7,204.85,41479
2025-10-09T13:00:00+00:00,204.85,207.4,204.55,206.3,46440
2025-10-09T14:00:00+00:00,206.45,207.3,205.05,206.3,31246
2025-10-09T15:00:00+00:00,206.35,207.5,206.3,206.6,25384
2025-10-09T16:00:00+00:00,206.4,206.8,205.65,205.75,6021
2025-10-09T17:00:00+00:00,205.7,206.75,205.5,206.6,4599
2025-10-09T18:00:00+00:00,206.6,206.95,206.05,206.6,2611
2025-10-09T19:00:00+00:00,206.7,206.8,205.45,205.8,6015
2025-10-09T20:00:00+00:00,205.9,205.95,205.0,205.2,2916
2025-10-10T03:00:00+00:00,205.85,205.85,205.85,205.85,2
2025-10-10T04:00:00+00:00,205.2,205.85,205.0,205.25,2017
2025-10-10T05:00:00+00:00,205.2,205.2,203.7,204.7,5040
2025-10-10T06:00:00+00:00,204.7,205.65,204.55,204.9,6653
2025-10-10T07:00:00+00:00,204.9,204.9,203.2,204.25,11235
2025-10-10T08:00:00+00:00,204.25,204.35,202.5,203.3,33206
2025-10-10T09:00:00+00:00,203.35,203.35,202.0,202.45,36905
2025-10-10T10:00:00+00:00,202.5,202.65,200.6,201.35,46269
2025-10-10T11:00:00+00:00,201.35,202.25,201.0,201.95,20584
2025-10-10T12:00:00+00:00,202.0,202.9,201.25,201.4,24090
2025-10-10T13:00:00+00:00,201.5,201.85,200.0,200.85,43060
2025-10-10T14:00:00+00:00,200.9,204.3,199.9,201.9,57468
2025-10-10T15:00:00+00:00,201.9,202.8,201.25,202.1,35045
2025-10-10T16:00:00+00:00,202.1,202.4,201.5,202.0,6225
2025-10-10T17:00:00+00:00,202.0,202.0,201.55,201.8,1946
2025-10-10T18:00:00+00:00,201.7,201.9,201.3,201.55,3074
2025-10-10T19:00:00+00:00,201.65,202.15,201.4,201.65,7588
2025-10-10T20:00:00+00:00,201.6,201.7,201.05,201.2,6179
2025-10-10T23:00:00+00:00,200.05,202.05,200.05,201.25,26
2025-10-11T00:00:00+00:00,201.2,201.2,200.1,200.45,18
2025-10-11T01:00:00+00:00,201.35,201.6,200.3,201.6,10
2025-10-11T02:00:00+00:00,201.6,201.6,201.55,201.55,12
2025-10-11T03:00:00+00:00,201.05,201.5,201.0,201.0,14
2025-10-11T04:00:00+00:00,200.65,201.45,200.4,201.45,42
2025-10-11T05:00:00+00:00,201.45,201.5,200.35,201.05,159
2025-10-11T06:00:00+00:00,200.8,201.45,200.8,201.05,191
2025-10-11T07:00:00+00:00,201.05,201.2,200.2,200.65,2946
2025-10-11T08:00:00+00:00,200.55,201.1,200.5,201.0,1220
2025-10-11T09:00:00+00:00,201.0,201.4,200.95,201.4,696
2025-10-11T10:00:00+00:00,201.4,201.4,201.05,201.3,688
2025-10-11T11:00:00+00:00,201.25,201.6,201.1,201.55,1400
2025-10-11T12:00:00+00:00,201.5,201.65,201.35,201.65,523
2025-10-11T13:00:00+00:00,201.65,201.75,201.45,201.6,569
2025-10-11T14:00:00+00:00,201.6,201.6,201.3,201.4,688
2025-10-11T15:00:00+00:00,201.4,201.55,201.1,201.3,744
2025-10-11T16:00:00+00:00,200.85,202.8,200.7,201.75,112
2025-10-11T17:00:00+00:00,201.25,201.75,201.25,201.75,47
2025-10-11T18:00:00+00:00,201.3,201.8,201.3,201.3,129
2025-10-11T19:00:00+00:00,201.7,201.8,201.25,201.7,102
2025-10-11T20:00:00+00:00,201.7,201.7,201.1,201.15,139
2025-10-11T23:00:00+00:00,201.75,201.75,200.75,201.05,17
2025-10-12T00:00:00+00:00,201.45,201.45,201.05,201.05,7
2025-10-12T01:00:00+00:00,201.35,204.0,201.35,204.0,507
2025-10-12T02:00:00+00:00,202.0,202.65,202.0,202.65,32
2025-10-12T03:00:00+00:00,202.3,202.55,201.25,202.2,29
2025-10-12T04:00:00+00:00,202.05,202.2,201.65,202.15,40
2025-10-12T05:00:00+00:00,202.15,202.2,201.95,202.15,84
2025-10-12T06:00:00+00:00,202.15,202.15,201.45,201.45,68
2025-10-12T07:00:00+00:00,201.6,202.05,201.4,201.85,1367
2025-10-12T08:00:00+00:00,201.85,201.95,201.5,201.55,933
2025-10-12T09:00:00+00:00,201.55,201.85,201.5,201.85,866
2025-10-12T10:00:00+00:00,201.85,202.15,201.6,201.95,1504
2025-10-12T11:00:00+00:00,201.85,202.05,201.75,201.75,414
2025-10-12T12:00:00+00:00,201.95,201.95,201.75,201.9,189
2025-10-12T13:00:00+00:00,201.95,202.15,201.9,202.15,1054
2025-10-12T14:00:00+00:00,202.15,202.2,202.0,202.15,184
2025-10-12T15:00:00+00:00,202.1,202.25,201.9,202.25,728
2025-10-12T16:00:00+00:00,202.25,202.7,201.75,202.25,101
2025-10-12T17:00:00+00:00,201.85,202.25,201.8,202.25,51
2025-10-12T18:00:00+00:00,202.1,202.25,202.1,202.25,66
2025-10-12T19:00:00+00:00,202.25,202.25,201.75,202.25,129
2025-10-12T20:00:00+00:00,201.8,202.95,201.8,202.7,34
2025-10-13T03:00:00+00:00,202.95,202.95,202.95,202.95,125
2025-10-13T04:00:00+00:00,202.8,202.95,201.95,202.0,7895
2025-10-13T05:00:00+00:00,202.0,202.35,201.5,202.05,3010
2025-10-13T06:00:00+00:00,202.0,202.75,201.25,202.45,7222
2025-10-13T07:00:00+00:00,202.5,202.5,199.8,200.05,19739
2025-10-13T08:00:00+00:00,200.0,201.25,199.8,200.8,22890
2025-10-13T09:00:00+00:00,200.75,200.9,200.0,200.75,8924
2025-10-13T10:00:00+00:00,200.75,201.1,199.85,200.0,15466
2025-10-13T11:00:00+00:00,200.1,202.1,199.6,201.15,27271
2025-10-13T12:00:00+00:00,201.3,203.0,201.3,202.6,32149
2025-10-13T13:00:00+00:00,202.5,202.95,201.6,202.45,11711
2025-10-13T14:00:00+00:00,202.45,202.45,200.2,200.55,13096
2025-10-13T15:00:00+00:00,200.5,201.0,200.15,200.7,5651
2025-10-13T16:00:00+00:00,200.85,201.3,200.4,201.3,3028
2025-10-13T17:00:00+00:00,201.4,201.9,201.3,201.3,4159
2025-10-13T18:00:00+00:00,201.4,201.65,200.7,200.95,2551
2025-10-13T19:00:00+00:00,200.9,200.9,200.65,200.8,880
2025-10-13T20:00:00+00:00,200.8,200.95,200.6,200.65,863
2025-10-14T04:00:00+00:00,201.7,202.35,200.5,201.5,645
2025-10-14T05:00:00+00:00,201.5,201.5,201.0,201.25,629
2025-10-14T06:00:00+00:00,201.2,201.2,200.2,200.7,2456
2025-10-14T07:00:00+00:00,200.55,201.0,200.0,200.5,12655
2025-10-14T08:00:00+00:00,200.5,201.5,200.2,200.9,13113
2025-10-14T09:00:00+00:00,200.9,201.85,200.2,200.4,11153
2025-10-14T10:00:00+00:00,200.55,200.9,200.35,200.85,5196
2025-10-14T11:00:00+00:00,200.85,201.35,200.1,200.6,9688
2025-10-14T12:00:00+00:00,200.75,201.35,200.0,200.25,19412
2025-10-14T13:00:00+00:00,200.15,200.4,199.75,199.95,28675
2025-10-14T14:00:00+00:00,199.95,200.65,199.8,200.0,11087
2025-10-14T15:00:00+00:00,199.95,200.8,199.9,200.1,12224
2025-10-14T16:00:00+00:00,200.25,200.3,199.7,199.9,8451
2025-10-14T17:00:00+00:00,199.9,200.25,199.85,199.95,1606
2025-10-14T18:00:00+00:00,200.0,200.0,199.8,199.95,1704
2025-10-14T19:00:00+00:00,199.95,200.0,199.85,199.85,1220
2025-10-14T20:00:00+00:00,199.9,200.45,199.85,200.2,1458
2025-10-15T03:00:00+00:00,199.65,199.65,199.65,199.65,400
2025-10-15T04:00:00+00:00,200.0,200.55,199.7,200.35,955
2025-10-15T05:00:00+00:00,200.4,200.85,200.35,200.85,1060
2025-10-15T06:00:00+00:00,200.75,200.85,199.95,200.55,2427
2025-10-15T07:00:00+00:00,200.5,200.5,199.35,200.0,22603
2025-10-15T08:00:00+00:00,200.1,200.35,199.7,199.7,5514
2025-10-15T09:00:00+00:00,199.7,200.5,199.5,200.4,12981
2025-10-15T10:00:00+00:00,200.45,202.0,200.4,200.6,20515
2025-10-15T11:00:00+00:00,200.65,201.95,200.05,201.55,20823
2025-10-15T12:00:00+00:00,201.6,202.8,201.15,202.5,37580
2025-10-15T13:00:00+00:00,202.5,202.8,201.35,201.45,16943
2025-10-15T14:00:00+00:00,201.4,201.95,200.8,200.95,5258
2025-10-15T15:00:00+00:00,200.95,201.25,200.55,200.65,6497
2025-10-15T16:00:00+00:00,200.65,200.9,200.2,200.4,3737
2025-10-15T17:00:00+00:00,200.45,200.45,200.0,200.1,12314
2025-10-15T18:00:00+00:00,200.2,200.3,200.1,200.25,1121
2025-10-15T19:00:00+00:00,200.2,200.4,200.15,200.4,1242
2025-10-15T20:00:00+00:00,200.4,200.45,200.05,200.25,1889
2025-10-16T03:00:00+00:00,200.25,200.25,200.25,200.25,2
2025-10-16T04:00:00+00:00,200.4,200.8,200.25,200.6,1444
2025-10-16T05:00:00+00:00,200.75,200.9,200.45,200.85,851
2025-10-16T06:00:00+00:00,200.8,200.8,200.05,200.5,2397
2025-10-16T07:00:00+00:00,200.5,200.6,199.8,200.4,6724
2025-10-16T08:00:00+00:00,200.4,201.0,200.25,200.8,17245
2025-10-16T09:00:00+00:00,200.8,201.85,200.75,201.85,11568
2025-10-16T10:00:00+00:00,201.8,202.7,201.55,202.25,20817
2025-10-16T11:00:00+00:00,202.15,202.55,201.55,202.1,9966
2025-10-16T12:00:00+00:00,202.0,204.15,201.85,203.7,38884
2025-10-16T13:00:00+00:00,203.75,204.25,203.4,203.45,14797
2025-10-16T14:00:00+00:00,203.45,205.6,203.35,204.1,61882
2025-10-16T15:00:00+00:00,204.15,204.65,203.15,204.6,14792
2025-10-16T16:00:00+00:00,204.55,204.6,203.7,204.25,10454
2025-10-16T17:00:00+00:00,204.2,210.0,203.85,209.6,86637
2025-10-16T18:00:00+00:00,209.6,209.6,208.8,209.45,19125
2025-10-16T19:00:00+00:00,209.5,210.7,209.1,210.2,12091
2025-10-16T20:00:00+00:00,210.35,211.5,210.15,210.3,13741
2025-10-17T03:00:00+00:00,210.3,210.3,210.3,210.3,121
2025-10-17T04:00:00+00:00,210.4,211.5,209.0,209.05,9821
2025-10-17T05:00:00+00:00,209.2,209.8,208.9,209.7,15563
2025-10-17T06:00:00+00:00,209.7,209.75,208.5,208.9,10169
2025-10-17T07:00:00+00:00,208.9,209.75,207.35,207.8,44726
2025-10-17T08:00:00+00:00,207.75,208.9,207.75,208.45,26852
2025-10-17T09:00:00+00:00,208.4,210.3,208.3,210.25,20214
2025-10-17T10:00:00+00:00,210.25,210.3,208.95,209.8,14545
2025-10-17T11:00:00+00:00,209.75,211.7,209.75,210.35,14032
2025-10-17T12:00:00+00:00,210.35,211.65,210.0,211.55,11119
2025-10-17T13:00:00+00:00,211.6,211.7,211.0,211.35,9981
2025-10-17T14:00:00+00:00,211.4,211.7,210.55,211.0,24262
2025-10-17T15:00:00+00:00,211.0,211.8,210.8,211.1,7342
2025-10-17T16:00:00+00:00,211.05,211.5,211.05,211.1,1808
2025-10-17T17:00:00+00:00,211.2,212.7,210.95,211.5,22513
2025-10-17T18:00:00+00:00,211.5,212.05,210.1,211.15,9072
2025-10-17T19:00:00+00:00,211.2,211.35,210.2,210.6,4519
2025-10-17T20:00:00+00:00,210.6,211.4,210.5,211.3,2148
2025-10-17T23:00:00+00:00,209.65,211.3,209.65,210.45,18
2025-10-18T00:00:00+00:00,212.25,212.25,211.35,212.15,7
2025-10-18T01:00:00+00:00,211.2,211.3,210.75,211.3,9
2025-10-18T02:00:00+00:00,212.1,212.1,211.05,212.05,17
2025-10-18T03:00:00+00:00,212.05,212.1,211.05,211.95,18
2025-10-18T04:00:00+00:00,211.4,212.15,211.0,211.35,158
2025-10-18T05:00:00+00:00,211.5,212.15,211.1,212.15,739
2025-10-18T06:00:00+00:00,211.75,212.25,211.3,211.35,117
2025-10-18T07:00:00+00:00,211.5,214.0,211.35,213.3,16802
2025-10-18T08:00:00+00:00,213.3,213.5,213.2,213.45,2136
2025-10-18T09:00:00+00:00,213.45,213.5,213.05,213.05,2105
2025-10-18T10:00:00+00:00,213.05,213.5,213.0,213.15,3151
2025-10-18T11:00:00+00:00,213.05,213.4,212.7,213.2,1765
2025-10-18T12:00:00+00:00,213.2,213.35,213.05,213.3,1408
2025-10-18T13:00:00+00:00,213.15,213.3,212.8,212.9,1651
2025-10-18T14:00:00+00:00,212.9,212.95,212.6,212.75,1408
2025-10-18T15:00:00+00:00,212.65,213.15,212.65,213.05,944
2025-10-18T16:00:00+00:00,214.3,214.9,212.45,214.7,294
2025-10-18T17:00:00+00:00,214.0,214.5,213.45,214.4,135
2025-10-18T18:00:00+00:00,214.35,214.5,213.85,214.0,139
2025-10-18T19:00:00+00:00,214.0,214.45,213.6,213.6,206
2025-10-18T20:00:00+00:00,213.8,214.35,213.6,213.6,157
2025-10-18T23:00:00+00:00,214.0,214.0,214.0,214.0,5
2025-10-19T00:00:00+00:00,214.05,214.65,213.1,214.65,95
2025-10-19T01:00:00+00:00,214.6,214.6,214.6,214.6,12
2025-10-19T02:00:00+00:00,214.1,214.65,213.4,214.35,77
2025-10-19T03:00:00+00:00,214.55,214.65,214.55,214.65,13
2025-10-19T04:00:00+00:00,214.65,214.65,214.3,214.6,34
2025-10-19T05:00:00+00:00,214.35,214.65,214.0,214.4,58
2025-10-19T06:00:00+00:00,214.45,214.45,213.0,213.0,120
2025-10-19T07:00:00+00:00,213.0,213.5,212.5,212.6,2799
2025-10-19T08:00:00+00:00,212.55,212.65,211.8,212.0,6024
2025-10-19T09:00:00+00:00,212.0,212.2,211.75,212.15,649
2025-10-19T10:00:00+00:00,212.1,212.25,212.0,212.25,645
2025-10-19T11:00:00+00:00,212.35,212.4,212.05,212.05,831
2025-10-19T12:00:00+00:00,212.05,212.2,211.55,211.55,1089
2025-10-19T13:00:00+00:00,211.6,211.6,210.85,211.3,2452
2025-10-19T14:00:00+00:00,211.3,211.45,211.2,211.4,494
2025-10-19T15:00:00+00:00,211.3,211.95,211.3,211.85,1055
2025-10-19T16:00:00+00:00,213.05,213.05,210.8,210.9,380
2025-10-19T17:00:00+00:00,210.95,215.65,210.95,213.5,859
2025-10-19T18:00:00+00:00,213.15,213.5,212.0,212.7,193
2025-10-19T19:00:00+00:00,212.7,213.8,212.5,213.45,459
2025-10-19T20:00:00+00:00,213.45,213.65,212.8,213.25,152
2025-10-20T03:00:00+00:00,213.45,213.45,213.45,213.45,50
2025-10-20T04:00:00+00:00,213.3,213.3,211.8,212.1,2335
2025-10-20T05:00:00+00:00,212.1,212.6,211.8,211.8,1696
2025-10-20T06:00:00+00:00,211.8,211.8,210.8,210.95,3754
2025-10-20T07:00:00+00:00,210.9,213.3,210.3,211.8,47750
2025-10-20T08:00:00+00:00,211.8,211.95,210.8,211.1,17809
2025-10-20T09:00:00+00:00,211.2,211.4,210.45,210.8,20738
2025-10-20T10:00:00+00:00,210.75,211.05,209.6,209.8,17691
2025-10-20T11:00:00+00:00,209.65,211.3,209.6,210.75,23913
2025-10-20T12:00:00+00:00,210.85,211.65,210.75,211.25,15853
2025-10-20T13:00:00+00:00,211.2,211.7,210.55,210.75,17844
2025-10-20T14:00:00+00:00,210.65,210.9,209.75,210.0,16413
2025-10-20T15:00:00+00:00,210.0,210.65,209.6,210.05,10600
2025-10-20T16:00:00+00:00,210.15,210.45,209.85,210.3,2019
2025-10-20T17:00:00+00:00,210.25,210.4,210.1,210.25,1289
2025-10-20T18:00:00+00:00,210.2,210.75,210.2,210.65,2094
2025-10-20T19:00:00+00:00,210.65,210.7,210.5,210.7,1031
2025-10-20T20:00:00+00:00,210.7,211.0,210.5,210.5,2879
2025-10-21T03:00:00+00:00,210.55,210.55,210.55,210.55,1
2025-10-21T04:00:00+00:00,210.7,210.7,208.1,208.85,46879
2025-10-21T05:00:00+00:00,208.85,209.1,208.05,208.9,8318
2025-10-21T06:00:00+00:00,208.95,210.2,208.35,209.2,19943
2025-10-21T07:00:00+00:00,209.35,210.45,208.55,209.2,13135
2025-10-21T08:00:00+00:00,209.2,209.35,208.7,209.0,11310
2025-10-21T09:00:00+00:00,208.95,210.7,208.8,209.7,26077
2025-10-21T10:00:00+00:00,209.7,211.95,209.7,211.9,13849
2025-10-21T11:00:00+00:00,211.9,212.45,210.95,211.25,36348
2025-10-21T12:00:00+00:00,211.25,211.3,209.9,210.0,14054
2025-10-21T13:00:00+00:00,210.0,210.65,209.5,210.3,6376
2025-10-21T14:00:00+00:00,210.25,210.25,208.05,208.25,28343
2025-10-21T15:00:00+00:00,208.15,208.3,205.25,207.3,44719
2025-10-21T16:00:00+00:00,207.35,208.55,206.8,207.85,14624
2025-10-21T17:00:00+00:00,207.9,208.1,205.2,205.8,15812
2025-10-21T18:00:00+00:00,205.7,206.55,205.5,206.35,3548
2025-10-21T19:00:00+00:00,206.15,207.15,206.05,206.25,3571
2025-10-21T20:00:00+00:00,206.25,207.95,205.9,206.95,11372
2025-10-22T03:00:00+00:00,207.1,207.1,207.1,207.1,124
2025-10-22T04:00:00+00:00,207.1,208.35,206.65,207.8,1527
2025-10-22T05:00:00+00:00,207.7,208.25,207.7,207.9,1122
2025-10-22T06:00:00+00:00,207.9,208.2,207.4,207.7,6839
2025-10-22T07:00:00+00:00,207.7,208.9,207.4,208.8,14246
2025-10-22T08:00:00+00:00,208.9,209.65,207.85,209.15,12070
2025-10-22T09:00:00+00:00,209.05,209.55,208.0,208.8,14650
2025-10-22T10:00:00+00:00,208.65,208.8,207.6,207.85,6372
2025-10-22T11:00:00+00:00,207.65,207.9,207.0,207.25,7810
2025-10-22T12:00:00+00:00,207.15,207.8,206.65,206.95,10469
2025-10-22T13:00:00+00:00,206.95,209.25,206.55,208.35,28994
2025-10-22T14:00:00+00:00,208.35,208.4,207.65,207.85,9262
2025-10-22T15:00:00+00:00,207.85,208.4,207.7,207.7,11135
2025-10-22T16:00:00+00:00,207.85,208.0,207.7,207.95,7101
2025-10-22T17:00:00+00:00,207.95,207.95,207.55,207.95,3024
2025-10-22T18:00:00+00:00,207.95,208.0,207.45,207.6,910
2025-10-22T19:00:00+00:00,207.5,207.5,204.15,205.3,33653
2025-10-22T20:00:00+00:00,205.35,207.95,203.3,206.4,35222
2025-10-23T03:00:00+00:00,203.1,203.1,203.1,203.1,616
2025-10-23T04:00:00+00:00,203.1,204.9,203.05,204.5,9137
2025-10-23T05:00:00+00:00,204.35,206.15,204.2,205.5,8360
2025-10-23T06:00:00+00:00,205.7,206.6,204.7,205.15,5571
2025-10-23T07:00:00+00:00,205.4,205.95,204.75,205.65,18159
2025-10-23T08:00:00+00:00,205.75,206.2,203.1,203.15,30390
2025-10-23T09:00:00+00:00,203.2,204.1,203.15,203.35,15806
2025-10-23T10:00:00+00:00,203.35,204.3,203.35,203.5,8516
2025-10-23T11:00:00+00:00,203.45,204.4,203.05,203.35,16981
2025-10-23T12:00:00+00:00,203.4,204.8,203.25,204.0,6209
2025-10-23T13:00:00+00:00,204.2,205.45,204.2,205.15,8684
2025-10-23T14:00:00+00:00,205.2,205.45,204.4,204.55,9390
2025-10-23T15:00:00+00:00,204.55,205.9,204.5,205.05,16483
2025-10-23T16:00:00+00:00,205.1,205.3,204.1,204.65,5831
2025-10-23T17:00:00+00:00,204.7,205.25,204.15,205.15,4012
2025-10-23T18:00:00+00:00,205.2,205.4,204.55,204.9,2999
2025-10-23T19:00:00+00:00,205.05,205.15,204.6,205.1,2302
2025-10-23T20:00:00+00:00,205.05,205.8,205.0,205.45,4314
2025-10-24T03:00:00+00:00,205.45,205.45,205.45,205.45,2
2025-10-24T04:00:00+00:00,205.85,206.15,205.45,206.15,2311
2025-10-24T05:00:00+00:00,206.15,206.35,205.55,205.85,2357
2025-10-24T06:00:00+00:00,205.9,206.0,205.1,205.4,1866
2025-10-24T07:00:00+00:00,205.35,205.35,204.05,204.25,9863
2025-10-24T08:00:00+00:00,204.15,204.55,203.7,203.75,14808
2025-10-24T09:00:00+00:00,203.85,203.9,203.25,203.65,13245
2025-10-24T10:00:00+00:00,203.55,208.9,202.6,202.65,85996
2025-10-24T11:00:00+00:00,202.75,203.0,201.55,201.75,39900
2025-10-24T12:00:00+00:00,201.8,202.3,201.0,201.55,34454
2025-10-24T13:00:00+00:00,201.55,201.65,200.8,201.0,16501
2025-10-24T14:00:00+00:00,201.0,201.45,200.75,201.15,18541
2025-10-24T15:00:00+00:00,201.15,201.4,200.7,200.7,13303
2025-10-24T16:00:00+00:00,200.95,201.65,200.5,201.6,7569
2025-10-24T17:00:00+00:00,201.6,201.95,201.5,201.75,1592
2025-10-24T18:00:00+00:00,201.9,201.9,201.15,201.15,7301
2025-10-24T19:00:00+00:00,201.25,201.3,201.0,201.3,2046
2025-10-24T20:00:00+00:00,201.3,201.5,200.65,200.65,4827
2025-10-24T23:00:00+00:00,202.1,202.1,200.65,201.65,22
2025-10-25T00:00:00+00:00,201.6,201.6,200.65,200.65,36
2025-10-25T01:00:00+00:00,200.65,201.65,200.55,200.55,99
2025-10-25T02:00:00+00:00,200.7,200.7,200.6,200.6,7
2025-10-25T03:00:00+00:00,201.5,201.65,201.15,201.6,14
2025-10-25T04:00:00+00:00,201.25,201.25,200.25,201.15,172
2025-10-25T05:00:00+00:00,201.1,201.6,200.75,201.2,65
2025-10-25T06:00:00+00:00,200.85,201.4,200.65,201.4,150
2025-10-25T07:00:00+00:00,201.4,201.4,200.5,201.0,117
2025-10-25T08:00:00+00:00,201.3,201.4,201.0,201.4,149
2025-10-25T09:00:00+00:00,201.4,201.45,200.8,200.8,418
2025-10-25T10:00:00+00:00,200.8,201.45,200.5,200.75,478
2025-10-25T11:00:00+00:00,201.35,201.35,200.55,200.55,244
2025-10-25T12:00:00+00:00,200.9,201.0,200.5,200.95,251
2025-10-25T13:00:00+00:00,201.0,201.1,200.6,200.75,200
2025-10-25T14:00:00+00:00,200.9,201.05,200.75,201.0,107
2025-10-25T15:00:00+00:00,200.8,201.0,200.75,201.0,62
2025-10-25T16:00:00+00:00,201.0,201.1,200.8,201.1,82
2025-10-25T17:00:00+00:00,201.1,201.1,200.8,201.0,62
2025-10-25T18:00:00+00:00,201.05,201.05,201.0,201.05,109
2025-10-25T19:00:00+00:00,201.0,201.1,200.85,201.05,220
2025-10-25T20:00:00+00:00,201.05,201.1,200.0,200.0,1212
2025-10-25T23:00:00+00:00,200.5,200.85,200.25,200.35,20
2025-10-26T00:00:00+00:00,200.7,201.0,200.7,201.0,33
2025-10-26T01:00:00+00:00,201.45,201.45,201.45,201.45,6
2025-10-26T02:00:00+00:00,201.1,201.4,201.1,201.1,5
2025-10-26T03:00:00+00:00,201.05,201.5,201.05,201.5,30
2025-10-26T04:00:00+00:00,201.45,201.5,201.1,201.45,21
2025-10-26T05:00:00+00:00,201.45,201.45,201.1,201.2,30
2025-10-26T06:00:00+00:00,201.45,201.45,201.2,201.35,26
2025-10-26T07:00:00+00:00,201.35,201.4,201.0,201.35,72
2025-10-26T08:00:00+00:00,201.35,201.4,200.65,201.35,197
2025-10-26T09:00:00+00:00,201.3,201.35,200.7,200.7,97
2025-10-26T10:00:00+00:00,200.95,201.2,200.0,200.95,1079
2025-10-26T11:00:00+00:00,200.95,201.3,200.3,200.65,179
2025-10-26T12:00:00+00:00,200.75,201.2,200.0,200.0,573
2025-10-26T13:00:00+00:00,200.3,200.8,200.1,200.75,66
2025-10-26T14:00:00+00:00,200.55,200.8,200.1,200.6,185
2025-10-26T15:00:00+00:00,200.6,200.8,200.1,200.8,74
2025-10-26T16:00:00+00:00,200.8,200.8,200.25,200.8,36
2025-10-26T17:00:00+00:00,200.75,200.8,200.75,200.8,128
2025-10-26T18:00:00+00:00,200.8,200.8,200.7,200.7,27
2025-10-26T19:00:00+00:00,200.75,200.75,200.1,200.15,78
2025-10-26T20:00:00+00:00,200.15,200.7,200.15,200.7,101
2025-10-27T03:00:00+00:00,200.9,200.9,200.9,200.9,37
2025-10-27T04:00:00+00:00,201.0,201.1,199.5,199.7,8729
2025-10-27T05:00:00+00:00,199.7,199.75,199.2,199.55,7897
2025-10-27T06:00:00+00:00,199.55,199.6,197.5,197.75,27883
2025-10-27T07:00:00+00:00,197.75,198.6,197.6,198.35,33826
2025-10-27T08:00:00+00:00,198.3,199.6,197.85,198.8,22590
2025-10-27T09:00:00+00:00,198.8,199.9,198.4,198.8,14327
2025-10-27T10:00:00+00:00,198.85,199.25,197.95,198.1,26110
2025-10-27T11:00:00+00:00,198.2,198.25,196.65,197.1,26575
2025-10-27T12:00:00+00:00,197.0,198.25,196.8,198.1,19593
2025-10-27T13:00:00+00:00,198.2,199.2,197.9,198.8,37742
2025-10-27T14:00:00+00:00,198.85,200.35,198.55,200.2,33561
2025-10-27T15:00:00+00:00,200.15,201.0,200.0,200.95,27893
2025-10-27T16:00:00+00:00,200.75,200.75,200.25,200.55,5085
2025-10-27T17:00:00+00:00,200.65,200.65,200.15,200.4,3471
2025-10-27T18:00:00+00:00,200.4,200.45,199.6,199.95,5871
2025-10-27T19:00:00+00:00,200.0,200.65,199.9,200.65,6249
2025-10-27T20:00:00+00:00,200.55,200.65,198.8,199.0,9725
2025-10-28T03:00:00+00:00,199.05,199.05,199.05,199.05,1
2025-10-28T04:00:00+00:00,199.2,199.75,198.0,199.75,12032
2025-10-28T05:00:00+00:00,199.8,200.5,199.5,200.4,2728
2025-10-28T06:00:00+00:00,200.35,203.2,200.3,202.6,20915
2025-10-28T07:00:00+00:00,202.6,202.8,201.15,201.2,26205
2025-10-28T08:00:00+00:00,201.2,203.15,201.15,202.85,17604
2025-10-28T09:00:00+00:00,202.9,203.05,202.35,202.65,10807
2025-10-28T10:00:00+00:00,202.65,202.65,200.4,200.4,23567
2025-10-28T11:00:00+00:00,200.4,201.25,200.15,200.75,20089
2025-10-28T12:00:00+00:00,200.85,201.4,199.75,199.9,16409
2025-10-28T13:00:00+00:00,199.9,201.45,198.5,200.3,44533
2025-10-28T14:00:00+00:00,200.35,200.4,199.2,199.65,30145
2025-10-28T15:00:00+00:00,199.55,200.6,198.1,199.15,28991
2025-10-28T16:00:00+00:00,199.2,200.3,199.2,200.15,2591
2025-10-28T17:00:00+00:00,200.15,200.65,200.1,200.5,3067
2025-10-28T18:00:00+00:00,200.5,200.5,200.2,200.5,1217
2025-10-28T19:00:00+00:00,200.5,200.6,200.25,200.6,5203
2025-10-28T20:00:00+00:00,200.6,201.15,200.3,200.3,11010
2025-10-29T03:00:00+00:00,200.75,200.75,200.75,200.75,1
2025-10-29T04:00:00+00:00,200.75,201.9,200.75,201.45,4242
2025-10-29T05:00:00+00:00,201.4,201.75,201.2,201.3,3725
2025-10-29T06:00:00+00:00,201.35,201.35,199.7,200.0,9826
2025-10-29T07:00:00+00:00,200.1,201.5,199.6,201.0,25286
2025-10-29T08:00:00+00:00,201.1,202.0,200.75,201.4,34847
2025-10-29T09:00:00+00:00,201.35,202.0,200.5,201.9,15788
2025-10-29T10:00:00+00:00,201.9,202.0,201.55,201.9,8577
2025-10-29T11:00:00+00:00,201.9,202.0,201.25,201.75,10161
2025-10-29T12:00:00+00:00,201.75,202.5,201.3,202.0,18961
2025-10-29T13:00:00+00:00,202.15,202.6,201.5,202.05,9652
2025-10-29T14:00:00+00:00,201.95,202.05,201.25,201.3,9520
2025-10-29T15:00:00+00:00,201.3,202.3,201.05,202.3,9379
2025-10-29T16:00:00+00:00,202.1,202.3,201.55,202.05,3977
2025-10-29T17:00:00+00:00,202.0,202.05,201.65,201.75,1528
2025-10-29T18:00:00+00:00,201.8,201.8,201.0,201.0,3974
2025-10-29T19:00:00+00:00,201.0,201.3,201.0,201.3,1017
2025-10-29T20:00:00+00:00,201.3,201.65,201.2,201.65,1574
2025-10-30T03:00:00+00:00,201.65,201.65,201.65,201.65,9
2025-10-30T04:00:00+00:00,201.65,202.05,200.8,201.05,2170
2025-10-30T05:00:00+00:00,201.15,201.25,201.05,201.2,428
2025-10-30T06:00:00+00:00,201.2,202.5,201.2,202.4,3667
2025-10-30T07:00:00+00:00,202.3,202.6,200.85,201.0,21264
2025-10-30T08:00:00+00:00,200.95,201.5,200.85,201.35,18271
2025-10-30T09:00:00+00:00,201.45,204.3,201.35,203.6,66675
2025-10-30T10:00:00+00:00,203.55,203.65,202.95,203.2,26683
2025-10-30T11:00:00+00:00,203.15,203.6,203.05,203.1,16215
2025-10-30T12:00:00+00:00,203.1,203.45,201.7,202.55,38884
2025-10-30T13:00:00+00:00,202.65,203.3,202.3,203.15,19431
2025-10-30T14:00:00+00:00,203.1,203.6,202.65,203.5,23710
2025-10-30T15:00:00+00:00,203.4,203.9,203.35,203.6,8496
2025-10-30T16:00:00+00:00,203.55,204.3,203.4,203.85,13116
2025-10-30T17:00:00+00:00,203.9,204.0,203.65,203.85,2876
2025-10-30T18:00:00+00:00,203.8,204.1,203.65,203.9,1736
2025-10-30T19:00:00+00:00,203.9,205.1,203.9,204.65,13404
2025-10-30T20:00:00+00:00,204.65,204.8,204.6,204.6,1305
2025-10-31T03:00:00+00:00,204.55,204.55,204.55,204.55,10
2025-10-31T04:00:00+00:00,204.6,205.5,204.6,205.25,2976
2025-10-31T05:00:00+00:00,205.25,205.4,204.95,205.05,1212
2025-10-31T06:00:00+00:00,205.0,205.55,204.45,204.65,6226
2025-10-31T07:00:00+00:00,204.55,204.65,203.55,203.95,22837
2025-10-31T08:00:00+00:00,203.95,204.5,202.6,202.9,28980
2025-10-31T09:00:00+00:00,202.85,203.4,202.6,203.3,6805
2025-10-31T10:00:00+00:00,203.15,203.2,201.9,202.0,14245
2025-10-31T11:00:00+00:00,202.0,202.5,201.8,202.45,9137
2025-10-31T12:00:00+00:00,202.45,203.35,202.4,203.0,5501
2025-10-31T13:00:00+00:00,203.0,203.15,202.3,202.3,9646
2025-10-31T14:00:00+00:00,202.35,202.9,202.25,202.35,10647
2025-10-31T15:00:00+00:00,202.35,202.45,201.45,201.7,5934
2025-10-31T16:00:00+00:00,202.1,202.4,201.15,201.7,6408
2025-10-31T17:00:00+00:00,201.7,201.95,200.25,201.85,20091
2025-10-31T18:00:00+00:00,201.7,201.95,201.45,201.65,1520
2025-10-31T19:00:00+00:00,201.8,202.0,201.65,201.8,1038
2025-10-31T20:00:00+00:00,201.9,202.6,201.8,202.55,1781
2025-11-01T03:00:00+00:00,202.65,202.65,202.65,202.65,1
2025-11-01T04:00:00+00:00,202.65,203.5,202.15,203.4,1756
2025-11-01T05:00:00+00:00,203.5,203.65,203.1,203.1,1880
2025-11-01T06:00:00+00:00,203.1,203.35,202.6,202.7,1577
2025-11-01T07:00:00+00:00,202.7,203.5,202.7,203.35,2870
2025-11-01T08:00:00+00:00,203.35,203.35,202.85,203.1,4524
2025-11-01T09:00:00+00:00,203.1,203.3,202.9,203.2,2771
2025-11-01T10:00:00+00:00,203.2,203.2,202.85,203.1,3259
2025-11-01T11:00:00+00:00,203.15,203.15,202.6,202.65,3631
2025-11-01T12:00:00+00:00,202.65,203.1,202.35,202.5,6605
2025-11-01T13:00:00+00:00,202.45,202.95,202.3,202.85,4592
2025-11-01T14:00:00+00:00,202.95,202.95,202.4,202.95,829
2025-11-01T15:00:00+00:00,202.9,203.1,202.55,203.0,2474
2025-11-01T16:00:00+00:00,202.8,203.2,202.6,203.2,2163
2025-11-01T17:00:00+00:00,203.2,203.3,203.0,203.2,1489
2025-11-01T18:00:00+00:00,203.2,203.2,202.75,202.9,3013
2025-11-01T19:00:00+00:00,203.0,203.0,202.75,202.9,485
2025-11-01T20:00:00+00:00,202.9,202.95,202.55,202.95,903
2025-11-01T23:00:00+00:00,203.5,204.3,202.5,202.55,23
2025-11-02T00:00:00+00:00,202.5,204.1,202.5,203.8,47
2025-11-02T01:00:00+00:00,203.0,203.9,202.85,203.25,21
2025-11-02T02:00:00+00:00,203.45,203.5,203.0,203.45,45
2025-11-02T03:00:00+00:00,203.4,203.45,202.95,203.45,8
2025-11-02T04:00:00+00:00,203.45,203.5,202.9,203.5,37
2025-11-02T05:00:00+00:00,203.5,203.9,203.0,203.7,101
2025-11-02T06:00:00+00:00,203.6,203.85,203.0,203.05,47
2025-11-02T07:00:00+00:00,203.05,203.1,202.65,203.1,217
2025-11-02T08:00:00+00:00,203.3,203.8,203.15,203.3,59
2025-11-02T09:00:00+00:00,203.1,203.55,202.8,203.35,73
2025-11-02T10:00:00+00:00,203.35,203.55,202.75,203.5,163
2025-11-02T11:00:00+00:00,203.2,203.55,202.9,203.4,36
2025-11-02T12:00:00+00:00,203.05,203.4,202.85,202.85,85
2025-11-02T13:00:00+00:00,203.25,203.3,202.85,202.9,41
2025-11-02T14:00:00+00:00,202.85,202.95,202.85,202.95,49
2025-11-02T15:00:00+00:00,202.95,203.35,202.95,203.05,49
2025-11-02T16:00:00+00:00,203.35,203.4,203.05,203.05,99
2025-11-02T17:00:00+00:00,203.35,203.4,202.65,202.75,322
2025-11-02T18:00:00+00:00,202.7,203.5,202.65,202.9,218
2025-11-02T19:00:00+00:00,202.9,203.55,202.8,202.95,125
2025-11-02T20:00:00+00:00,202.9,202.9,202.75,202.75,214
2025-11-03T03:00:00+00:00,202.55,202.55,202.55,202.55,102
2025-11-03T04:00:00+00:00,202.9,203.85,202.9,203.65,1857
2025-11-03T05:00:00+00:00,203.75,203.95,203.6,203.8,1392
2025-11-03T06:00:00+00:00,203.8,205.7,203.7,205.1,8450
2025-11-03T07:00:00+00:00,205.1,206.1,205.1,206.0,10696
2025-11-03T08:00:00+00:00,206.05,206.1,205.3,205.65,3703
2025-11-03T09:00:00+00:00,205.65,205.7,205.0,205.1,5175
2025-11-03T10:00:00+00:00,205.1,205.35,205.05,205.05,1290
2025-11-03T11:00:00+00:00,205.05,205.35,204.8,204.95,1977
2025-11-03T12:00:00+00:00,204.95,205.2,204.95,205.1,476
2025-11-03T13:00:00+00:00,205.15,205.2,205.0,205.05,548
2025-11-03T14:00:00+00:00,205.1,205.8,204.9,205.45,3657
2025-11-03T15:00:00+00:00,205.45,205.6,205.25,205.5,2073
2025-11-03T16:00:00+00:00,205.5,205.55,205.2,205.3,1421
2025-11-03T17:00:00+00:00,205.25,205.3,204.9,204.9,1185
2025-11-03T18:00:00+00:00,204.95,204.95,204.65,204.65,1307
2025-11-03T19:00:00+00:00,204.65,204.65,204.45,204.6,818
2025-11-03T20:00:00+00:00,204.6,204.75,204.4,204.7,808
2025-11-03T23:00:00+00:00,206.15,208.4,205.05,205.75,340
2025-11-04T00:00:00+00:00,205.75,205.75,205.25,205.75,7
2025-11-04T01:00:00+00:00,205.3,205.4,205.2,205.2,19
2025-11-04T02:00:00+00:00,205.2,205.55,205.2,205.2,9
2025-11-04T03:00:00+00:00,205.25,205.35,205.25,205.35,6
2025-11-04T04:00:00+00:00,205.25,205.7,204.95,205.35,111
2025-11-04T05:00:00+00:00,205.3,205.65,205.1,205.1,41
2025-11-04T06:00:00+00:00,205.1,205.3,205.0,205.15,120
2025-11-04T07:00:00+00:00,205.15,205.15,204.0,204.6,268
2025-11-04T08:00:00+00:00,204.25,205.1,204.05,204.9,199
2025-11-04T09:00:00+00:00,204.45,204.95,204.3,204.55,94
2025-11-04T10:00:00+00:00,204.9,205.15,204.35,205.1,126
2025-11-04T11:00:00+00:00,204.85,205.1,204.35,204.35,103
2025-11-04T12:00:00+00:00,204.7,205.35,204.35,204.9,254
2025-11-04T13:00:00+00:00,205.3,205.4,204.9,204.9,183
2025-11-04T14:00:00+00:00,205.25,205.3,204.8,205.25,55
2025-11-04T15:00:00+00:00,205.3,205.3,204.4,204.85,108
2025-11-04T16:00:00+00:00,204.7,205.35,204.7,204.85,86
2025-11-04T17:00:00+00:00,205.3,205.35,204.9,205.3,130
2025-11-04T18:00:00+00:00,205.3,205.4,204.95,205.4,58
2025-11-04T19:00:00+00:00,205.4,205.65,205.0,205.45,180
2025-11-04T20:00:00+00:00,205.5,205.55,204.9,204.95,539
2025-11-05T03:00:00+00:00,204.5,204.5,204.5,204.5,18
2025-11-05T04:00:00+00:00,204.5,204.55,203.8,204.0,2216
2025-11-05T05:00:00+00:00,204.1,204.25,204.0,204.1,729
2025-11-05T06:00:00+00:00,204.25,204.4,203.3,203.8,2994
2025-11-05T07:00:00+00:00,203.75,204.5,203.05,203.65,11006
2025-11-05T08:00:00+00:00,203.65,204.3,203.5,204.1,5459
2025-11-05T09:00:00+00:00,204.2,204.4,203.75,204.25,2956
2025-11-05T10:00:00+00:00,204.4,206.8,204.35,205.95,15787
2025-11-05T11:00:00+00:00,205.9,206.35,205.65,205.95,6335
2025-11-05T12:00:00+00:00,206.05,206.15,205.7,205.95,6461
2025-11-05T13:00:00+00:00,205.95,206.25,205.5,205.55,14402
2025-11-05T14:00:00+00:00,205.5,205.6,203.75,204.0,33481
2025-11-05T15:00:00+00:00,204.05,204.75,203.65,204.65,10383
2025-11-05T16:00:00+00:00,204.65,204.8,204.1,204.35,3178
2025-11-05T17:00:00+00:00,204.35,204.35,204.1,204.2,750
2025-11-05T18:00:00+00:00,204.15,204.35,203.85,204.1,2202
2025-11-05T19:00:00+00:00,204.2,204.45,204.05,204.3,1276
2025-11-05T20:00:00+00:00,204.3,204.5,204.2,204.5,1335
2025-11-06T03:00:00+00:00,204.7,204.7,204.7,204.7,1
2025-11-06T04:00:00+00:00,204.7,204.85,204.1,204.45,1227
2025-11-06T05:00:00+00:00,204.45,204.55,204.15,204.2,653
2025-11-06T06:00:00+00:00,204.2,205.2,204.1,204.75,5354
2025-11-06T07:00:00+00:00,204.85,204.85,203.0,203.05,17947
2025-11-06T08:00:00+00:00,203.05,203.35,202.7,202.85,13884
2025-11-06T09:00:00+00:00,202.85,203.05,202.35,202.65,13315
2025-11-06T10:00:00+00:00,202.65,202.8,201.7,202.05,8992
2025-11-06T11:00:00+00:00,202.05,202.45,201.8,202.2,7550
2025-11-06T12:00:00+00:00,202.2,203.15,199.4,200.6,112174
2025-11-06T13:00:00+00:00,200.5,201.5,199.25,200.75,81861
2025-11-06T14:00:00+00:00,200.7,202.3,200.25,202.1,30330
2025-11-06T15:00:00+00:00,201.95,202.85,201.95,202.85,30380
2025-11-06T16:00:00+00:00,202.8,203.0,202.5,202.5,10682
2025-11-06T17:00:00+00:00,202.55,202.9,202.1,202.85,9404
2025-11-06T18:00:00+00:00,202.85,203.25,202.65,203.25,5499
2025-11-06T19:00:00+00:00,203.25,203.35,203.05,203.3,4441
2025-11-06T20:00:00+00:00,203.2,203.35,203.0,203.1,4795
2025-11-07T03:00:00+00:00,203.05,203.05,203.05,203.05,201
2025-11-07T04:00:00+00:00,202.7,203.0,201.6,202.55,6774
2025-11-07T05:00:00+00:00,202.45,202.6,202.15,202.35,3226
2025-11-07T06:00:00+00:00,202.4,203.25,202.4,203.0,5877
2025-11-07T07:00:00+00:00,203.0,205.15,202.95,204.2,33077
2025-11-07T08:00:00+00:00,204.2,205.2,204.1,205.0,13946
2025-11-07T09:00:00+00:00,205.1,205.9,204.85,205.75,17517
2025-11-07T10:00:00+00:00,205.75,205.9,205.2,205.25,14361
2025-11-07T11:00:00+00:00,205.3,205.5,204.55,205.2,23000
2025-11-07T12:00:00+00:00,205.25,205.75,205.0,205.35,11687
2025-11-07T13:00:00+00:00,205.35,205.95,205.1,205.8,17217
2025-11-07T14:00:00+00:00,205.85,206.4,205.65,206.1,18023
2025-11-07T15:00:00+00:00,206.3,206.4,205.65,205.7,6133
2025-11-07T16:00:00+00:00,205.75,206.25,205.75,205.85,2245
2025-11-07T17:00:00+00:00,205.9,206.45,205.3,205.3,9374
2025-11-07T18:00:00+00:00,205.3,205.4,204.8,205.4,5697
2025-11-07T19:00:00+00:00,205.3,205.4,205.1,205.2,394
2025-11-07T20:00:00+00:00,205.15,205.75,205.05,205.75,1718
2025-11-07T23:00:00+00:00,206.15,206.95,204.95,205.9,52
2025-11-08T00:00:00+00:00,205.9,205.9,205.1,205.1,12
2025-11-08T01:00:00+00:00,205.3,205.3,205.1,205.1,6
2025-11-08T02:00:00+00:00,205.75,205.75,205.05,205.4,18
2025-11-08T03:00:00+00:00,205.1,205.8,205.1,205.35,21
2025-11-08T04:00:00+00:00,205.15,205.35,205.1,205.35,25
2025-11-08T05:00:00+00:00,205.35,205.8,205.15,205.35,65
2025-11-08T06:00:00+00:00,205.65,205.95,205.2,205.8,138
2025-11-08T07:00:00+00:00,205.75,205.9,204.55,205.25,5879
2025-11-08T08:00:00+00:00,205.25,205.6,205.25,205.3,1334
2025-11-08T09:00:00+00:00,205.4,205.45,205.2,205.35,313
2025-11-08T10:00:00+00:00,205.35,205.55,205.25,205.4,928
2025-11-08T11:00:00+00:00,205.35,205.55,205.25,205.45,313
2025-11-08T12:00:00+00:00,205.45,205.75,205.3,205.6,308
2025-11-08T13:00:00+00:00,205.75,205.95,205.65,205.7,564
2025-11-08T14:00:00+00:00,205.7,205.8,205.6,205.8,86
2025-11-08T15:00:00+00:00,205.8,205.9,205.5,205.85,1087
2025-11-08T16:00:00+00:00,204.55,206.95,204.55,205.95,71
2025-11-08T17:00:00+00:00,205.95,205.95,205.4,205.4,117
2025-11-08T18:00:00+00:00,205.8,205.8,205.15,205.55,45
2025-11-08T19:00:00+00:00,205.5,205.95,205.5,205.5,84
2025-11-08T20:00:00+00:00,205.9,205.95,205.45,205.45,129
2025-11-08T23:00:00+00:00,205.5,206.15,205.45,206.15,35
2025-11-09T00:00:00+00:00,205.65,205.65,205.65,205.65,1
2025-11-09T01:00:00+00:00,205.65,205.65,205.65,205.65,1
2025-11-09T02:00:00+00:00,205.7,206.15,205.7,206.15,47
2025-11-09T03:00:00+00:00,206.15,206.15,206.15,206.15,9
2025-11-09T04:00:00+00:00,206.15,206.15,206.0,206.15,65
2025-11-09T05:00:00+00:00,206.15,206.15,205.2,206.05,48
2025-11-09T06:00:00+00:00,206.1,206.1,205.45,205.9,30
2025-11-09T07:00:00+00:00,205.85,206.15,205.5,205.7,859
2025-11-09T08:00:00+00:00,205.75,205.95,205.65,205.95,213
2025-11-09T09:00:00+00:00,205.95,206.05,205.85,206.05,961
2025-11-09T10:00:00+00:00,206.05,206.1,205.95,206.1,505
2025-11-09T11:00:00+00:00,206.05,206.4,206.05,206.4,1550
2025-11-09T12:00:00+00:00,206.4,206.4,205.9,206.2,1282
2025-11-09T13:00:00+00:00,206.2,206.65,206.15,206.2,1566
2025-11-09T14:00:00+00:00,206.2,206.8,206.2,206.45,1272
2025-11-09T15:00:00+00:00,206.45,206.6,206.05,206.4,938
2025-11-09T16:00:00+00:00,208.25,208.25,205.15,206.35,169
2025-11-09T17:00:00+00:00,206.8,207.5,206.1,207.0,358
2025-11-09T18:00:00+00:00,207.0,208.8,206.95,208.15,4108
2025-11-09T19:00:00+00:00,208.2,208.35,207.85,207.9,180
2025-11-09T20:00:00+00:00,208.0,208.1,207.35,207.8,1044
2025-11-10T03:00:00+00:00,207.1,207.1,207.1,207.1,434
2025-11-10T04:00:00+00:00,207.3,207.8,207.1,207.75,5909
2025-11-10T05:00:00+00:00,207.6,208.0,207.55,207.95,4589
2025-11-10T06:00:00+00:00,207.85,208.3,206.95,207.2,10259
2025-11-10T07:00:00+00:00,207.25,210.2,207.0,208.65,45642
2025-11-10T08:00:00+00:00,208.6,209.55,208.15,208.45,8965
2025-11-10T09:00:00+00:00,208.45,208.45,207.45,208.0,13513
2025-11-10T10:00:00+00:00,208.0,208.1,206.55,206.7,32395
2025-11-10T11:00:00+00:00,206.7,207.55,205.0,205.25,34102
2025-11-10T12:00:00+00:00,205.35,205.9,204.85,205.75,23230
2025-11-10T13:00:00+00:00,205.8,205.8,205.0,205.3,12008
2025-11-10T14:00:00+00:00,205.35,205.6,203.45,203.95,52668
2025-11-10T15:00:00+00:00,203.95,204.95,203.3,204.4,18272
2025-11-10T16:00:00+00:00,204.5,205.25,204.4,205.05,7074
2025-11-10T17:00:00+00:00,205.0,205.75,204.95,205.75,5069
2025-11-10T18:00:00+00:00,205.6,205.7,205.0,205.1,5237
2025-11-10T19:00:00+00:00,205.1,205.65,204.85,205.65,4377
2025-11-10T20:00:00+00:00,205.65,205.85,205.5,205.6,3654
2025-11-11T03:00:00+00:00,205.4,205.4,205.4,205.4,4
2025-11-11T04:00:00+00:00,205.5,206.35,204.7,204.95,9723
2025-11-11T05:00:00+00:00,204.9,205.7,204.55,205.6,2424
2025-11-11T06:00:00+00:00,205.55,205.55,204.85,204.95,1972
2025-11-11T07:00:00+00:00,205.0,205.2,203.3,203.5,59314
2025-11-11T08:00:00+00:00,203.4,204.45,203.05,203.65,35461
2025-11-11T09:00:00+00:00,203.65,204.3,203.05,204.25,30342
2025-11-11T10:00:00+00:00,204.25,204.5,203.6,204.35,16879
2025-11-11T11:00:00+00:00,204.35,205.3,204.2,204.8,22535
2025-11-11T12:00:00+00:00,204.8,204.95,204.55,204.95,11502
2025-11-11T13:00:00+00:00,204.95,205.15,204.75,204.95,10996
2025-11-11T14:00:00+00:00,205.1,205.15,203.8,204.35,34806
2025-11-11T15:00:00+00:00,204.45,204.65,203.7,203.85,14461
2025-11-11T16:00:00+00:00,203.85,204.55,203.8,204.35,3211
2025-11-11T17:00:00+00:00,204.35,205.0,204.25,205.0,3050
2025-11-11T18:00:00+00:00,204.9,205.2,204.35,204.7,6432
2025-11-11T19:00:00+00:00,204.65,205.05,204.65,204.9,3915
2025-11-11T20:00:00+00:00,204.95,204.95,204.4,204.75,1845
2025-11-12T03:00:00+00:00,204.75,204.75,204.75,204.75,2
2025-11-12T04:00:00+00:00,204.8,204.8,204.4,204.4,2015
2025-11-12T05:00:00+00:00,204.5,204.9,204.35,204.9,408
2025-11-12T06:00:00+00:00,204.9,204.9,204.4,204.7,2129
2025-11-12T07:00:00+00:00,204.7,204.7,203.65,204.0,7630
2025-11-12T08:00:00+00:00,204.0,204.1,203.65,203.8,7901
2025-11-12T09:00:00+00:00,203.8,204.45,203.8,204.45,9442
2025-11-12T10:00:00+00:00,204.45,204.45,203.5,203.7,12085
2025-11-12T11:00:00+00:00,203.75,204.1,203.5,203.9,7862
2025-11-12T12:00:00+00:00,203.85,204.9,203.35,204.65,11952
2025-11-12T13:00:00+00:00,204.65,204.7,203.75,204.1,9744
2025-11-12T14:00:00+00:00,204.05,204.2,203.25,203.7,11447
2025-11-12T15:00:00+00:00,203.65,204.0,203.5,203.7,6132
2025-11-12T16:00:00+00:00,203.8,203.9,203.0,203.15,7858
2025-11-12T17:00:00+00:00,203.25,203.75,203.15,203.6,2285
2025-11-12T18:00:00+00:00,203.6,203.95,203.55,203.9,1189
2025-11-12T19:00:00+00:00,203.95,203.95,203.65,203.8,1102
2025-11-12T20:00:00+00:00,203.85,204.0,203.7,204.0,4643
2025-11-13T03:00:00+00:00,204.0,204.0,204.0,204.0,7
2025-11-13T04:00:00+00:00,203.75,204.75,203.75,204.35,1895
2025-11-13T05:00:00+00:00,204.35,204.7,204.1,204.7,2419
2025-11-13T06:00:00+00:00,204.7,206.2,204.65,205.4,39762
2025-11-13T07:00:00+00:00,205.4,205.8,203.75,203.8,20494
2025-11-13T08:00:00+00:00,203.9,205.75,203.0,204.65,65835
2025-11-13T09:00:00+00:00,204.65,205.9,204.0,205.5,104052
2025-11-13T10:00:00+00:00,205.55,205.9,204.95,205.15,41580
2025-11-13T11:00:00+00:00,205.15,205.4,204.6,205.2,28324
2025-11-13T12:00:00+00:00,205.25,205.7,205.1,205.45,20503
2025-11-13T13:00:00+00:00,205.65,205.8,205.25,205.6,20216
2025-11-13T14:00:00+00:00,205.65,205.8,205.1,205.25,18817
2025-11-13T15:00:00+00:00,205.35,205.5,205.1,205.4,16039
2025-11-13T16:00:00+00:00,205.4,205.5,204.75,204.85,12640
2025-11-13T17:00:00+00:00,204.85,205.2,204.6,204.95,9511
2025-11-13T18:00:00+00:00,205.05,205.85,205.0,205.1,15602
2025-11-13T19:00:00+00:00,205.15,205.2,204.6,204.7,8781
2025-11-13T20:00:00+00:00,204.7,204.8,204.6,204.6,6253
2025-11-14T03:00:00+00:00,204.6,204.6,204.6,204.6,5
2025-11-14T04:00:00+00:00,204.85,205.6,204.6,205.25,3088
2025-11-14T05:00:00+00:00,205.25,205.3,205.1,205.25,619
2025-11-14T06:00:00+00:00,205.25,205.6,205.0,205.35,4376
2025-11-14T07:00:00+00:00,205.35,205.85,205.1,205.55,23550
2025-11-14T08:00:00+00:00,205.5,205.55,203.7,204.7,26989
2025-11-14T09:00:00+00:00,204.7,204.8,204.35,204.6,7897
2025-11-14T10:00:00+00:00,204.6,204.7,204.35,204.5,6584
2025-11-14T11:00:00+00:00,204.5,204.7,204.2,204.45,7548
2025-11-14T12:00:00+00:00,204.35,205.55,204.2,204.3,22991
2025-11-14T13:00:00+00:00,204.4,204.45,203.8,204.2,10499
2025-11-14T14:00:00+00:00,204.1,204.2,203.25,204.0,26643
2025-11-14T15:00:00+00:00,204.05,204.9,203.95,204.45,11816
2025-11-14T16:00:00+00:00,204.4,204.45,204.15,204.4,1103
2025-11-14T17:00:00+00:00,204.35,204.5,204.25,204.4,1653
2025-11-14T18:00:00+00:00,204.4,204.4,204.0,204.05,3515
2025-11-14T19:00:00+00:00,204.05,204.5,203.95,204.45,4755
2025-11-14T20:00:00+00:00,204.5,204.5,204.0,204.4,2923
2025-11-14T23:00:00+00:00,204.85,204.85,203.9,204.7,28
2025-11-15T00:00:00+00:00,204.7,204.75,204.25,204.25,54
2025-11-15T01:00:00+00:00,204.35,204.35,203.95,203.95,10
2025-11-15T02:00:00+00:00,204.35,204.35,204.35,204.35,11
2025-11-15T03:00:00+00:00,204.3,204.75,204.3,204.5,10
2025-11-15T04:00:00+00:00,204.55,204.75,204.5,204.55,31
2025-11-15T05:00:00+00:00,204.55,204.75,203.9,204.75,192
2025-11-15T06:00:00+00:00,204.7,204.75,204.2,204.2,189
2025-11-15T07:00:00+00:00,204.2,204.6,203.2,204.1,4160
2025-11-15T08:00:00+00:00,204.05,204.35,204.0,204.25,580
2025-11-15T09:00:00+00:00,204.3,204.4,204.05,204.1,881
2025-11-15T10:00:00+00:00,204.15,204.35,204.1,204.2,403
2025-11-15T11:00:00+00:00,204.1,204.3,204.1,204.3,446
2025-11-15T12:00:00+00:00,204.3,204.4,204.2,204.3,285
2025-11-15T13:00:00+00:00,204.3,204.45,204.25,204.4,715
2025-11-15T14:00:00+00:00,204.4,204.45,204.15,204.4,888
2025-11-15T15:00:00+00:00,204.45,204.45,204.25,204.4,299
2025-11-15T16:00:00+00:00,203.8,204.4,203.75,204.25,66
2025-11-15T17:00:00+00:00,204.25,204.25,203.9,204.2,38
2025-11-15T18:00:00+00:00,203.9,204.2,203.75,203.85,88
2025-11-15T19:00:00+00:00,203.85,204.25,203.75,203.75,150
2025-11-15T20:00:00+00:00,203.75,204.2,203.7,204.05,96
2025-11-15T23:00:00+00:00,203.35,204.7,203.35,203.95,34
2025-11-16T00:00:00+00:00,203.95,203.95,203.4,203.85,16
2025-11-16T01:00:00+00:00,203.85,203.85,203.4,203.85,24
2025-11-16T03:00:00+00:00,204.35,204.4,203.9,204.4,31
2025-11-16T04:00:00+00:00,204.4,204.4,202.6,202.6,559
2025-11-16T05:00:00+00:00,203.9,204.35,203.6,204.2,33
2025-11-16T06:00:00+00:00,204.1,204.1,203.1,203.65,78
2025-11-16T07:00:00+00:00,204.0,204.1,203.6,203.8,1760
2025-11-16T08:00:00+00:00,203.75,203.9,203.65,203.9,1278
2025-11-16T09:00:00+00:00,203.9,204.0,203.8,203.95,314
2025-11-16T10:00:00+00:00,203.95,204.05,203.85,204.0,299
2025-11-16T11:00:00+00:00,203.95,204.15,203.9,204.1,377
2025-11-16T12:00:00+00:00,204.0,204.1,204.0,204.1,161
2025-11-16T13:00:00+00:00,204.1,204.15,204.0,204.1,401
2025-11-16T14:00:00+00:00,204.15,204.25,204.0,204.25,441
2025-11-16T15:00:00+00:00,204.25,204.25,204.05,204.2,281
2025-11-16T16:00:00+00:00,204.5,204.5,203.95,204.4,92
2025-11-16T17:00:00+00:00,204.4,204.4,203.9,203.9,69
2025-11-16T18:00:00+00:00,203.95,204.25,203.8,203.9,106
2025-11-16T19:00:00+00:00,204.15,204.15,203.8,203.8,74
2025-11-16T20:00:00+00:00,203.85,204.45,203.6,203.65,75
2025-11-17T03:00:00+00:00,204.2,204.2,204.2,204.2,300
2025-11-17T04:00:00+00:00,204.25,204.35,203.2,203.6,3373
2025-11-17T05:00:00+00:00,203.5,203.85,203.4,203.65,846
2025-11-17T06:00:00+00:00,203.65,203.75,202.45,202.85,19389
2025-11-17T07:00:00+00:00,203.0,203.5,202.5,203.35,19186
2025-11-17T08:00:00+00:00,203.35,203.9,203.15,203.35,9344
2025-11-17T09:00:00+00:00,203.4,203.85,203.25,203.45,5748
2025-11-17T10:00:00+00:00,203.5,203.6,203.15,203.45,7149
2025-11-17T11:00:00+00:00,203.45,203.6,202.95,203.05,8171
2025-11-17T12:00:00+00:00,203.15,203.85,202.75,203.1,15927
2025-11-17T13:00:00+00:00,203.15,203.75,202.9,203.65,5851
2025-11-17T14:00:00+00:00,203.75,204.1,203.55,204.05,11558
2025-11-17T15:00:00+00:00,204.05,204.05,203.2,203.95,5256
2025-11-17T16:00:00+00:00,203.8,203.9,203.55,203.7,1653
2025-11-17T17:00:00+00:00,203.6,203.8,203.2,203.25,2080
2025-11-17T18:00:00+00:00,203.25,203.4,203.0,203.0,4803
2025-11-17T19:00:00+00:00,203.15,203.3,202.95,203.3,2519
2025-11-17T20:00:00+00:00,203.3,203.55,203.05,203.45,1229
2025-11-18T03:00:00+00:00,203.95,203.95,203.95,203.95,51
2025-11-18T04:00:00+00:00,203.45,203.95,203.0,203.65,1707
2025-11-18T05:00:00+00:00,203.55,203.55,203.0,203.15,900
2025-11-18T06:00:00+00:00,203.1,203.45,203.0,203.35,5231
2025-11-18T07:00:00+00:00,203.35,205.5,202.55,204.5,38328
2025-11-18T08:00:00+00:00,204.5,207.6,204.05,206.55,109738
2025-11-18T09:00:00+00:00,206.55,207.0,205.6,206.05,27560
2025-11-18T10:00:00+00:00,206.0,206.4,205.35,205.5,14168
2025-11-18T11:00:00+00:00,205.5,206.8,205.25,206.0,60091
2025-11-18T12:00:00+00:00,206.05,206.1,204.55,204.8,36692
2025-11-18T13:00:00+00:00,204.85,206.0,204.5,205.75,29373
2025-11-18T14:00:00+00:00,205.8,206.95,205.1,206.6,29639
2025-11-18T15:00:00+00:00,206.65,206.95,206.6,206.6,14507
2025-11-18T16:00:00+00:00,206.7,206.95,206.45,206.55,5039
2025-11-18T17:00:00+00:00,206.55,206.65,206.1,206.3,1841
2025-11-18T18:00:00+00:00,206.3,206.6,205.95,206.5,1905
2025-11-18T19:00:00+00:00,206.55,206.85,206.5,206.6,1840
2025-11-18T20:00:00+00:00,206.5,206.7,205.05,205.45,6668
2025-11-19T03:00:00+00:00,205.4,205.4,205.4,205.4,27
2025-11-19T04:00:00+00:00,205.4,207.2,205.1,206.9,6443
2025-11-19T05:00:00+00:00,206.9,207.8,206.6,207.55,7015
2025-11-19T06:00:00+00:00,207.35,207.65,206.6,207.05,9105
2025-11-19T07:00:00+00:00,207.2,207.95,206.6,207.75,14022
2025-11-19T08:00:00+00:00,207.75,208.1,206.05,207.2,25844
2025-11-19T09:00:00+00:00,207.2,207.2,205.9,206.55,14259
2025-11-19T10:00:00+00:00,206.55,207.7,206.55,207.7,3940
2025-11-19T11:00:00+00:00,207.7,210.0,207.45,209.65,41785
2025-11-19T12:00:00+00:00,209.85,210.35,209.45,210.25,38738
2025-11-19T13:00:00+00:00,210.2,213.5,210.2,212.25,77651
2025-11-19T14:00:00+00:00,212.25,212.75,210.55,211.05,26889
2025-11-19T15:00:00+00:00,211.1,211.7,210.65,210.9,13199
2025-11-19T16:00:00+00:00,211.2,211.85,210.25,211.75,12133
2025-11-19T17:00:00+00:00,211.6,211.75,210.4,210.65,6630
2025-11-19T18:00:00+00:00,210.85,211.4,208.15,209.6,29079
2025-11-19T19:00:00+00:00,209.45,209.8,208.65,209.3,8312
2025-11-19T20:00:00+00:00,209.2,210.0,209.1,209.65,6706
2025-11-20T03:00:00+00:00,209.15,209.15,209.15,209.15,69
2025-11-20T04:00:00+00:00,209.15,210.95,208.35,210.4,4072
2025-11-20T05:00:00+00:00,210.4,210.65,210.0,210.35,2422
2025-11-20T06:00:00+00:00,210.35,210.35,209.0,209.35,10606
2025-11-20T07:00:00+00:00,209.3,210.0,208.55,209.9,13130
2025-11-20T08:00:00+00:00,209.95,210.45,209.15,210.45,6643
2025-11-20T09:00:00+00:00,210.4,211.55,210.0,210.7,15024
2025-11-20T10:00:00+00:00,210.65,211.9,210.6,211.15,11308
2025-11-20T11:00:00+00:00,211.05,211.2,210.0,210.65,12105
2025-11-20T12:00:00+00:00,210.75,210.75,208.8,210.2,18862
2025-11-20T13:00:00+00:00,210.2,210.75,209.15,209.15,12420
2025-11-20T14:00:00+00:00,209.25,209.45,208.5,209.05,14135
2025-11-20T15:00:00+00:00,209.05,209.2,207.75,208.9,19580
2025-11-20T16:00:00+00:00,209.0,209.9,208.55,209.4,7644
2025-11-20T17:00:00+00:00,209.4,213.95,208.65,213.35,35143
2025-11-20T18:00:00+00:00,213.3,213.75,210.0,211.0,42923
2025-11-20T19:00:00+00:00,210.9,212.35,210.8,212.35,11283
2025-11-20T20:00:00+00:00,212.35,213.8,212.05,213.4,14294
2025-11-21T03:00:00+00:00,213.4,213.4,213.4,213.4,524
2025-11-21T04:00:00+00:00,213.35,213.4,211.65,213.3,15233
2025-11-21T05:00:00+00:00,213.15,213.3,211.75,211.95,6808
2025-11-21T06:00:00+00:00,212.05,212.1,211.3,211.75,5031
2025-11-21T07:00:00+00:00,211.65,212.2,211.2,211.8,19034
2025-11-21T08:00:00+00:00,212.0,212.0,210.0,210.5,30136
2025-11-21T09:00:00+00:00,210.55,210.65,210.0,210.5,7413
2025-11-21T10:00:00+00:00,210.55,210.6,209.35,209.95,10390
2025-11-21T11:00:00+00:00,209.9,210.4,209.3,209.85,11861
2025-11-21T12:00:00+00:00,209.75,210.75,209.05,209.95,19088
2025-11-21T13:00:00+00:00,209.95,210.25,208.15,208.25,28774
2025-11-21T14:00:00+00:00,208.2,210.0,208.15,209.5,28596
2025-11-21T15:00:00+00:00,209.5,210.6,209.3,210.0,24390
2025-11-21T16:00:00+00:00,210.0,210.6,209.35,210.25,6734
2025-11-21T17:00:00+00:00,210.25,212.0,210.15,211.25,19517
2025-11-21T18:00:00+00:00,211.25,211.5,210.55,210.65,7127
2025-11-21T19:00:00+00:00,210.8,211.65,210.65,211.45,5924
2025-11-21T20:00:00+00:00,211.4,211.5,210.4,210.7,3637
2025-11-21T23:00:00+00:00,212.65,212.7,211.0,211.8,27
2025-11-22T00:00:00+00:00,211.4,212.25,211.3,212.25,78
2025-11-22T01:00:00+00:00,212.25,212.25,211.0,211.0,42
2025-11-22T02:00:00+00:00,211.7,211.7,210.7,210.95,14
2025-11-22T03:00:00+00:00,210.8,211.0,210.7,210.7,25
2025-11-22T04:00:00+00:00,210.7,210.7,210.6,210.65,90
2025-11-22T05:00:00+00:00,210.65,211.0,210.6,211.0,81
2025-11-22T06:00:00+00:00,211.0,211.0,210.6,210.95,69
2025-11-22T07:00:00+00:00,210.65,211.0,210.6,210.6,163
2025-11-22T08:00:00+00:00,210.65,211.0,210.6,210.7,216
2025-11-22T09:00:00+00:00,210.95,211.5,210.7,211.1,132
2025-11-22T10:00:00+00:00,210.7,211.55,210.7,211.1,290
2025-11-22T11:00:00+00:00,211.4,212.0,210.85,211.95,2341
2025-11-22T12:00:00+00:00,211.9,212.0,211.2,211.5,883
2025-11-22T13:00:00+00:00,211.9,212.0,211.5,211.55,223
2025-11-22T14:00:00+00:00,211.85,211.85,211.4,211.45,173
2025-11-22T15:00:00+00:00,211.4,211.8,211.2,211.3,131
2025-11-22T16:00:00+00:00,211.65,211.7,211.25,211.3,175
2025-11-22T17:00:00+00:00,211.65,211.7,211.3,211.65,146
2025-11-22T18:00:00+00:00,211.35,211.65,211.35,211.65,51
2025-11-22T19:00:00+00:00,211.4,211.5,210.8,211.15,95
2025-11-22T20:00:00+00:00,210.95,211.65,210.9,211.15,203
2025-11-22T23:00:00+00:00,210.35,211.85,210.3,211.35,23
2025-11-23T00:00:00+00:00,211.7,211.85,211.4,211.8,4
2025-11-23T01:00:00+00:00,211.85,211.85,211.75,211.75,3
2025-11-23T02:00:00+00:00,211.35,211.8,211.35,211.35,3
2025-11-23T03:00:00+00:00,211.8,211.85,211.8,211.85,12
2025-11-23T04:00:00+00:00,211.35,211.8,211.35,211.8,4
2025-11-23T05:00:00+00:00,211.5,211.8,211.0,211.05,226
2025-11-23T06:00:00+00:00,211.05,211.75,210.8,210.9,159
2025-11-23T07:00:00+00:00,211.2,211.8,210.85,211.05,618
2025-11-23T08:00:00+00:00,211.4,211.8,211.0,211.1,141
2025-11-23T09:00:00+00:00,211.15,211.8,211.0,211.25,197
2025-11-23T10:00:00+00:00,211.35,211.65,211.15,211.65,75
2025-11-23T11:00:00+00:00,211.65,211.7,210.95,210.95,325
2025-11-23T12:00:00+00:00,210.95,211.65,210.7,211.55,299
2025-11-23T13:00:00+00:00,211.45,211.45,210.7,210.7,231
2025-11-23T14:00:00+00:00,210.7,211.25,210.7,210.8,54
2025-11-23T15:00:00+00:00,210.8,211.15,210.35,210.4,419
2025-11-23T16:00:00+00:00,210.35,210.45,210.3,210.45,181
2025-11-23T17:00:00+00:00,210.4,211.3,210.3,210.55,569
2025-11-23T18:00:00+00:00,210.55,211.25,210.35,211.1,92
2025-11-23T19:00:00+00:00,211.1,211.7,210.35,211.7,737
2025-11-23T20:00:00+00:00,211.5,211.7,210.5,211.7,94
2025-11-24T03:00:00+00:00,211.85,211.85,211.85,211.85,1347
2025-11-24T04:00:00+00:00,211.15,212.9,210.95,212.15,8469
2025-11-24T05:00:00+00:00,212.1,212.1,211.7,212.0,1783
2025-11-24T06:00:00+00:00,211.95,211.95,210.8,211.45,9360
2025-11-24T07:00:00+00:00,211.35,211.85,210.5,211.35,24642
2025-11-24T08:00:00+00:00,211.45,211.75,208.5,208.8,33718
2025-11-24T09:00:00+00:00,208.75,209.65,208.5,208.8,33228
2025-11-24T10:00:00+00:00,208.85,209.9,208.25,209.15,29819
2025-11-24T11:00:00+00:00,209.3,209.35,207.6,207.9,37386
2025-11-24T12:00:00+00:00,207.9,208.7,207.6,208.15,37737
2025-11-24T13:00:00+00:00,208.2,209.25,208.15,208.75,27385
2025-11-24T14:00:00+00:00,208.75,209.1,207.65,208.85,34734
2025-11-24T15:00:00+00:00,208.9,209.2,208.15,208.45,13018
2025-11-24T16:00:00+00:00,208.5,208.75,208.0,208.55,8511
2025-11-24T17:00:00+00:00,208.4,208.6,208.3,208.5,987
2025-11-24T18:00:00+00:00,208.45,208.6,208.3,208.3,1456
2025-11-24T19:00:00+00:00,208.4,208.6,208.2,208.3,1458
2025-11-24T20:00:00+00:00,208.3,209.05,208.2,208.95,4665
2025-11-25T03:00:00+00:00,209.35,209.35,209.35,209.35,31
2025-11-25T04:00:00+00:00,209.35,209.95,208.7,209.55,4177
2025-11-25T05:00:00+00:00,209.5,209.9,209.3,209.4,2618
2025-11-25T06:00:00+00:00,209.35,209.85,208.6,209.55,6882
2025-11-25T07:00:00+00:00,209.7,211.35,209.5,211.05,49058
2025-11-25T08:00:00+00:00,211.1,211.35,210.0,210.25,21491
2025-11-25T09:00:00+00:00,210.15,211.0,209.05,210.45,31096
2025-11-25T10:00:00+00:00,210.45,210.95,210.15,210.95,8176
2025-11-25T11:00:00+00:00,210.9,211.25,210.45,211.15,14966
2025-11-25T12:00:00+00:00,211.15,212.5,210.65,210.75,43998
2025-11-25T13:00:00+00:00,210.85,212.4,210.75,211.7,19082
2025-11-25T14:00:00+00:00,211.7,212.5,211.0,212.2,27156
2025-11-25T15:00:00+00:00,212.2,212.3,211.5,212.0,8426
2025-11-25T16:00:00+00:00,211.9,212.55,211.6,212.25,13050
2025-11-25T17:00:00+00:00,212.3,212.3,210.75,212.0,15344
2025-11-25T18:00:00+00:00,212.1,212.15,211.4,211.85,4779
2025-11-25T19:00:00+00:00,211.9,212.9,211.5,211.95,10600
2025-11-25T20:00:00+00:00,211.95,212.0,211.5,211.55,1689
2025-11-26T03:00:00+00:00,211.95,211.95,211.95,211.95,58
2025-11-26T04:00:00+00:00,211.95,211.95,210.7,211.0,9578
2025-11-26T05:00:00+00:00,210.9,212.0,210.9,211.75,2282
2025-11-26T06:00:00+00:00,211.85,212.25,211.15,212.05,3091
2025-11-26T07:00:00+00:00,212.1,212.45,211.0,212.1,15650
2025-11-26T08:00:00+00:00,212.1,212.95,211.8,212.3,17453
2025-11-26T09:00:00+00:00,212.3,213.3,212.1,212.95,19501
2025-11-26T10:00:00+00:00,212.95,213.05,212.35,212.75,17829
2025-11-26T11:00:00+00:00,212.75,212.8,212.4,212.7,14127
2025-11-26T12:00:00+00:00,212.65,212.8,212.3,212.75,11732
2025-11-26T13:00:00+00:00,212.75,212.8,212.45,212.75,7733
2025-11-26T14:00:00+00:00,212.7,212.8,212.65,212.8,8208
2025-11-26T15:00:00+00:00,212.75,213.1,212.4,212.9,12242
2025-11-26T16:00:00+00:00,212.75,212.9,211.75,212.05,11276
2025-11-26T17:00:00+00:00,212.1,212.45,212.05,212.35,2795
2025-11-26T18:00:00+00:00,212.35,212.35,212.0,212.1,1363
2025-11-26T19:00:00+00:00,212.1,212.2,212.0,212.1,466
2025-11-26T20:00:00+00:00,212.1,212.2,211.75,212.2,5062
2025-11-27T03:00:00+00:00,212.2,212.2,212.2,212.2,53
2025-11-27T04:00:00+00:00,212.2,212.2,211.35,211.8,3649
2025-11-27T05:00:00+00:00,211.8,212.35,211.65,212.3,906
2025-11-27T06:00:00+00:00,212.3,212.65,211.8,212.3,3005
2025-11-27T07:00:00+00:00,212.3,212.45,211.1,211.1,9946
2025-11-27T08:00:00+00:00,211.1,211.5,210.9,211.05,6605
2025-11-27T09:00:00+00:00,211.05,211.55,210.35,210.95,6819
2025-11-27T10:00:00+00:00,210.95,211.05,210.6,210.75,5081
2025-11-27T11:00:00+00:00,210.85,211.25,210.6,211.0,3797
2025-11-27T12:00:00+00:00,211.0,211.0,210.15,210.45,4174
2025-11-27T13:00:00+00:00,210.45,212.15,210.2,211.25,14408
2025-11-27T14:00:00+00:00,211.2,211.4,209.5,210.3,22495
2025-11-27T15:00:00+00:00,210.1,211.15,209.65,210.2,11106
2025-11-27T16:00:00+00:00,210.2,210.2,209.8,209.9,4260
2025-11-27T17:00:00+00:00,209.9,210.2,209.8,210.05,1393
2025-11-27T18:00:00+00:00,210.1,210.2,209.85,209.85,1135
2025-11-27T19:00:00+00:00,209.9,210.0,209.8,209.9,1053
2025-11-27T20:00:00+00:00,209.9,210.2,209.7,209.85,3879
2025-11-28T03:00:00+00:00,210.85,210.85,210.85,210.85,90
2025-11-28T04:00:00+00:00,210.0,211.0,209.85,210.7,2920
2025-11-28T05:00:00+00:00,210.7,210.75,210.0,210.75,2222
2025-11-28T06:00:00+00:00,210.7,211.35,210.1,211.1,4549
2025-11-28T07:00:00+00:00,211.1,211.4,210.65,211.3,9374
2025-11-28T08:00:00+00:00,211.35,211.35,210.0,210.35,9437
2025-11-28T09:00:00+00:00,210.35,211.05,210.15,210.85,4153
2025-11-28T10:00:00+00:00,210.85,211.0,210.05,210.25,9998
2025-11-28T11:00:00+00:00,210.15,210.35,209.6,209.7,13260
2025-11-28T12:00:00+00:00,209.7,210.0,209.2,209.4,11858
2025-11-28T13:00:00+00:00,209.35,210.75,209.25,210.0,19680
2025-11-28T14:00:00+00:00,210.05,210.95,209.85,210.35,24298
2025-11-28T15:00:00+00:00,210.5,212.4,210.3,211.9,29224
2025-11-28T16:00:00+00:00,211.9,212.4,211.65,212.25,7988
2025-11-28T17:00:00+00:00,212.35,212.5,212.15,212.35,3594
2025-11-28T18:00:00+00:00,212.35,212.5,212.15,212.3,3978
2025-11-28T19:00:00+00:00,212.3,212.45,211.95,212.05,3886
2025-11-28T20:00:00+00:00,212.1,212.3,212.1,212.3,1584
2025-11-28T23:00:00+00:00,213.65,213.65,212.35,212.55,15
2025-11-29T00:00:00+00:00,212.6,212.6,212.3,212.6,60
2025-11-29T01:00:00+00:00,212.6,212.6,212.35,212.6,6
2025-11-29T02:00:00+00:00,213.35,213.35,212.55,212.65,4
2025-11-29T03:00:00+00:00,213.3,213.3,212.45,213.25,8
2025-11-29T04:00:00+00:00,212.8,213.25,212.4,213.2,34
2025-11-29T05:00:00+00:00,213.2,213.2,212.35,212.35,51
2025-11-29T06:00:00+00:00,212.4,213.2,211.8,212.3,260
2025-11-29T07:00:00+00:00,212.3,212.85,212.1,212.7,1496
2025-11-29T08:00:00+00:00,212.6,212.75,212.5,212.55,912
2025-11-29T09:00:00+00:00,212.5,212.7,212.5,212.55,380
2025-11-29T10:00:00+00:00,212.55,212.7,212.55,212.6,343
2025-11-29T11:00:00+00:00,212.6,212.7,212.5,212.55,888
2025-11-29T12:00:00+00:00,212.6,212.6,212.15,212.35,1250
2025-11-29T13:00:00+00:00,212.35,212.35,212.05,212.2,438
2025-11-29T14:00:00+00:00,212.2,212.45,212.1,212.3,465
2025-11-29T15:00:00+00:00,212.4,212.6,212.2,212.25,744
2025-11-29T16:00:00+00:00,212.0,213.5,211.6,211.9,116
2025-11-29T17:00:00+00:00,211.9,212.3,211.9,212.25,136
2025-11-29T18:00:00+00:00,212.25,212.3,211.95,212.0,230
2025-11-29T19:00:00+00:00,212.0,212.3,211.95,212.0,60
2025-11-29T20:00:00+00:00,211.95,212.3,211.95,212.25,50
2025-11-29T23:00:00+00:00,211.55,213.1,211.55,213.1,6
2025-11-30T00:00:00+00:00,213.1,213.1,212.2,212.2,12
2025-11-30T01:00:00+00:00,212.6,212.6,212.6,212.6,1
2025-11-30T02:00:00+00:00,212.6,212.6,212.2,212.2,9
2025-11-30T03:00:00+00:00,212.2,212.55,212.2,212.2,14
2025-11-30T04:00:00+00:00,212.2,212.6,212.2,212.2,25
2025-11-30T05:00:00+00:00,212.55,212.6,211.9,211.9,39
2025-11-30T06:00:00+00:00,211.9,212.55,211.65,212.5,75
2025-11-30T07:00:00+00:00,212.5,212.85,212.4,212.5,680
2025-11-30T08:00:00+00:00,212.45,212.9,211.9,212.6,3536
2025-11-30T09:00:00+00:00,212.7,212.85,212.6,212.75,1080
2025-11-30T10:00:00+00:00,212.65,212.85,212.65,212.75,271
2025-11-30T11:00:00+00:00,212.75,212.9,212.75,212.9,334
2025-11-30T12:00:00+00:00,212.8,213.0,212.75,212.9,1329
2025-11-30T13:00:00+00:00,212.9,213.25,212.9,213.15,809
2025-11-30T14:00:00+00:00,213.15,213.4,212.9,213.4,1347
2025-11-30T15:00:00+00:00,213.3,213.45,213.05,213.25,1713
2025-11-30T16:00:00+00:00,213.6,214.55,212.15,213.45,144
2025-11-30T17:00:00+00:00,213.55,213.8,212.5,213.8,455
2025-11-30T18:00:00+00:00,213.45,213.9,213.2,213.9,280
2025-11-30T19:00:00+00:00,213.85,213.9,213.05,213.85,259
2025-11-30T20:00:00+00:00,213.9,213.9,213.25,213.25,190
2025-12-01T03:00:00+00:00,213.2,213.2,213.2,213.2,42
2025-12-01T04:00:00+00:00,213.25,213.25,212.35,212.7,2625
2025-12-01T05:00:00+00:00,212.7,213.0,212.5,212.9,1344
2025-12-01T06:00:00+00:00,212.9,213.05,211.2,211.95,7687
2025-12-01T07:00:00+00:00,211.9,212.5,210.85,212.35,20429
2025-12-01T08:00:00+00:00,212.25,213.0,211.1,212.7,31930
2025-12-01T09:00:00+00:00,212.65,213.9,212.3,212.5,19503
2025-12-01T10:00:00+00:00,212.5,213.4,211.65,213.2,32209
2025-12-01T11:00:00+00:00,213.2,213.3,212.3,212.75,4819
2025-12-01T12:00:00+00:00,212.75,214.9,212.75,214.55,22639
2025-12-01T13:00:00+00:00,214.55,215.9,214.05,215.85,21467
2025-12-01T14:00:00+00:00,215.85,217.55,215.75,217.2,40222
2025-12-01T15:00:00+00:00,217.2,217.8,217.0,217.05,15059
2025-12-01T16:00:00+00:00,217.1,217.2,216.4,216.55,8896
2025-12-01T17:00:00+00:00,216.45,216.55,215.95,216.05,2553
2025-12-01T18:00:00+00:00,216.05,216.15,215.65,215.65,1441
2025-12-01T19:00:00+00:00,215.65,216.15,214.85,215.0,6616
2025-12-01T20:00:00+00:00,215.0,215.2,214.6,215.0,6000
2025-12-02T03:00:00+00:00,215.1,215.1,215.1,215.1,5
2025-12-02T04:00:00+00:00,215.15,215.55,215.0,215.0,1085
2025-12-02T05:00:00+00:00,215.0,215.1,214.8,215.0,512
2025-12-02T06:00:00+00:00,215.0,215.8,215.0,215.4,2731
2025-12-02T07:00:00+00:00,215.4,217.0,215.2,216.65,44631
2025-12-02T08:00:00+00:00,216.6,217.4,216.5,217.4,12691
2025-12-02T09:00:00+00:00,217.3,217.4,215.85,215.95,90184
2025-12-02T10:00:00+00:00,215.95,216.3,215.9,216.0,20448
2025-12-02T11:00:00+00:00,216.0,216.35,216.0,216.15,10243
2025-12-02T12:00:00+00:00,216.15,217.0,216.15,216.4,9200
2025-12-02T13:00:00+00:00,216.55,216.8,216.15,216.65,13897
2025-12-02T14:00:00+00:00,216.7,217.15,216.7,216.9,17185
2025-12-02T15:00:00+00:00,216.9,217.35,215.5,216.6,36655
2025-12-02T16:00:00+00:00,216.5,217.0,216.45,216.45,4359
2025-12-02T17:00:00+00:00,216.55,216.95,215.85,215.85,3736
2025-12-02T18:00:00+00:00,215.9,217.2,215.85,217.1,8021
2025-12-02T19:00:00+00:00,217.0,217.1,216.4,216.65,2599
2025-12-02T20:00:00+00:00,216.7,217.0,216.55,216.55,1407
2025-12-03T03:00:00+00:00,214.05,214.05,214.05,214.05,506
2025-12-03T04:00:00+00:00,214.05,215.05,213.0,214.5,21735
2025-12-03T05:00:00+00:00,214.65,215.45,214.6,214.95,6402
2025-12-03T06:00:00+00:00,214.85,215.1,214.75,214.85,3151
2025-12-03T07:00:00+00:00,214.9,214.9,212.65,212.7,17135
2025-12-03T08:00:00+00:00,212.7,212.75,211.6,212.1,24330
2025-12-03T09:00:00+00:00,212.05,212.65,211.65,211.75,17025
2025-12-03T10:00:00+00:00,211.75,212.1,211.1,211.25,22945
2025-12-03T11:00:00+00:00,211.25,212.4,211.15,212.05,33322
2025-12-03T12:00:00+00:00,212.0,212.1,211.05,211.4,16336
2025-12-03T13:00:00+00:00,211.35,211.4,210.2,210.6,29361
2025-12-03T14:00:00+00:00,210.55,212.1,210.45,211.75,29359
2025-12-03T15:00:00+00:00,211.8,212.6,211.75,212.5,12732
2025-12-03T16:00:00+00:00,212.4,212.6,211.3,212.25,11272
2025-12-03T17:00:00+00:00,212.35,212.65,212.05,212.3,4577
2025-12-03T18:00:00+00:00,212.2,212.65,212.15,212.55,2975
2025-12-03T19:00:00+00:00,212.45,212.6,212.1,212.5,2781
2025-12-03T20:00:00+00:00,212.5,212.55,212.0,212.3,4750
2025-12-04T03:00:00+00:00,211.9,211.9,211.9,211.9,400
2025-12-04T04:00:00+00:00,212.25,213.8,212.05,213.65,4301
2025-12-04T05:00:00+00:00,213.55,213.55,213.1,213.25,1671
2025-12-04T06:00:00+00:00,213.25,213.75,212.6,213.5,3301
2025-12-04T07:00:00+00:00,213.45,213.7,212.25,213.5,15942
2025-12-04T08:00:00+00:00,213.5,213.55,212.6,212.95,10970
2025-12-04T09:00:00+00:00,212.95,213.55,212.8,213.4,16347
2025-12-04T10:00:00+00:00,213.4,213.5,212.9,213.25,8315
2025-12-04T11:00:00+00:00,213.1,213.4,213.05,213.35,5427
2025-12-04T12:00:00+00:00,213.35,213.45,213.05,213.45,6728
2025-12-04T13:00:00+00:00,213.4,213.5,213.2,213.3,9808
2025-12-04T14:00:00+00:00,213.3,213.35,212.6,213.05,13909
2025-12-04T15:00:00+00:00,213.2,213.45,213.1,213.2,5480
2025-12-04T16:00:00+00:00,213.2,213.45,213.15,213.4,3725
2025-12-04T17:00:00+00:00,213.4,213.5,213.25,213.3,3017
2025-12-04T18:00:00+00:00,213.3,213.35,212.85,213.05,6003
2025-12-04T19:00:00+00:00,212.95,213.15,212.9,213.0,1477
2025-12-04T20:00:00+00:00,213.0,213.25,212.6,213.25,7776
2025-12-05T03:00:00+00:00,213.15,213.15,213.15,213.15,11
2025-12-05T04:00:00+00:00,213.25,214.2,213.15,213.9,2765
2025-12-05T05:00:00+00:00,213.8,213.9,213.4,213.65,3360
2025-12-05T06:00:00+00:00,213.55,213.95,213.55,213.95,1787
2025-12-05T07:00:00+00:00,213.9,214.6,213.35,214.45,22363
2025-12-05T08:00:00+00:00,214.45,215.2,214.4,214.9,22429
2025-12-05T09:00:00+00:00,214.95,216.0,214.65,215.3,24461
2025-12-05T10:00:00+00:00,215.35,215.35,214.2,214.55,10650
2025-12-05T11:00:00+00:00,214.6,215.35,214.35,215.0,12929
2025-12-05T12:00:00+00:00,215.0,215.1,214.05,214.2,11107
2025-12-05T13:00:00+00:00,214.2,214.4,213.6,214.3,12420
2025-12-05T14:00:00+00:00,214.35,214.85,214.2,214.4,10784
2025-12-05T15:00:00+00:00,214.4,214.5,214.15,214.5,6679
2025-12-05T16:00:00+00:00,214.5,214.7,214.15,214.7,4295
2025-12-05T17:00:00+00:00,214.7,214.7,214.55,214.55,1152
2025-12-05T18:00:00+00:00,214.55,214.7,214.45,214.65,2916
2025-12-05T19:00:00+00:00,214.7,215.2,214.65,215.05,9007
2025-12-05T20:00:00+00:00,215.05,215.2,214.7,214.8,1903
2025-12-05T23:00:00+00:00,214.55,216.3,214.1,215.15,23
2025-12-06T00:00:00+00:00,215.75,215.75,215.2,215.2,13
2025-12-06T01:00:00+00:00,215.6,215.65,215.2,215.65,18
2025-12-06T02:00:00+00:00,215.65,215.65,215.2,215.2,16
2025-12-06T03:00:00+00:00,215.5,215.55,214.35,214.7,52
2025-12-06T04:00:00+00:00,214.35,215.55,214.35,215.15,117
2025-12-06T05:00:00+00:00,215.15,215.15,214.6,214.85,28
2025-12-06T06:00:00+00:00,215.15,215.2,214.75,215.1,78
2025-12-06T07:00:00+00:00,214.75,215.0,214.55,214.55,97
2025-12-06T08:00:00+00:00,214.9,215.15,214.75,214.8,84
2025-12-06T09:00:00+00:00,214.8,214.85,214.35,214.8,266
2025-12-06T10:00:00+00:00,214.8,215.15,214.6,214.95,107
2025-12-06T11:00:00+00:00,214.75,215.0,214.7,214.8,159
2025-12-06T12:00:00+00:00,214.95,215.8,214.8,215.65,832
2025-12-06T13:00:00+00:00,215.25,215.7,215.2,215.7,72
2025-12-06T14:00:00+00:00,215.35,215.7,214.8,215.15,109
2025-12-06T15:00:00+00:00,215.2,215.45,214.8,215.05,39
2025-12-06T16:00:00+00:00,215.4,215.65,215.05,215.15,202
2025-12-06T17:00:00+00:00,215.55,215.65,215.2,215.6,55
2025-12-06T18:00:00+00:00,215.6,215.7,214.95,214.95,299
2025-12-06T19:00:00+00:00,215.25,215.6,214.35,214.4,454
2025-12-06T20:00:00+00:00,214.7,215.2,214.65,214.75,37
2025-12-06T23:00:00+00:00,215.45,215.45,214.7,215.35,29
2025-12-07T00:00:00+00:00,215.3,215.3,214.4,214.95,9
2025-12-07T01:00:00+00:00,214.95,214.95,214.25,214.25,31
2025-12-07T02:00:00+00:00,214.95,214.95,214.75,214.75,2
2025-12-07T03:00:00+00:00,214.75,214.75,214.5,214.5,8
2025-12-07T04:00:00+00:00,214.75,214.8,214.5,214.8,9
2025-12-07T05:00:00+00:00,214.8,215.15,214.75,215.15,35
2025-12-07T06:00:00+00:00,215.15,215.45,214.95,215.0,177
2025-12-07T07:00:00+00:00,215.4,215.4,214.9,215.35,85
2025-12-07T08:00:00+00:00,214.9,215.45,214.9,215.25,64
2025-12-07T09:00:00+00:00,215.2,215.65,214.85,215.65,213
2025-12-07T10:00:00+00:00,215.1,215.65,215.05,215.05,68
2025-12-07T11:00:00+00:00,215.05,215.4,214.85,214.95,96
2025-12-07T12:00:00+00:00,215.0,215.45,214.95,215.35,73
2025-12-07T13:00:00+00:00,215.35,215.35,214.9,214.9,69
2025-12-07T14:00:00+00:00,214.9,215.3,214.9,214.95,46
2025-12-07T15:00:00+00:00,215.25,215.55,214.9,215.4,89
2025-12-07T16:00:00+00:00,215.4,215.55,214.95,215.3,79
2025-12-07T17:00:00+00:00,215.3,215.6,215.05,215.4,297
2025-12-07T18:00:00+00:00,215.05,215.35,214.5,215.15,489
2025-12-07T19:00:00+00:00,215.15,215.25,215.0,215.25,33
2025-12-07T20:00:00+00:00,215.05,215.15,214.0,214.6,1055
2025-12-08T03:00:00+00:00,215.35,215.35,215.35,215.35,43
2025-12-08T04:00:00+00:00,215.0,216.1,215.0,216.1,4412
2025-12-08T05:00:00+00:00,216.1,216.2,215.65,216.2,6680
2025-12-08T06:00:00+00:00,216.1,216.1,215.35,215.45,5087
2025-12-08T07:00:00+00:00,215.45,215.45,215.0,215.4,13234
2025-12-08T08:00:00+00:00,215.4,215.75,214.85,214.9,19419
2025-12-08T09:00:00+00:00,214.9,214.95,214.3,214.5,9267
2025-12-08T10:00:00+00:00,214.5,214.5,213.35,214.2,15527
2025-12-08T11:00:00+00:00,214.2,214.3,213.85,213.85,5567
2025-12-08T12:00:00+00:00,213.85,213.95,212.65,212.85,20306
2025-12-08T13:00:00+00:00,212.95,213.45,212.6,212.85,15504
2025-12-08T14:00:00+00:00,212.85,212.95,211.7,212.1,28630
2025-12-08T15:00:00+00:00,211.95,212.25,211.85,212.25,14079
2025-12-08T16:00:00+00:00,212.25,212.9,211.9,212.7,4537
2025-12-08T17:00:00+00:00,212.75,213.0,212.05,212.3,7586
2025-12-08T18:00:00+00:00,212.2,212.4,211.2,211.9,15911
2025-12-08T19:00:00+00:00,212.0,212.05,211.45,212.0,8726
2025-12-08T20:00:00+00:00,212.0,212.05,211.65,211.85,2868
2025-12-09T03:00:00+00:00,211.85,211.85,211.85,211.85,22
2025-12-09T04:00:00+00:00,212.0,212.2,211.85,212.2,1174
2025-12-09T05:00:00+00:00,212.2,212.35,212.0,212.05,1046
2025-12-09T06:00:00+00:00,212.0,212.65,211.65,212.6,5725
2025-12-09T07:00:00+00:00,212.5,213.0,211.8,212.85,12821
2025-12-09T08:00:00+00:00,212.9,213.8,212.45,213.6,33435
2025-12-09T09:00:00+00:00,213.6,213.7,213.2,213.65,11710
2025-12-09T10:00:00+00:00,213.65,213.9,213.6,213.9,7149
2025-12-09T11:00:00+00:00,213.9,214.8,213.8,214.7,25908
2025-12-09T12:00:00+00:00,214.75,214.8,214.6,214.7,12099
2025-12-09T13:00:00+00:00,214.7,214.9,214.6,214.9,12745
2025-12-09T14:00:00+00:00,214.9,214.9,212.65,212.95,26110
2025-12-09T15:00:00+00:00,212.95,213.4,212.65,212.8,7544
2025-12-09T16:00:00+00:00,213.05,213.4,212.55,212.85,2226
2025-12-09T17:00:00+00:00,212.95,213.55,212.75,213.3,2473
2025-12-09T18:00:00+00:00,213.4,214.3,213.2,214.25,4006
2025-12-09T19:00:00+00:00,214.3,214.95,214.25,214.6,16799
2025-12-09T20:00:00+00:00,214.6,214.65,213.45,213.8,11484
2025-12-10T03:00:00+00:00,213.85,213.85,213.85,213.85,2
2025-12-10T04:00:00+00:00,213.95,214.15,213.5,213.9,1236
2025-12-10T05:00:00+00:00,213.75,214.75,213.75,214.65,6036
2025-12-10T06:00:00+00:00,214.6,214.8,214.1,214.8,3826
2025-12-10T07:00:00+00:00,214.75,214.8,214.25,214.5,11424
2025-12-10T08:00:00+00:00,214.5,214.85,214.3,214.7,14249
2025-12-10T09:00:00+00:00,214.75,214.95,214.5,214.9,17839
2025-12-10T10:00:00+00:00,214.85,214.95,214.3,214.55,13779
2025-12-10T11:00:00+00:00,214.45,214.6,214.05,214.55,13981
2025-12-10T12:00:00+00:00,214.6,214.95,214.5,214.9,16729
2025-12-10T13:00:00+00:00,214.8,215.15,214.45,215.0,41034
2025-12-10T14:00:00+00:00,214.95,215.15,213.85,214.25,32881
2025-12-10T15:00:00+00:00,214.1,214.25,213.85,213.85,4397
2025-12-10T16:00:00+00:00,214.05,214.4,213.9,214.2,5277
2025-12-10T17:00:00+00:00,214.2,214.4,214.1,214.3,1695
2025-12-10T18:00:00+00:00,214.4,214.5,214.3,214.4,3454
2025-12-10T19:00:00+00:00,214.4,214.4,214.1,214.2,2826
2025-12-10T20:00:00+00:00,214.2,214.3,214.0,214.05,1750
2025-12-11T03:00:00+00:00,214.45,214.45,214.45,214.45,4
2025-12-11T04:00:00+00:00,214.45,214.85,214.15,214.65,3454
2025-12-11T05:00:00+00:00,214.65,215.55,214.65,215.3,8032
2025-12-11T06:00:00+00:00,215.25,215.75,214.55,215.4,31172
2025-12-11T07:00:00+00:00,215.4,216.1,215.3,215.65,56197
2025-12-11T08:00:00+00:00,215.65,216.15,215.6,215.95,31616
2025-12-11T09:00:00+00:00,216.0,216.7,215.9,216.5,72930
2025-12-11T10:00:00+00:00,216.5,216.55,216.0,216.2,13578
2025-12-11T11:00:00+00:00,216.2,216.2,215.45,215.8,17058
2025-12-11T12:00:00+00:00,215.8,216.3,215.5,215.95,23388
2025-12-11T13:00:00+00:00,215.95,215.95,215.05,215.4,19582
2025-12-11T14:00:00+00:00,215.5,215.9,215.25,215.25,15628
2025-12-11T15:00:00+00:00,215.3,215.7,214.5,215.25,15008
2025-12-11T16:00:00+00:00,215.15,216.2,215.15,216.2,34695
2025-12-11T17:00:00+00:00,216.2,216.2,215.55,215.7,5392
2025-12-11T18:00:00+00:00,215.55,215.9,215.25,215.55,3443
2025-12-11T19:00:00+00:00,215.65,215.65,215.15,215.4,4279
2025-12-11T20:00:00+00:00,215.3,215.7,215.25,215.7,3075
2025-12-12T03:00:00+00:00,216.0,216.0,216.0,216.0,12
2025-12-12T04:00:00+00:00,215.95,216.05,215.65,215.95,933
2025-12-12T05:00:00+00:00,216.0,216.05,214.7,215.65,15959
2025-12-12T06:00:00+00:00,215.65,215.65,215.1,215.3,7521
2025-12-12T07:00:00+00:00,215.45,215.45,214.7,214.8,8878
2025-12-12T08:00:00+00:00,214.75,215.45,214.15,215.45,51087
2025-12-12T09:00:00+00:00,215.45,216.0,215.4,216.0,27886
2025-12-12T10:00:00+00:00,216.0,216.35,215.85,216.05,29463
2025-12-12T11:00:00+00:00,216.05,216.15,214.95,215.5,31514
2025-12-12T12:00:00+00:00,215.45,215.7,215.4,215.6,11977
2025-12-12T13:00:00+00:00,215.55,215.7,214.7,215.1,42105
2025-12-12T14:00:00+00:00,215.1,215.4,214.3,214.3,47265
2025-12-12T15:00:00+00:00,214.3,214.35,212.2,213.45,32783
2025-12-12T16:00:00+00:00,213.1,213.45,212.2,213.25,16015
2025-12-12T17:00:00+00:00,213.15,213.5,212.5,212.65,9423
2025-12-12T18:00:00+00:00,212.65,212.65,211.55,211.85,11509
2025-12-12T19:00:00+00:00,211.75,212.1,211.7,211.95,6477
2025-12-12T20:00:00+00:00,211.95,212.1,211.75,212.05,4710
2025-12-12T23:00:00+00:00,213.65,213.75,211.7,212.5,40
2025-12-13T00:00:00+00:00,212.15,212.9,212.15,212.9,11
2025-12-13T01:00:00+00:00,212.2,212.2,212.1,212.1,19
2025-12-13T02:00:00+00:00,212.45,212.45,212.1,212.25,18
2025-12-13T03:00:00+00:00,212.25,212.85,212.25,212.5,54
2025-12-13T04:00:00+00:00,212.85,212.9,212.5,212.5,24
2025-12-13T05:00:00+00:00,212.85,212.85,212.45,212.8,52
2025-12-13T06:00:00+00:00,212.8,212.8,212.25,212.25,131
2025-12-13T07:00:00+00:00,212.25,213.4,212.25,213.35,4746
2025-12-13T08:00:00+00:00,213.3,213.45,212.95,213.0,1547
2025-12-13T09:00:00+00:00,213.0,213.2,212.9,213.0,1464
2025-12-13T10:00:00+00:00,213.0,213.15,212.85,213.15,665
2025-12-13T11:00:00+00:00,213.2,213.45,212.95,213.35,1252
2025-12-13T12:00:00+00:00,213.4,213.5,213.25,213.4,1432
2025-12-13T13:00:00+00:00,213.5,213.5,213.35,213.5,375
2025-12-13T14:00:00+00:00,213.5,213.8,213.35,213.75,863
2025-12-13T15:00:00+00:00,213.75,215.7,213.3,213.8,7580
2025-12-13T16:00:00+00:00,213.95,214.6,213.05,213.45,662
2025-12-13T17:00:00+00:00,213.4,214.45,213.4,214.15,196
2025-12-13T18:00:00+00:00,213.7,214.1,213.7,214.1,87
2025-12-13T19:00:00+00:00,214.1,214.1,213.35,213.4,285
2025-12-13T20:00:00+00:00,213.7,214.1,213.4,213.95,57
2025-12-13T23:00:00+00:00,213.55,214.3,213.55,214.3,3
2025-12-14T00:00:00+00:00,213.8,213.8,213.5,213.5,3
2025-12-14T01:00:00+00:00,214.1,214.1,213.5,213.55,11
2025-12-14T02:00:00+00:00,213.9,214.3,213.8,214.3,12
2025-12-14T03:00:00+00:00,214.35,214.35,213.85,213.85,2
2025-12-14T04:00:00+00:00,214.35,214.45,213.8,213.8,53
2025-12-14T05:00:00+00:00,214.2,214.2,213.8,213.8,41
2025-12-14T06:00:00+00:00,213.65,214.25,213.4,213.4,60
2025-12-14T07:00:00+00:00,213.65,214.7,213.25,213.7,1472
2025-12-14T08:00:00+00:00,213.7,213.9,213.35,213.4,2524
2025-12-14T09:00:00+00:00,213.35,213.4,212.8,212.9,2110
2025-12-14T10:00:00+00:00,213.0,213.35,212.8,213.3,931
2025-12-14T11:00:00+00:00,213.35,213.6,213.25,213.55,512
2025-12-14T12:00:00+00:00,213.5,213.6,213.2,213.5,1322
2025-12-14T13:00:00+00:00,213.35,213.35,212.75,212.9,4336
2025-12-14T14:00:00+00:00,213.05,213.2,212.9,213.15,543
2025-12-14T15:00:00+00:00,213.15,213.25,212.9,213.05,592
2025-12-14T16:00:00+00:00,214.25,214.25,212.9,213.7,125
2025-12-14T17:00:00+00:00,213.7,213.8,213.0,213.0,68
2025-12-14T18:00:00+00:00,213.3,214.0,213.3,213.55,84
2025-12-14T19:00:00+00:00,213.8,213.9,212.5,212.65,119
2025-12-14T20:00:00+00:00,213.6,213.85,212.6,212.6,65
2025-12-15T03:00:00+00:00,213.5,213.5,213.5,213.5,33
2025-12-15T04:00:00+00:00,213.6,214.9,213.15,214.05,2548
2025-12-15T05:00:00+00:00,214.05,214.6,214.05,214.6,2931
2025-12-15T06:00:00+00:00,214.5,214.8,214.0,214.4,15985
2025-12-15T07:00:00+00:00,214.4,215.55,213.9,215.25,41465
2025-12-15T08:00:00+00:00,215.25,216.25,215.05,216.25,41159
2025-12-15T09:00:00+00:00,216.25,217.15,216.25,217.05,50462
2025-12-15T10:00:00+00:00,217.05,217.95,216.95,217.95,39852
2025-12-15T11:00:00+00:00,217.95,219.0,217.85,218.75,79757
2025-12-15T12:00:00+00:00,218.75,219.0,218.25,218.5,49467
2025-12-15T13:00:00+00:00,218.5,218.8,218.05,218.65,38889
2025-12-15T14:00:00+00:00,218.65,218.95,217.7,218.05,59595
2025-12-15T15:00:00+00:00,218.05,218.15,216.95,217.7,52795
2025-12-15T16:00:00+00:00,217.7,217.7,216.85,217.0,20765
2025-12-15T17:00:00+00:00,217.0,217.5,216.9,217.4,12652
2025-12-15T18:00:00+00:00,217.4,217.45,217.2,217.2,6428
2025-12-15T19:00:00+00:00,217.3,217.85,217.3,217.85,10963
2025-12-15T20:00:00+00:00,217.85,218.0,217.5,217.6,6356
2025-12-16T04:00:00+00:00,217.7,218.7,217.45,218.5,8067
2025-12-16T05:00:00+00:00,218.55,218.55,218.0,218.25,2800
2025-12-16T06:00:00+00:00,218.1,218.7,218.0,218.0,9151
2025-12-16T07:00:00+00:00,218.0,220.0,217.65,219.8,38026
2025-12-16T08:00:00+00:00,219.75,219.85,218.0,218.3,46352
2025-12-16T09:00:00+00:00,218.3,218.7,218.05,218.5,51994
2025-12-16T10:00:00+00:00,218.55,219.7,218.45,219.15,126237
2025-12-16T11:00:00+00:00,219.15,219.3,217.85,217.85,46302
2025-12-16T12:00:00+00:00,217.85,218.3,217.15,217.9,44731
2025-12-16T13:00:00+00:00,217.9,218.0,217.05,217.2,27077
2025-12-16T14:00:00+00:00,217.2,218.3,216.75,217.95,35807
2025-12-16T15:00:00+00:00,218.0,218.8,217.85,218.6,13138
2025-12-16T16:00:00+00:00,218.6,219.2,217.55,217.55,30036
2025-12-16T17:00:00+00:00,217.55,217.8,217.35,217.6,4371
2025-12-16T18:00:00+00:00,217.6,217.8,217.5,217.8,2017
2025-12-16T19:00:00+00:00,217.8,217.85,217.6,217.8,1812
2025-12-16T20:00:00+00:00,217.8,217.95,217.8,217.9,5053
2025-12-17T03:00:00+00:00,217.9,217.9,217.9,217.9,35
2025-12-17T04:00:00+00:00,218.0,218.55,217.8,218.55,4768
2025-12-17T05:00:00+00:00,218.6,219.5,218.6,218.75,12296
2025-12-17T06:00:00+00:00,218.75,218.8,217.5,217.75,9776
2025-12-17T07:00:00+00:00,217.8,218.0,216.5,217.2,27783
2025-12-17T08:00:00+00:00,217.2,218.55,217.2,218.1,25621
2025-12-17T09:00:00+00:00,218.1,218.2,216.3,216.55,34424
2025-12-17T10:00:00+00:00,216.55,217.15,216.25,217.15,9978
2025-12-17T11:00:00+00:00,217.15,217.3,216.25,217.05,19907
2025-12-17T12:00:00+00:00,217.0,217.55,216.8,217.4,11073
2025-12-17T13:00:00+00:00,217.3,217.65,217.0,217.0,12383
2025-12-17T14:00:00+00:00,217.05,217.95,216.8,217.9,37100
2025-12-17T15:00:00+00:00,217.9,218.5,217.4,218.3,20633
2025-12-17T16:00:00+00:00,218.15,218.6,217.8,218.05,10308
2025-12-17T17:00:00+00:00,218.05,218.25,217.7,217.9,4107
2025-12-17T18:00:00+00:00,218.05,218.2,217.7,217.9,1655
2025-12-17T19:00:00+00:00,217.85,218.4,217.7,218.2,2669
2025-12-17T20:00:00+00:00,218.1,218.45,218.1,218.25,2057
2025-12-18T03:00:00+00:00,218.25,218.25,218.25,218.25,10
2025-12-18T04:00:00+00:00,218.0,218.5,217.8,218.05,2738
2025-12-18T05:00:00+00:00,218.05,218.3,218.0,218.25,323
2025-12-18T06:00:00+00:00,218.15,218.15,217.5,217.85,3084
2025-12-18T07:00:00+00:00,217.95,218.8,217.6,218.75,12350
2025-12-18T08:00:00+00:00,218.75,219.3,218.1,218.5,35677
2025-12-18T09:00:00+00:00,218.5,219.0,217.85,218.0,32332
2025-12-18T10:00:00+00:00,218.0,218.35,217.4,217.75,24347
2025-12-18T11:00:00+00:00,217.75,217.95,217.05,217.1,13622
2025-12-18T12:00:00+00:00,217.15,218.35,217.0,217.3,51979
2025-12-18T13:00:00+00:00,217.35,217.35,216.55,216.6,22575
2025-12-18T14:00:00+00:00,216.6,216.8,215.15,216.2,53717
2025-12-18T15:00:00+00:00,216.25,216.4,215.0,215.0,26949
2025-12-18T16:00:00+00:00,215.05,216.15,215.05,216.1,13472
2025-12-18T17:00:00+00:00,216.15,216.15,215.35,216.1,9190
2025-12-18T18:00:00+00:00,216.1,216.15,215.7,215.95,2521
2025-12-18T19:00:00+00:00,215.95,216.6,215.95,216.55,12467
2025-12-18T20:00:00+00:00,216.55,216.6,216.3,216.4,1579
2025-12-19T03:00:00+00:00,216.95,216.95,216.95,216.95,46
2025-12-19T04:00:00+00:00,217.0,217.45,216.95,217.35,2201
2025-12-19T05:00:00+00:00,217.35,217.6,217.15,217.55,2183
2025-12-19T06:00:00+00:00,217.55,218.15,217.5,217.9,12644
2025-12-19T07:00:00+00:00,217.9,218.45,217.15,217.2,23625
2025-12-19T08:00:00+00:00,217.2,217.2,215.9,216.55,34123
2025-12-19T09:00:00+00:00,216.6,217.35,216.45,217.15,25246
2025-12-19T10:00:00+00:00,217.05,217.35,214.25,215.55,110100
2025-12-19T11:00:00+00:00,215.55,216.15,215.2,215.95,26637
2025-12-19T12:00:00+00:00,215.9,215.95,214.4,214.6,24621
2025-12-19T13:00:00+00:00,214.5,215.8,214.4,214.9,32359
2025-12-19T14:00:00+00:00,214.9,215.05,214.35,214.55,21606
2025-12-19T15:00:00+00:00,214.55,215.4,214.55,215.25,7927
2025-12-19T16:00:00+00:00,215.35,215.6,215.05,215.4,3943
2025-12-19T17:00:00+00:00,215.4,215.95,215.25,215.85,2272
2025-12-19T18:00:00+00:00,215.8,215.8,215.45,215.5,1505
2025-12-19T19:00:00+00:00,215.45,215.55,215.35,215.5,1654
2025-12-19T20:00:00+00:00,215.5,215.5,215.15,215.5,2585
2025-12-19T23:00:00+00:00,215.2,216.0,215.05,215.05,27
2025-12-20T00:00:00+00:00,215.35,215.4,215.1,215.1,4
2025-12-20T01:00:00+00:00,215.4,215.55,215.25,215.25,48
2025-12-20T02:00:00+00:00,215.5,215.55,215.5,215.5,11
2025-12-20T03:00:00+00:00,215.5,216.0,215.5,215.95,61
2025-12-20T04:00:00+00:00,215.55,216.0,215.2,215.5,92
2025-12-20T05:00:00+00:00,215.25,215.5,215.0,215.5,52
2025-12-20T06:00:00+00:00,215.05,215.9,215.0,215.55,85
2025-12-20T07:00:00+00:00,215.6,215.9,215.55,215.8,1680
2025-12-20T08:00:00+00:00,215.85,215.85,215.7,215.7,841
2025-12-20T09:00:00+00:00,215.8,215.85,215.6,215.7,766
2025-12-20T10:00:00+00:00,215.7,215.7,215.6,215.65,319
2025-12-20T11:00:00+00:00,215.65,215.65,215.35,215.4,568
2025-12-20T12:00:00+00:00,215.4,215.45,215.3,215.45,573
2025-12-20T13:00:00+00:00,215.45,215.65,215.35,215.4,969
2025-12-20T14:00:00+00:00,215.35,215.6,215.3,215.6,422
2025-12-20T15:00:00+00:00,215.6,215.6,215.3,215.3,1557
2025-12-20T16:00:00+00:00,222.65,222.65,215.0,215.75,278
2025-12-20T17:00:00+00:00,215.75,216.0,215.05,215.3,161
2025-12-20T18:00:00+00:00,215.3,215.3,214.85,215.3,197
2025-12-20T19:00:00+00:00,215.0,215.3,214.9,215.25,63
2025-12-20T20:00:00+00:00,214.95,215.3,214.8,215.3,63
2025-12-20T23:00:00+00:00,215.85,216.5,215.8,215.85,231
2025-12-21T00:00:00+00:00,215.85,216.2,215.85,216.2,19
2025-12-21T01:00:00+00:00,216.25,216.25,216.25,216.25,2
2025-12-21T02:00:00+00:00,215.75,215.75,215.75,215.75,5
2025-12-21T03:00:00+00:00,216.15,216.25,215.8,215.8,17
2025-12-21T04:00:00+00:00,216.2,216.25,215.75,216.2,185
2025-12-21T05:00:00+00:00,216.2,216.25,215.75,215.85,157
2025-12-21T06:00:00+00:00,215.85,216.25,215.35,215.55,208
2025-12-21T07:00:00+00:00,215.3,215.9,215.3,215.65,539
2025-12-21T08:00:00+00:00,215.7,215.7,215.5,215.65,659
2025-12-21T09:00:00+00:00,215.65,215.65,215.3,215.35,960
2025-12-21T10:00:00+00:00,215.35,215.5,215.35,215.45,402
2025-12-21T11:00:00+00:00,215.45,215.55,215.3,215.35,483
2025-12-21T12:00:00+00:00,215.35,215.6,215.35,215.35,347
2025-12-21T13:00:00+00:00,215.45,215.45,215.3,215.3,1462
2025-12-21T14:00:00+00:00,215.35,215.4,215.3,215.3,738
2025-12-21T15:00:00+00:00,215.3,215.6,215.3,215.6,1413
2025-12-21T16:00:00+00:00,216.15,216.2,214.55,215.65,163
2025-12-21T17:00:00+00:00,214.6,215.7,214.6,215.7,340
2025-12-21T18:00:00+00:00,215.7,215.7,215.6,215.7,315
2025-12-21T19:00:00+00:00,215.6,215.7,215.0,215.5,204
2025-12-21T20:00:00+00:00,215.6,215.7,215.2,215.7,54
2025-12-22T03:00:00+00:00,216.25,216.25,216.25,216.25,114
2025-12-22T04:00:00+00:00,216.15,216.4,215.25,215.6,2862
2025-12-22T05:00:00+00:00,215.55,215.6,215.3,215.55,2614
2025-12-22T06:00:00+00:00,215.55,215.55,214.5,214.95,7527
2025-12-22T07:00:00+00:00,214.95,215.0,213.6,214.05,22971
2025-12-22T08:00:00+00:00,213.95,215.6,213.5,215.45,38415
2025-12-22T09:00:00+00:00,215.5,215.95,215.0,215.65,16433
2025-12-22T10:00:00+00:00,215.65,216.5,215.45,216.45,16560
2025-12-22T11:00:00+00:00,216.5,216.7,215.8,216.15,22859
2025-12-22T12:00:00+00:00,216.2,216.2,215.5,216.05,20356
2025-12-22T13:00:00+00:00,216.05,216.15,215.3,215.4,13311
2025-12-22T14:00:00+00:00,215.4,215.4,214.25,215.2,15592
2025-12-22T15:00:00+00:00,215.2,215.2,214.3,214.3,18205
2025-12-22T16:00:00+00:00,214.3,214.9,214.3,214.55,5430
2025-12-22T17:00:00+00:00,214.65,214.7,214.4,214.5,2018
2025-12-22T18:00:00+00:00,214.4,214.5,214.4,214.4,1955
2025-12-22T19:00:00+00:00,214.45,214.45,212.8,213.25,24676
2025-12-22T20:00:00+00:00,213.2,213.75,213.15,213.7,6406
2025-12-23T03:00:00+00:00,213.8,213.8,213.8,213.8,14
2025-12-23T04:00:00+00:00,213.95,214.8,213.8,214.1,4894
2025-12-23T05:00:00+00:00,214.0,214.15,213.7,213.8,3340
2025-12-23T06:00:00+00:00,213.75,213.9,213.0,213.75,20150
2025-12-23T07:00:00+00:00,213.65,214.4,213.3,214.15,12023
2025-12-23T08:00:00+00:00,214.15,214.9,213.4,214.85,36781
2025-12-23T09:00:00+00:00,214.85,215.25,214.1,215.0,32931
2025-12-23T10:00:00+00:00,215.0,215.5,214.7,215.2,15826
2025-12-23T11:00:00+00:00,215.25,215.85,214.65,215.55,18784
2025-12-23T12:00:00+00:00,215.55,215.6,214.45,214.85,25671
2025-12-23T13:00:00+00:00,214.85,215.2,214.75,215.0,14793
2025-12-23T14:00:00+00:00,215.0,215.0,211.95,212.95,116101
2025-12-23T15:00:00+00:00,212.95,213.15,212.5,212.9,10877
2025-12-23T16:00:00+00:00,212.9,213.35,212.85,213.25,4994
2025-12-23T17:00:00+00:00,213.25,213.3,213.05,213.1,1793
2025-12-23T18:00:00+00:00,213.1,213.35,213.05,213.25,1602
2025-12-23T19:00:00+00:00,213.25,213.3,213.1,213.2,3420
2025-12-23T20:00:00+00:00,213.15,213.25,212.95,213.05,2943
2025-12-24T03:00:00+00:00,214.35,214.35,214.35,214.35,469
2025-12-24T04:00:00+00:00,213.15,214.35,213.15,213.8,6788
2025-12-24T05:00:00+00:00,213.65,213.7,213.45,213.5,714
2025-12-24T06:00:00+00:00,213.45,213.6,212.8,212.95,2500
2025-12-24T07:00:00+00:00,212.85,213.55,212.55,213.4,6325
2025-12-24T08:00:00+00:00,213.4,213.65,212.25,213.55,21295
2025-12-24T09:00:00+00:00,213.55,213.55,212.85,212.9,15299
2025-12-24T10:00:00+00:00,213.0,213.0,211.05,212.05,65728
2025-12-24T11:00:00+00:00,212.05,212.05,211.0,211.8,54797
2025-12-24T12:00:00+00:00,211.75,212.3,211.15,211.6,30296
2025-12-24T13:00:00+00:00,211.65,211.7,211.1,211.25,18180
2025-12-24T14:00:00+00:00,211.25,212.0,211.2,211.6,18285
2025-12-24T15:00:00+00:00,211.55,211.6,211.05,211.45,8342
2025-12-24T16:00:00+00:00,211.55,211.65,211.1,211.25,5391
2025-12-24T17:00:00+00:00,211.2,211.65,211.2,211.55,2399
2025-12-24T18:00:00+00:00,211.65,211.7,211.5,211.7,1115
2025-12-24T19:00:00+00:00,211.7,211.9,211.55,211.85,3687
2025-12-24T20:00:00+00:00,211.85,211.95,211.45,211.75,5099
2025-12-25T03:00:00+00:00,211.75,211.75,211.75,211.75,8
2025-12-25T04:00:00+00:00,211.55,212.0,211.15,211.7,1774
2025-12-25T05:00:00+00:00,211.7,211.8,211.45,211.5,2441
2025-12-25T06:00:00+00:00,211.5,211.6,211.35,211.6,3038
2025-12-25T07:00:00+00:00,211.55,211.55,210.1,210.4,28118
2025-12-25T08:00:00+00:00,210.45,211.85,210.4,211.85,30636
2025-12-25T09:00:00+00:00,211.75,211.9,210.75,211.05,17127
2025-12-25T10:00:00+00:00,211.05,211.5,210.8,211.3,8752
2025-12-25T11:00:00+00:00,211.2,211.4,210.7,211.0,11208
2025-12-25T12:00:00+00:00,211.05,211.1,210.55,210.7,16949
2025-12-25T13:00:00+00:00,210.65,210.7,210.1,210.2,29578
2025-12-25T14:00:00+00:00,210.25,211.15,210.05,210.95,19010
2025-12-25T15:00:00+00:00,210.95,210.95,210.05,210.35,10965
2025-12-25T16:00:00+00:00,210.45,210.65,210.35,210.55,1307
2025-12-25T17:00:00+00:00,210.55,210.55,210.35,210.45,3387
2025-12-25T18:00:00+00:00,210.45,210.6,210.4,210.6,2104
2025-12-25T19:00:00+00:00,210.6,211.0,210.55,210.85,3337
2025-12-25T20:00:00+00:00,210.95,210.95,210.15,210.55,2494
2025-12-26T03:00:00+00:00,210.55,210.55,210.55,210.55,6
2025-12-26T04:00:00+00:00,211.0,211.4,210.55,211.15,3791
2025-12-26T05:00:00+00:00,211.15,211.15,210.85,210.95,1807
2025-12-26T06:00:00+00:00,210.95,212.35,210.65,212.25,20146
2025-12-26T07:00:00+00:00,212.1,212.45,211.5,211.95,25954
2025-12-26T08:00:00+00:00,211.95,212.25,210.05,210.5,55404
2025-12-26T09:00:00+00:00,210.5,211.55,210.4,211.55,33223
2025-12-26T10:00:00+00:00,211.55,212.2,211.4,212.15,21391
2025-12-26T11:00:00+00:00,212.1,212.2,211.65,211.75,18982
2025-12-26T12:00:00+00:00,211.75,211.9,211.05,211.25,29749
2025-12-26T13:00:00+00:00,211.35,211.75,211.05,211.45,20503
2025-12-26T14:00:00+00:00,211.55,212.15,211.5,211.6,16577
2025-12-26T15:00:00+00:00,211.6,211.6,211.1,211.5,25189
2025-12-26T16:00:00+00:00,211.5,211.85,211.35,211.85,5500
2025-12-26T17:00:00+00:00,211.8,211.95,211.6,211.85,3081
2025-12-26T18:00:00+00:00,211.85,211.9,211.6,211.8,3106
2025-12-26T19:00:00+00:00,211.8,212.0,211.7,212.0,3422
2025-12-26T20:00:00+00:00,212.0,212.25,211.9,212.25,8876
2025-12-26T23:00:00+00:00,212.25,213.3,211.2,212.65,127
2025-12-27T00:00:00+00:00,212.25,212.55,212.25,212.3,15
2025-12-27T01:00:00+00:00,212.55,212.55,211.3,211.5,152
2025-12-27T02:00:00+00:00,212.45,212.5,212.2,212.2,40
2025-12-27T03:00:00+00:00,212.2,212.2,211.7,212.2,20
2025-12-27T04:00:00+00:00,212.15,213.65,211.55,212.5,676
2025-12-27T05:00:00+00:00,212.95,212.95,212.25,212.25,196
2025-12-27T06:00:00+00:00,212.45,213.3,212.2,212.6,592
2025-12-27T07:00:00+00:00,212.65,212.85,211.75,211.9,7791
2025-12-27T08:00:00+00:00,211.9,212.15,211.45,212.15,6543
2025-12-27T09:00:00+00:00,212.15,212.5,212.05,212.35,4263
2025-12-27T10:00:00+00:00,212.35,212.4,211.75,212.25,4636
2025-12-27T11:00:00+00:00,212.25,212.6,212.25,212.4,6037
2025-12-27T12:00:00+00:00,212.4,212.75,212.2,212.6,5790
2025-12-27T13:00:00+00:00,212.55,212.6,212.3,212.55,1262
2025-12-27T14:00:00+00:00,212.55,212.6,212.45,212.6,1882
2025-12-27T15:00:00+00:00,212.6,212.7,212.3,212.4,2020
2025-12-27T16:00:00+00:00,212.95,213.45,211.05,212.9,280
2025-12-27T17:00:00+00:00,212.85,212.85,210.65,211.55,3202
2025-12-27T18:00:00+00:00,212.05,212.1,211.55,211.85,84
2025-12-27T19:00:00+00:00,212.0,212.2,211.8,211.8,248
2025-12-27T20:00:00+00:00,212.1,212.1,211.8,211.95,108
2025-12-27T23:00:00+00:00,211.15,212.45,211.15,212.35,9
2025-12-28T00:00:00+00:00,212.0,212.35,211.9,212.3,5
2025-12-28T01:00:00+00:00,211.95,212.3,211.5,212.3,169
2025-12-28T02:00:00+00:00,212.3,212.95,212.3,212.45,278
2025-12-28T03:00:00+00:00,212.45,212.55,212.4,212.4,176
2025-12-28T04:00:00+00:00,212.55,212.55,212.4,212.55,182
2025-12-28T05:00:00+00:00,212.55,212.55,212.0,212.5,321
2025-12-28T06:00:00+00:00,212.4,212.4,212.0,212.05,166
2025-12-28T07:00:00+00:00,212.0,212.4,211.45,211.55,8061
2025-12-28T08:00:00+00:00,211.6,212.05,211.3,211.8,5237
2025-12-28T09:00:00+00:00,211.8,211.95,211.65,211.85,1529
2025-12-28T10:00:00+00:00,211.85,212.2,211.8,212.0,2751
2025-12-28T11:00:00+00:00,212.0,212.6,212.0,212.35,2289
2025-12-28T12:00:00+00:00,212.35,212.7,212.15,212.65,2550
2025-12-28T13:00:00+00:00,212.65,212.7,212.5,212.65,4309
2025-12-28T14:00:00+00:00,212.6,214.25,212.55,213.05,9150
2025-12-28T15:00:00+00:00,213.0,213.2,212.9,212.9,1740
2025-12-28T16:00:00+00:00,211.35,213.45,211.3,213.4,752
2025-12-28T17:00:00+00:00,212.95,213.4,212.9,213.4,409
2025-12-28T18:00:00+00:00,213.35,213.4,213.05,213.4,2891
2025-12-28T19:00:00+00:00,213.4,213.4,213.05,213.3,411
2025-12-28T20:00:00+00:00,213.1,213.3,212.8,212.9,327
2025-12-29T03:00:00+00:00,212.95,212.95,212.95,212.95,4
2025-12-29T04:00:00+00:00,213.35,214.2,212.75,213.3,6487
2025-12-29T05:00:00+00:00,213.3,213.85,212.9,213.45,3349
2025-12-29T06:00:00+00:00,213.35,213.4,212.3,213.25,7903
2025-12-29T07:00:00+00:00,213.2,213.55,212.55,213.5,21052
2025-12-29T08:00:00+00:00,213.55,215.2,213.45,215.2,62200
2025-12-29T09:00:00+00:00,215.2,215.3,214.15,214.9,44250
2025-12-29T10:00:00+00:00,214.9,215.5,214.7,215.4,22240
2025-12-29T11:00:00+00:00,215.4,215.55,215.15,215.55,22309
2025-12-29T12:00:00+00:00,215.55,215.85,215.15,215.5,15381
2025-12-29T13:00:00+00:00,215.5,215.75,214.5,214.55,43408
2025-12-29T14:00:00+00:00,214.55,215.1,214.25,214.4,23129
2025-12-29T15:00:00+00:00,214.4,214.65,212.3,212.45,59001
2025-12-29T16:00:00+00:00,212.6,213.45,212.0,213.0,13780
2025-12-29T17:00:00+00:00,212.95,213.35,212.7,212.85,3993
2025-12-29T18:00:00+00:00,212.85,213.45,212.65,213.35,8752
2025-12-29T19:00:00+00:00,213.35,213.45,213.05,213.25,2987
2025-12-29T20:00:00+00:00,213.25,213.25,212.35,212.35,7686
2025-12-30T03:00:00+00:00,212.35,212.35,212.35,212.35,1
2025-12-30T04:00:00+00:00,212.45,213.4,212.15,213.1,5889
2025-12-30T05:00:00+00:00,213.1,213.4,213.1,213.4,1234
2025-12-30T06:00:00+00:00,213.35,213.4,213.0,213.3,2295
2025-12-30T07:00:00+00:00,213.35,213.4,212.75,213.15,6403
2025-12-30T08:00:00+00:00,213.1,213.4,212.3,213.05,19939
2025-12-30T09:00:00+00:00,213.1,213.7,212.7,213.6,19329
2025-12-30T10:00:00+00:00,213.65,214.5,213.15,214.05,34492
2025-12-30T11:00:00+00:00,214.15,214.75,214.05,214.3,10848
2025-12-30T12:00:00+00:00,214.3,214.6,214.05,214.45,5261
2025-12-30T13:00:00+00:00,214.6,215.1,214.5,214.6,14597
2025-12-30T14:00:00+00:00,214.6,214.65,213.65,213.9,13381
2025-12-30T15:00:00+00:00,213.95,214.15,213.65,213.65,4931
2025-12-30T16:00:00+00:00,213.75,214.15,213.65,213.75,4407
2025-12-30T17:00:00+00:00,213.75,213.8,213.45,213.45,6482
2025-12-30T18:00:00+00:00,213.45,213.9,213.45,213.55,4872
2025-12-30T19:00:00+00:00,213.55,213.75,213.25,213.5,3767
2025-12-30T20:00:00+00:00,213.55,214.0,213.5,213.9,4042
2025-12-30T23:00:00+00:00,214.45,215.35,212.95,213.65,50
2025-12-31T00:00:00+00:00,213.35,213.85,213.15,213.85,9
2025-12-31T01:00:00+00:00,213.55,214.25,212.85,212.95,73
2025-12-31T02:00:00+00:00,213.8,214.25,213.55,213.9,14
2025-12-31T03:00:00+00:00,213.9,214.95,213.4,213.4,48
2025-12-31T04:00:00+00:00,214.2,215.0,213.75,214.8,68
2025-12-31T05:00:00+00:00,214.8,214.8,213.9,213.95,244
2025-12-31T06:00:00+00:00,213.95,214.7,213.95,214.6,144
2025-12-31T07:00:00+00:00,214.05,214.65,213.0,213.8,1011
2025-12-31T08:00:00+00:00,213.85,213.85,213.25,213.4,262
2025-12-31T09:00:00+00:00,213.4,213.9,213.3,213.85,684
2025-12-31T10:00:00+00:00,213.85,213.9,213.3,213.35,340
2025-12-31T11:00:00+00:00,213.45,213.85,213.2,213.45,373
2025-12-31T12:00:00+00:00,213.45,213.9,213.4,213.45,216
2025-12-31T13:00:00+00:00,213.85,214.15,213.45,214.0,182
2025-12-31T14:00:00+00:00,214.0,214.0,213.4,213.9,258
2025-12-31T15:00:00+00:00,213.9,214.0,213.45,213.85,209
2025-12-31T16:00:00+00:00,213.85,213.9,213.5,213.85,60
2025-12-31T17:00:00+00:00,213.75,213.8,213.5,213.5,120
2025-12-31T18:00:00+00:00,213.55,213.6,213.4,213.6,46
2025-12-31T19:00:00+00:00,213.6,213.8,213.1,213.7,605
2025-12-31T20:00:00+00:00,213.7,213.7,213.1,213.1,357
2026-01-01T23:00:00+00:00,214.45,214.45,212.85,213.65,148
2026-01-02T00:00:00+00:00,213.25,213.9,213.25,213.4,92
2026-01-02T01:00:00+00:00,213.85,213.85,213.05,213.05,57
2026-01-02T02:00:00+00:00,213.1,213.5,213.05,213.5,23
2026-01-02T03:00:00+00:00,213.9,214.1,213.65,213.65,112
2026-01-02T04:00:00+00:00,213.9,214.1,213.65,213.65,20
2026-01-02T05:00:00+00:00,214.05,214.15,213.5,214.1,97
2026-01-02T06:00:00+00:00,214.1,214.45,213.6,214.35,333
2026-01-02T07:00:00+00:00,214.35,215.0,213.9,213.9,876
2026-01-02T08:00:00+00:00,214.25,215.0,213.95,214.85,108
2026-01-02T09:00:00+00:00,214.85,215.0,214.3,214.35,152
2026-01-02T10:00:00+00:00,214.35,214.95,214.3,214.9,148
2026-01-02T11:00:00+00:00,214.4,215.0,214.05,214.9,291
2026-01-02T12:00:00+00:00,214.85,215.0,214.15,214.9,168
2026-01-02T13:00:00+00:00,214.4,215.0,214.15,214.75,109
2026-01-02T14:00:00+00:00,214.35,214.9,214.35,214.75,43
2026-01-02T15:00:00+00:00,214.75,214.8,214.45,214.45,142
2026-01-02T16:00:00+00:00,214.45,214.9,214.45,214.5,322
2026-01-02T17:00:00+00:00,214.7,214.85,214.25,214.8,272
2026-01-02T18:00:00+00:00,214.8,214.9,214.15,214.85,250
2026-01-02T19:00:00+00:00,214.85,214.9,214.3,214.65,85
2026-01-02T20:00:00+00:00,214.8,214.9,214.25,214.9,122
2026-01-02T23:00:00+00:00,214.45,215.5,214.05,215.4,14
2026-01-03T00:00:00+00:00,214.5,214.95,214.5,214.95,23
2026-01-03T01:00:00+00:00,214.9,214.9,214.55,214.9,5
2026-01-03T02:00:00+00:00,214.5,214.9,214.45,214.45,31
2026-01-03T03:00:00+00:00,214.1,214.55,214.05,214.1,8
2026-01-03T04:00:00+00:00,214.5,214.75,214.25,214.6,17
2026-01-03T05:00:00+00:00,214.6,214.85,214.25,214.3,28
2026-01-03T06:00:00+00:00,214.55,214.7,214.25,214.7,58
2026-01-03T07:00:00+00:00,214.8,214.8,214.3,214.35,50
2026-01-03T08:00:00+00:00,214.35,215.0,214.25,215.0,323
2026-01-03T09:00:00+00:00,215.0,215.0,214.5,214.9,206
2026-01-03T10:00:00+00:00,214.75,214.75,214.2,214.6,105
2026-01-03T11:00:00+00:00,214.25,214.75,214.25,214.75,30
2026-01-03T12:00:00+00:00,214.75,214.75,214.2,214.65,64
2026-01-03T13:00:00+00:00,214.65,214.7,214.2,214.55,149
2026-01-03T14:00:00+00:00,214.55,214.7,214.3,214.7,105
2026-01-03T15:00:00+00:00,214.7,214.7,214.25,214.35,75
2026-01-03T16:00:00+00:00,214.35,214.65,214.3,214.6,41
2026-01-03T17:00:00+00:00,214.4,214.75,214.3,214.65,215
2026-01-03T18:00:00+00:00,214.65,214.7,214.3,214.4,44
2026-01-03T19:00:00+00:00,214.7,214.7,214.3,214.65,52
2026-01-03T20:00:00+00:00,214.5,214.65,214.1,214.1,79
2026-01-03T23:00:00+00:00,216.4,216.4,214.05,214.45,14
2026-01-04T00:00:00+00:00,214.8,215.1,214.2,215.1,5
2026-01-04T01:00:00+00:00,214.45,214.5,214.45,214.5,2
2026-01-04T02:00:00+00:00,214.9,214.95,214.9,214.95,3
2026-01-04T03:00:00+00:00,214.25,214.5,214.1,214.5,10
2026-01-04T04:00:00+00:00,214.1,214.95,214.1,214.9,30
2026-01-04T05:00:00+00:00,214.5,214.95,214.1,214.95,45
2026-01-04T06:00:00+00:00,214.95,214.95,214.55,214.9,163
2026-01-04T07:00:00+00:00,214.6,214.9,214.55,214.55,95
2026-01-04T08:00:00+00:00,214.6,214.9,214.45,214.85,35
2026-01-04T09:00:00+00:00,214.4,214.9,214.3,214.85,250
2026-01-04T10:00:00+00:00,214.55,214.85,214.3,214.65,219
2026-01-04T11:00:00+00:00,214.65,214.8,214.25,214.25,99
2026-01-04T12:00:00+00:00,214.2,214.8,214.15,214.7,56
2026-01-04T13:00:00+00:00,214.7,214.75,214.1,214.2,91
2026-01-04T14:00:00+00:00,214.2,214.65,214.15,214.35,71
2026-01-04T15:00:00+00:00,214.35,214.75,214.1,214.75,44
2026-01-04T16:00:00+00:00,214.55,214.55,214.15,214.15,40
2026-01-04T17:00:00+00:00,214.15,214.75,214.15,214.7,155
2026-01-04T18:00:00+00:00,214.7,214.75,214.2,214.75,99
2026-01-04T19:00:00+00:00,214.75,214.75,214.1,214.75,113
2026-01-04T20:00:00+00:00,214.75,214.8,214.1,214.8,31
2026-01-05T03:00:00+00:00,214.4,214.4,214.4,214.4,88
2026-01-05T04:00:00+00:00,214.4,214.65,213.1,213.5,6337
2026-01-05T05:00:00+00:00,213.45,213.6,212.6,213.45,10333
2026-01-05T06:00:00+00:00,213.45,213.45,211.2,212.1,12416
2026-01-05T07:00:00+00:00,212.05,212.4,211.2,212.25,15903
2026-01-05T08:00:00+00:00,212.2,212.45,211.7,212.45,7081
2026-01-05T09:00:00+00:00,212.3,212.95,212.0,212.8,5105
2026-01-05T10:00:00+00:00,212.85,213.2,212.4,212.65,6337
2026-01-05T11:00:00+00:00,212.65,213.05,212.5,212.9,2259
2026-01-05T12:00:00+00:00,212.9,213.15,212.35,213.1,3012
2026-01-05T13:00:00+00:00,213.1,213.2,212.65,213.05,3647
2026-01-05T14:00:00+00:00,213.0,213.1,212.8,213.05,2996
2026-01-05T15:00:00+00:00,213.1,213.45,213.0,213.2,4438
2026-01-05T16:00:00+00:00,213.25,213.25,212.7,212.95,1660
2026-01-05T17:00:00+00:00,212.95,213.15,212.65,213.05,1615
2026-01-05T18:00:00+00:00,213.05,213.1,212.55,212.55,4255
2026-01-05T19:00:00+00:00,212.65,212.75,212.35,212.75,2251
2026-01-05T20:00:00+00:00,212.7,212.7,212.25,212.6,2698
2026-01-06T03:00:00+00:00,212.7,212.7,212.7,212.7,1
2026-01-06T04:00:00+00:00,212.6,213.25,212.6,213.05,4845
2026-01-06T05:00:00+00:00,213.0,213.25,212.85,213.0,3192
2026-01-06T06:00:00+00:00,213.15,213.55,212.9,213.1,5315
2026-01-06T07:00:00+00:00,213.0,213.15,212.4,212.9,11630
2026-01-06T08:00:00+00:00,212.95,213.5,212.8,212.9,15521
2026-01-06T09:00:00+00:00,212.95,213.15,212.65,212.7,6198
2026-01-06T10:00:00+00:00,212.7,213.0,212.6,212.95,2294
2026-01-06T11:00:00+00:00,212.9,213.15,212.85,213.1,4156
2026-01-06T12:00:00+00:00,213.1,213.15,212.75,213.0,5235
2026-01-06T13:00:00+00:00,213.0,213.05,212.6,212.65,2756
2026-01-06T14:00:00+00:00,212.65,213.05,212.55,212.85,6055
2026-01-06T15:00:00+00:00,212.85,213.05,212.85,213.05,1475
2026-01-06T16:00:00+00:00,213.0,213.4,212.9,213.3,3341
2026-01-06T17:00:00+00:00,213.3,213.45,213.25,213.4,885
2026-01-06T18:00:00+00:00,213.45,213.5,213.05,213.1,1241
2026-01-06T19:00:00+00:00,213.1,213.75,213.1,213.75,4399
2026-01-06T20:00:00+00:00,213.75,214.0,213.7,213.9,2584
2026-01-06T23:00:00+00:00,215.0,215.2,211.9,212.9,134
2026-01-07T00:00:00+00:00,214.3,215.0,213.1,215.0,307
2026-01-07T01:00:00+00:00,214.95,215.0,213.35,213.9,71
2026-01-07T02:00:00+00:00,213.9,214.15,213.9,214.15,12
2026-01-07T03:00:00+00:00,214.2,214.45,214.2,214.45,41
2026-01-07T04:00:00+00:00,214.7,214.7,213.85,213.85,119
2026-01-07T05:00:00+00:00,213.9,214.15,213.8,213.8,90
2026-01-07T06:00:00+00:00,214.15,214.8,213.4,214.45,280
2026-01-07T07:00:00+00:00,213.9,214.3,213.9,214.3,73
2026-01-07T08:00:00+00:00,214.3,214.35,213.65,213.65,167
2026-01-07T09:00:00+00:00,213.95,214.3,213.65,214.15,117
2026-01-07T10:00:00+00:00,213.7,214.5,213.6,213.8,215
2026-01-07T11:00:00+00:00,213.75,214.2,213.6,213.6,157
2026-01-07T12:00:00+00:00,214.15,214.25,213.5,214.25,108
2026-01-07T13:00:00+00:00,214.1,214.1,213.5,213.5,81
2026-01-07T14:00:00+00:00,213.4,213.85,212.6,213.3,232
2026-01-07T15:00:00+00:00,213.35,213.7,212.65,213.25,140
2026-01-07T16:00:00+00:00,213.85,213.9,212.9,213.05,125
2026-01-07T17:00:00+00:00,213.1,213.4,212.75,212.75,212
2026-01-07T18:00:00+00:00,212.75,212.8,212.65,212.65,253
2026-01-07T19:00:00+00:00,212.65,214.0,212.6,213.15,243
2026-01-07T20:00:00+00:00,213.15,213.2,212.6,213.2,56
2026-01-08T03:00:00+00:00,213.65,213.65,213.65,213.65,321
2026-01-08T04:00:00+00:00,213.55,213.65,212.1,213.25,8465
2026-01-08T05:00:00+00:00,213.35,213.6,213.25,213.45,4313
2026-01-08T06:00:00+00:00,213.45,214.35,213.3,213.8,15065
2026-01-08T07:00:00+00:00,213.8,215.55,213.55,215.15,30310
2026-01-08T08:00:00+00:00,215.2,215.75,214.5,214.7,17590
2026-01-08T09:00:00+00:00,214.6,215.3,214.5,214.85,7780
2026-01-08T10:00:00+00:00,214.9,215.05,214.3,214.4,3232
2026-01-08T11:00:00+00:00,214.35,214.4,213.65,214.05,11846
2026-01-08T12:00:00+00:00,214.0,214.1,213.0,213.25,14415
2026-01-08T13:00:00+00:00,213.25,213.7,213.2,213.55,3778
2026-01-08T14:00:00+00:00,213.6,213.65,213.3,213.45,2466
2026-01-08T15:00:00+00:00,213.45,214.15,213.4,213.8,3343
2026-01-08T16:00:00+00:00,213.95,213.95,213.7,213.75,1300
2026-01-08T17:00:00+00:00,213.8,214.2,213.75,213.9,3016
2026-01-08T18:00:00+00:00,213.9,214.2,213.8,214.15,2526
2026-01-08T19:00:00+00:00,214.15,214.2,213.7,213.8,2502
2026-01-08T20:00:00+00:00,213.8,214.0,213.65,213.85,1636
2026-01-09T03:00:00+00:00,214.3,214.3,214.3,214.3,15
2026-01-09T04:00:00+00:00,214.3,214.8,214.15,214.5,4396
2026-01-09T05:00:00+00:00,214.5,214.6,214.25,214.55,1468
2026-01-09T06:00:00+00:00,214.5,214.5,213.55,214.3,4545
2026-01-09T07:00:00+00:00,214.15,214.35,213.55,213.7,5976
2026-01-09T08:00:00+00:00,213.65,214.1,213.65,214.1,1474
2026-01-09T09:00:00+00:00,214.1,214.15,213.7,214.15,1733
2026-01-09T10:00:00+00:00,214.15,214.3,214.1,214.2,705
2026-01-09T11:00:00+00:00,214.25,214.7,214.15,214.65,2893
2026-01-09T12:00:00+00:00,214.65,214.7,214.15,214.15,3429
2026-01-09T13:00:00+00:00,214.15,214.2,213.85,213.95,2758
2026-01-09T14:00:00+00:00,213.95,214.2,213.45,213.6,5195
2026-01-09T15:00:00+00:00,213.65,213.9,213.6,213.6,1084
2026-01-09T16:00:00+00:00,213.65,214.3,213.6,213.85,2325
2026-01-09T17:00:00+00:00,213.85,214.35,213.75,214.0,1574
2026-01-09T18:00:00+00:00,214.05,214.4,213.6,213.85,3934
2026-01-09T19:00:00+00:00,213.85,214.05,213.7,213.7,1342
2026-01-09T20:00:00+00:00,213.7,214.0,213.65,214.0,1806
2026-01-09T23:00:00+00:00,213.5,214.05,212.95,213.5,29
2026-01-10T00:00:00+00:00,213.55,213.55,213.15,213.3,17
2026-01-10T01:00:00+00:00,213.3,213.85,213.25,213.25,45
2026-01-10T02:00:00+00:00,213.85,213.85,213.4,213.85,13
2026-01-10T03:00:00+00:00,213.9,214.0,213.9,214.0,19
2026-01-10T04:00:00+00:00,214.0,214.05,213.55,214.05,63
2026-01-10T05:00:00+00:00,214.05,214.45,214.0,214.05,30
2026-01-10T06:00:00+00:00,214.05,214.25,214.0,214.0,52
2026-01-10T07:00:00+00:00,214.0,214.2,213.65,214.1,114
2026-01-10T08:00:00+00:00,213.95,214.0,213.65,213.7,185
2026-01-10T09:00:00+00:00,213.7,214.45,213.65,214.45,155
2026-01-10T10:00:00+00:00,214.3,214.4,213.65,213.8,94
2026-01-10T11:00:00+00:00,213.8,214.2,213.75,214.15,47
2026-01-10T12:00:00+00:00,214.0,214.2,213.75,214.2,72
2026-01-10T13:00:00+00:00,213.8,214.55,213.75,214.2,305
2026-01-10T14:00:00+00:00,214.2,214.95,213.85,214.25,530
2026-01-10T15:00:00+00:00,214.25,214.3,213.9,214.3,66
2026-01-10T16:00:00+00:00,214.0,214.65,213.95,214.45,95
2026-01-10T17:00:00+00:00,214.05,214.75,214.05,214.05,54
2026-01-10T18:00:00+00:00,214.25,214.7,214.1,214.6,34
2026-01-10T19:00:00+00:00,214.3,214.6,214.25,214.4,82
2026-01-10T20:00:00+00:00,214.35,215.0,214.3,214.45,270
2026-01-10T23:00:00+00:00,215.4,215.4,213.55,214.05,99
2026-01-11T00:00:00+00:00,214.05,214.35,214.05,214.35,5
2026-01-11T01:00:00+00:00,214.05,214.35,214.05,214.35,2
2026-01-11T02:00:00+00:00,214.15,214.15,214.05,214.05,14
2026-01-11T03:00:00+00:00,214.6,214.6,214.6,214.6,1
2026-01-11T04:00:00+00:00,214.1,214.4,214.1,214.4,5
2026-01-11T05:00:00+00:00,214.1,214.35,214.1,214.3,15
2026-01-11T06:00:00+00:00,214.3,214.5,214.1,214.45,72
2026-01-11T07:00:00+00:00,214.15,214.45,214.1,214.2,102
2026-01-11T08:00:00+00:00,214.4,214.5,214.2,214.2,116
2026-01-11T09:00:00+00:00,214.2,214.5,214.2,214.5,106
2026-01-11T10:00:00+00:00,214.5,214.5,214.25,214.5,88
2026-01-11T11:00:00+00:00,214.5,214.6,214.15,214.55,112
2026-01-11T12:00:00+00:00,214.55,214.75,214.2,214.65,198
2026-01-11T13:00:00+00:00,214.65,214.65,214.2,214.2,71
2026-01-11T14:00:00+00:00,214.55,214.6,214.15,214.45,27
2026-01-11T15:00:00+00:00,214.45,214.45,214.1,214.4,105
2026-01-11T16:00:00+00:00,214.4,214.9,214.1,214.1,154
2026-01-11T17:00:00+00:00,214.35,214.8,214.1,214.1,62
2026-01-11T18:00:00+00:00,214.35,214.45,214.0,214.35,404
2026-01-11T19:00:00+00:00,214.4,214.4,214.05,214.4,39
2026-01-11T20:00:00+00:00,214.4,214.9,214.05,214.9,1083
2026-01-12T03:00:00+00:00,213.95,213.95,213.95,213.95,171
2026-01-12T04:00:00+00:00,214.0,215.05,213.7,214.85,7507
2026-01-12T05:00:00+00:00,214.85,215.2,214.7,214.9,1888
2026-01-12T06:00:00+00:00,214.8,215.4,214.8,214.85,6416
2026-01-12T07:00:00+00:00,214.9,216.15,214.85,216.15,24555
2026-01-12T08:00:00+00:00,216.1,216.4,215.1,215.25,16604
2026-01-12T09:00:00+00:00,215.3,215.7,215.05,215.25,8768
2026-01-12T10:00:00+00:00,215.3,215.4,214.5,215.0,9184
2026-01-12T11:00:00+00:00,215.0,215.3,214.6,215.15,4442
2026-01-12T12:00:00+00:00,215.15,215.7,214.9,215.7,8254
2026-01-12T13:00:00+00:00,215.7,216.7,215.25,216.65,43366
2026-01-12T14:00:00+00:00,216.65,216.8,215.7,216.0,40076
2026-01-12T15:00:00+00:00,216.0,216.35,215.6,215.95,18954
2026-01-12T16:00:00+00:00,215.9,215.9,215.1,215.5,7911
2026-01-12T17:00:00+00:00,215.45,215.75,215.4,215.7,1539
2026-01-12T18:00:00+00:00,215.75,215.95,215.7,215.75,3336
2026-01-12T19:00:00+00:00,215.9,216.25,215.9,216.15,3810
2026-01-12T20:00:00+00:00,216.25,216.5,215.55,216.0,6537
2026-01-13T03:00:00+00:00,215.7,215.7,215.7,215.7,109
2026-01-13T04:00:00+00:00,216.45,216.55,215.75,216.35,2475
2026-01-13T05:00:00+00:00,216.4,216.5,216.2,216.3,830
2026-01-13T06:00:00+00:00,216.25,216.25,215.15,215.9,7303
2026-01-13T07:00:00+00:00,215.7,216.95,215.65,216.3,21366
2026-01-13T08:00:00+00:00,216.3,216.55,215.75,216.2,22995
2026-01-13T09:00:00+00:00,216.2,216.3,214.65,215.0,60119
2026-01-13T10:00:00+00:00,215.0,215.2,214.85,214.9,15356
2026-01-13T11:00:00+00:00,214.9,214.95,214.65,214.8,21482
2026-01-13T12:00:00+00:00,214.7,214.95,214.6,214.8,17942
2026-01-13T13:00:00+00:00,214.75,214.95,214.6,214.85,23086
2026-01-13T14:00:00+00:00,214.8,214.9,214.4,214.4,22454
2026-01-13T15:00:00+00:00,214.45,214.55,214.05,214.4,17654
2026-01-13T16:00:00+00:00,214.35,214.85,214.1,214.65,3361
2026-01-13T17:00:00+00:00,214.6,214.8,214.45,214.6,1404
2026-01-13T18:00:00+00:00,214.6,214.6,214.35,214.6,2230
2026-01-13T19:00:00+00:00,214.6,214.75,214.4,214.65,1021
2026-01-13T20:00:00+00:00,214.7,214.8,214.6,214.7,1791
2026-01-14T03:00:00+00:00,215.35,215.35,215.35,215.35,14
2026-01-14T04:00:00+00:00,215.35,215.75,214.7,215.15,2053
2026-01-14T05:00:00+00:00,215.2,215.2,214.75,214.85,1309
2026-01-14T06:00:00+00:00,214.85,214.85,214.1,214.25,5073
2026-01-14T07:00:00+00:00,214.25,215.2,214.0,214.9,33279
2026-01-14T08:00:00+00:00,214.9,216.7,214.6,216.15,107119
2026-01-14T09:00:00+00:00,216.15,217.15,216.15,217.1,42135
2026-01-14T10:00:00+00:00,217.1,217.25,216.25,217.0,23164
2026-01-14T11:00:00+00:00,217.0,217.45,216.85,217.3,9610
2026-01-14T12:00:00+00:00,217.3,218.35,217.15,218.1,35958
2026-01-14T13:00:00+00:00,218.1,219.7,218.0,218.85,62747
2026-01-14T14:00:00+00:00,218.8,220.7,218.75,220.05,105447
2026-01-14T15:00:00+00:00,220.1,220.15,219.05,219.6,32681
2026-01-14T16:00:00+00:00,219.45,219.45,218.5,218.75,16419
2026-01-14T17:00:00+00:00,218.7,218.7,218.15,218.45,10492
2026-01-14T18:00:00+00:00,218.35,218.7,218.3,218.65,4295
2026-01-14T19:00:00+00:00,218.7,218.8,218.55,218.75,2502
2026-01-14T20:00:00+00:00,218.75,218.75,218.15,218.65,10065
2026-01-15T03:00:00+00:00,218.7,218.7,218.7,218.7,12
2026-01-15T04:00:00+00:00,218.75,219.3,218.65,219.1,2276
2026-01-15T05:00:00+00:00,219.1,219.5,218.9,219.5,4071
2026-01-15T06:00:00+00:00,219.45,219.8,218.9,219.55,5286
2026-01-15T07:00:00+00:00,219.45,221.0,219.1,220.65,24800
2026-01-15T08:00:00+00:00,220.6,221.0,219.05,219.2,40564
2026-01-15T09:00:00+00:00,219.2,219.3,218.55,218.8,28441
2026-01-15T10:00:00+00:00,218.85,219.9,218.45,218.65,30130
2026-01-15T11:00:00+00:00,218.7,219.3,218.6,219.0,29141
2026-01-15T12:00:00+00:00,219.0,219.7,218.75,219.05,48899
2026-01-15T13:00:00+00:00,219.05,219.3,218.4,218.75,50647
2026-01-15T14:00:00+00:00,218.75,219.3,218.15,218.35,37898
2026-01-15T15:00:00+00:00,218.45,219.35,218.4,218.65,15425
2026-01-15T16:00:00+00:00,218.8,219.5,218.5,218.8,11913
2026-01-15T17:00:00+00:00,218.8,219.05,218.7,218.85,3089
2026-01-15T18:00:00+00:00,218.9,218.95,218.65,218.75,1190
2026-01-15T19:00:00+00:00,218.75,219.5,218.7,219.05,5271
2026-01-15T20:00:00+00:00,219.1,219.1,218.85,219.1,2015
2026-01-16T03:00:00+00:00,219.8,219.8,219.8,219.8,671
2026-01-16T04:00:00+00:00,219.75,219.75,219.1,219.35,5378
2026-01-16T05:00:00+00:00,219.3,219.6,219.2,219.4,1030
2026-01-16T06:00:00+00:00,219.3,219.5,219.0,219.3,4737
2026-01-16T07:00:00+00:00,219.3,220.5,219.15,220.45,16751
2026-01-16T08:00:00+00:00,220.45,220.9,219.5,220.05,29598
2026-01-16T09:00:00+00:00,220.05,220.5,219.9,220.2,15814
2026-01-16T10:00:00+00:00,220.2,222.85,220.2,222.55,101564
2026-01-16T11:00:00+00:00,222.6,223.25,222.15,222.5,101827
2026-01-16T12:00:00+00:00,222.45,222.75,221.6,221.9,49756
2026-01-16T13:00:00+00:00,221.9,224.5,221.85,224.15,70983
2026-01-16T14:00:00+00:00,224.05,225.0,223.15,223.45,95140
2026-01-16T15:00:00+00:00,223.5,223.9,223.15,223.85,13579
2026-01-16T16:00:00+00:00,223.8,223.8,223.0,223.05,10379
2026-01-16T17:00:00+00:00,223.0,223.6,222.95,223.15,11083
2026-01-16T18:00:00+00:00,223.15,223.6,222.9,223.0,6192
2026-01-16T19:00:00+00:00,223.0,223.5,222.7,223.0,10365
2026-01-16T20:00:00+00:00,223.0,223.2,222.7,223.2,5279
2026-01-16T23:00:00+00:00,222.95,223.7,222.95,223.05,15
2026-01-17T00:00:00+00:00,223.35,223.7,223.05,223.2,10
2026-01-17T01:00:00+00:00,223.45,223.5,223.25,223.5,15
2026-01-17T02:00:00+00:00,223.5,223.7,223.35,223.65,20
2026-01-17T03:00:00+00:00,223.7,223.7,223.25,223.25,27
2026-01-17T04:00:00+00:00,223.25,223.65,223.25,223.65,10
2026-01-17T05:00:00+00:00,223.65,223.65,223.2,223.25,35
2026-01-17T06:00:00+00:00,223.55,224.3,222.65,224.3,547
2026-01-17T07:00:00+00:00,224.3,224.45,223.15,223.55,3215
2026-01-17T08:00:00+00:00,223.55,223.85,223.45,223.75,1388
2026-01-17T09:00:00+00:00,223.75,223.85,223.55,223.7,1608
2026-01-17T10:00:00+00:00,223.55,223.9,223.55,223.65,1234
2026-01-17T11:00:00+00:00,223.65,223.85,223.45,223.6,1643
2026-01-17T12:00:00+00:00,223.5,223.55,223.3,223.35,798
2026-01-17T13:00:00+00:00,223.35,223.45,223.2,223.2,411
2026-01-17T14:00:00+00:00,223.2,223.4,223.2,223.2,565
2026-01-17T15:00:00+00:00,223.3,223.45,223.1,223.45,1365
2026-01-17T16:00:00+00:00,223.2,223.9,222.4,222.6,77
2026-01-17T17:00:00+00:00,222.6,223.7,222.5,223.45,90
2026-01-17T18:00:00+00:00,223.3,223.35,222.75,222.85,47
2026-01-17T19:00:00+00:00,222.85,223.4,222.75,222.75,29
2026-01-17T20:00:00+00:00,222.8,223.1,222.55,222.6,58
2026-01-17T23:00:00+00:00,222.75,223.75,222.75,223.75,22
2026-01-18T00:00:00+00:00,223.7,223.7,222.75,222.75,4
2026-01-18T01:00:00+00:00,222.75,223.65,222.5,222.5,33
2026-01-18T02:00:00+00:00,222.85,222.85,222.7,222.7,3
2026-01-18T03:00:00+00:00,222.75,222.8,222.7,222.8,5
2026-01-18T04:00:00+00:00,222.6,223.7,222.6,223.65,77
2026-01-18T05:00:00+00:00,223.05,223.35,222.65,223.35,53
2026-01-18T06:00:00+00:00,223.5,223.7,223.45,223.7,90
2026-01-18T07:00:00+00:00,223.7,223.75,223.1,223.25,2732
2026-01-18T08:00:00+00:00,223.35,223.45,223.1,223.1,940
2026-01-18T09:00:00+00:00,223.15,223.3,223.05,223.3,1589
2026-01-18T10:00:00+00:00,223.2,223.3,223.1,223.1,497
2026-01-18T11:00:00+00:00,223.2,223.2,222.9,223.05,1510
2026-01-18T12:00:00+00:00,223.05,223.15,222.75,223.15,1995
2026-01-18T13:00:00+00:00,223.05,223.25,222.95,223.2,1527
2026-01-18T14:00:00+00:00,223.2,223.3,223.2,223.25,822
2026-01-18T15:00:00+00:00,223.3,223.5,223.25,223.4,1196
2026-01-18T16:00:00+00:00,223.95,224.2,222.65,223.3,109
2026-01-18T17:00:00+00:00,223.35,223.7,223.35,223.7,75
2026-01-18T18:00:00+00:00,223.3,224.15,222.5,224.15,433
2026-01-18T19:00:00+00:00,223.4,223.95,223.35,223.75,34
2026-01-18T20:00:00+00:00,223.75,224.2,223.4,224.2,73
2026-01-19T03:00:00+00:00,223.4,223.4,223.4,223.4,12
2026-01-19T04:00:00+00:00,223.4,223.95,223.2,223.7,4693
2026-01-19T05:00:00+00:00,223.7,223.9,223.5,223.65,2076
2026-01-19T06:00:00+00:00,223.65,223.65,222.25,222.8,10292
2026-01-19T07:00:00+00:00,222.75,223.15,222.05,222.3,42262
2026-01-19T08:00:00+00:00,222.35,222.8,221.75,221.95,26891
2026-01-19T09:00:00+00:00,221.9,222.2,221.5,222.05,29556
2026-01-19T10:00:00+00:00,222.15,222.15,221.5,221.6,20426
2026-01-19T11:00:00+00:00,221.65,221.7,220.75,220.75,30345
2026-01-19T12:00:00+00:00,220.85,221.3,220.6,221.2,26106
2026-01-19T13:00:00+00:00,221.15,221.75,221.1,221.7,17391
2026-01-19T14:00:00+00:00,221.7,221.95,221.5,221.8,19126
2026-01-19T15:00:00+00:00,221.8,222.1,221.75,222.1,9730
2026-01-19T16:00:00+00:00,221.95,222.5,221.9,222.3,9383
2026-01-19T17:00:00+00:00,222.3,222.4,221.85,222.1,5260
2026-01-19T18:00:00+00:00,222.05,222.15,221.7,221.9,4671
2026-01-19T19:00:00+00:00,221.9,222.0,221.7,221.85,3921
2026-01-19T20:00:00+00:00,221.75,221.85,221.3,221.7,5764
2026-01-20T03:00:00+00:00,222.0,222.0,222.0,222.0,2
2026-01-20T04:00:00+00:00,221.85,222.15,221.15,222.15,2297
2026-01-20T05:00:00+00:00,222.15,222.5,222.05,222.5,2114
2026-01-20T06:00:00+00:00,222.45,222.45,221.8,222.05,3771
2026-01-20T07:00:00+00:00,222.05,222.2,221.05,221.6,16436
2026-01-20T08:00:00+00:00,221.6,221.75,219.45,220.75,59216
2026-01-20T09:00:00+00:00,220.7,222.75,220.6,222.6,42664
2026-01-20T10:00:00+00:00,222.6,223.1,222.2,222.6,34777
2026-01-20T11:00:00+00:00,222.6,222.95,222.1,222.8,7104
2026-01-20T12:00:00+00:00,222.8,223.0,222.5,223.0,10941
2026-01-20T13:00:00+00:00,222.9,223.85,222.9,223.75,19329
2026-01-20T14:00:00+00:00,223.75,224.65,223.6,224.4,43549
2026-01-20T15:00:00+00:00,224.4,224.45,224.0,224.3,10886
2026-01-20T16:00:00+00:00,224.2,224.3,224.05,224.25,3164
2026-01-20T17:00:00+00:00,224.25,224.3,224.0,224.1,4847
2026-01-20T18:00:00+00:00,224.1,224.4,224.0,224.25,4225
2026-01-20T19:00:00+00:00,224.25,224.45,224.1,224.15,2513
2026-01-20T20:00:00+00:00,224.25,224.25,224.0,224.0,1278
2026-01-21T03:00:00+00:00,224.3,224.3,224.3,224.3,5
2026-01-21T04:00:00+00:00,224.3,224.55,223.9,223.95,3055
2026-01-21T05:00:00+00:00,223.95,224.0,223.6,223.8,2817
2026-01-21T06:00:00+00:00,223.75,224.0,223.6,223.8,2425
2026-01-21T07:00:00+00:00,223.9,223.9,222.5,223.05,25007
2026-01-21T08:00:00+00:00,223.1,223.8,222.75,223.55,15030
2026-01-21T09:00:00+00:00,223.55,224.45,223.35,223.9,15224
2026-01-21T10:00:00+00:00,223.85,225.8,223.7,225.2,39468
2026-01-21T11:00:00+00:00,225.2,226.3,225.15,225.8,35795
2026-01-21T12:00:00+00:00,225.9,227.3,225.75,227.15,38036
2026-01-21T13:00:00+00:00,227.15,229.15,227.0,228.8,76298
2026-01-21T14:00:00+00:00,228.8,228.95,228.2,228.45,38726
2026-01-21T15:00:00+00:00,228.5,228.75,228.0,228.3,39669
2026-01-21T16:00:00+00:00,228.3,228.5,227.1,227.35,28391
2026-01-21T17:00:00+00:00,227.4,227.4,227.1,227.4,8091
2026-01-21T18:00:00+00:00,227.35,227.4,227.05,227.3,5837
2026-01-21T19:00:00+00:00,227.25,228.65,227.25,228.55,8285
2026-01-21T20:00:00+00:00,228.55,229.0,226.85,227.75,18798
2026-01-22T03:00:00+00:00,227.8,227.8,227.8,227.8,28
2026-01-22T04:00:00+00:00,227.8,228.45,227.8,228.05,5241
2026-01-22T05:00:00+00:00,228.15,228.15,227.65,227.9,2840
2026-01-22T06:00:00+00:00,227.8,227.8,227.0,227.2,6707
2026-01-22T07:00:00+00:00,227.2,227.8,227.0,227.6,14809
2026-01-22T08:00:00+00:00,227.6,227.9,227.45,227.7,6226
2026-01-22T09:00:00+00:00,227.65,227.85,226.0,226.95,44094
2026-01-22T10:00:00+00:00,226.95,227.0,226.7,226.8,25514
2026-01-22T11:00:00+00:00,226.8,227.15,226.3,226.45,22843
2026-01-22T12:00:00+00:00,226.45,227.1,226.4,226.85,29725
2026-01-22T13:00:00+00:00,226.85,228.45,226.3,228.4,64503
2026-01-22T14:00:00+00:00,228.45,228.7,226.1,227.05,120972
2026-01-22T15:00:00+00:00,227.1,228.2,227.0,227.5,14309
2026-01-22T16:00:00+00:00,227.75,227.9,227.0,227.0,6827
2026-01-22T17:00:00+00:00,227.05,227.2,226.7,227.0,5933
2026-01-22T18:00:00+00:00,227.0,228.0,226.85,227.55,4928
2026-01-22T19:00:00+00:00,227.55,227.6,226.05,226.5,16488
2026-01-22T20:00:00+00:00,226.4,226.6,226.35,226.6,4534
2026-01-23T03:00:00+00:00,227.05,227.05,227.05,227.05,310
2026-01-23T04:00:00+00:00,226.6,227.45,226.35,227.15,8028
2026-01-23T05:00:00+00:00,227.15,227.7,226.95,227.7,1902
2026-01-23T06:00:00+00:00,227.7,227.7,226.6,226.85,7273
2026-01-23T07:00:00+00:00,226.9,227.65,225.7,226.3,39606
2026-01-23T08:00:00+00:00,226.3,227.3,226.3,226.7,18157
2026-01-23T09:00:00+00:00,226.75,226.85,226.25,226.25,12150
2026-01-23T10:00:00+00:00,226.25,226.35,225.9,226.0,15071
2026-01-23T11:00:00+00:00,226.05,226.3,225.6,225.65,13856
2026-01-23T12:00:00+00:00,225.65,226.25,225.4,225.85,20172
2026-01-23T13:00:00+00:00,225.9,226.45,225.4,225.45,16096
2026-01-23T14:00:00+00:00,225.45,226.1,225.45,225.85,16835
2026-01-23T15:00:00+00:00,225.85,226.2,225.85,226.15,4808
2026-01-23T16:00:00+00:00,226.15,226.4,226.0,226.25,3117
2026-01-23T17:00:00+00:00,226.2,227.3,226.1,226.6,12963
2026-01-23T18:00:00+00:00,226.75,227.2,226.55,226.6,7680
2026-01-23T19:00:00+00:00,226.6,226.9,226.4,226.85,3707
2026-01-23T20:00:00+00:00,226.8,226.8,226.55,226.6,2639
2026-01-23T23:00:00+00:00,226.15,227.8,226.05,226.6,169
2026-01-24T00:00:00+00:00,226.75,226.85,226.75,226.85,5
2026-01-24T01:00:00+00:00,226.4,226.8,226.4,226.4,48
2026-01-24T02:00:00+00:00,226.4,226.8,226.35,226.8,19
2026-01-24T03:00:00+00:00,226.35,226.7,226.3,226.3,13
2026-01-24T04:00:00+00:00,226.3,226.8,226.3,226.5,62
2026-01-24T05:00:00+00:00,226.5,226.8,226.35,226.8,68
2026-01-24T06:00:00+00:00,226.8,226.85,226.4,226.6,41
2026-01-24T07:00:00+00:00,226.6,227.7,226.5,227.05,6925
2026-01-24T08:00:00+00:00,227.1,227.1,226.9,226.9,2153
2026-01-24T09:00:00+00:00,227.0,227.0,226.5,226.8,2075
2026-01-24T10:00:00+00:00,226.8,226.85,226.15,226.45,14452
2026-01-24T11:00:00+00:00,226.35,226.5,226.3,226.35,1602
2026-01-24T12:00:00+00:00,226.35,226.65,225.55,226.5,10616
2026-01-24T13:00:00+00:00,226.45,226.95,226.25,226.3,2081
2026-01-24T14:00:00+00:00,226.3,226.7,226.25,226.4,1713
2026-01-24T15:00:00+00:00,226.4,226.8,226.3,226.7,1410
2026-01-24T16:00:00+00:00,227.95,228.2,226.45,226.85,205
2026-01-24T17:00:00+00:00,226.65,227.0,226.6,226.95,223
2026-01-24T18:00:00+00:00,226.6,227.0,226.15,226.95,78
2026-01-24T19:00:00+00:00,226.95,226.95,226.3,226.85,41
2026-01-24T20:00:00+00:00,226.6,226.6,226.15,226.6,17
2026-01-24T23:00:00+00:00,227.95,231.15,226.85,227.8,49
2026-01-25T00:00:00+00:00,227.1,227.85,227.05,227.05,23
2026-01-25T01:00:00+00:00,227.3,227.8,226.8,226.8,108
2026-01-25T02:00:00+00:00,227.15,227.15,226.8,227.1,35
2026-01-25T03:00:00+00:00,226.8,227.1,226.8,227.1,18
2026-01-25T04:00:00+00:00,227.05,227.1,226.75,226.75,31
2026-01-25T05:00:00+00:00,226.75,227.05,226.75,226.75,33
2026-01-25T06:00:00+00:00,227.05,227.1,226.75,226.75,117
2026-01-25T07:00:00+00:00,226.75,227.35,226.3,226.95,2191
2026-01-25T08:00:00+00:00,227.0,227.3,226.9,226.95,2622
2026-01-25T09:00:00+00:00,226.95,228.0,226.95,227.65,9481
2026-01-25T10:00:00+00:00,227.65,227.8,227.25,227.25,3771
2026-01-25T11:00:00+00:00,227.25,227.45,227.1,227.3,2706
2026-01-25T12:00:00+00:00,227.35,227.7,227.1,227.25,4957
2026-01-25T13:00:00+00:00,227.25,227.3,226.95,227.2,3589
2026-01-25T14:00:00+00:00,227.1,228.0,226.9,227.5,5108
2026-01-25T15:00:00+00:00,227.45,227.6,227.3,227.35,2339
2026-01-25T16:00:00+00:00,226.85,228.35,225.7,227.2,236
2026-01-25T17:00:00+00:00,227.25,227.75,226.5,227.75,132
2026-01-25T18:00:00+00:00,227.4,227.75,227.35,227.4,62
2026-01-25T19:00:00+00:00,227.4,228.2,227.4,227.9,94
2026-01-25T20:00:00+00:00,227.4,227.95,227.35,227.45,66
2026-01-26T03:00:00+00:00,227.35,227.35,227.35,227.35,22
2026-01-26T04:00:00+00:00,227.25,227.9,227.2,227.35,3687
2026-01-26T05:00:00+00:00,227.35,227.4,227.3,227.4,2125
2026-01-26T06:00:00+00:00,227.3,227.3,225.7,226.6,26905
2026-01-26T07:00:00+00:00,226.6,227.45,226.25,226.35,21735
2026-01-26T08:00:00+00:00,226.35,227.2,226.1,227.05,16128
2026-01-26T09:00:00+00:00,227.05,227.3,226.25,226.35,17590
2026-01-26T10:00:00+00:00,226.3,227.5,226.2,226.65,39417
2026-01-26T11:00:00+00:00,226.7,226.85,225.9,225.95,10255
2026-01-26T12:00:00+00:00,225.9,226.3,225.3,225.85,11491
2026-01-26T13:00:00+00:00,225.9,227.4,225.75,227.35,15106
2026-01-26T14:00:00+00:00,227.35,227.5,226.65,226.75,14602
2026-01-26T15:00:00+00:00,226.8,227.0,226.55,227.0,9759
2026-01-26T16:00:00+00:00,227.0,227.0,226.5,226.8,3587
2026-01-26T17:00:00+00:00,226.85,227.0,226.7,226.8,4645
2026-01-26T18:00:00+00:00,226.8,227.0,226.45,226.5,11808
2026-01-26T19:00:00+00:00,226.5,226.8,226.3,226.4,1975
2026-01-26T20:00:00+00:00,226.35,226.8,226.3,226.8,1709
2026-01-27T03:00:00+00:00,226.65,226.65,226.65,226.65,21
2026-01-27T04:00:00+00:00,227.0,227.45,226.65,226.9,2836
2026-01-27T05:00:00+00:00,227.0,227.3,226.9,227.3,1813
2026-01-27T06:00:00+00:00,227.3,227.4,227.0,227.15,2790
2026-01-27T07:00:00+00:00,227.15,227.4,226.55,226.75,7506
2026-01-27T08:00:00+00:00,226.75,228.0,226.05,227.5,47385
2026-01-27T09:00:00+00:00,227.55,227.7,226.85,227.15,14930
2026-01-27T10:00:00+00:00,227.15,227.7,226.85,227.45,11529
2026-01-27T11:00:00+00:00,227.4,228.7,227.35,228.6,39326
2026-01-27T12:00:00+00:00,228.6,229.0,228.05,228.35,53066
2026-01-27T13:00:00+00:00,228.35,229.1,228.2,229.05,21494
2026-01-27T14:00:00+00:00,229.05,229.5,228.8,229.4,40347
2026-01-27T15:00:00+00:00,229.3,229.55,229.0,229.5,17903
2026-01-27T16:00:00+00:00,229.45,229.5,229.05,229.05,6937
2026-01-27T17:00:00+00:00,229.15,229.45,229.0,229.45,3646
2026-01-27T18:00:00+00:00,229.45,229.45,229.2,229.3,2735
2026-01-27T19:00:00+00:00,229.35,229.5,229.25,229.5,3863
2026-01-27T20:00:00+00:00,229.45,229.65,229.25,229.25,4789
2026-01-28T03:00:00+00:00,229.3,229.3,229.3,229.3,8
2026-01-28T04:00:00+00:00,229.4,230.0,229.3,229.65,4976
2026-01-28T05:00:00+00:00,229.65,229.95,229.45,229.85,3541
2026-01-28T06:00:00+00:00,229.7,229.95,229.2,229.85,4777
2026-01-28T07:00:00+00:00,229.85,230.95,229.3,229.5,33042
2026-01-28T08:00:00+00:00,229.5,229.9,227.15,227.2,51370
2026-01-28T09:00:00+00:00,227.25,227.35,226.6,226.85,36298
2026-01-28T10:00:00+00:00,226.85,227.35,226.6,227.3,27725
2026-01-28T11:00:00+00:00,227.25,227.35,226.6,226.65,22921
2026-01-28T12:00:00+00:00,226.65,226.9,225.85,226.55,42143
2026-01-28T13:00:00+00:00,226.55,227.0,225.85,226.65,28301
2026-01-28T14:00:00+00:00,226.65,227.75,226.25,227.5,46205
2026-01-28T15:00:00+00:00,227.45,228.05,227.3,227.8,17896
2026-01-28T16:00:00+00:00,227.6,227.85,226.8,227.25,5600
2026-01-28T17:00:00+00:00,227.25,227.4,227.15,227.25,2208
2026-01-28T18:00:00+00:00,227.3,227.5,226.9,227.1,5307
2026-01-28T19:00:00+00:00,227.1,227.1,226.95,227.0,985
2026-01-28T20:00:00+00:00,227.0,227.15,226.85,227.05,4656
2026-01-29T03:00:00+00:00,226.85,226.85,226.85,226.85,19
2026-01-29T04:00:00+00:00,226.85,227.55,226.8,227.3,4017
2026-01-29T05:00:00+00:00,227.35,227.35,226.2,226.65,14286
2026-01-29T06:00:00+00:00,226.75,226.8,225.5,226.5,41133
2026-01-29T07:00:00+00:00,226.55,227.8,226.4,227.15,49869
2026-01-29T08:00:00+00:00,227.15,227.75,226.8,227.15,21500
2026-01-29T09:00:00+00:00,227.2,227.55,226.75,226.8,15570
2026-01-29T10:00:00+00:00,226.8,228.6,226.8,227.55,37804
2026-01-29T11:00:00+00:00,227.55,228.1,227.4,228.1,9948
2026-01-29T12:00:00+00:00,228.05,228.2,227.7,227.85,21084
2026-01-29T13:00:00+00:00,227.9,228.45,227.6,227.95,21713
2026-01-29T14:00:00+00:00,227.95,228.45,227.7,228.1,16630
2026-01-29T15:00:00+00:00,228.05,228.1,226.0,226.7,58020
2026-01-29T16:00:00+00:00,226.7,227.1,226.0,226.8,10903
2026-01-29T17:00:00+00:00,226.9,227.95,226.1,226.35,15391
2026-01-29T18:00:00+00:00,226.35,226.85,225.9,226.6,10246
2026-01-29T19:00:00+00:00,226.65,227.15,226.25,227.1,3062
2026-01-29T20:00:00+00:00,227.05,227.15,226.45,226.9,4723
2026-01-30T03:00:00+00:00,227.8,227.8,227.8,227.8,410
2026-01-30T04:00:00+00:00,227.05,227.65,226.25,226.75,7371
2026-01-30T05:00:00+00:00,226.9,227.6,226.65,227.45,2593
2026-01-30T06:00:00+00:00,227.45,228.2,227.2,227.7,8991
2026-01-30T07:00:00+00:00,227.85,227.9,226.4,226.7,23469
2026-01-30T08:00:00+00:00,226.7,227.35,226.35,227.25,38774
2026-01-30T09:00:00+00:00,227.25,227.8,226.6,227.35,51438
2026-01-30T10:00:00+00:00,227.4,227.65,226.75,226.85,29814
2026-01-30T11:00:00+00:00,226.85,227.0,226.75,227.0,11092
2026-01-30T12:00:00+00:00,227.0,227.0,226.8,226.95,9027
2026-01-30T13:00:00+00:00,226.95,227.0,226.85,227.0,9758
2026-01-30T14:00:00+00:00,227.0,227.0,226.8,226.9,11329
2026-01-30T15:00:00+00:00,226.95,226.95,226.5,226.65,10536
2026-01-30T16:00:00+00:00,226.85,226.95,226.5,226.55,3140
2026-01-30T17:00:00+00:00,226.55,226.75,226.5,226.6,3097
2026-01-30T18:00:00+00:00,226.6,227.0,226.1,226.4,10099
2026-01-30T19:00:00+00:00,226.5,226.85,226.15,226.6,4292
2026-01-30T20:00:00+00:00,226.7,227.0,226.55,226.75,2795
2026-01-30T23:00:00+00:00,226.4,228.55,226.2,226.95,77
2026-01-31T00:00:00+00:00,226.95,226.95,226.3,226.65,14
2026-01-31T01:00:00+00:00,226.85,227.0,226.85,227.0,18
2026-01-31T03:00:00+00:00,227.8,227.8,226.55,227.0,11
2026-01-31T04:00:00+00:00,226.75,227.4,226.55,226.55,27
2026-01-31T05:00:00+00:00,226.75,226.8,226.5,226.75,98
2026-01-31T06:00:00+00:00,226.75,227.2,226.15,227.2,275
2026-01-31T07:00:00+00:00,227.25,227.65,226.8,227.4,1784
2026-01-31T08:00:00+00:00,227.4,227.5,227.15,227.15,960
2026-01-31T09:00:00+00:00,227.15,227.25,227.05,227.2,808
2026-01-31T10:00:00+00:00,227.2,227.2,226.8,226.95,1706
2026-01-31T11:00:00+00:00,226.95,227.2,226.8,227.05,879
2026-01-31T12:00:00+00:00,227.15,227.35,227.0,227.3,511
2026-01-31T13:00:00+00:00,227.2,227.4,226.95,227.2,1887
2026-01-31T14:00:00+00:00,227.2,227.2,226.9,227.05,379
2026-01-31T15:00:00+00:00,227.05,227.2,226.9,227.0,900
2026-01-31T16:00:00+00:00,227.55,227.55,226.05,226.8,124
2026-01-31T17:00:00+00:00,226.8,227.95,226.4,227.0,204
2026-01-31T18:00:00+00:00,227.05,227.5,226.35,226.65,65
2026-01-31T19:00:00+00:00,227.3,227.35,226.6,227.0,23
2026-01-31T20:00:00+00:00,226.6,227.35,226.5,226.5,125
2026-01-31T23:00:00+00:00,227.5,227.5,227.5,227.5,9
2026-02-01T00:00:00+00:00,227.25,227.4,226.9,227.4,3
2026-02-01T01:00:00+00:00,226.75,227.3,226.75,226.85,6
2026-02-01T02:00:00+00:00,227.3,227.35,226.8,227.35,37
2026-02-01T03:00:00+00:00,227.35,227.35,226.85,226.85,16
2026-02-01T04:00:00+00:00,227.3,227.45,226.85,226.85,23
2026-02-01T05:00:00+00:00,227.35,227.45,226.95,226.95,17
2026-02-01T06:00:00+00:00,227.05,227.3,226.9,226.95,53
2026-02-01T07:00:00+00:00,226.8,227.25,226.8,227.25,475
2026-02-01T08:00:00+00:00,227.2,227.3,227.0,227.1,901
2026-02-01T09:00:00+00:00,227.05,227.5,227.05,227.1,2039
2026-02-01T10:00:00+00:00,227.15,227.7,227.1,227.6,4103
2026-02-01T11:00:00+00:00,227.6,227.85,227.35,227.55,3555
2026-02-01T12:00:00+00:00,227.55,227.65,227.25,227.35,790
2026-02-01T13:00:00+00:00,227.35,227.45,227.15,227.25,983
2026-02-01T14:00:00+00:00,227.25,227.4,227.05,227.4,1446
2026-02-01T15:00:00+00:00,227.35,227.4,227.05,227.3,989
2026-02-01T16:00:00+00:00,228.3,228.3,226.8,226.8,112
2026-02-01T17:00:00+00:00,227.0,227.45,226.8,226.85,121
2026-02-01T18:00:00+00:00,226.9,228.25,226.8,228.25,298
2026-02-01T19:00:00+00:00,228.25,228.25,227.0,227.85,111
2026-02-01T20:00:00+00:00,227.45,227.85,227.45,227.45,45
2026-02-02T03:00:00+00:00,227.3,227.3,227.3,227.3,5
2026-02-02T04:00:00+00:00,227.35,228.45,226.85,227.1,11432
2026-02-02T05:00:00+00:00,227.1,227.4,226.65,227.3,4500
2026-02-02T06:00:00+00:00,227.3,227.55,226.35,226.85,16422
2026-02-02T07:00:00+00:00,226.75,226.9,224.7,225.6,44208
2026-02-02T08:00:00+00:00,225.5,225.5,224.15,224.7,33315
2026-02-02T09:00:00+00:00,224.75,226.1,224.35,226.1,29710
2026-02-02T10:00:00+00:00,226.1,226.35,225.65,225.75,15673
2026-02-02T11:00:00+00:00,225.75,225.95,225.15,225.3,15788
2026-02-02T12:00:00+00:00,225.35,226.15,225.15,225.75,16714
2026-02-02T13:00:00+00:00,225.7,225.85,225.05,225.45,15298
2026-02-02T14:00:00+00:00,225.45,226.2,224.95,225.85,18433
2026-02-02T15:00:00+00:00,225.9,226.5,224.95,225.1,37401
2026-02-02T16:00:00+00:00,225.3,226.0,224.95,225.35,11671
2026-02-02T17:00:00+00:00,225.5,225.95,225.2,225.65,7272
2026-02-02T18:00:00+00:00,225.65,225.65,225.2,225.5,3632
2026-02-02T19:00:00+00:00,225.4,226.25,225.4,225.95,9708
2026-02-02T20:00:00+00:00,225.9,226.05,225.35,225.8,4522
2026-02-03T03:00:00+00:00,225.5,225.5,225.5,225.5,7
2026-02-03T04:00:00+00:00,226.2,226.35,225.45,226.25,1629
2026-02-03T05:00:00+00:00,226.1,226.3,225.85,226.05,1210
2026-02-03T06:00:00+00:00,226.05,226.05,225.4,225.65,3708
2026-02-03T07:00:00+00:00,225.85,226.7,225.7,226.2,21819
2026-02-03T08:00:00+00:00,226.15,227.9,225.9,227.5,36552
2026-02-03T09:00:00+00:00,227.5,227.95,226.9,227.7,38600
2026-02-03T10:00:00+00:00,227.8,228.45,227.7,228.0,35753
2026-02-03T11:00:00+00:00,228.0,228.0,227.2,227.6,17553
2026-02-03T12:00:00+00:00,227.6,227.95,227.55,227.9,14893
2026-02-03T13:00:00+00:00,227.9,227.9,227.5,227.85,17667
2026-02-03T14:00:00+00:00,227.85,227.9,227.55,227.65,19280
2026-02-03T15:00:00+00:00,227.65,229.0,227.55,229.0,42572
2026-02-03T16:00:00+00:00,228.7,228.9,227.2,228.55,17355
2026-02-03T17:00:00+00:00,228.6,228.85,227.85,228.1,6544
2026-02-03T18:00:00+00:00,228.0,228.5,227.75,228.4,3611
2026-02-03T19:00:00+00:00,228.4,228.55,228.0,228.2,1314
2026-02-03T20:00:00+00:00,228.2,228.35,227.7,227.7,3385
2026-02-04T03:00:00+00:00,227.7,227.7,227.7,227.7,16
2026-02-04T04:00:00+00:00,227.55,228.85,227.55,228.8,3474
2026-02-04T05:00:00+00:00,228.8,229.65,228.7,229.3,11356
2026-02-04T06:00:00+00:00,229.3,230.0,228.8,229.95,10616
2026-02-04T07:00:00+00:00,229.95,230.45,228.85,229.35,61948
2026-02-04T08:00:00+00:00,229.35,229.5,229.3,229.45,61825
2026-02-04T09:00:00+00:00,229.4,229.5,229.0,229.4,62734
2026-02-04T10:00:00+00:00,229.4,229.5,229.15,229.4,41713
2026-02-04T11:00:00+00:00,229.4,229.45,228.1,229.4,47365
2026-02-04T12:00:00+00:00,229.3,229.5,229.0,229.45,43885
2026-02-04T13:00:00+00:00,229.4,229.5,228.6,228.9,57237
2026-02-04T14:00:00+00:00,228.85,229.0,228.85,229.0,40488
2026-02-04T15:00:00+00:00,228.95,229.6,228.85,228.85,54544
2026-02-04T16:00:00+00:00,228.85,228.9,228.05,228.35,15594
2026-02-04T17:00:00+00:00,228.35,228.45,227.0,227.55,18959
2026-02-04T18:00:00+00:00,227.45,227.6,226.9,227.55,16002
2026-02-04T19:00:00+00:00,227.55,227.9,227.5,227.65,2547
2026-02-04T20:00:00+00:00,227.7,227.7,227.15,227.5,3113
2026-02-05T03:00:00+00:00,228.0,228.0,228.0,228.0,20
2026-02-05T04:00:00+00:00,228.0,228.25,227.1,227.6,4097
2026-02-05T05:00:00+00:00,227.6,227.75,226.8,226.95,6787
2026-02-05T06:00:00+00:00,226.95,227.4,226.6,226.9,6088
2026-02-05T07:00:00+00:00,226.8,227.45,225.75,227.05,41261
2026-02-05T08:00:00+00:00,227.0,227.75,226.35,226.65,12016
2026-02-05T09:00:00+00:00,226.65,226.85,225.85,226.0,14583
2026-02-05T10:00:00+00:00,226.0,226.35,224.65,224.7,37870
2026-02-05T11:00:00+00:00,224.7,226.0,223.4,223.5,73862
2026-02-05T12:00:00+00:00,223.45,223.9,223.0,223.3,48080
2026-02-05T13:00:00+00:00,223.35,224.2,223.2,223.85,32694
2026-02-05T14:00:00+00:00,223.85,225.0,223.35,224.3,43625
2026-02-05T15:00:00+00:00,224.35,224.9,224.2,224.4,13829
2026-02-05T16:00:00+00:00,224.6,224.75,224.0,224.4,4680
2026-02-05T17:00:00+00:00,224.3,224.7,224.15,224.7,3010
2026-02-05T18:00:00+00:00,224.6,224.8,224.4,224.55,2515
2026-02-05T19:00:00+00:00,224.55,224.9,224.5,224.7,1789
2026-02-05T20:00:00+00:00,224.6,224.95,224.5,224.55,2290
2026-02-06T03:00:00+00:00,224.55,224.55,224.55,224.55,62
2026-02-06T04:00:00+00:00,225.0,225.85,224.55,225.3,2854
2026-02-06T05:00:00+00:00,225.35,225.65,225.2,225.65,1330
2026-02-06T06:00:00+00:00,225.6,225.6,224.65,225.0,9741
2026-02-06T07:00:00+00:00,225.0,225.0,224.0,224.25,15006
2026-02-06T08:00:00+00:00,224.3,225.0,224.25,225.0,11229
2026-02-06T09:00:00+00:00,225.0,225.0,224.3,224.65,8778
2026-02-06T10:00:00+00:00,224.55,224.9,223.45,223.75,34646
2026-02-06T11:00:00+00:00,223.7,224.35,223.5,224.2,22930
2026-02-06T12:00:00+00:00,224.25,224.7,223.7,223.85,10941
2026-02-06T13:00:00+00:00,223.85,224.15,222.75,222.8,47472
2026-02-06T14:00:00+00:00,222.8,222.95,222.5,222.55,16947
2026-02-06T15:00:00+00:00,222.55,223.35,222.5,222.9,20700
2026-02-06T16:00:00+00:00,223.1,223.35,222.8,223.25,2366
2026-02-06T17:00:00+00:00,223.3,223.55,223.1,223.45,3143
2026-02-06T18:00:00+00:00,223.45,223.45,223.3,223.4,469
2026-02-06T19:00:00+00:00,223.4,223.5,223.1,223.5,1440
2026-02-06T20:00:00+00:00,223.4,223.6,223.0,223.5,2515
2026-02-06T23:00:00+00:00,223.5,224.05,222.9,224.05,11
2026-02-07T00:00:00+00:00,223.65,223.85,223.65,223.85,5
2026-02-07T01:00:00+00:00,224.0,224.0,223.0,223.05,11
2026-02-07T02:00:00+00:00,223.3,223.65,223.3,223.45,7
2026-02-07T03:00:00+00:00,223.45,223.95,223.45,223.95,2
2026-02-07T04:00:00+00:00,223.85,224.15,223.5,224.1,142
2026-02-07T05:00:00+00:00,224.05,224.15,223.5,223.55,81
2026-02-07T06:00:00+00:00,224.1,224.35,223.25,223.5,68
2026-02-07T07:00:00+00:00,223.5,224.0,223.3,223.9,1818
2026-02-07T08:00:00+00:00,223.9,223.95,223.7,223.8,1187
2026-02-07T09:00:00+00:00,223.8,223.95,223.7,223.85,882
2026-02-07T10:00:00+00:00,223.85,223.9,223.75,223.8,471
2026-02-07T11:00:00+00:00,223.9,223.95,223.75,223.9,743
2026-02-07T12:00:00+00:00,223.9,223.9,223.65,223.85,886
2026-02-07T13:00:00+00:00,223.85,223.9,223.75,223.85,639
2026-02-07T14:00:00+00:00,223.85,223.9,223.8,223.9,822
2026-02-07T15:00:00+00:00,223.85,223.95,223.8,223.9,3375
2026-02-07T16:00:00+00:00,229.8,229.8,223.1,223.1,125
2026-02-07T17:00:00+00:00,223.2,223.85,223.1,223.55,68
2026-02-07T18:00:00+00:00,223.45,224.0,223.2,223.95,111
2026-02-07T19:00:00+00:00,223.9,224.0,223.25,223.35,29
2026-02-07T20:00:00+00:00,223.35,226.0,223.35,223.9,184
2026-02-07T23:00:00+00:00,227.25,227.25,224.25,224.8,90
2026-02-08T00:00:00+00:00,224.8,224.95,224.2,224.85,17
2026-02-08T01:00:00+00:00,224.85,224.85,224.85,224.85,1
2026-02-08T02:00:00+00:00,224.8,224.8,224.35,224.35,3
2026-02-08T03:00:00+00:00,224.3,224.3,224.25,224.25,10
2026-02-08T04:00:00+00:00,224.3,224.75,224.3,224.75,18
2026-02-08T05:00:00+00:00,224.3,224.7,224.25,224.5,20
2026-02-08T06:00:00+00:00,224.7,224.75,224.0,224.0,57
2026-02-08T07:00:00+00:00,224.2,224.35,223.95,224.1,1288
2026-02-08T08:00:00+00:00,224.15,224.2,224.0,224.1,1067
2026-02-08T09:00:00+00:00,224.15,224.2,223.9,224.05,956
2026-02-08T10:00:00+00:00,224.0,224.0,223.0,223.1,8475
2026-02-08T11:00:00+00:00,223.1,223.1,222.55,222.7,3178
2026-02-08T12:00:00+00:00,222.75,222.85,222.6,222.6,1181
2026-02-08T13:00:00+00:00,222.6,222.95,222.55,222.8,1999
2026-02-08T14:00:00+00:00,222.8,222.85,222.7,222.85,1477
2026-02-08T15:00:00+00:00,222.75,223.0,222.65,222.95,1493
2026-02-08T16:00:00+00:00,223.0,223.65,221.8,223.65,140
2026-02-08T17:00:00+00:00,223.35,223.7,222.65,223.5,165
2026-02-08T18:00:00+00:00,223.5,223.5,221.6,221.6,640
2026-02-08T19:00:00+00:00,222.6,222.75,222.0,222.75,79
2026-02-08T20:00:00+00:00,222.7,222.7,222.1,222.6,37
2026-02-09T03:00:00+00:00,222.75,222.75,222.75,222.75,57
2026-02-09T04:00:00+00:00,222.8,223.15,221.85,222.15,5556
2026-02-09T05:00:00+00:00,222.15,224.4,222.05,222.75,10502
2026-02-09T06:00:00+00:00,222.7,222.75,222.2,222.4,4610
2026-02-09T07:00:00+00:00,222.3,222.9,221.45,222.8,30466
2026-02-09T08:00:00+00:00,222.8,224.0,222.6,224.0,20815
2026-02-09T09:00:00+00:00,224.0,224.35,223.65,223.9,12822
2026-02-09T10:00:00+00:00,223.8,224.2,222.75,224.05,24049
2026-02-09T11:00:00+00:00,224.05,224.15,222.5,222.5,17939
2026-02-09T12:00:00+00:00,222.55,222.7,221.8,221.85,23830
2026-02-09T13:00:00+00:00,221.85,222.0,221.25,221.55,35046
2026-02-09T14:00:00+00:00,221.55,221.6,220.7,221.0,40850
2026-02-09T15:00:00+00:00,220.95,221.0,220.1,220.5,31556
2026-02-09T16:00:00+00:00,220.55,221.35,220.55,221.0,6112
2026-02-09T17:00:00+00:00,221.1,221.25,220.9,221.1,3471
2026-02-09T18:00:00+00:00,221.0,221.55,221.0,221.1,6839
2026-02-09T19:00:00+00:00,221.1,221.35,221.0,221.15,1997
2026-02-09T20:00:00+00:00,221.15,221.35,220.9,221.35,2389
2026-02-10T03:00:00+00:00,221.35,221.35,221.35,221.35,2
2026-02-10T04:00:00+00:00,221.35,222.3,221.1,222.05,2319
2026-02-10T05:00:00+00:00,222.05,222.1,221.9,222.05,797
2026-02-10T06:00:00+00:00,222.0,222.0,221.45,221.9,1926
2026-02-10T07:00:00+00:00,221.9,223.85,221.4,222.5,35238
2026-02-10T08:00:00+00:00,222.45,222.55,221.25,221.4,40322
2026-02-10T09:00:00+00:00,221.4,221.55,220.9,221.5,44332
2026-02-10T10:00:00+00:00,221.5,221.5,220.65,220.75,24030
2026-02-10T11:00:00+00:00,220.75,220.95,220.1,220.3,36210
2026-02-10T12:00:00+00:00,220.3,221.15,220.25,221.1,19718
2026-02-10T13:00:00+00:00,221.1,221.65,220.5,220.9,58296
2026-02-10T14:00:00+00:00,220.9,220.9,219.35,219.4,59228
2026-02-10T15:00:00+00:00,219.35,220.5,219.35,220.3,17756
2026-02-10T16:00:00+00:00,220.3,220.45,219.95,220.25,3940
2026-02-10T17:00:00+00:00,220.25,220.25,219.4,219.85,4322
2026-02-10T18:00:00+00:00,219.95,220.1,219.75,220.0,1426
2026-02-10T19:00:00+00:00,220.1,220.15,219.7,219.95,1763
2026-02-10T20:00:00+00:00,219.85,220.2,219.7,220.2,3248
2026-02-11T03:00:00+00:00,220.2,220.2,220.2,220.2,5
2026-02-11T04:00:00+00:00,220.2,220.75,220.2,220.75,1695
2026-02-11T05:00:00+00:00,220.8,221.5,220.75,221.4,4338
2026-02-11T06:00:00+00:00,221.4,221.75,221.1,221.65,10938
2026-02-11T07:00:00+00:00,221.65,221.85,220.6,221.6,21097
2026-02-11T08:00:00+00:00,221.65,221.7,221.25,221.4,17948
2026-02-11T09:00:00+00:00,221.5,221.7,220.85,221.3,38477
2026-02-11T10:00:00+00:00,221.35,221.5,221.15,221.5,13873
2026-02-11T11:00:00+00:00,221.5,221.95,221.4,221.95,29940
2026-02-11T12:00:00+00:00,221.95,222.95,221.9,222.6,35612
2026-02-11T13:00:00+00:00,222.6,223.0,222.3,222.8,23447
2026-02-11T14:00:00+00:00,222.8,223.15,222.5,222.6,14754
2026-02-11T15:00:00+00:00,222.6,222.7,221.15,221.75,14213
2026-02-11T16:00:00+00:00,221.65,222.2,221.5,222.2,8296
2026-02-11T17:00:00+00:00,222.2,222.45,221.85,222.1,3333
2026-02-11T18:00:00+00:00,222.0,222.1,221.5,221.7,4021
2026-02-11T19:00:00+00:00,221.65,221.8,221.5,221.8,1417
2026-02-11T20:00:00+00:00,221.8,221.8,221.2,221.45,5465
2026-02-12T03:00:00+00:00,222.0,222.0,222.0,222.0,205
2026-02-12T04:00:00+00:00,222.0,222.45,221.3,221.95,1411
2026-02-12T05:00:00+00:00,221.95,222.3,221.8,222.2,1229
2026-02-12T06:00:00+00:00,222.2,222.2,221.65,221.95,1453
2026-02-12T07:00:00+00:00,221.9,223.9,221.7,223.65,34738
2026-02-12T08:00:00+00:00,223.7,225.2,223.7,224.7,34770
2026-02-12T09:00:00+00:00,224.7,225.15,224.5,225.15,20651
2026-02-12T10:00:00+00:00,225.15,226.0,225.0,225.35,37618
2026-02-12T11:00:00+00:00,225.4,225.85,225.3,225.75,25809
2026-02-12T12:00:00+00:00,225.75,225.85,225.65,225.85,21697
2026-02-12T13:00:00+00:00,225.85,226.5,225.05,225.85,36204
2026-02-12T14:00:00+00:00,225.9,226.2,225.4,226.05,22992
2026-02-12T15:00:00+00:00,226.0,226.15,225.8,225.8,9731
2026-02-12T16:00:00+00:00,225.75,225.95,225.0,225.3,8464
2026-02-12T17:00:00+00:00,225.2,225.4,225.1,225.15,2084
2026-02-12T18:00:00+00:00,225.15,225.2,224.85,225.0,4111
2026-02-12T19:00:00+00:00,225.1,225.2,224.4,224.65,14813
2026-02-12T20:00:00+00:00,224.65,224.65,224.2,224.65,4575
2026-02-13T03:00:00+00:00,225.0,225.0,225.0,225.0,22
2026-02-13T04:00:00+00:00,225.15,225.15,224.65,224.7,1534
2026-02-13T05:00:00+00:00,224.7,225.0,224.7,224.85,3757
2026-02-13T06:00:00+00:00,224.9,225.0,223.55,224.0,13703
2026-02-13T07:00:00+00:00,224.0,224.25,221.6,223.55,37972
2026-02-13T08:00:00+00:00,223.5,224.25,223.5,223.75,12167
2026-02-13T09:00:00+00:00,223.9,224.55,223.0,223.7,19981
2026-02-13T10:00:00+00:00,223.6,228.95,222.95,228.2,148129
2026-02-13T11:00:00+00:00,228.25,228.35,226.85,227.0,54395
2026-02-13T12:00:00+00:00,227.1,229.0,226.85,227.85,56520
2026-02-13T13:00:00+00:00,227.8,229.0,227.7,228.0,42041
2026-02-13T14:00:00+00:00,228.0,228.7,227.6,228.55,28080
2026-02-13T15:00:00+00:00,228.55,228.75,227.9,227.9,25336
2026-02-13T16:00:00+00:00,227.9,228.0,227.85,228.0,6489
2026-02-13T17:00:00+00:00,227.95,229.0,227.85,228.85,20779
2026-02-13T18:00:00+00:00,228.8,229.6,228.8,229.4,18123
2026-02-13T19:00:00+00:00,229.4,229.65,229.25,229.3,7704
2026-02-13T20:00:00+00:00,229.45,229.7,229.25,229.5,7944
2026-02-13T23:00:00+00:00,227.8,233.9,227.8,228.75,55
2026-02-14T00:00:00+00:00,229.2,229.45,228.75,228.75,29
2026-02-14T01:00:00+00:00,228.85,229.5,228.75,228.85,22
2026-02-14T02:00:00+00:00,229.15,229.4,228.8,229.0,16
2026-02-14T03:00:00+00:00,229.2,229.55,228.9,229.55,51
2026-02-14T04:00:00+00:00,229.55,229.8,228.7,229.8,182
2026-02-14T05:00:00+00:00,229.8,229.8,228.85,229.75,94
2026-02-14T06:00:00+00:00,229.75,229.9,229.05,229.4,293
2026-02-14T07:00:00+00:00,229.4,229.45,228.85,229.35,243
2026-02-14T08:00:00+00:00,229.35,229.5,228.9,229.45,177
2026-02-14T09:00:00+00:00,229.45,229.7,228.95,229.45,431
2026-02-14T10:00:00+00:00,229.5,229.5,228.95,229.45,119
2026-02-14T11:00:00+00:00,229.45,229.5,229.05,229.4,167
2026-02-14T12:00:00+00:00,229.4,229.45,228.9,228.9,324
2026-02-14T13:00:00+00:00,229.2,229.5,229.05,229.45,90
2026-02-14T14:00:00+00:00,229.45,229.45,228.9,229.0,396
2026-02-14T15:00:00+00:00,229.4,229.45,228.9,229.35,175
2026-02-14T16:00:00+00:00,229.0,229.4,228.95,229.0,36
2026-02-14T17:00:00+00:00,229.25,229.3,229.0,229.25,36
2026-02-14T18:00:00+00:00,229.25,229.65,228.9,229.15,371
2026-02-14T19:00:00+00:00,229.15,229.7,228.9,228.9,77
2026-02-14T20:00:00+00:00,228.95,229.25,228.75,228.8,226
2026-02-14T23:00:00+00:00,228.85,229.4,228.85,229.35,10
2026-02-15T00:00:00+00:00,229.45,229.5,229.45,229.5,4
2026-02-15T01:00:00+00:00,229.5,229.65,229.35,229.35,12
2026-02-15T02:00:00+00:00,229.35,229.65,229.35,229.65,47
2026-02-15T03:00:00+00:00,229.4,229.4,229.35,229.35,5
2026-02-15T04:00:00+00:00,229.5,229.55,229.35,229.4,19
2026-02-15T05:00:00+00:00,229.35,229.7,229.35,229.5,76
2026-02-15T06:00:00+00:00,229.65,229.7,229.35,229.7,138
2026-02-15T07:00:00+00:00,229.7,229.7,228.9,229.35,195
2026-02-15T08:00:00+00:00,228.95,229.45,228.95,228.95,67
2026-02-15T09:00:00+00:00,228.95,229.45,228.95,229.0,117
2026-02-15T10:00:00+00:00,229.45,229.8,229.0,229.1,275
2026-02-15T11:00:00+00:00,229.15,229.85,229.1,229.45,75
2026-02-15T12:00:00+00:00,229.2,229.35,228.9,229.15,115
2026-02-15T13:00:00+00:00,229.0,229.85,229.0,229.85,206
2026-02-15T14:00:00+00:00,229.45,229.7,228.8,229.5,216
2026-02-15T15:00:00+00:00,229.45,230.2,228.9,229.55,393
2026-02-15T16:00:00+00:00,229.55,230.0,229.5,230.0,63
2026-02-15T17:00:00+00:00,229.6,230.4,229.55,229.95,384
2026-02-15T18:00:00+00:00,229.65,230.0,229.35,229.35,555
2026-02-15T19:00:00+00:00,229.85,229.95,229.4,229.95,269
2026-02-15T20:00:00+00:00,229.9,230.0,229.45,230.0,71
2026-02-16T03:00:00+00:00,229.55,229.55,229.55,229.55,251
2026-02-16T04:00:00+00:00,229.6,230.7,229.35,230.4,24512
2026-02-16T05:00:00+00:00,230.4,230.7,229.95,230.35,8775
2026-02-16T06:00:00+00:00,230.25,230.25,228.5,229.2,16705
2026-02-16T07:00:00+00:00,229.2,231.9,228.65,230.1,64589
2026-02-16T08:00:00+00:00,230.05,230.65,229.75,230.1,29375
2026-02-16T09:00:00+00:00,230.05,231.0,229.75,230.1,40707
2026-02-16T10:00:00+00:00,230.05,230.65,229.5,229.85,55624
2026-02-16T11:00:00+00:00,229.85,230.0,227.65,228.25,36826
2026-02-16T12:00:00+00:00,228.25,228.95,228.0,228.05,30643
2026-02-16T13:00:00+00:00,228.05,228.9,228.0,228.3,19716
2026-02-16T14:00:00+00:00,228.25,228.65,226.35,227.05,35982
2026-02-16T15:00:00+00:00,227.1,227.4,226.85,227.3,15656
2026-02-16T16:00:00+00:00,227.3,228.1,227.15,227.8,11451
2026-02-16T17:00:00+00:00,227.75,228.1,227.65,228.0,5672
2026-02-16T18:00:00+00:00,228.0,228.0,227.25,227.5,9272
2026-02-16T19:00:00+00:00,227.5,227.6,227.2,227.55,4258
2026-02-16T20:00:00+00:00,227.55,227.65,227.3,227.65,3005
2026-02-17T03:00:00+00:00,227.9,227.9,227.9,227.9,1
2026-02-17T04:00:00+00:00,227.9,228.2,227.65,227.95,2604
2026-02-17T05:00:00+00:00,228.1,229.25,227.9,228.45,14041
2026-02-17T06:00:00+00:00,228.4,228.8,228.0,228.6,5527
2026-02-17T07:00:00+00:00,228.65,229.2,227.1,227.9,32029
2026-02-17T08:00:00+00:00,227.8,228.4,227.3,227.9,14712
2026-02-17T09:00:00+00:00,227.95,228.25,227.55,227.65,14208
2026-02-17T10:00:00+00:00,227.65,227.75,227.55,227.65,16918
2026-02-17T11:00:00+00:00,227.65,227.75,227.5,227.5,13931
2026-02-17T12:00:00+00:00,227.55,227.55,226.0,226.1,29165
2026-02-17T13:00:00+00:00,226.15,226.5,226.0,226.4,12164
2026-02-17T14:00:00+00:00,226.4,226.95,225.9,226.85,39454
2026-02-17T15:00:00+00:00,226.9,227.6,226.75,226.9,26424
2026-02-17T16:00:00+00:00,226.95,227.25,226.9,227.0,2934
2026-02-17T17:00:00+00:00,226.95,227.65,226.95,227.15,3696
2026-02-17T18:00:00+00:00,227.25,227.5,226.45,227.0,4721
2026-02-17T19:00:00+00:00,227.15,227.25,226.95,227.15,1177
2026-02-17T20:00:00+00:00,227.05,227.2,226.6,226.6,3920
2026-02-18T03:00:00+00:00,226.55,226.55,226.55,226.55,5
2026-02-18T04:00:00+00:00,226.55,227.45,226.5,227.2,2931
2026-02-18T05:00:00+00:00,227.05,227.3,226.7,226.95,3296
2026-02-18T06:00:00+00:00,226.85,227.0,226.6,226.75,1915
2026-02-18T07:00:00+00:00,226.75,228.5,226.6,228.0,47319
2026-02-18T08:00:00+00:00,228.0,230.4,227.7,230.0,141511
2026-02-18T09:00:00+00:00,230.0,230.05,228.5,228.5,64064
2026-02-18T10:00:00+00:00,228.5,228.6,228.0,228.2,25860
2026-02-18T11:00:00+00:00,228.15,228.4,227.25,227.95,32805
2026-02-18T12:00:00+00:00,227.95,228.8,227.85,228.75,24456
2026-02-18T13:00:00+00:00,228.65,229.0,228.0,228.8,18979
2026-02-18T14:00:00+00:00,228.75,229.1,228.4,228.45,11943
2026-02-18T15:00:00+00:00,228.45,228.5,227.95,228.35,21914
2026-02-18T16:00:00+00:00,228.35,229.35,228.15,228.75,35883
2026-02-18T17:00:00+00:00,228.8,229.5,228.7,229.1,5159
2026-02-18T18:00:00+00:00,228.95,229.2,228.7,229.05,4584
2026-02-18T19:00:00+00:00,229.05,229.25,228.9,229.1,3399
2026-02-18T20:00:00+00:00,229.1,229.25,228.7,229.0,5089
2026-02-19T03:00:00+00:00,229.0,229.0,229.0,229.0,2
2026-02-19T04:00:00+00:00,229.0,230.1,229.0,230.0,7640
2026-02-19T05:00:00+00:00,230.0,230.5,229.6,230.15,8636
2026-02-19T06:00:00+00:00,230.15,230.4,229.6,230.3,5361
2026-02-19T07:00:00+00:00,230.3,231.95,230.15,231.85,44425
2026-02-19T08:00:00+00:00,231.85,233.95,231.55,233.4,86944
2026-02-19T09:00:00+00:00,233.4,233.5,232.2,232.35,35239
2026-02-19T10:00:00+00:00,232.4,232.55,231.75,232.05,22997
2026-02-19T11:00:00+00:00,232.15,233.0,231.85,232.15,19310
2026-02-19T12:00:00+00:00,232.1,232.25,231.0,231.2,15841
2026-02-19T13:00:00+00:00,231.2,233.0,230.55,232.55,43657
2026-02-19T14:00:00+00:00,232.55,233.0,232.5,232.6,32149
2026-02-19T15:00:00+00:00,232.55,233.45,232.5,232.9,22555
2026-02-19T16:00:00+00:00,232.8,233.1,232.6,232.95,4411
2026-02-19T17:00:00+00:00,232.95,233.1,232.75,232.8,3293
2026-02-19T18:00:00+00:00,232.9,233.4,232.8,232.85,6692
2026-02-19T19:00:00+00:00,233.0,233.35,232.65,232.75,10682
2026-02-19T20:00:00+00:00,232.8,232.95,232.55,232.75,5177
2026-02-20T03:00:00+00:00,232.75,232.75,232.75,232.75,13
2026-02-20T04:00:00+00:00,232.75,234.0,232.65,234.0,8876
2026-02-20T05:00:00+00:00,234.0,234.1,233.5,233.75,5330
2026-02-20T06:00:00+00:00,233.75,234.5,233.55,234.3,13480
2026-02-20T07:00:00+00:00,234.3,234.75,233.45,233.5,26483
2026-02-20T08:00:00+00:00,233.55,233.8,233.05,233.3,22157
2026-02-20T09:00:00+00:00,233.35,233.95,233.0,233.05,24940
2026-02-20T10:00:00+00:00,233.05,233.45,232.5,232.55,44120
2026-02-20T11:00:00+00:00,232.55,233.95,232.5,233.65,18398
2026-02-20T12:00:00+00:00,233.75,234.9,233.35,234.5,42089
2026-02-20T13:00:00+00:00,234.6,234.75,233.85,234.2,17614
2026-02-20T14:00:00+00:00,234.15,235.45,234.15,235.3,53369
2026-02-20T15:00:00+00:00,235.3,235.85,234.1,234.9,34553
2026-02-20T16:00:00+00:00,234.9,235.2,234.9,234.9,5881
2026-02-20T17:00:00+00:00,234.9,235.2,234.9,235.15,5105
2026-02-20T18:00:00+00:00,235.15,235.2,234.9,235.2,6845
2026-02-20T19:00:00+00:00,235.1,235.2,234.8,234.9,4695
2026-02-20T20:00:00+00:00,234.9,235.2,234.55,234.75,5344
2026-02-20T23:00:00+00:00,233.7,234.95,233.55,234.95,55
2026-02-21T00:00:00+00:00,235.45,235.5,235.0,235.5,31
2026-02-21T01:00:00+00:00,235.05,235.45,234.85,234.85,9
2026-02-21T02:00:00+00:00,234.9,235.35,234.75,234.75,21
2026-02-21T03:00:00+00:00,234.75,234.95,234.4,234.95,31
2026-02-21T04:00:00+00:00,235.0,235.45,234.5,234.5,86
2026-02-21T05:00:00+00:00,234.7,235.45,234.45,235.05,234
2026-02-21T06:00:00+00:00,235.3,235.4,235.0,235.0,101
2026-02-21T07:00:00+00:00,235.0,236.05,234.55,235.55,5728
2026-02-21T08:00:00+00:00,235.55,235.65,235.25,235.45,1607
2026-02-21T09:00:00+00:00,235.5,235.55,235.25,235.4,1222
2026-02-21T10:00:00+00:00,235.4,235.95,235.15,235.8,3205
2026-02-21T11:00:00+00:00,235.9,235.95,235.55,235.8,1232
2026-02-21T12:00:00+00:00,235.8,236.0,235.65,235.95,1991
2026-02-21T13:00:00+00:00,236.0,236.15,235.75,235.9,3179
2026-02-21T14:00:00+00:00,236.05,236.05,235.75,235.8,1002
2026-02-21T15:00:00+00:00,235.8,236.3,235.6,236.0,4827
2026-02-21T16:00:00+00:00,236.9,236.9,235.3,235.9,137
2026-02-21T17:00:00+00:00,235.55,235.9,235.55,235.9,95
2026-02-21T18:00:00+00:00,235.9,235.95,235.5,235.5,484
2026-02-21T19:00:00+00:00,235.9,236.0,235.5,236.0,121
2026-02-21T20:00:00+00:00,235.95,236.0,235.65,236.0,178
2026-02-21T23:00:00+00:00,235.05,238.4,235.0,236.0,96
2026-02-22T00:00:00+00:00,236.0,236.9,236.0,236.9,14
2026-02-22T01:00:00+00:00,236.85,236.85,236.85,236.85,1
2026-02-22T02:00:00+00:00,236.35,236.55,236.2,236.2,34
2026-02-22T03:00:00+00:00,235.95,236.5,235.55,236.15,89
2026-02-22T04:00:00+00:00,236.2,236.5,235.45,236.15,198
2026-02-22T05:00:00+00:00,235.6,236.4,235.6,236.25,66
2026-02-22T06:00:00+00:00,236.25,236.4,235.95,236.0,67
2026-02-22T07:00:00+00:00,236.1,237.7,236.0,236.85,15335
2026-02-22T08:00:00+00:00,236.85,236.9,236.2,236.7,3081
2026-02-22T09:00:00+00:00,236.7,236.75,236.35,236.55,2088
2026-02-22T10:00:00+00:00,236.45,236.8,236.35,236.45,1265
2026-02-22T11:00:00+00:00,236.4,236.55,236.0,236.2,2244
2026-02-22T12:00:00+00:00,236.1,236.75,236.1,236.75,1982
2026-02-22T13:00:00+00:00,236.65,236.8,236.45,236.5,1100
2026-02-22T14:00:00+00:00,236.6,236.65,236.3,236.45,1398
2026-02-22T15:00:00+00:00,236.45,236.75,236.3,236.75,1433
2026-02-22T16:00:00+00:00,237.2,237.2,235.1,236.5,471
2026-02-22T17:00:00+00:00,236.5,236.7,236.45,236.45,101
2026-02-22T18:00:00+00:00,236.45,236.6,236.3,236.6,153
2026-02-22T19:00:00+00:00,236.1,236.6,235.95,236.55,42
2026-02-22T20:00:00+00:00,236.55,238.35,236.35,236.45,539
2026-02-22T23:00:00+00:00,236.15,237.15,234.9,236.8,65
2026-02-23T00:00:00+00:00,237.25,237.25,236.1,236.1,34
2026-02-23T01:00:00+00:00,236.7,238.5,236.7,236.75,219
2026-02-23T02:00:00+00:00,237.45,237.65,236.95,237.6,44
2026-02-23T03:00:00+00:00,237.15,237.15,236.7,236.7,138
2026-02-23T04:00:00+00:00,236.7,237.7,236.65,237.15,153
2026-02-23T05:00:00+00:00,236.75,237.3,236.1,236.1,273
2026-02-23T06:00:00+00:00,236.3,237.35,236.1,236.55,261
2026-02-23T07:00:00+00:00,236.55,236.9,236.35,236.6,4147
2026-02-23T08:00:00+00:00,236.5,236.65,236.2,236.25,1269
2026-02-23T09:00:00+00:00,236.25,236.45,235.8,236.0,2278
2026-02-23T10:00:00+00:00,235.9,236.35,235.9,236.2,1512
2026-02-23T11:00:00+00:00,236.15,236.45,235.85,236.0,1962
2026-02-23T12:00:00+00:00,235.9,236.1,235.8,235.9,1178
2026-02-23T13:00:00+00:00,235.8,236.25,235.8,235.95,1681
2026-02-23T14:00:00+00:00,235.9,236.0,235.8,235.95,757
2026-02-23T15:00:00+00:00,235.85,236.1,235.7,236.1,2425
2026-02-23T16:00:00+00:00,237.3,237.35,236.0,236.65,147
2026-02-23T17:00:00+00:00,236.25,236.45,235.2,235.9,68
2026-02-23T18:00:00+00:00,235.95,236.4,235.95,236.1,76
2026-02-23T19:00:00+00:00,236.4,236.5,236.15,236.5,52
2026-02-23T20:00:00+00:00,236.15,236.5,236.1,236.2,117
2026-02-24T03:00:00+00:00,235.65,235.65,235.65,235.65,213
2026-02-24T04:00:00+00:00,235.7,236.45,235.65,235.85,4248
2026-02-24T05:00:00+00:00,235.8,236.0,234.8,235.75,8773
2026-02-24T06:00:00+00:00,235.65,235.65,234.85,235.4,5939
2026-02-24T07:00:00+00:00,235.3,236.4,235.05,236.1,15678
2026-02-24T08:00:00+00:00,236.1,236.15,234.95,235.75,27145
2026-02-24T09:00:00+00:00,235.75,236.15,234.85,235.0,25121
2026-02-24T10:00:00+00:00,234.95,235.0,234.7,235.0,34983
2026-02-24T11:00:00+00:00,234.95,235.3,234.35,234.6,23584
2026-02-24T12:00:00+00:00,234.6,234.95,234.15,234.3,25325
2026-02-24T13:00:00+00:00,234.3,234.5,233.7,233.7,25859
2026-02-24T14:00:00+00:00,233.7,234.0,232.55,233.8,26152
2026-02-24T15:00:00+00:00,233.8,234.0,232.85,233.0,33068
2026-02-24T16:00:00+00:00,233.0,233.0,232.65,232.95,9037
2026-02-24T17:00:00+00:00,233.0,233.05,232.65,232.8,12173
2026-02-24T18:00:00+00:00,232.7,232.85,232.6,232.65,3957
2026-02-24T19:00:00+00:00,232.65,233.25,232.55,233.0,3765
2026-02-24T20:00:00+00:00,233.15,233.3,232.75,233.1,5117
2026-02-25T03:00:00+00:00,233.1,233.1,233.1,233.1,6
2026-02-25T04:00:00+00:00,233.3,233.85,233.1,233.8,2719
2026-02-25T05:00:00+00:00,233.7,234.15,233.6,233.75,3267
2026-02-25T06:00:00+00:00,233.75,234.35,233.5,234.15,6100
2026-02-25T07:00:00+00:00,233.95,234.55,232.85,232.9,31733
2026-02-25T08:00:00+00:00,232.95,233.7,232.75,232.95,48061
2026-02-25T09:00:00+00:00,232.85,233.2,232.65,232.9,37498
2026-02-25T10:00:00+00:00,232.9,232.95,232.6,232.7,19203
2026-02-25T11:00:00+00:00,232.7,233.3,232.5,232.6,39428
2026-02-25T12:00:00+00:00,232.7,233.15,232.6,232.9,33854
2026-02-25T13:00:00+00:00,232.85,233.25,232.55,233.1,34340
2026-02-25T14:00:00+00:00,233.1,233.5,232.8,232.85,32272
2026-02-25T15:00:00+00:00,232.9,233.1,232.7,233.0,11422
2026-02-25T16:00:00+00:00,233.0,233.0,232.8,233.0,12163
2026-02-25T17:00:00+00:00,233.0,233.0,232.85,233.0,7419
2026-02-25T18:00:00+00:00,233.0,233.0,232.65,232.95,9263
2026-02-25T19:00:00+00:00,232.9,233.15,232.8,233.1,8788
2026-02-25T20:00:00+00:00,233.1,233.5,232.75,233.5,10522
2026-02-26T03:00:00+00:00,233.7,233.7,233.7,233.7,129
2026-02-26T04:00:00+00:00,233.7,233.7,233.0,233.25,6705
2026-02-26T05:00:00+00:00,233.35,233.65,233.3,233.45,3801
2026-02-26T06:00:00+00:00,233.55,234.25,233.35,234.0,11169
2026-02-26T07:00:00+00:00,234.0,234.1,232.5,233.0,33148
2026-02-26T08:00:00+00:00,233.0,233.75,232.9,233.45,17090
2026-02-26T09:00:00+00:00,233.35,234.15,233.25,233.6,29444
2026-02-26T10:00:00+00:00,233.6,233.7,232.9,232.95,34300
2026-02-26T11:00:00+00:00,232.95,233.15,232.55,232.55,27839
2026-02-26T12:00:00+00:00,232.55,232.85,232.1,232.3,47950
2026-02-26T13:00:00+00:00,232.3,232.4,230.95,231.85,54441
2026-02-26T14:00:00+00:00,231.85,231.95,231.0,231.9,45405
2026-02-26T15:00:00+00:00,231.9,232.6,231.6,231.85,22552
2026-02-26T16:00:00+00:00,231.85,231.85,231.65,231.85,3396
2026-02-26T17:00:00+00:00,231.85,231.95,231.7,231.85,2286
2026-02-26T18:00:00+00:00,231.95,232.0,231.7,231.9,4104
2026-02-26T19:00:00+00:00,231.9,231.9,231.5,231.85,3151
2026-02-26T20:00:00+00:00,231.75,231.9,231.55,231.85,1561
2026-02-27T03:00:00+00:00,231.85,231.85,231.85,231.85,67
2026-02-27T04:00:00+00:00,231.85,232.5,231.65,232.05,5452
2026-02-27T05:00:00+00:00,232.0,232.45,231.95,232.2,3996
2026-02-27T06:00:00+00:00,232.2,232.4,231.7,232.0,3375
2026-02-27T07:00:00+00:00,231.8,232.15,231.2,231.45,26769
2026-02-27T08:00:00+00:00,231.45,231.7,231.25,231.45,17701
2026-02-27T09:00:00+00:00,231.45,231.55,230.65,230.9,37158
2026-02-27T10:00:00+00:00,230.9,231.15,230.5,231.0,19262
2026-02-27T11:00:00+00:00,231.0,232.1,230.9,232.0,16851
2026-02-27T12:00:00+00:00,232.0,232.2,231.0,231.15,17373
2026-02-27T13:00:00+00:00,231.2,232.8,230.85,232.2,38698
2026-02-27T14:00:00+00:00,232.25,232.4,231.6,232.15,12660
2026-02-27T15:00:00+00:00,232.25,233.5,232.25,232.65,29714
2026-02-27T16:00:00+00:00,232.85,233.3,232.5,232.75,15017
2026-02-27T17:00:00+00:00,232.7,233.55,232.45,233.35,13646
2026-02-27T18:00:00+00:00,233.3,233.65,232.95,233.05,8550
2026-02-27T19:00:00+00:00,233.05,233.2,232.65,232.9,2785
2026-02-27T20:00:00+00:00,232.9,232.9,232.25,232.5,6914
2026-02-27T23:00:00+00:00,230.85,234.4,230.85,232.5,19
2026-02-28T00:00:00+00:00,232.35,233.65,232.35,233.5,150
2026-02-28T01:00:00+00:00,233.1,233.6,232.4,232.4,18
2026-02-28T02:00:00+00:00,232.75,232.75,232.3,232.3,26
2026-02-28T03:00:00+00:00,232.3,233.25,232.3,232.5,19
2026-02-28T04:00:00+00:00,232.5,233.15,232.45,233.15,96
2026-02-28T05:00:00+00:00,232.7,233.2,232.45,232.95,92
2026-02-28T06:00:00+00:00,232.95,233.45,232.6,232.6,304
2026-02-28T07:00:00+00:00,232.65,233.4,232.55,232.75,5370
2026-02-28T08:00:00+00:00,232.6,232.85,231.85,232.45,7567
2026-02-28T09:00:00+00:00,232.4,232.45,231.35,231.6,8967
2026-02-28T10:00:00+00:00,231.65,232.0,231.4,231.45,2441
2026-02-28T11:00:00+00:00,231.4,232.5,231.25,232.0,7559
2026-02-28T12:00:00+00:00,232.0,232.1,231.45,231.9,3216
2026-02-28T13:00:00+00:00,231.8,232.25,231.65,232.25,1586
2026-02-28T14:00:00+00:00,232.3,232.5,231.3,231.3,6738
2026-02-28T15:00:00+00:00,231.3,231.95,231.0,231.75,6969
2026-02-28T16:00:00+00:00,231.3,232.15,230.2,231.25,852
2026-02-28T17:00:00+00:00,231.25,231.55,230.75,230.75,555
2026-02-28T18:00:00+00:00,230.9,231.55,230.75,231.5,247
2026-02-28T19:00:00+00:00,231.05,232.0,230.75,231.1,495
2026-02-28T20:00:00+00:00,231.3,232.1,230.8,232.1,223
2026-02-28T23:00:00+00:00,232.3,232.9,231.75,231.75,22
2026-03-01T00:00:00+00:00,232.85,232.9,230.6,230.6,179
2026-03-01T01:00:00+00:00,230.85,231.6,230.85,231.55,12
2026-03-01T02:00:00+00:00,230.95,231.55,230.9,231.0,12
2026-03-01T03:00:00+00:00,231.5,231.6,230.9,231.6,23
2026-03-01T04:00:00+00:00,230.95,231.6,230.85,231.55,54
2026-03-01T05:00:00+00:00,231.45,231.65,230.9,231.0,91
2026-03-01T06:00:00+00:00,231.55,231.6,231.0,231.05,130
2026-03-01T07:00:00+00:00,231.5,232.85,231.15,232.6,4841
2026-03-01T08:00:00+00:00,232.6,232.85,231.8,231.95,4621
2026-03-01T09:00:00+00:00,231.95,232.15,231.55,231.95,2961
2026-03-01T10:00:00+00:00,231.9,231.95,230.7,231.45,11341
2026-03-01T11:00:00+00:00,231.4,231.5,230.75,231.25,2872
2026-03-01T12:00:00+00:00,231.25,231.95,230.7,231.9,7718
2026-03-01T13:00:00+00:00,231.85,232.3,231.8,232.3,1864
2026-03-01T14:00:00+00:00,232.3,232.65,231.5,231.9,2698
2026-03-01T15:00:00+00:00,231.8,232.15,231.25,232.15,1517
2026-03-01T16:00:00+00:00,232.75,232.75,231.5,231.95,192
2026-03-01T17:00:00+00:00,231.6,232.3,231.45,231.5,262
2026-03-01T18:00:00+00:00,231.65,232.3,231.45,231.65,176
2026-03-01T19:00:00+00:00,231.5,231.8,231.45,231.75,79
2026-03-01T20:00:00+00:00,231.75,231.8,231.15,231.3,542
2026-03-02T03:00:00+00:00,231.45,231.45,231.45,231.45,53
2026-03-02T04:00:00+00:00,232.0,232.7,231.35,231.8,3942
2026-03-02T05:00:00+00:00,231.7,232.2,231.45,232.1,1922
2026-03-02T06:00:00+00:00,232.0,232.05,226.65,229.45,86258
2026-03-02T07:00:00+00:00,229.5,230.3,228.75,230.15,39339
2026-03-02T08:00:00+00:00,230.15,230.8,229.9,230.6,19503
2026-03-02T09:00:00+00:00,230.6,231.3,230.35,231.25,19582
2026-03-02T10:00:00+00:00,231.3,232.45,230.7,232.45,20283
2026-03-02T11:00:00+00:00,232.4,232.45,230.95,231.3,18543
2026-03-02T12:00:00+00:00,231.3,232.25,231.05,231.9,11380
2026-03-02T13:00:00+00:00,231.85,231.95,230.85,231.3,8059
2026-03-02T14:00:00+00:00,231.25,232.45,231.0,231.65,25312
2026-03-02T15:00:00+00:00,231.55,232.0,231.55,232.0,11299
2026-03-02T16:00:00+00:00,232.0,232.0,230.45,230.9,10652
2026-03-02T17:00:00+00:00,230.85,231.55,230.7,230.75,5024
2026-03-02T18:00:00+00:00,230.7,230.9,230.45,230.55,1459
2026-03-02T19:00:00+00:00,230.65,231.3,230.6,231.05,4121
2026-03-02T20:00:00+00:00,231.1,231.65,230.95,231.55,3071
2026-03-03T03:00:00+00:00,231.55,231.55,231.55,231.55,17
2026-03-03T04:00:00+00:00,231.55,231.9,231.05,231.25,7871
2026-03-03T05:00:00+00:00,231.35,232.75,231.0,232.15,15981
2026-03-03T06:00:00+00:00,232.05,232.15,230.3,230.45,18679
2026-03-03T07:00:00+00:00,230.45,231.65,229.85,231.55,28496
2026-03-03T08:00:00+00:00,231.55,232.3,231.05,231.35,50344
2026-03-03T09:00:00+00:00,231.3,231.7,230.0,230.6,68866
2026-03-03T10:00:00+00:00,230.55,231.05,229.25,229.7,71656
2026-03-03T11:00:00+00:00,229.7,230.55,229.6,229.85,47509
2026-03-03T12:00:00+00:00,229.95,230.05,228.6,228.9,55062
2026-03-03T13:00:00+00:00,228.95,229.0,228.0,228.0,47880
2026-03-03T14:00:00+00:00,228.0,228.35,227.05,227.45,47552
2026-03-03T15:00:00+00:00,227.55,227.6,226.0,227.0,56256
2026-03-03T16:00:00+00:00,227.1,227.6,226.8,227.6,12398
2026-03-03T17:00:00+00:00,227.6,227.75,227.45,227.75,5249
2026-03-03T18:00:00+00:00,227.75,227.8,227.2,227.75,4020
2026-03-03T19:00:00+00:00,227.65,227.9,227.45,227.7,4569
2026-03-03T20:00:00+00:00,227.7,227.9,227.35,227.7,3696
2026-03-04T03:00:00+00:00,227.8,227.8,227.8,227.8,1
2026-03-04T04:00:00+00:00,228.0,228.25,226.75,227.7,12020
2026-03-04T05:00:00+00:00,227.55,228.7,227.55,228.4,10693
2026-03-04T06:00:00+00:00,228.35,228.55,227.6,228.45,10100
2026-03-04T07:00:00+00:00,228.45,228.65,227.0,227.0,22366
2026-03-04T08:00:00+00:00,227.0,228.9,226.45,228.75,48379
2026-03-04T09:00:00+00:00,228.75,228.9,227.65,227.95,38514
2026-03-04T10:00:00+00:00,227.95,228.6,227.7,228.15,26354
2026-03-04T11:00:00+00:00,228.2,228.55,227.55,228.4,40990
2026-03-04T12:00:00+00:00,228.4,228.6,227.1,227.1,33468
2026-03-04T13:00:00+00:00,227.15,227.15,225.7,226.4,57241
2026-03-04T14:00:00+00:00,226.35,226.45,223.85,224.1,86189
2026-03-04T15:00:00+00:00,224.0,225.65,223.95,225.6,50523
2026-03-04T16:00:00+00:00,225.65,226.45,225.6,226.4,19770
2026-03-04T17:00:00+00:00,226.45,226.55,226.05,226.4,4145
2026-03-04T18:00:00+00:00,226.4,226.4,225.8,226.1,7331
2026-03-04T19:00:00+00:00,226.2,226.5,226.1,226.45,2262
2026-03-04T20:00:00+00:00,226.45,226.7,226.25,226.65,3969
2026-03-05T03:00:00+00:00,227.0,227.0,227.0,227.0,16
2026-03-05T04:00:00+00:00,227.3,227.85,226.7,227.65,8723
2026-03-05T05:00:00+00:00,227.5,228.35,227.45,227.95,7485
2026-03-05T06:00:00+00:00,227.85,229.2,227.05,228.8,36199
2026-03-05T07:00:00+00:00,228.65,229.95,227.9,228.85,83390
2026-03-05T08:00:00+00:00,228.8,229.9,228.8,229.7,23529
2026-03-05T09:00:00+00:00,229.65,230.45,228.65,229.15,67675
2026-03-05T10:00:00+00:00,229.2,229.3,228.7,229.05,14956
2026-03-05T11:00:00+00:00,229.05,229.75,228.3,229.6,62853
2026-03-05T12:00:00+00:00,229.55,230.3,227.45,227.75,110992
2026-03-05T13:00:00+00:00,227.75,228.35,227.0,227.5,54569
2026-03-05T14:00:00+00:00,227.5,228.8,227.3,228.2,36242
2026-03-05T15:00:00+00:00,228.25,228.9,227.6,227.95,27908
2026-03-05T16:00:00+00:00,227.85,228.85,227.8,228.65,11347
2026-03-05T17:00:00+00:00,228.65,229.5,228.55,229.5,9933
2026-03-05T18:00:00+00:00,229.5,229.75,229.1,229.4,10418
2026-03-05T19:00:00+00:00,229.45,229.45,228.8,228.85,6550
2026-03-05T20:00:00+00:00,228.85,229.2,228.5,228.8,7717
2026-03-06T03:00:00+00:00,228.8,228.8,228.8,228.8,21
2026-03-06T04:00:00+00:00,229.6,229.8,228.8,229.2,4354
2026-03-06T05:00:00+00:00,229.3,229.6,229.0,229.6,2084
2026-03-06T06:00:00+00:00,229.55,230.0,229.0,229.4,8287
2026-03-06T07:00:00+00:00,229.4,229.4,227.45,227.85,34212
2026-03-06T08:00:00+00:00,227.95,228.35,227.75,228.3,9106
2026-03-06T09:00:00+00:00,228.2,228.4,227.1,227.35,23994
2026-03-06T10:00:00+00:00,227.3,228.3,227.2,227.75,23278
2026-03-06T11:00:00+00:00,227.7,227.85,226.75,227.4,40163
2026-03-06T12:00:00+00:00,227.45,227.45,226.65,226.9,28640
2026-03-06T13:00:00+00:00,226.9,227.1,226.0,226.45,38842
2026-03-06T14:00:00+00:00,226.45,227.15,225.75,225.8,55121
2026-03-06T15:00:00+00:00,225.75,226.0,224.85,226.0,70443
2026-03-06T16:00:00+00:00,225.8,226.35,225.8,226.35,11801
2026-03-06T17:00:00+00:00,226.35,226.5,226.05,226.2,8559
2026-03-06T18:00:00+00:00,226.25,226.3,225.15,225.95,10974
2026-03-06T19:00:00+00:00,225.9,226.15,225.75,226.0,2302
2026-03-06T20:00:00+00:00,226.0,226.2,225.25,225.9,5514
2026-03-06T23:00:00+00:00,225.55,229.85,224.9,226.8,132
2026-03-07T00:00:00+00:00,226.25,227.35,226.25,227.35,115
2026-03-07T01:00:00+00:00,226.95,227.3,226.75,226.9,48
2026-03-07T02:00:00+00:00,227.05,227.2,226.85,226.85,59
2026-03-07T03:00:00+00:00,226.85,226.85,225.65,226.25,233
2026-03-07T04:00:00+00:00,226.25,226.8,225.95,226.65,65
2026-03-07T05:00:00+00:00,226.5,226.9,226.0,226.65,401
2026-03-07T06:00:00+00:00,226.55,227.0,226.45,226.55,414
2026-03-07T07:00:00+00:00,226.55,226.9,226.0,226.05,792
2026-03-07T08:00:00+00:00,226.1,227.0,226.05,226.85,519
2026-03-07T09:00:00+00:00,226.35,226.9,226.0,226.25,382
2026-03-07T10:00:00+00:00,226.75,226.8,226.0,226.6,268
2026-03-07T11:00:00+00:00,226.6,226.7,226.0,226.6,271
2026-03-07T12:00:00+00:00,226.65,226.9,226.05,226.75,276
2026-03-07T13:00:00+00:00,226.6,226.7,225.95,225.95,283
2026-03-07T14:00:00+00:00,225.95,226.6,225.9,226.6,247
2026-03-07T15:00:00+00:00,226.15,226.65,226.05,226.15,231
2026-03-07T16:00:00+00:00,226.6,226.65,226.05,226.5,201
2026-03-07T17:00:00+00:00,226.45,226.45,225.95,226.0,294
2026-03-07T18:00:00+00:00,226.0,226.35,225.95,226.3,135
2026-03-07T19:00:00+00:00,226.3,226.3,225.95,226.0,282
2026-03-07T20:00:00+00:00,226.0,226.4,225.9,226.4,177
2026-03-07T23:00:00+00:00,225.25,225.5,224.55,225.5,484
2026-03-08T00:00:00+00:00,225.25,225.55,224.95,225.55,210
2026-03-08T01:00:00+00:00,225.55,225.6,225.05,225.55,52
2026-03-08T02:00:00+00:00,225.2,225.6,225.2,225.2,131
2026-03-08T03:00:00+00:00,225.5,225.6,225.2,225.3,45
2026-03-08T04:00:00+00:00,225.3,226.0,225.3,225.55,160
2026-03-08T05:00:00+00:00,226.0,226.0,225.4,226.0,49
2026-03-08T06:00:00+00:00,226.0,226.0,225.25,225.95,237
2026-03-08T07:00:00+00:00,225.95,225.95,225.3,225.9,159
2026-03-08T08:00:00+00:00,225.45,225.9,225.35,225.85,214
2026-03-08T09:00:00+00:00,225.9,225.9,225.85,225.9,166
2026-03-08T10:00:00+00:00,225.9,225.9,225.85,225.85,81
2026-03-08T11:00:00+00:00,225.9,225.9,225.85,225.9,120
2026-03-08T12:00:00+00:00,225.85,226.25,225.85,226.25,92
2026-03-08T13:00:00+00:00,226.25,226.3,225.9,225.95,104
2026-03-08T14:00:00+00:00,225.95,226.35,225.9,226.0,96
2026-03-08T15:00:00+00:00,226.0,226.5,225.85,225.9,720
2026-03-08T16:00:00+00:00,226.4,226.4,225.9,226.2,60
2026-03-08T17:00:00+00:00,226.6,226.7,226.0,226.25,76
2026-03-08T18:00:00+00:00,226.45,226.45,225.9,225.9,103
2026-03-08T19:00:00+00:00,225.9,226.3,225.9,226.3,49
2026-03-08T20:00:00+00:00,226.15,226.8,225.85,225.85,218
2026-03-09T03:00:00+00:00,226.0,226.0,226.0,226.0,42
2026-03-09T04:00:00+00:00,226.35,227.8,224.95,226.7,9484
2026-03-09T05:00:00+00:00,226.7,227.9,226.05,227.15,11123
2026-03-09T06:00:00+00:00,226.9,226.95,225.3,225.95,25866
2026-03-09T07:00:00+00:00,225.95,227.3,225.55,227.0,12505
2026-03-09T08:00:00+00:00,227.05,227.2,226.1,226.6,10651
2026-03-09T09:00:00+00:00,226.55,227.0,226.2,226.95,7733
2026-03-09T10:00:00+00:00,226.95,227.3,226.4,226.7,8604
2026-03-09T11:00:00+00:00,226.8,226.9,226.45,226.8,4687
2026-03-09T12:00:00+00:00,226.9,227.25,226.65,227.1,6238
2026-03-09T13:00:00+00:00,227.15,227.35,226.9,227.3,6018
2026-03-09T14:00:00+00:00,227.3,227.45,227.0,227.4,10508
2026-03-09T15:00:00+00:00,227.4,227.45,227.0,227.25,8391
2026-03-09T16:00:00+00:00,227.35,227.5,226.5,226.55,13030
2026-03-09T17:00:00+00:00,226.6,226.7,226.5,226.65,1941
2026-03-09T18:00:00+00:00,226.55,226.7,226.4,226.65,4023
2026-03-09T19:00:00+00:00,226.65,226.7,225.85,226.65,15654
2026-03-09T20:00:00+00:00,226.7,227.4,226.55,227.3,14187
2026-03-10T03:00:00+00:00,227.3,227.3,227.3,227.3,9
2026-03-10T04:00:00+00:00,227.45,227.95,226.85,227.75,10173
2026-03-10T05:00:00+00:00,227.85,228.35,227.65,228.3,14695
2026-03-10T06:00:00+00:00,228.3,229.45,228.3,229.15,15566
2026-03-10T07:00:00+00:00,229.3,230.0,228.2,229.8,48879
2026-03-10T08:00:00+00:00,229.8,231.05,229.3,231.0,60492
2026-03-10T09:00:00+00:00,231.0,231.05,229.5,229.7,32823
2026-03-10T10:00:00+00:00,229.7,229.7,229.15,229.7,31055
2026-03-10T11:00:00+00:00,229.7,230.0,229.05,229.05,28516
2026-03-10T12:00:00+00:00,229.1,229.85,228.55,228.55,25592
2026-03-10T13:00:00+00:00,228.6,228.7,228.0,228.25,38484
2026-03-10T14:00:00+00:00,228.25,228.25,227.05,227.3,36474
2026-03-10T15:00:00+00:00,227.25,227.6,227.1,227.5,12910
2026-03-10T16:00:00+00:00,227.5,227.8,227.2,227.2,10377
2026-03-10T17:00:00+00:00,227.2,227.8,227.05,227.75,5580
2026-03-10T18:00:00+00:00,227.75,227.8,227.55,227.75,6258
2026-03-10T19:00:00+00:00,227.65,227.8,227.55,227.6,7393
2026-03-10T20:00:00+00:00,227.7,227.8,227.2,227.65,5002
2026-03-11T03:00:00+00:00,227.65,227.65,227.65,227.65,2
2026-03-11T04:00:00+00:00,227.5,228.5,227.0,228.2,6596
2026-03-11T05:00:00+00:00,228.2,228.8,228.0,228.5,3661
2026-03-11T06:00:00+00:00,228.5,229.4,227.95,229.05,9086
2026-03-11T07:00:00+00:00,229.0,229.1,227.55,227.9,26291
2026-03-11T08:00:00+00:00,227.9,228.55,227.25,227.35,18521
2026-03-11T09:00:00+00:00,227.35,228.3,227.2,227.3,19429
2026-03-11T10:00:00+00:00,227.3,227.35,226.0,226.5,30380
2026-03-11T11:00:00+00:00,226.55,226.8,226.05,226.4,24828
2026-03-11T12:00:00+00:00,226.4,226.45,225.95,226.1,32217
2026-03-11T13:00:00+00:00,226.05,226.2,225.5,225.6,27566
2026-03-11T14:00:00+00:00,225.55,226.3,225.5,225.75,34527
2026-03-11T15:00:00+00:00,225.8,226.2,225.1,225.8,33678
2026-03-11T16:00:00+00:00,225.95,226.0,225.75,225.8,5521
2026-03-11T17:00:00+00:00,225.85,226.3,225.6,226.25,9122
2026-03-11T18:00:00+00:00,226.05,226.3,226.0,226.2,1874
2026-03-11T19:00:00+00:00,226.2,226.45,226.15,226.4,2832
2026-03-11T20:00:00+00:00,226.4,226.45,226.3,226.45,2470
2026-03-12T03:00:00+00:00,226.3,226.3,226.3,226.3,7
2026-03-12T04:00:00+00:00,226.35,227.15,226.05,226.55,8650
2026-03-12T05:00:00+00:00,226.75,227.05,226.45,226.6,2903
2026-03-12T06:00:00+00:00,226.6,227.0,226.2,226.35,7834
2026-03-12T07:00:00+00:00,226.35,227.0,226.25,226.35,26232
2026-03-12T08:00:00+00:00,226.4,227.0,225.5,225.65,44334
2026-03-12T09:00:00+00:00,225.65,226.4,225.5,225.95,31920
2026-03-12T10:00:00+00:00,225.95,226.2,225.7,225.9,26864
2026-03-12T11:00:00+00:00,225.95,226.25,225.55,225.95,26689
2026-03-12T12:00:00+00:00,225.95,226.2,225.6,226.2,26557
2026-03-12T13:00:00+00:00,226.2,226.3,226.0,226.05,21775
2026-03-12T14:00:00+00:00,226.0,226.6,226.0,226.45,30291
2026-03-12T15:00:00+00:00,226.5,226.7,226.3,226.7,12539
2026-03-12T16:00:00+00:00,226.65,226.8,226.3,226.4,10629
2026-03-12T17:00:00+00:00,226.45,226.75,226.3,226.5,5170
2026-03-12T18:00:00+00:00,226.5,226.75,226.35,226.75,3651
2026-03-12T19:00:00+00:00,226.7,226.7,226.45,226.65,3233
2026-03-12T20:00:00+00:00,226.65,226.7,225.85,226.3,7756
2026-03-13T03:00:00+00:00,226.8,226.8,226.8,226.8,32
2026-03-13T04:00:00+00:00,226.8,226.9,226.3,226.8,2731
2026-03-13T05:00:00+00:00,226.75,227.5,226.65,227.5,7841
2026-03-13T06:00:00+00:00,227.35,227.55,226.8,227.4,8737
2026-03-13T07:00:00+00:00,227.35,228.2,226.55,227.6,31099
2026-03-13T08:00:00+00:00,227.7,228.0,226.75,226.9,46032
2026-03-13T09:00:00+00:00,226.9,227.2,226.25,226.55,21379
2026-03-13T10:00:00+00:00,226.55,227.35,226.5,226.75,15656
2026-03-13T11:00:00+00:00,226.75,227.2,226.7,226.95,15116
2026-03-13T12:00:00+00:00,227.0,227.2,226.15,226.2,15450
2026-03-13T13:00:00+00:00,226.15,226.6,226.0,226.0,17295
2026-03-13T14:00:00+00:00,226.1,226.3,225.9,225.9,15921
2026-03-13T15:00:00+00:00,225.95,226.9,225.8,226.9,15479
2026-03-13T16:00:00+00:00,226.7,226.85,226.3,226.65,4065
2026-03-13T17:00:00+00:00,226.65,226.75,226.5,226.75,1777
2026-03-13T18:00:00+00:00,226.65,226.85,226.3,226.7,6597
2026-03-13T19:00:00+00:00,226.7,226.75,226.4,226.55,2021
2026-03-13T20:00:00+00:00,226.55,226.75,226.4,226.45,2490
2026-03-13T23:00:00+00:00,228.3,228.3,224.6,226.75,70
2026-03-14T00:00:00+00:00,226.8,226.8,226.05,226.35,6
2026-03-14T01:00:00+00:00,226.4,226.75,226.4,226.75,4
2026-03-14T02:00:00+00:00,226.7,226.7,226.2,226.55,23
2026-03-14T03:00:00+00:00,226.6,226.6,226.45,226.6,40
2026-03-14T04:00:00+00:00,226.45,226.6,226.05,226.45,129
2026-03-14T05:00:00+00:00,226.5,226.65,226.2,226.6,89
2026-03-14T06:00:00+00:00,226.6,226.6,226.4,226.6,85
2026-03-14T07:00:00+00:00,226.6,227.1,226.4,226.95,1453
2026-03-14T08:00:00+00:00,226.9,227.2,226.9,227.15,1213
2026-03-14T09:00:00+00:00,227.2,227.45,227.15,227.45,2392
2026-03-14T10:00:00+00:00,227.3,227.4,227.2,227.3,1197
2026-03-14T11:00:00+00:00,227.3,227.65,227.2,227.5,3055
2026-03-14T12:00:00+00:00,227.55,227.75,227.45,227.7,3178
2026-03-14T13:00:00+00:00,227.75,227.75,227.5,227.7,2088
2026-03-14T14:00:00+00:00,227.75,228.05,227.6,227.9,7916
2026-03-14T15:00:00+00:00,227.8,228.05,227.75,228.0,3731
2026-03-14T16:00:00+00:00,226.15,227.6,226.0,227.15,1225
2026-03-14T17:00:00+00:00,227.35,227.35,226.55,227.05,712
2026-03-14T18:00:00+00:00,227.05,227.1,226.75,226.75,88
2026-03-14T19:00:00+00:00,226.95,227.1,226.8,226.9,69
2026-03-14T20:00:00+00:00,227.1,227.35,226.8,227.35,341
2026-03-14T23:00:00+00:00,228.05,228.05,227.0,227.0,13
2026-03-15T00:00:00+00:00,227.45,227.5,227.45,227.5,8
2026-03-15T01:00:00+00:00,227.4,227.45,226.95,227.45,39
2026-03-15T02:00:00+00:00,227.45,227.45,226.95,226.95,7
2026-03-15T03:00:00+00:00,227.4,227.45,227.05,227.05,15
2026-03-15T04:00:00+00:00,227.15,227.45,226.95,227.4,64
2026-03-15T05:00:00+00:00,227.4,227.4,227.0,227.35,98
2026-03-15T06:00:00+00:00,227.05,227.75,227.0,227.75,281
2026-03-15T07:00:00+00:00,227.75,228.45,227.25,228.0,7003
2026-03-15T08:00:00+00:00,228.0,228.0,227.8,227.85,1198
2026-03-15T09:00:00+00:00,227.85,227.95,227.8,227.85,1402
2026-03-15T10:00:00+00:00,227.9,228.0,227.85,227.95,1192
2026-03-15T11:00:00+00:00,228.0,228.0,227.8,227.9,2041
2026-03-15T12:00:00+00:00,227.95,228.0,227.85,227.9,434
2026-03-15T13:00:00+00:00,227.85,228.05,227.8,228.05,723
2026-03-15T14:00:00+00:00,228.05,228.05,227.8,227.95,5785
2026-03-15T15:00:00+00:00,227.95,228.25,227.8,228.25,2467
2026-03-15T16:00:00+00:00,227.7,228.6,227.1,227.85,300
2026-03-15T17:00:00+00:00,227.85,228.3,227.35,228.3,194
2026-03-15T18:00:00+00:00,228.25,228.35,227.5,228.15,319
2026-03-15T19:00:00+00:00,228.15,228.4,227.7,228.25,176
2026-03-15T20:00:00+00:00,228.4,228.4,228.2,228.2,63
2026-03-16T03:00:00+00:00,227.8,227.8,227.8,227.8,53
2026-03-16T04:00:00+00:00,227.75,228.6,227.25,228.55,7482
2026-03-16T05:00:00+00:00,228.55,229.2,228.5,228.95,9128
2026-03-16T06:00:00+00:00,228.9,229.9,228.55,229.65,23734
2026-03-16T07:00:00+00:00,229.55,229.75,227.05,227.65,98496
2026-03-16T08:00:00+00:00,227.65,228.2,226.95,227.8,69377
2026-03-16T09:00:00+00:00,227.8,227.8,227.25,227.6,14127
2026-03-16T10:00:00+00:00,227.6,227.7,226.7,226.8,62618
2026-03-16T11:00:00+00:00,226.85,227.35,226.75,227.05,20998
2026-03-16T12:00:00+00:00,227.1,227.65,226.7,227.3,22952
2026-03-16T13:00:00+00:00,227.3,227.9,226.9,227.7,13574
2026-03-16T14:00:00+00:00,227.7,228.0,227.1,227.6,15205
2026-03-16T15:00:00+00:00,227.6,227.8,227.3,227.3,7752
2026-03-16T16:00:00+00:00,227.35,228.0,227.2,227.9,5689
2026-03-16T17:00:00+00:00,227.9,227.95,227.6,227.85,5231
2026-03-16T18:00:00+00:00,227.85,227.85,226.8,227.25,12080
2026-03-16T19:00:00+00:00,227.2,227.4,227.1,227.3,1643
2026-03-16T20:00:00+00:00,227.3,227.3,226.25,226.55,18495
2026-03-17T03:00:00+00:00,226.55,226.55,226.55,226.55,81
2026-03-17T04:00:00+00:00,227.4,227.4,226.6,227.15,6882
2026-03-17T05:00:00+00:00,227.1,227.2,226.5,226.75,5989
2026-03-17T06:00:00+00:00,226.7,226.75,226.25,226.6,6573
2026-03-17T07:00:00+00:00,226.75,227.25,226.05,227.1,14876
2026-03-17T08:00:00+00:00,227.05,227.75,226.8,227.35,12715
2026-03-17T09:00:00+00:00,227.4,227.85,227.25,227.5,22771
2026-03-17T10:00:00+00:00,227.45,227.95,227.35,227.6,48323
2026-03-17T11:00:00+00:00,227.6,230.0,227.2,228.75,117043
2026-03-17T12:00:00+00:00,228.75,229.0,227.75,227.8,26935
2026-03-17T13:00:00+00:00,227.8,229.85,227.6,229.05,56162
2026-03-17T14:00:00+00:00,229.05,229.35,228.1,228.1,19171
2026-03-17T15:00:00+00:00,228.1,229.3,228.1,229.05,18347
2026-03-17T16:00:00+00:00,229.05,229.35,228.85,229.0,5300
2026-03-17T17:00:00+00:00,228.95,229.4,228.75,229.0,11819
2026-03-17T18:00:00+00:00,229.0,229.2,228.85,228.9,4629
2026-03-17T19:00:00+00:00,228.95,229.15,228.8,228.8,3617
2026-03-17T20:00:00+00:00,228.9,229.3,228.8,229.0,2007
2026-03-18T03:00:00+00:00,229.1,229.1,229.1,229.1,18
2026-03-18T04:00:00+00:00,229.35,229.45,228.65,229.3,4649
2026-03-18T05:00:00+00:00,229.3,229.95,229.15,229.7,11574
2026-03-18T06:00:00+00:00,229.55,231.45,229.4,231.05,37531
2026-03-18T07:00:00+00:00,231.0,231.35,230.1,230.1,32140
2026-03-18T08:00:00+00:00,230.15,230.5,228.35,228.65,42110
2026-03-18T09:00:00+00:00,228.7,229.0,228.1,228.4,29835
2026-03-18T10:00:00+00:00,228.5,228.85,228.4,228.4,20622
2026-03-18T11:00:00+00:00,228.4,228.6,228.0,228.0,18683
2026-03-18T12:00:00+00:00,228.0,228.25,227.35,227.7,42023
2026-03-18T13:00:00+00:00,227.75,228.05,227.05,227.35,44713
2026-03-18T14:00:00+00:00,227.3,227.7,227.15,227.25,39307
2026-03-18T15:00:00+00:00,227.25,227.8,227.15,227.8,20596
2026-03-18T16:00:00+00:00,227.8,227.95,227.6,227.95,10570
2026-03-18T17:00:00+00:00,227.95,228.15,227.65,227.95,8289
2026-03-18T18:00:00+00:00,228.05,228.05,227.8,227.9,5332
2026-03-18T19:00:00+00:00,227.95,228.0,227.55,227.75,6836
2026-03-18T20:00:00+00:00,227.75,227.85,227.4,227.65,9205
2026-03-19T03:00:00+00:00,227.7,227.7,227.7,227.7,12
2026-03-19T04:00:00+00:00,227.7,228.35,227.35,227.95,6528
2026-03-19T05:00:00+00:00,227.95,228.3,227.85,228.0,6680
2026-03-19T06:00:00+00:00,227.95,228.15,227.5,227.8,13647
2026-03-19T07:00:00+00:00,227.75,228.35,227.65,228.05,27171
2026-03-19T08:00:00+00:00,228.05,228.8,227.8,228.1,37630
2026-03-19T09:00:00+00:00,228.1,228.2,227.7,227.7,21452
2026-03-19T10:00:00+00:00,227.75,227.9,227.5,227.7,24744
2026-03-19T11:00:00+00:00,227.75,228.25,227.6,227.95,22115
2026-03-19T12:00:00+00:00,227.85,228.0,226.65,226.95,71909
2026-03-19T13:00:00+00:00,227.0,227.9,226.9,227.65,23475
2026-03-19T14:00:00+00:00,227.65,227.9,227.4,227.65,16519
2026-03-19T15:00:00+00:00,227.65,227.7,227.2,227.3,10142
2026-03-19T16:00:00+00:00,227.35,227.7,227.2,227.45,4973
2026-03-19T17:00:00+00:00,227.45,227.65,227.3,227.3,3169
2026-03-19T18:00:00+00:00,227.4,227.6,227.35,227.4,2110
2026-03-19T19:00:00+00:00,227.4,227.5,227.25,227.5,3101
2026-03-19T20:00:00+00:00,227.5,227.8,227.45,227.7,4898
2026-03-20T03:00:00+00:00,228.0,228.0,228.0,228.0,31
2026-03-20T04:00:00+00:00,228.2,228.45,227.7,227.95,4448
2026-03-20T05:00:00+00:00,227.9,228.0,227.7,227.85,1831
2026-03-20T06:00:00+00:00,227.75,228.35,227.6,228.0,5567
2026-03-20T07:00:00+00:00,228.05,228.5,227.7,228.25,25311
2026-03-20T08:00:00+00:00,228.25,228.4,227.7,228.05,18498
2026-03-20T09:00:00+00:00,228.05,228.15,227.6,228.05,15291
2026-03-20T10:00:00+00:00,228.15,228.5,227.7,228.05,29893
2026-03-20T11:00:00+00:00,228.05,228.15,227.3,228.05,24005
2026-03-20T12:00:00+00:00,228.0,228.1,227.45,227.6,18109
2026-03-20T13:00:00+00:00,227.65,228.0,227.45,227.65,18190
2026-03-20T14:00:00+00:00,227.6,227.75,227.2,227.6,23250
2026-03-20T15:00:00+00:00,227.6,227.85,227.0,227.5,22509
2026-03-20T16:00:00+00:00,227.45,227.65,227.4,227.65,1851
2026-03-20T17:00:00+00:00,227.65,227.7,227.55,227.6,1112
2026-03-20T18:00:00+00:00,227.6,227.7,227.2,227.35,7686
2026-03-20T19:00:00+00:00,227.5,227.65,227.4,227.6,1899
2026-03-20T20:00:00+00:00,227.5,227.65,227.4,227.45,3321
2026-03-20T23:00:00+00:00,228.7,228.7,225.05,227.2,25
2026-03-21T00:00:00+00:00,227.2,227.95,227.05,227.05,22
2026-03-21T01:00:00+00:00,227.05,227.7,226.75,227.25,19
2026-03-21T02:00:00+00:00,227.65,227.65,227.25,227.25,3
2026-03-21T03:00:00+00:00,227.65,227.75,227.3,227.7,24
2026-03-21T04:00:00+00:00,227.7,227.8,227.05,227.45,95
2026-03-21T05:00:00+00:00,227.05,228.3,227.05,227.85,306
2026-03-21T06:00:00+00:00,227.45,227.7,227.45,227.45,44
2026-03-21T07:00:00+00:00,227.7,227.7,227.05,227.4,203
2026-03-21T08:00:00+00:00,227.4,227.8,227.15,227.8,202
2026-03-21T09:00:00+00:00,227.45,227.8,227.1,227.4,191
2026-03-21T10:00:00+00:00,227.4,227.45,227.0,227.4,175
2026-03-21T11:00:00+00:00,227.4,227.45,227.0,227.05,140
2026-03-21T12:00:00+00:00,227.05,227.45,227.0,227.45,65
2026-03-21T13:00:00+00:00,227.35,227.45,227.0,227.4,128
2026-03-21T14:00:00+00:00,227.4,227.4,226.95,227.35,91
2026-03-21T15:00:00+00:00,227.1,227.4,226.85,227.4,187
2026-03-21T16:00:00+00:00,226.9,227.45,226.9,227.3,121
2026-03-21T17:00:00+00:00,227.35,227.45,227.0,227.45,115
2026-03-21T18:00:00+00:00,227.1,227.4,226.9,227.35,88
2026-03-21T19:00:00+00:00,227.35,227.4,226.85,226.95,159
2026-03-21T20:00:00+00:00,226.95,227.3,226.85,227.3,102
2026-03-21T23:00:00+00:00,227.55,227.55,227.55,227.55,1
2026-03-22T00:00:00+00:00,227.55,227.55,227.55,227.55,1
2026-03-22T01:00:00+00:00,227.1,227.5,227.0,227.5,3
2026-03-22T02:00:00+00:00,227.5,227.5,227.5,227.5,1
2026-03-22T03:00:00+00:00,227.45,227.45,226.95,227.0,16
2026-03-22T04:00:00+00:00,227.45,227.55,226.85,227.55,74
2026-03-22T05:00:00+00:00,227.1,227.3,226.7,226.85,92
2026-03-22T06:00:00+00:00,226.85,227.3,226.7,227.2,69
2026-03-22T07:00:00+00:00,227.0,227.3,226.7,227.3,136
2026-03-22T08:00:00+00:00,226.9,227.3,226.45,227.2,362
2026-03-22T09:00:00+00:00,227.2,227.55,226.85,227.55,176
2026-03-22T10:00:00+00:00,227.45,227.8,226.9,227.0,159
2026-03-22T11:00:00+00:00,227.0,227.0,226.85,226.85,257
2026-03-22T12:00:00+00:00,227.0,227.45,226.85,227.0,505
2026-03-22T13:00:00+00:00,227.4,227.7,226.95,227.5,181
2026-03-22T14:00:00+00:00,227.5,227.75,227.45,227.5,74
2026-03-22T15:00:00+00:00,227.45,227.65,227.45,227.45,65
2026-03-22T16:00:00+00:00,227.65,227.75,227.45,227.7,80
2026-03-22T17:00:00+00:00,227.5,227.7,227.2,227.65,65
2026-03-22T18:00:00+00:00,227.25,227.6,227.15,227.2,70
2026-03-22T19:00:00+00:00,227.6,227.65,227.15,227.55,98
2026-03-22T20:00:00+00:00,227.6,227.65,227.1,227.55,92
2026-03-23T03:00:00+00:00,227.45,227.45,227.45,227.45,23
2026-03-23T04:00:00+00:00,227.45,227.6,226.95,227.55,4329
2026-03-23T05:00:00+00:00,227.5,227.75,227.4,227.7,2918
2026-03-23T06:00:00+00:00,227.7,227.7,226.55,227.65,18201
2026-03-23T07:00:00+00:00,227.7,227.7,226.0,226.2,29424
2026-03-23T08:00:00+00:00,226.2,226.6,225.45,226.0,46746
2026-03-23T09:00:00+00:00,225.95,226.3,225.45,226.0,39693
2026-03-23T10:00:00+00:00,226.05,226.1,225.15,225.35,46492
2026-03-23T11:00:00+00:00,225.4,226.35,225.1,225.6,70183
2026-03-23T12:00:00+00:00,225.6,226.0,225.15,225.4,22659
2026-03-23T13:00:00+00:00,225.45,225.9,225.2,225.25,19950
2026-03-23T14:00:00+00:00,225.3,225.5,225.15,225.4,17046
2026-03-23T15:00:00+00:00,225.5,225.5,225.1,225.3,11094
2026-03-23T16:00:00+00:00,225.4,225.4,225.15,225.3,3819
2026-03-23T17:00:00+00:00,225.3,225.6,225.2,225.3,5410
2026-03-23T18:00:00+00:00,225.4,225.45,225.15,225.25,2292
2026-03-23T19:00:00+00:00,225.2,225.35,225.1,225.25,6925
2026-03-23T20:00:00+00:00,225.3,225.3,225.1,225.2,5286
2026-03-24T03:00:00+00:00,225.2,225.2,225.2,225.2,400
2026-03-24T04:00:00+00:00,225.3,225.95,225.2,225.75,4030
2026-03-24T05:00:00+00:00,225.8,225.8,225.4,225.65,4416
2026-03-24T06:00:00+00:00,225.65,225.7,225.2,225.65,5600
2026-03-24T07:00:00+00:00,225.65,225.95,225.3,225.3,14715
2026-03-24T08:00:00+00:00,225.3,225.55,224.15,224.8,44537
2026-03-24T09:00:00+00:00,224.9,224.9,224.35,224.5,18211
2026-03-24T10:00:00+00:00,224.55,225.4,224.4,225.25,11526
2026-03-24T11:00:00+00:00,225.2,225.25,224.8,224.9,9046
2026-03-24T12:00:00+00:00,225.0,225.1,224.75,224.85,12810
2026-03-24T13:00:00+00:00,224.9,224.95,224.7,224.8,12905
2026-03-24T14:00:00+00:00,224.85,225.8,224.75,225.35,18260
2026-03-24T15:00:00+00:00,225.35,225.45,225.0,225.35,9513
2026-03-24T16:00:00+00:00,225.35,225.5,225.3,225.45,1976
2026-03-24T17:00:00+00:00,225.4,225.7,225.2,225.65,6006
2026-03-24T18:00:00+00:00,225.65,225.9,225.6,225.9,4391
2026-03-24T19:00:00+00:00,225.85,226.25,225.85,226.15,4641
2026-03-24T20:00:00+00:00,226.15,226.3,225.9,226.0,5542
2026-03-25T03:00:00+00:00,225.95,225.95,225.95,225.95,25
2026-03-25T04:00:00+00:00,225.7,226.35,225.5,226.1,4399
2026-03-25T05:00:00+00:00,226.2,226.4,225.95,226.3,8265
2026-03-25T06:00:00+00:00,226.25,226.4,225.9,225.9,3880
2026-03-25T07:00:00+00:00,226.05,226.8,225.6,226.7,16916
2026-03-25T08:00:00+00:00,226.65,226.85,225.35,225.95,32031
2026-03-25T09:00:00+00:00,225.95,225.95,225.2,225.45,17028
2026-03-25T10:00:00+00:00,225.45,225.6,225.2,225.6,13397
2026-03-25T11:00:00+00:00,225.5,225.75,225.35,225.75,18881
2026-03-25T12:00:00+00:00,225.7,226.7,225.65,226.1,40554
2026-03-25T13:00:00+00:00,226.1,226.35,225.8,226.05,12828
2026-03-25T14:00:00+00:00,226.05,226.5,225.85,225.95,16737
2026-03-25T15:00:00+00:00,225.95,226.0,225.5,225.7,8499
2026-03-25T16:00:00+00:00,225.7,225.9,225.5,225.85,4166
2026-03-25T17:00:00+00:00,225.85,226.1,225.8,226.0,3819
2026-03-25T18:00:00+00:00,226.0,226.05,225.8,226.0,1935
2026-03-25T19:00:00+00:00,226.0,226.0,225.8,225.85,948
2026-03-25T20:00:00+00:00,225.85,226.15,225.85,225.85,2819
2026-03-26T03:00:00+00:00,226.0,226.0,226.0,226.0,1
2026-03-26T04:00:00+00:00,226.0,226.35,225.75,226.3,2837
2026-03-26T05:00:00+00:00,226.2,226.4,226.1,226.4,1623
2026-03-26T06:00:00+00:00,226.35,226.5,226.15,226.3,3026
2026-03-26T07:00:00+00:00,226.25,226.45,225.2,225.5,17528
2026-03-26T08:00:00+00:00,225.55,225.7,225.1,225.55,23004
2026-03-26T09:00:00+00:00,225.65,226.0,225.35,225.7,20664
2026-03-26T10:00:00+00:00,225.75,225.75,225.3,225.3,12986
2026-03-26T11:00:00+00:00,225.35,225.4,224.55,224.65,25546
2026-03-26T12:00:00+00:00,224.65,225.1,224.45,224.75,23727
2026-03-26T13:00:00+00:00,224.8,224.8,223.65,224.0,33692
2026-03-26T14:00:00+00:00,223.9,224.25,223.8,224.05,15877
2026-03-26T15:00:00+00:00,224.05,225.0,223.8,224.4,31524
2026-03-26T16:00:00+00:00,224.45,224.45,223.15,224.0,10264
2026-03-26T17:00:00+00:00,223.95,224.2,223.8,224.15,1998
2026-03-26T18:00:00+00:00,224.15,224.2,224.0,224.1,2890
2026-03-26T19:00:00+00:00,224.0,224.15,223.2,223.35,19608
2026-03-26T20:00:00+00:00,223.45,223.5,223.1,223.45,6932
2026-03-27T03:00:00+00:00,223.65,223.65,223.65,223.65,13
2026-03-27T04:00:00+00:00,223.9,224.4,223.45,224.4,5857
2026-03-27T05:00:00+00:00,224.3,224.5,223.75,223.95,3438
2026-03-27T06:00:00+00:00,223.95,224.6,223.9,224.5,9506
2026-03-27T07:00:00+00:00,224.5,225.2,224.0,224.1,21384
2026-03-27T08:00:00+00:00,224.15,224.15,222.8,222.85,19609
2026-03-27T09:00:00+00:00,222.9,223.4,222.85,222.9,18247
2026-03-27T10:00:00+00:00,222.9,223.25,221.8,222.05,27718
2026-03-27T11:00:00+00:00,222.05,222.75,221.75,222.7,13024
2026-03-27T12:00:00+00:00,222.7,223.6,222.65,222.85,15949
2026-03-27T13:00:00+00:00,222.8,222.85,221.85,222.0,24154
2026-03-27T14:00:00+00:00,222.0,222.4,221.5,221.6,32590
2026-03-27T15:00:00+00:00,221.65,221.85,221.05,221.65,20769
2026-03-27T16:00:00+00:00,221.7,222.6,221.1,222.3,11443
2026-03-27T17:00:00+00:00,222.25,222.45,221.85,221.9,4956
2026-03-27T18:00:00+00:00,221.9,222.3,221.85,222.25,4632
2026-03-27T19:00:00+00:00,222.25,222.8,222.05,222.7,6730
2026-03-27T20:00:00+00:00,222.65,222.75,222.6,222.65,2226
2026-03-27T23:00:00+00:00,223.2,224.5,222.8,223.6,230
2026-03-28T00:00:00+00:00,223.3,223.3,222.95,222.95,4
2026-03-28T01:00:00+00:00,223.3,223.35,222.85,223.1,26
2026-03-28T02:00:00+00:00,223.1,223.1,222.4,222.65,56
2026-03-28T03:00:00+00:00,222.65,222.95,222.6,222.95,10
2026-03-28T04:00:00+00:00,222.95,222.95,222.6,222.8,64
2026-03-28T05:00:00+00:00,222.8,222.85,222.4,222.8,168
2026-03-28T06:00:00+00:00,222.45,222.65,222.0,222.0,381
2026-03-28T07:00:00+00:00,222.0,222.75,222.0,222.55,1561
2026-03-28T08:00:00+00:00,222.55,223.15,222.5,222.7,4500
2026-03-28T09:00:00+00:00,222.65,222.8,222.55,222.7,1229
2026-03-28T10:00:00+00:00,222.7,222.75,222.65,222.7,524
2026-03-28T11:00:00+00:00,222.7,222.75,222.6,222.6,365
2026-03-28T12:00:00+00:00,222.65,222.7,222.55,222.65,556
2026-03-28T13:00:00+00:00,222.65,222.7,222.55,222.55,564
2026-03-28T14:00:00+00:00,222.6,222.7,222.55,222.65,454
2026-03-28T15:00:00+00:00,222.7,222.75,222.6,222.75,748
2026-03-28T16:00:00+00:00,228.95,228.95,221.45,223.0,74
2026-03-28T17:00:00+00:00,222.65,222.65,221.65,222.15,858
2026-03-28T18:00:00+00:00,222.15,222.65,221.8,222.5,486
2026-03-28T19:00:00+00:00,222.5,222.55,222.05,222.4,138
2026-03-28T20:00:00+00:00,222.1,222.3,221.75,222.25,174
2026-03-28T23:00:00+00:00,223.1,223.1,222.95,222.95,14
2026-03-29T00:00:00+00:00,222.15,222.95,221.5,222.95,118
2026-03-29T01:00:00+00:00,222.95,222.95,221.95,222.9,8
2026-03-29T02:00:00+00:00,222.75,222.8,222.75,222.8,4
2026-03-29T03:00:00+00:00,222.8,222.8,222.0,222.0,40
2026-03-29T04:00:00+00:00,222.0,223.35,222.0,222.75,148
2026-03-29T05:00:00+00:00,222.75,222.95,222.05,222.05,176
2026-03-29T06:00:00+00:00,222.85,222.85,222.05,222.75,277
2026-03-29T07:00:00+00:00,222.75,222.95,222.15,222.8,2888
2026-03-29T08:00:00+00:00,222.8,223.35,222.75,222.95,4970
2026-03-29T09:00:00+00:00,222.9,222.95,222.7,222.75,1305
2026-03-29T10:00:00+00:00,222.75,222.85,222.7,222.85,1746
2026-03-29T11:00:00+00:00,222.85,222.95,222.7,222.95,843
2026-03-29T12:00:00+00:00,222.9,223.05,222.8,223.05,1639
2026-03-29T13:00:00+00:00,223.05,223.35,222.9,223.15,641
2026-03-29T14:00:00+00:00,223.1,223.4,222.95,223.3,989
2026-03-29T15:00:00+00:00,223.2,223.45,223.15,223.2,3573
2026-03-29T16:00:00+00:00,222.25,224.45,222.25,223.0,366
2026-03-29T17:00:00+00:00,222.95,223.0,222.25,222.95,262
2026-03-29T18:00:00+00:00,222.9,223.0,222.4,222.95,278
2026-03-29T19:00:00+00:00,222.55,222.95,222.35,222.85,250
2026-03-29T20:00:00+00:00,222.85,223.0,222.85,223.0,256
2026-03-30T03:00:00+00:00,223.25,223.25,223.25,223.25,38
2026-03-30T04:00:00+00:00,223.25,223.5,223.0,223.4,2665
2026-03-30T05:00:00+00:00,223.4,223.4,222.2,222.7,5363
2026-03-30T06:00:00+00:00,222.65,222.65,221.85,222.45,8346
2026-03-30T07:00:00+00:00,222.45,222.85,221.8,222.25,9871
2026-03-30T08:00:00+00:00,222.2,223.35,221.6,222.9,20930
2026-03-30T09:00:00+00:00,223.0,224.0,222.7,223.05,37594
2026-03-30T10:00:00+00:00,223.1,223.95,222.55,223.75,12976
2026-03-30T11:00:00+00:00,223.75,224.2,223.25,223.4,15525
2026-03-30T12:00:00+00:00,223.45,223.55,222.7,222.95,7344
2026-03-30T13:00:00+00:00,222.95,223.2,222.45,222.5,11795
2026-03-30T14:00:00+00:00,222.45,223.65,222.2,223.65,14875
2026-03-30T15:00:00+00:00,223.65,223.75,223.45,223.7,6521
2026-03-30T16:00:00+00:00,223.6,223.95,223.5,223.85,2115
2026-03-30T17:00:00+00:00,223.85,223.85,223.5,223.65,1194
2026-03-30T18:00:00+00:00,223.65,223.85,223.5,223.75,1162
2026-03-30T19:00:00+00:00,223.8,223.9,223.65,223.75,934
2026-03-30T20:00:00+00:00,223.85,223.9,223.6,223.8,971
2026-03-31T03:00:00+00:00,223.85,223.85,223.85,223.85,12
2026-03-31T04:00:00+00:00,223.85,224.0,223.55,223.65,1381
2026-03-31T05:00:00+00:00,223.65,223.8,223.55,223.7,750
2026-03-31T06:00:00+00:00,223.65,223.95,223.55,223.75,2345
2026-03-31T07:00:00+00:00,223.8,224.4,223.55,224.2,17290
2026-03-31T08:00:00+00:00,224.2,225.3,224.1,224.65,30073
2026-03-31T09:00:00+00:00,224.6,225.85,224.55,225.65,19644
2026-03-31T10:00:00+00:00,225.65,226.0,225.5,225.7,18275
2026-03-31T11:00:00+00:00,225.7,225.8,224.35,224.55,20946
2026-03-31T12:00:00+00:00,224.55,224.6,223.2,223.8,25304
2026-03-31T13:00:00+00:00,223.7,223.85,223.2,223.3,18601
2026-03-31T14:00:00+00:00,223.25,224.35,222.8,223.95,21154
2026-03-31T15:00:00+00:00,224.05,224.7,223.9,224.5,7884
2026-03-31T16:00:00+00:00,224.5,224.8,224.05,224.6,2737
2026-03-31T17:00:00+00:00,224.55,224.8,224.5,224.7,1804
2026-03-31T18:00:00+00:00,224.7,225.0,224.45,225.0,2915
2026-03-31T19:00:00+00:00,224.9,225.0,224.45,224.7,5570
2026-03-31T20:00:00+00:00,224.75,224.85,224.45,224.85,1052
2026-04-01T03:00:00+00:00,225.45,225.45,225.45,225.45,71
2026-04-01T04:00:00+00:00,225.45,225.55,224.65,224.7,1149
2026-04-01T05:00:00+00:00,224.8,224.95,224.4,224.95,1633
2026-04-01T06:00:00+00:00,224.95,225.4,224.9,225.25,2873
2026-04-01T07:00:00+00:00,225.25,227.25,225.0,226.55,34597
2026-04-01T08:00:00+00:00,226.6,226.75,225.85,226.3,22832
2026-04-01T09:00:00+00:00,226.3,227.85,226.1,227.1,32907
2026-04-01T10:00:00+00:00,227.1,227.4,226.65,226.65,32873
2026-04-01T11:00:00+00:00,226.65,226.75,225.3,225.3,21651
2026-04-01T12:00:00+00:00,225.35,225.85,224.9,225.0,20492
2026-04-01T13:00:00+00:00,225.1,225.5,224.55,225.25,21227
2026-04-01T14:00:00+00:00,225.35,225.95,224.6,224.8,30424
2026-04-01T15:00:00+00:00,224.8,225.6,224.8,225.1,15492
2026-04-01T16:00:00+00:00,225.15,225.85,225.05,225.8,6387
2026-04-01T17:00:00+00:00,225.85,225.95,225.55,225.8,2129
2026-04-01T18:00:00+00:00,225.7,226.35,225.7,226.15,4652
2026-04-01T19:00:00+00:00,226.2,226.35,226.1,226.3,4369
2026-04-01T20:00:00+00:00,226.15,226.4,226.0,226.25,3674
2026-04-02T03:00:00+00:00,225.65,225.65,225.65,225.65,29
2026-04-02T04:00:00+00:00,225.7,226.35,225.7,225.85,4075
2026-04-02T05:00:00+00:00,225.75,225.95,225.5,225.75,2266
2026-04-02T06:00:00+00:00,225.85,225.85,225.0,225.65,9223
2026-04-02T07:00:00+00:00,225.5,226.15,225.25,225.3,6960
2026-04-02T08:00:00+00:00,225.4,225.45,224.6,225.05,15333
2026-04-02T09:00:00+00:00,225.05,225.1,224.4,224.65,15611
2026-04-02T10:00:00+00:00,224.65,224.65,223.8,224.4,15612
2026-04-02T11:00:00+00:00,224.4,224.85,224.2,224.3,7188
2026-04-02T12:00:00+00:00,224.3,225.05,224.15,224.3,13615
2026-04-02T13:00:00+00:00,224.3,225.35,224.2,224.75,11310
2026-04-02T14:00:00+00:00,224.75,224.85,224.2,224.5,12101
2026-04-02T15:00:00+00:00,224.5,225.35,224.4,224.95,7834
2026-04-02T16:00:00+00:00,225.05,225.2,224.95,225.2,853
2026-04-02T17:00:00+00:00,225.2,225.25,225.1,225.2,893
2026-04-02T18:00:00+00:00,225.25,225.25,224.8,224.8,1757
2026-04-02T19:00:00+00:00,224.85,224.9,224.55,224.7,1118
2026-04-02T20:00:00+00:00,224.7,224.8,224.55,224.8,2051
2026-04-03T03:00:00+00:00,224.55,224.55,224.55,224.55,13
2026-04-03T04:00:00+00:00,224.55,225.3,224.55,225.25,1993
2026-04-03T05:00:00+00:00,225.25,225.4,225.1,225.35,3999
2026-04-03T06:00:00+00:00,225.2,225.5,225.1,225.35,2330
2026-04-03T07:00:00+00:00,225.4,225.55,225.15,225.3,7431
2026-04-03T08:00:00+00:00,225.25,225.5,224.5,224.7,15295
2026-04-03T09:00:00+00:00,224.65,224.85,223.85,223.95,18876
2026-04-03T10:00:00+00:00,224.0,224.6,223.85,223.85,16528
2026-04-03T11:00:00+00:00,223.95,226.85,223.85,226.5,66132
2026-04-03T12:00:00+00:00,226.55,226.9,224.6,224.9,47062
2026-04-03T13:00:00+00:00,224.9,225.1,224.0,224.0,47235
2026-04-03T14:00:00+00:00,224.1,224.4,223.5,223.6,33774
2026-04-03T15:00:00+00:00,223.6,224.25,223.55,224.0,8433
2026-04-03T16:00:00+00:00,223.95,224.15,223.9,224.0,3054
2026-04-03T17:00:00+00:00,224.15,224.45,223.95,224.2,3939
2026-04-03T18:00:00+00:00,224.2,224.3,224.05,224.2,1949
2026-04-03T19:00:00+00:00,224.2,224.3,224.1,224.1,2377
2026-04-03T20:00:00+00:00,224.1,224.3,224.1,224.25,1498
2026-04-03T23:00:00+00:00,224.25,224.8,220.9,224.8,86
2026-04-04T00:00:00+00:00,224.8,227.65,223.55,227.65,1680
2026-04-04T01:00:00+00:00,225.3,226.0,225.25,225.45,104
2026-04-04T02:00:00+00:00,225.15,225.5,225.15,225.35,105
2026-04-04T03:00:00+00:00,225.15,225.5,225.0,225.5,168
2026-04-04T04:00:00+00:00,225.5,225.6,225.0,225.0,892
2026-04-04T05:00:00+00:00,225.0,225.25,224.35,224.8,210
2026-04-04T06:00:00+00:00,224.4,225.3,224.4,224.8,173
2026-04-04T07:00:00+00:00,224.85,225.3,224.3,224.4,1444
2026-04-04T08:00:00+00:00,224.3,224.7,224.25,224.7,1456
2026-04-04T09:00:00+00:00,224.65,224.7,224.45,224.45,685
2026-04-04T10:00:00+00:00,224.65,224.7,224.5,224.7,435
2026-04-04T11:00:00+00:00,224.7,225.25,224.65,224.8,4669
2026-04-04T12:00:00+00:00,224.85,224.9,224.8,224.85,593
2026-04-04T13:00:00+00:00,224.85,224.9,224.7,224.85,494
2026-04-04T14:00:00+00:00,224.85,224.85,224.65,224.8,802
2026-04-04T15:00:00+00:00,224.8,224.85,224.6,224.85,2192
2026-04-04T16:00:00+00:00,216.15,225.25,216.15,224.8,122
2026-04-04T17:00:00+00:00,224.8,225.25,224.7,224.95,104
2026-04-04T18:00:00+00:00,224.9,226.0,224.9,225.1,308
2026-04-04T19:00:00+00:00,225.0,225.1,224.2,224.8,438
2026-04-04T20:00:00+00:00,224.8,225.7,224.75,225.7,128
2026-04-04T23:00:00+00:00,235.2,235.2,225.5,225.6,38
2026-04-05T00:00:00+00:00,224.85,224.85,224.75,224.75,10
2026-04-05T01:00:00+00:00,225.45,225.45,225.45,225.45,2
2026-04-05T02:00:00+00:00,224.85,224.85,224.1,224.8,102
2026-04-05T03:00:00+00:00,224.85,224.85,224.4,224.4,4
2026-04-05T04:00:00+00:00,224.4,224.85,224.4,224.8,164
2026-04-05T05:00:00+00:00,224.45,224.75,224.4,224.75,54
2026-04-05T06:00:00+00:00,224.4,224.8,224.2,224.8,157
2026-04-05T07:00:00+00:00,224.8,229.1,224.45,225.4,19339
2026-04-05T08:00:00+00:00,225.4,225.4,224.9,225.2,1863
2026-04-05T09:00:00+00:00,225.15,225.4,225.0,225.4,2270
2026-04-05T10:00:00+00:00,225.35,225.45,225.15,225.15,771
2026-04-05T11:00:00+00:00,225.2,225.45,225.0,225.3,1099
2026-04-05T12:00:00+00:00,225.25,225.45,225.05,225.35,1000
2026-04-05T13:00:00+00:00,225.35,225.5,225.25,225.45,1702
2026-04-05T14:00:00+00:00,225.45,225.45,225.1,225.25,683
2026-04-05T15:00:00+00:00,225.25,225.4,224.9,225.35,1867
2026-04-05T16:00:00+00:00,225.35,227.25,224.45,225.45,358
2026-04-05T17:00:00+00:00,225.0,227.45,224.75,225.5,2650
2026-04-05T18:00:00+00:00,226.2,226.3,225.7,225.75,354
2026-04-05T19:00:00+00:00,225.75,225.9,225.5,225.6,164
2026-04-05T20:00:00+00:00,225.9,225.9,225.45,225.9,74
2026-04-06T03:00:00+00:00,225.1,225.1,225.1,225.1,127
2026-04-06T04:00:00+00:00,225.2,225.65,224.9,224.95,3033
2026-04-06T05:00:00+00:00,224.9,225.15,224.65,224.9,3155
2026-04-06T06:00:00+00:00,224.9,225.1,224.25,224.95,3427
2026-04-06T07:00:00+00:00,224.9,225.6,224.05,224.15,18397
2026-04-06T08:00:00+00:00,224.25,224.4,223.6,223.7,18416
2026-04-06T09:00:00+00:00,223.7,223.9,223.2,223.55,21254
2026-04-06T10:00:00+00:00,223.6,224.35,223.3,223.3,31620
2026-04-06T11:00:00+00:00,223.35,223.85,223.15,223.25,23889
2026-04-06T12:00:00+00:00,223.2,223.5,223.1,223.15,23970
2026-04-06T13:00:00+00:00,223.15,223.65,222.7,222.95,33699
2026-04-06T14:00:00+00:00,223.05,223.55,222.95,223.25,22733
2026-04-06T15:00:00+00:00,223.25,223.6,223.0,223.6,15537
2026-04-06T16:00:00+00:00,223.5,223.65,223.4,223.55,4269
2026-04-06T17:00:00+00:00,223.5,223.85,223.5,223.85,3627
2026-04-06T18:00:00+00:00,223.85,224.0,223.4,223.65,5356
2026-04-06T19:00:00+00:00,223.65,223.75,223.5,223.55,2410
2026-04-06T20:00:00+00:00,223.65,223.7,223.3,223.55,2054
2026-04-07T03:00:00+00:00,223.95,223.95,223.95,223.95,5
2026-04-07T04:00:00+00:00,223.65,224.0,222.6,223.25,8993
2026-04-07T05:00:00+00:00,223.25,224.1,223.25,223.7,2588
2026-04-07T06:00:00+00:00,223.7,223.75,223.4,223.55,2595
2026-04-07T07:00:00+00:00,223.55,223.65,223.2,223.4,5344
2026-04-07T08:00:00+00:00,223.35,224.25,223.2,223.9,23748
2026-04-07T09:00:00+00:00,223.85,224.85,223.8,224.25,31707
2026-04-07T10:00:00+00:00,224.25,224.55,224.25,224.3,18174
2026-04-07T11:00:00+00:00,224.25,224.65,223.25,223.6,38378
2026-04-07T12:00:00+00:00,223.55,224.25,223.25,223.45,26595
2026-04-07T13:00:00+00:00,223.45,223.6,223.05,223.4,27033
2026-04-07T14:00:00+00:00,223.4,223.8,223.3,223.65,22281
2026-04-07T15:00:00+00:00,223.6,223.7,223.35,223.6,4538
2026-04-07T16:00:00+00:00,223.55,223.75,223.4,223.7,3095
2026-04-07T17:00:00+00:00,223.7,223.9,223.45,223.75,4985
2026-04-07T18:00:00+00:00,223.6,223.75,223.3,223.6,4289
2026-04-07T19:00:00+00:00,223.65,223.7,223.35,223.5,2894
2026-04-07T20:00:00+00:00,223.4,223.7,223.35,223.6,3115
2026-04-08T03:00:00+00:00,225.0,225.0,225.0,225.0,1790
2026-04-08T04:00:00+00:00,225.0,225.0,223.05,224.55,22520
2026-04-08T05:00:00+00:00,224.5,225.0,224.2,224.8,7311
2026-04-08T06:00:00+00:00,224.8,225.5,224.3,224.9,20064
2026-04-08T07:00:00+00:00,224.85,225.05,223.3,223.8,23035
2026-04-08T08:00:00+00:00,223.75,224.45,223.35,223.75,21011
2026-04-08T09:00:00+00:00,223.75,224.15,223.65,223.9,10650
2026-04-08T10:00:00+00:00,223.85,224.0,223.65,223.65,8971
2026-04-08T11:00:00+00:00,223.65,223.95,223.35,223.35,14584
2026-04-08T12:00:00+00:00,223.35,223.6,222.75,223.05,26197
2026-04-08T13:00:00+00:00,223.05,223.5,223.0,223.2,10176
2026-04-08T14:00:00+00:00,223.25,224.0,222.9,223.5,34141
2026-04-08T15:00:00+00:00,223.5,224.0,223.05,223.6,15332
2026-04-08T16:00:00+00:00,223.55,223.55,223.2,223.4,2462
2026-04-08T17:00:00+00:00,223.45,223.7,223.1,223.1,4939
2026-04-08T18:00:00+00:00,223.2,223.35,223.0,223.15,2585
2026-04-08T19:00:00+00:00,223.15,223.3,223.1,223.3,2545
2026-04-08T20:00:00+00:00,223.25,223.65,223.25,223.6,2138
2026-04-09T03:00:00+00:00,223.6,223.6,223.6,223.6,20
2026-04-09T04:00:00+00:00,223.6,224.1,223.2,223.75,2601
2026-04-09T05:00:00+00:00,223.9,224.05,223.75,223.75,1300
2026-04-09T06:00:00+00:00,223.8,223.85,223.15,223.35,3289
2026-04-09T07:00:00+00:00,223.35,223.5,223.15,223.25,13108
2026-04-09T08:00:00+00:00,223.35,223.5,223.1,223.25,10096
2026-04-09T09:00:00+00:00,223.25,223.25,222.7,223.05,19289
2026-04-09T10:00:00+00:00,223.1,223.25,222.05,222.7,24918
2026-04-09T11:00:00+00:00,222.7,223.35,222.25,222.6,18947
2026-04-09T12:00:00+00:00,222.45,222.85,219.7,221.45,128637
2026-04-09T13:00:00+00:00,221.45,221.45,219.8,220.25,106141
2026-04-09T14:00:00+00:00,220.35,221.3,220.25,221.1,31294
2026-04-09T15:00:00+00:00,221.15,221.4,220.65,220.85,12941
2026-04-09T16:00:00+00:00,220.85,221.5,220.6,221.35,12296
2026-04-09T17:00:00+00:00,221.35,221.35,220.95,221.25,2993
2026-04-09T18:00:00+00:00,221.3,221.35,220.9,221.1,2897
2026-04-09T19:00:00+00:00,221.15,222.0,221.1,221.6,8892
2026-04-09T20:00:00+00:00,221.6,221.8,221.2,221.65,3777
2026-04-10T03:00:00+00:00,221.85,221.85,221.85,221.85,218
2026-04-10T04:00:00+00:00,222.1,222.15,221.5,221.55,1862
2026-04-10T05:00:00+00:00,221.55,222.05,221.0,221.8,7759
2026-04-10T06:00:00+00:00,221.9,221.95,221.0,221.2,4746
2026-04-10T07:00:00+00:00,221.2,221.9,220.7,220.9,11975
2026-04-10T08:00:00+00:00,220.9,221.35,220.5,221.2,12245
2026-04-10T09:00:00+00:00,221.2,222.3,221.2,222.1,12608
2026-04-10T10:00:00+00:00,222.15,222.4,221.45,221.5,9221
2026-04-10T11:00:00+00:00,221.55,222.15,221.35,222.0,13309
2026-04-10T12:00:00+00:00,222.0,222.25,221.1,221.3,11393
2026-04-10T13:00:00+00:00,221.2,221.3,220.85,221.05,11026
2026-04-10T14:00:00+00:00,221.05,221.3,220.6,220.6,14178
2026-04-10T15:00:00+00:00,220.6,221.3,220.5,221.25,8346
2026-04-10T16:00:00+00:00,221.25,222.4,220.55,220.7,21089
2026-04-10T17:00:00+00:00,220.65,220.9,220.5,220.55,2991
2026-04-10T18:00:00+00:00,220.6,220.65,220.5,220.65,5620
2026-04-10T19:00:00+00:00,220.65,220.8,220.4,220.65,6586
2026-04-10T20:00:00+00:00,220.65,220.65,220.2,220.65,10096
2026-04-10T23:00:00+00:00,220.15,221.9,220.15,221.6,90
2026-04-11T00:00:00+00:00,221.05,221.05,220.6,220.6,6
2026-04-11T01:00:00+00:00,221.55,221.55,221.55,221.55,2
2026-04-11T02:00:00+00:00,221.0,221.45,220.9,221.4,64
2026-04-11T03:00:00+00:00,221.45,221.45,220.8,221.3,42
2026-04-11T04:00:00+00:00,220.9,221.45,220.65,221.45,258
2026-04-11T05:00:00+00:00,221.45,221.45,220.95,221.0,106
2026-04-11T06:00:00+00:00,220.9,221.3,220.25,220.75,570
2026-04-11T07:00:00+00:00,220.8,221.25,220.6,221.2,2415
2026-04-11T08:00:00+00:00,221.1,221.3,220.85,220.95,2627
2026-04-11T09:00:00+00:00,220.9,221.15,220.9,221.0,793
2026-04-11T10:00:00+00:00,221.0,221.0,220.85,220.9,870
2026-04-11T11:00:00+00:00,220.9,220.95,220.8,220.8,940
2026-04-11T12:00:00+00:00,220.9,221.1,220.8,221.0,693
2026-04-11T13:00:00+00:00,221.1,221.1,220.7,220.8,1348
2026-04-11T14:00:00+00:00,220.95,221.15,220.7,221.1,1217
2026-04-11T15:00:00+00:00,221.1,221.3,221.0,221.3,767
2026-04-11T16:00:00+00:00,222.45,222.45,220.85,220.95,252
2026-04-11T17:00:00+00:00,221.35,221.35,220.95,220.95,38
2026-04-11T18:00:00+00:00,221.2,221.4,220.9,221.4,46
2026-04-11T19:00:00+00:00,221.4,221.5,221.3,221.5,248
2026-04-11T20:00:00+00:00,221.3,221.65,221.3,221.3,646
2026-04-11T23:00:00+00:00,222.3,222.3,221.2,221.8,50
2026-04-12T00:00:00+00:00,221.9,222.0,221.9,222.0,39
2026-04-12T01:00:00+00:00,221.5,221.6,221.5,221.6,4
2026-04-12T02:00:00+00:00,221.95,222.0,221.6,222.0,10
2026-04-12T03:00:00+00:00,221.9,221.95,221.05,221.05,82
2026-04-12T04:00:00+00:00,221.05,222.05,221.05,221.6,148
2026-04-12T05:00:00+00:00,221.95,221.95,221.1,221.15,76
2026-04-12T06:00:00+00:00,221.15,221.75,221.05,221.3,78
2026-04-12T07:00:00+00:00,221.3,223.0,220.55,221.35,18341
2026-04-12T08:00:00+00:00,221.45,221.45,221.15,221.15,993
2026-04-12T09:00:00+00:00,221.25,221.45,221.15,221.25,699
2026-04-12T10:00:00+00:00,221.25,221.25,220.9,221.05,2441
2026-04-12T11:00:00+00:00,221.05,221.4,221.05,221.4,451
2026-04-12T12:00:00+00:00,221.3,221.5,221.25,221.35,762
2026-04-12T13:00:00+00:00,221.4,221.7,221.35,221.55,3386
2026-04-12T14:00:00+00:00,221.55,221.75,221.45,221.6,1395
2026-04-12T15:00:00+00:00,221.7,221.75,221.35,221.4,2882
2026-04-12T16:00:00+00:00,222.45,222.95,220.95,221.55,176
2026-04-12T17:00:00+00:00,221.75,222.0,221.75,221.8,88
2026-04-12T18:00:00+00:00,222.0,222.0,219.9,221.2,1264
2026-04-12T19:00:00+00:00,220.75,221.25,220.55,220.85,126
2026-04-12T20:00:00+00:00,221.25,221.5,220.75,220.9,264
2026-04-13T03:00:00+00:00,221.6,221.6,221.6,221.6,175
2026-04-13T04:00:00+00:00,221.85,222.1,221.65,221.8,1892
2026-04-13T05:00:00+00:00,221.8,222.1,221.75,222.1,1298
2026-04-13T06:00:00+00:00,222.05,222.1,221.05,221.2,5227
2026-04-13T07:00:00+00:00,221.2,221.25,220.25,220.65,14124
2026-04-13T08:00:00+00:00,220.7,220.7,219.6,220.15,25025
2026-04-13T09:00:00+00:00,220.25,220.7,220.1,220.65,6509
2026-04-13T10:00:00+00:00,220.65,220.7,220.05,220.4,11838
2026-04-13T11:00:00+00:00,220.35,220.4,219.75,219.9,14941
2026-04-13T12:00:00+00:00,219.95,220.15,219.75,219.85,15249
2026-04-13T13:00:00+00:00,219.8,220.3,219.7,220.05,19042
2026-04-13T14:00:00+00:00,220.0,220.25,219.7,219.7,15190
2026-04-13T15:00:00+00:00,219.7,219.85,219.05,219.85,18650
2026-04-13T16:00:00+00:00,219.8,220.1,219.45,220.0,3745
2026-04-13T17:00:00+00:00,220.05,220.1,219.7,220.0,4565
2026-04-13T18:00:00+00:00,219.95,220.0,219.75,219.75,1611
2026-04-13T19:00:00+00:00,219.75,219.9,219.35,219.7,13646
2026-04-13T20:00:00+00:00,219.7,219.7,219.2,219.45,8300
2026-04-14T03:00:00+00:00,219.95,219.95,219.95,219.95,108
2026-04-14T04:00:00+00:00,219.9,219.9,219.4,219.8,2391
2026-04-14T05:00:00+00:00,219.8,219.9,219.35,219.8,3922
2026-04-14T06:00:00+00:00,219.65,219.7,219.15,219.7,6709
2026-04-14T07:00:00+00:00,219.6,219.95,218.2,218.4,41809
2026-04-14T08:00:00+00:00,218.45,219.4,217.55,217.9,56499
2026-04-14T09:00:00+00:00,217.9,218.1,217.25,217.3,29721
2026-04-14T10:00:00+00:00,217.35,219.7,217.05,219.4,54495
2026-04-14T11:00:00+00:00,219.45,219.85,218.55,218.75,29681
2026-04-14T12:00:00+00:00,218.9,218.95,217.7,218.05,29477
2026-04-14T13:00:00+00:00,218.2,218.4,217.5,217.55,27367
2026-04-14T14:00:00+00:00,217.65,218.65,217.5,218.15,38236
2026-04-14T15:00:00+00:00,218.15,218.35,217.8,218.25,12280
2026-04-14T16:00:00+00:00,218.3,218.85,217.95,218.3,9353
2026-04-14T17:00:00+00:00,218.25,218.3,217.9,218.15,4026
2026-04-14T18:00:00+00:00,218.15,218.15,217.35,218.0,10487
2026-04-14T19:00:00+00:00,217.95,218.25,217.4,218.2,10376
2026-04-14T20:00:00+00:00,218.15,218.55,217.95,218.2,6398
2026-04-15T03:00:00+00:00,218.2,218.2,218.2,218.2,2
2026-04-15T04:00:00+00:00,218.2,218.7,218.15,218.45,1985
2026-04-15T05:00:00+00:00,218.5,218.8,218.3,218.7,1132
2026-04-15T06:00:00+00:00,218.6,218.6,218.2,218.5,2080
2026-04-15T07:00:00+00:00,218.4,219.05,217.65,218.25,21763
2026-04-15T08:00:00+00:00,218.25,219.25,217.8,219.25,21352
2026-04-15T09:00:00+00:00,219.25,219.25,218.1,218.65,16807
2026-04-15T10:00:00+00:00,218.7,220.65,218.6,220.05,44578
2026-04-15T11:00:00+00:00,220.15,221.75,220.1,221.15,37482
2026-04-15T12:00:00+00:00,221.15,221.75,221.0,221.55,27020
2026-04-15T13:00:00+00:00,221.55,222.35,221.4,221.85,29633
2026-04-15T14:00:00+00:00,221.85,223.95,221.8,222.7,49541
2026-04-15T15:00:00+00:00,222.8,223.25,222.35,222.35,17393
2026-04-15T16:00:00+00:00,222.4,223.45,222.4,222.95,19658
2026-04-15T17:00:00+00:00,222.95,223.35,222.8,223.2,13617
2026-04-15T18:00:00+00:00,223.1,223.5,223.1,223.1,6199
2026-04-15T19:00:00+00:00,223.2,223.45,223.1,223.35,4728
2026-04-15T20:00:00+00:00,223.25,223.4,223.05,223.3,4961
2026-04-16T03:00:00+00:00,223.3,223.3,223.3,223.3,1
2026-04-16T04:00:00+00:00,223.3,223.45,221.7,222.55,27919
2026-04-16T05:00:00+00:00,222.55,223.25,222.4,222.75,6793
2026-04-16T06:00:00+00:00,222.75,222.8,222.25,222.55,7841
2026-04-16T07:00:00+00:00,222.55,223.85,222.0,222.9,25537
2026-04-16T08:00:00+00:00,222.95,224.45,222.7,224.2,53430
2026-04-16T09:00:00+00:00,224.15,226.75,224.15,225.2,64476
2026-04-16T10:00:00+00:00,225.2,225.4,224.1,224.25,20169
2026-04-16T11:00:00+00:00,224.25,226.2,224.15,225.25,36192
2026-04-16T12:00:00+00:00,225.25,225.55,223.7,223.7,27355
2026-04-16T13:00:00+00:00,223.7,224.5,223.25,223.7,33530
2026-04-16T14:00:00+00:00,223.7,223.85,223.2,223.35,18498
2026-04-16T15:00:00+00:00,223.35,224.1,222.65,222.7,16427
2026-04-16T16:00:00+00:00,222.8,223.6,222.8,223.25,4557
2026-04-16T17:00:00+00:00,223.15,223.2,222.65,222.9,2433
2026-04-16T18:00:00+00:00,222.9,223.1,222.6,222.6,5598
2026-04-16T19:00:00+00:00,222.65,223.2,222.6,223.2,2049
2026-04-16T20:00:00+00:00,223.2,223.5,223.0,223.35,1992
2026-04-17T03:00:00+00:00,225.0,225.0,225.0,225.0,835
2026-04-17T04:00:00+00:00,224.7,224.9,223.25,223.7,3962
2026-04-17T05:00:00+00:00,223.75,223.8,223.4,223.5,1471
2026-04-17T06:00:00+00:00,223.5,224.1,223.0,223.6,7306
2026-04-17T07:00:00+00:00,223.55,224.2,222.7,224.0,12674
2026-04-17T08:00:00+00:00,224.1,224.65,223.2,223.2,36029
2026-04-17T09:00:00+00:00,223.2,223.35,222.65,222.75,13405
2026-04-17T10:00:00+00:00,222.7,222.75,222.3,222.5,15757
2026-04-17T11:00:00+00:00,222.45,222.9,221.75,222.55,16079
2026-04-17T12:00:00+00:00,222.55,223.7,222.55,223.15,27147
2026-04-17T13:00:00+00:00,223.1,223.2,222.15,222.4,33972
2026-04-17T14:00:00+00:00,222.4,222.5,221.35,221.8,28720
2026-04-17T15:00:00+00:00,221.8,223.3,221.55,222.35,22687
2026-04-17T16:00:00+00:00,222.4,222.95,222.4,222.9,1671
2026-04-17T17:00:00+00:00,222.9,223.0,222.75,222.95,2419
2026-04-17T18:00:00+00:00,222.95,223.35,222.8,222.9,3195
2026-04-17T19:00:00+00:00,222.95,222.95,222.45,222.85,3758
2026-04-17T20:00:00+00:00,222.7,223.15,222.7,223.05,2861
2026-04-17T23:00:00+00:00,223.8,223.8,222.2,222.2,32
2026-04-18T00:00:00+00:00,223.75,223.75,222.5,222.5,50
2026-04-18T01:00:00+00:00,222.55,222.85,222.55,222.65,24
2026-04-18T02:00:00+00:00,222.9,223.1,222.5,223.1,28
2026-04-18T03:00:00+00:00,222.55,223.9,222.4,223.85,136
2026-04-18T04:00:00+00:00,223.6,223.6,222.5,223.5,126
2026-04-18T05:00:00+00:00,223.2,223.55,222.6,223.55,226
2026-04-18T06:00:00+00:00,223.1,223.45,222.65,222.95,322
2026-04-18T07:00:00+00:00,223.0,223.4,222.95,223.3,1017
2026-04-18T08:00:00+00:00,223.3,223.3,223.1,223.25,755
2026-04-18T09:00:00+00:00,223.25,223.25,222.75,222.9,2220
2026-04-18T10:00:00+00:00,223.0,223.1,222.85,223.1,308
2026-04-18T11:00:00+00:00,223.1,223.1,222.75,222.95,1145
2026-04-18T12:00:00+00:00,222.9,223.05,222.65,222.8,990
2026-04-18T13:00:00+00:00,222.8,222.9,222.65,222.9,619
2026-04-18T14:00:00+00:00,222.95,223.0,222.7,222.9,740
2026-04-18T15:00:00+00:00,222.9,223.05,222.7,222.75,1447
2026-04-18T16:00:00+00:00,222.05,224.0,222.05,222.95,200
2026-04-18T17:00:00+00:00,222.95,223.0,222.7,222.75,168
2026-04-18T18:00:00+00:00,222.75,222.95,221.25,222.5,976
2026-04-18T19:00:00+00:00,222.5,222.5,221.9,222.4,242
2026-04-18T20:00:00+00:00,221.95,222.35,221.85,222.25,140
2026-04-18T23:00:00+00:00,223.1,223.1,222.35,222.35,10
2026-04-19T00:00:00+00:00,222.3,222.65,222.3,222.3,58
2026-04-19T01:00:00+00:00,222.6,222.6,222.35,222.6,51
2026-04-19T02:00:00+00:00,222.65,222.7,222.65,222.7,8
2026-04-19T03:00:00+00:00,222.7,222.7,222.3,222.65,20
2026-04-19T04:00:00+00:00,222.3,222.65,222.3,222.65,22
2026-04-19T05:00:00+00:00,222.4,222.65,222.3,222.65,150
2026-04-19T06:00:00+00:00,222.7,223.25,222.65,222.75,163
2026-04-19T07:00:00+00:00,222.75,223.0,222.6,223.0,2002
2026-04-19T08:00:00+00:00,223.0,223.3,222.95,223.15,2363
2026-04-19T09:00:00+00:00,223.1,223.25,222.9,222.9,2076
2026-04-19T10:00:00+00:00,222.9,223.0,222.8,222.9,2015
2026-04-19T11:00:00+00:00,223.0,223.15,222.9,223.0,1417
2026-04-19T12:00:00+00:00,223.0,223.25,222.95,223.15,1618
2026-04-19T13:00:00+00:00,223.15,223.3,223.0,223.0,1345
2026-04-19T14:00:00+00:00,223.0,223.3,222.8,223.2,2305
2026-04-19T15:00:00+00:00,223.2,223.25,222.95,223.0,1554
2026-04-19T16:00:00+00:00,223.0,224.0,222.4,222.95,122
2026-04-19T17:00:00+00:00,222.95,223.3,222.45,223.0,272
2026-04-19T18:00:00+00:00,223.2,223.2,222.5,222.6,128
2026-04-19T19:00:00+00:00,223.05,223.55,222.85,223.15,900
2026-04-19T20:00:00+00:00,222.9,223.25,222.45,222.45,140
2026-04-20T03:00:00+00:00,222.7,222.7,222.7,222.7,57
2026-04-20T04:00:00+00:00,223.0,223.55,222.9,223.0,5673
2026-04-20T05:00:00+00:00,223.0,223.3,222.9,223.05,4570
2026-04-20T06:00:00+00:00,223.0,223.05,222.6,222.9,4024
2026-04-20T07:00:00+00:00,222.95,223.05,222.5,222.8,7414
2026-04-20T08:00:00+00:00,222.75,223.0,222.2,222.9,9226
2026-04-20T09:00:00+00:00,222.9,223.4,221.15,221.2,26434
2026-04-20T10:00:00+00:00,221.2,222.15,221.2,221.9,18848
2026-04-20T11:00:00+00:00,221.85,222.7,221.2,222.15,29291
2026-04-20T12:00:00+00:00,222.1,222.8,222.05,222.75,16646
2026-04-20T13:00:00+00:00,222.8,223.25,221.9,222.0,16547
2026-04-20T14:00:00+00:00,222.05,223.55,221.9,223.1,34245
2026-04-20T15:00:00+00:00,223.1,224.1,222.95,223.45,17753
2026-04-20T16:00:00+00:00,223.4,223.8,223.0,223.2,7896
2026-04-20T17:00:00+00:00,223.2,223.3,223.05,223.2,1350
2026-04-20T18:00:00+00:00,223.2,223.4,223.15,223.25,1369
2026-04-20T19:00:00+00:00,223.25,223.35,223.15,223.25,1047
2026-04-20T20:00:00+00:00,223.25,223.4,223.05,223.05,2362
2026-04-21T03:00:00+00:00,223.55,223.55,223.55,223.55,15
2026-04-21T04:00:00+00:00,223.55,223.55,222.2,222.95,4867
2026-04-21T05:00:00+00:00,223.0,223.1,222.7,222.8,1579
2026-04-21T06:00:00+00:00,222.8,223.3,222.8,223.15,3077
2026-04-21T07:00:00+00:00,223.2,223.95,222.15,222.3,16892
2026-04-21T08:00:00+00:00,222.3,222.7,222.0,222.35,16802
2026-04-21T09:00:00+00:00,222.45,222.5,221.95,222.0,13277
2026-04-21T10:00:00+00:00,222.05,222.3,221.9,222.0,9543
2026-04-21T11:00:00+00:00,222.1,222.4,221.6,221.85,19344
2026-04-21T12:00:00+00:00,221.95,222.25,221.4,221.45,15154
2026-04-21T13:00:00+00:00,221.45,222.2,221.45,221.75,18161
2026-04-21T14:00:00+00:00,221.75,223.0,221.75,222.5,18482
2026-04-21T15:00:00+00:00,222.45,223.1,222.25,222.4,18257
2026-04-21T16:00:00+00:00,222.4,222.9,222.4,222.9,1694
2026-04-21T17:00:00+00:00,222.85,222.95,222.75,222.75,1228
2026-04-21T18:00:00+00:00,222.8,222.8,222.5,222.55,2505
2026-04-21T19:00:00+00:00,222.45,222.75,222.2,222.45,4810
2026-04-21T20:00:00+00:00,222.4,222.75,222.25,222.4,2699
2026-04-22T03:00:00+00:00,222.3,222.3,222.3,222.3,12
2026-04-22T04:00:00+00:00,222.3,223.0,222.3,222.85,884
2026-04-22T05:00:00+00:00,222.85,222.9,222.55,222.8,1295
2026-04-22T06:00:00+00:00,222.75,223.25,222.7,223.0,4723
2026-04-22T07:00:00+00:00,223.0,223.7,222.85,223.55,11677
2026-04-22T08:00:00+00:00,223.55,224.65,223.55,224.5,21767
2026-04-22T09:00:00+00:00,224.6,225.35,224.45,225.15,27510
2026-04-22T10:00:00+00:00,225.1,225.35,224.5,225.1,21464
2026-04-22T11:00:00+00:00,225.1,225.95,224.75,225.15,32309
2026-04-22T12:00:00+00:00,225.1,226.3,224.9,225.75,30373
2026-04-22T13:00:00+00:00,225.8,226.15,225.0,225.25,12903
2026-04-22T14:00:00+00:00,225.4,226.5,224.8,226.05,16067
2026-04-22T15:00:00+00:00,226.2,226.45,225.95,226.0,10122
2026-04-22T16:00:00+00:00,226.35,226.9,225.8,226.5,27028
2026-04-22T17:00:00+00:00,226.5,226.8,226.25,226.35,7563
2026-04-22T18:00:00+00:00,226.35,226.5,226.15,226.45,4245
2026-04-22T19:00:00+00:00,226.45,226.85,226.35,226.8,5435
2026-04-22T20:00:00+00:00,226.75,226.95,226.7,226.9,3465
2026-04-23T03:00:00+00:00,226.8,226.8,226.8,226.8,7
2026-04-23T04:00:00+00:00,226.8,227.15,226.2,226.7,9246
2026-04-23T05:00:00+00:00,226.65,226.95,226.6,226.9,1579
2026-04-23T06:00:00+00:00,226.75,226.95,226.0,226.2,10766
2026-04-23T07:00:00+00:00,226.15,226.9,225.55,226.65,24699
2026-04-23T08:00:00+00:00,226.5,227.0,226.45,226.6,9757
2026-04-23T09:00:00+00:00,226.8,227.45,226.45,227.05,8467
2026-04-23T10:00:00+00:00,227.05,227.05,226.0,226.4,17379
2026-04-23T11:00:00+00:00,226.4,226.55,225.55,225.95,18944
2026-04-23T12:00:00+00:00,225.9,226.35,225.0,225.7,28817
2026-04-23T13:00:00+00:00,225.7,226.1,224.9,224.9,20500
2026-04-23T14:00:00+00:00,224.95,225.3,224.85,224.9,15762
2026-04-23T15:00:00+00:00,224.95,226.4,224.95,225.55,13838
2026-04-23T16:00:00+00:00,225.75,226.2,225.65,225.95,8086
2026-04-23T17:00:00+00:00,225.95,226.1,225.7,225.8,3706
2026-04-23T18:00:00+00:00,225.95,226.05,225.75,225.9,2373
2026-04-23T19:00:00+00:00,226.0,226.05,225.3,225.55,6200
2026-04-23T20:00:00+00:00,225.55,225.95,225.35,225.85,4608
2026-04-24T03:00:00+00:00,225.9,225.9,225.9,225.9,2
2026-04-24T04:00:00+00:00,226.0,226.45,225.9,226.45,2038
2026-04-24T05:00:00+00:00,226.45,226.7,226.15,226.5,2768
2026-04-24T06:00:00+00:00,226.5,226.7,226.1,226.3,5695
2026-04-24T07:00:00+00:00,226.4,226.95,226.1,226.35,12765
2026-04-24T08:00:00+00:00,226.3,226.7,226.05,226.2,6290
2026-04-24T09:00:00+00:00,226.2,226.8,225.85,226.3,11429
2026-04-24T10:00:00+00:00,226.45,227.05,222.5,224.9,72215
2026-04-24T11:00:00+00:00,224.75,225.2,223.55,223.55,26172
2026-04-24T12:00:00+00:00,223.55,224.15,223.0,223.45,23505
2026-04-24T13:00:00+00:00,223.45,224.4,223.05,223.1,29232
2026-04-24T14:00:00+00:00,223.1,223.2,222.5,222.55,28444
2026-04-24T15:00:00+00:00,222.55,223.0,222.4,222.75,15744
2026-04-24T16:00:00+00:00,222.9,223.1,222.8,222.9,3223
2026-04-24T17:00:00+00:00,222.95,223.2,222.85,223.05,4663
2026-04-24T18:00:00+00:00,223.0,223.2,222.9,223.1,2959
2026-04-24T19:00:00+00:00,223.15,223.2,222.95,223.2,2232
2026-04-24T20:00:00+00:00,223.15,223.25,223.05,223.2,1323
2026-04-24T23:00:00+00:00,221.05,224.15,221.05,223.6,14
2026-04-25T00:00:00+00:00,224.05,224.05,223.95,223.95,16
2026-04-25T01:00:00+00:00,223.95,223.95,223.95,223.95,4
2026-04-25T02:00:00+00:00,223.9,223.95,222.95,222.95,44
2026-04-25T03:00:00+00:00,223.95,223.95,223.0,223.5,30
2026-04-25T04:00:00+00:00,223.9,224.0,222.45,222.45,204
2026-04-25T05:00:00+00:00,222.5,223.0,222.5,222.65,106
2026-04-25T06:00:00+00:00,222.65,223.45,222.65,223.35,275
2026-04-25T07:00:00+00:00,223.35,223.7,223.2,223.6,2168
2026-04-25T08:00:00+00:00,223.6,223.65,223.4,223.65,1144
2026-04-25T09:00:00+00:00,223.65,223.7,223.55,223.7,2404
2026-04-25T10:00:00+00:00,223.7,223.85,223.55,223.75,1358
2026-04-25T11:00:00+00:00,223.8,223.9,223.55,223.7,1857
2026-04-25T12:00:00+00:00,223.7,223.8,223.6,223.7,237
2026-04-25T13:00:00+00:00,223.7,223.95,223.65,223.85,1058
2026-04-25T14:00:00+00:00,223.85,223.9,223.65,223.75,553
2026-04-25T15:00:00+00:00,223.75,223.75,223.25,223.55,4460
2026-04-25T16:00:00+00:00,221.3,225.75,221.3,223.2,168
2026-04-25T17:00:00+00:00,223.4,224.75,223.25,224.75,2982
2026-04-25T18:00:00+00:00,223.75,224.2,223.6,223.85,168
2026-04-25T19:00:00+00:00,224.0,224.45,223.85,224.05,150
2026-04-25T20:00:00+00:00,224.05,224.4,224.05,224.4,84
2026-04-25T23:00:00+00:00,226.0,226.0,223.9,223.9,12
2026-04-26T00:00:00+00:00,223.65,223.65,223.65,223.65,2
2026-04-26T01:00:00+00:00,224.1,224.15,224.1,224.15,14
2026-04-26T02:00:00+00:00,223.85,224.3,223.85,224.3,14
2026-04-26T03:00:00+00:00,223.95,224.45,223.95,224.45,20
2026-04-26T04:00:00+00:00,224.25,224.45,223.95,224.0,327
2026-04-26T05:00:00+00:00,224.4,224.4,224.0,224.35,90
2026-04-26T06:00:00+00:00,224.05,224.7,222.95,223.9,1916
2026-04-26T07:00:00+00:00,223.65,223.9,223.65,223.75,1908
2026-04-26T08:00:00+00:00,223.85,223.9,223.75,223.9,587
2026-04-26T09:00:00+00:00,223.8,223.95,223.75,223.8,1323
2026-04-26T10:00:00+00:00,223.8,223.9,223.65,223.8,687
2026-04-26T11:00:00+00:00,223.75,223.8,223.65,223.75,398
2026-04-26T12:00:00+00:00,223.75,223.9,223.25,223.45,3756
2026-04-26T13:00:00+00:00,223.35,223.5,223.3,223.35,189
2026-04-26T14:00:00+00:00,223.3,224.0,223.3,223.6,2790
2026-04-26T15:00:00+00:00,223.65,223.8,223.55,223.8,1360
2026-04-26T16:00:00+00:00,223.25,225.6,222.5,224.05,254
2026-04-26T17:00:00+00:00,224.05,224.1,223.7,224.1,88
2026-04-26T18:00:00+00:00,224.1,224.1,223.65,223.85,140
2026-04-26T19:00:00+00:00,224.05,224.05,223.8,224.0,94
2026-04-26T20:00:00+00:00,224.0,224.6,223.8,224.6,918
2026-04-27T03:00:00+00:00,224.05,224.05,224.05,224.05,16
2026-04-27T04:00:00+00:00,224.3,224.65,223.5,223.85,3446
2026-04-27T05:00:00+00:00,223.85,223.9,223.35,223.75,2766
2026-04-27T06:00:00+00:00,223.75,223.75,222.85,223.3,8768
2026-04-27T07:00:00+00:00,223.15,224.2,223.0,223.9,20984
2026-04-27T08:00:00+00:00,223.95,224.15,223.7,223.7,10628
2026-04-27T09:00:00+00:00,223.7,223.9,223.65,223.65,6723
2026-04-27T10:00:00+00:00,223.7,223.75,222.8,223.1,27043
2026-04-27T11:00:00+00:00,223.05,223.4,222.65,223.4,22084
2026-04-27T12:00:00+00:00,223.4,223.4,222.65,222.9,16951
2026-04-27T13:00:00+00:00,222.85,223.4,222.35,222.5,28905
2026-04-27T14:00:00+00:00,222.5,222.9,221.9,222.1,28764
2026-04-27T15:00:00+00:00,222.1,223.3,222.1,222.9,14776
2026-04-27T16:00:00+00:00,223.05,223.1,222.6,222.7,2494
2026-04-27T17:00:00+00:00,222.7,222.9,222.5,222.65,1621
2026-04-27T18:00:00+00:00,222.7,222.85,222.55,222.7,3277
2026-04-27T19:00:00+00:00,222.7,223.0,222.65,222.85,1532
2026-04-27T20:00:00+00:00,222.9,223.05,222.75,222.75,2987
2026-04-28T03:00:00+00:00,223.25,223.25,223.25,223.25,67
2026-04-28T04:00:00+00:00,223.25,223.25,222.5,223.0,2126
2026-04-28T05:00:00+00:00,223.05,223.15,222.3,222.5,2575
2026-04-28T06:00:00+00:00,222.5,222.95,222.35,222.55,3044
2026-04-28T07:00:00+00:00,222.55,223.0,221.95,222.85,17888
2026-04-28T08:00:00+00:00,222.9,223.65,222.05,222.3,34214
2026-04-28T09:00:00+00:00,222.35,222.55,221.8,221.85,8433
2026-04-28T10:00:00+00:00,221.85,222.95,221.75,222.9,21962
2026-04-28T11:00:00+00:00,222.9,222.95,222.3,222.6,15110
2026-04-28T12:00:00+00:00,222.6,223.3,222.0,222.05,22881
2026-04-28T13:00:00+00:00,222.05,222.8,220.55,220.8,45575
2026-04-28T14:00:00+00:00,220.8,221.55,220.75,221.4,17829
2026-04-28T15:00:00+00:00,221.4,221.95,221.2,221.25,8483
2026-04-28T16:00:00+00:00,221.25,221.6,221.1,221.4,3296
2026-04-28T17:00:00+00:00,221.4,221.7,221.2,221.45,6085
2026-04-28T18:00:00+00:00,221.5,221.6,221.05,221.3,4585
2026-04-28T19:00:00+00:00,221.35,221.6,221.05,221.05,4122
2026-04-28T20:00:00+00:00,221.2,221.3,220.9,220.9,3841
2026-04-29T03:00:00+00:00,220.9,220.9,220.9,220.9,4
2026-04-29T04:00:00+00:00,220.9,221.6,220.5,221.5,7290
2026-04-29T05:00:00+00:00,221.5,221.6,221.25,221.6,1682
2026-04-29T06:00:00+00:00,221.6,222.0,221.3,221.7,6500
2026-04-29T07:00:00+00:00,221.65,221.95,220.1,220.8,22442
2026-04-29T08:00:00+00:00,220.8,220.9,220.1,220.6,18869
2026-04-29T09:00:00+00:00,220.65,221.35,220.4,221.1,12065
2026-04-29T10:00:00+00:00,221.1,221.25,220.1,220.35,18459
2026-04-29T11:00:00+00:00,220.3,220.6,219.6,219.7,37868
2026-04-29T12:00:00+00:00,219.7,220.45,219.25,219.65,30573
2026-04-29T13:00:00+00:00,219.7,220.05,219.0,219.0,22237
2026-04-29T14:00:00+00:00,219.05,219.5,218.75,218.85,23820
2026-04-29T15:00:00+00:00,218.95,219.3,218.25,218.9,33621
2026-04-29T16:00:00+00:00,218.95,219.65,218.8,219.35,16460
2026-04-29T17:00:00+00:00,219.35,220.2,219.0,219.85,15418
2026-04-29T18:00:00+00:00,219.95,220.85,219.8,220.35,16532
2026-04-29T19:00:00+00:00,220.4,220.45,219.8,220.2,6855
2026-04-29T20:00:00+00:00,220.35,220.5,220.2,220.3,2761
2026-04-30T03:00:00+00:00,221.25,221.25,221.25,221.25,227
2026-04-30T04:00:00+00:00,220.6,221.2,220.3,220.6,3171
2026-04-30T05:00:00+00:00,220.6,220.65,220.0,220.45,2011
2026-04-30T06:00:00+00:00,220.45,220.8,219.4,220.5,7438
2026-04-30T07:00:00+00:00,220.5,221.25,220.25,221.2,23118
2026-04-30T08:00:00+00:00,221.2,221.3,220.55,221.0,11751
2026-04-30T09:00:00+00:00,221.0,221.45,219.65,219.7,19885
2026-04-30T10:00:00+00:00,219.75,220.05,219.55,219.75,8203
2026-04-30T11:00:00+00:00,219.65,219.9,219.0,219.4,15393
2026-04-30T12:00:00+00:00,219.45,219.7,218.95,219.05,9763
2026-04-30T13:00:00+00:00,219.05,219.4,218.85,219.3,10395
2026-04-30T14:00:00+00:00,219.25,219.75,218.95,219.25,11335
2026-04-30T15:00:00+00:00,219.25,219.85,218.9,219.45,12681
2026-04-30T16:00:00+00:00,219.45,219.6,219.0,219.4,4526
2026-04-30T17:00:00+00:00,219.4,219.7,219.0,219.6,2748
2026-04-30T18:00:00+00:00,219.5,219.75,219.4,219.55,2835
2026-04-30T19:00:00+00:00,219.6,219.8,219.55,219.8,2638
2026-04-30T20:00:00+00:00,219.8,219.9,219.6,219.75,6519
2026-04-30T23:00:00+00:00,219.2,221.95,219.0,219.55,116
2026-05-01T00:00:00+00:00,219.55,220.2,219.55,220.2,78
2026-05-01T01:00:00+00:00,219.75,220.15,219.75,220.15,32
2026-05-01T02:00:00+00:00,220.15,220.2,219.75,220.15,120
2026-05-01T03:00:00+00:00,219.8,220.9,219.75,220.9,76
2026-05-01T04:00:00+00:00,220.65,220.65,220.0,220.1,110
2026-05-01T05:00:00+00:00,220.1,220.35,219.8,220.25,72
2026-05-01T06:00:00+00:00,220.25,220.4,219.75,219.75,65
2026-05-01T07:00:00+00:00,219.75,219.85,219.25,219.85,2148
2026-05-01T08:00:00+00:00,219.8,220.05,219.75,220.05,1970
2026-05-01T09:00:00+00:00,220.05,220.25,220.0,220.25,750
2026-05-01T10:00:00+00:00,220.25,220.3,220.05,220.1,1260
2026-05-01T11:00:00+00:00,220.1,220.2,220.0,220.1,765
2026-05-01T12:00:00+00:00,220.2,220.3,220.15,220.2,885
2026-05-01T13:00:00+00:00,220.2,220.3,220.15,220.25,477
2026-05-01T14:00:00+00:00,220.2,220.25,219.95,220.1,1530
2026-05-01T15:00:00+00:00,220.0,220.15,219.9,220.05,1685
2026-05-01T16:00:00+00:00,209.8,220.55,209.8,219.7,309
2026-05-01T17:00:00+00:00,219.7,219.8,219.35,219.6,86
2026-05-01T18:00:00+00:00,219.6,219.65,219.4,219.65,62
2026-05-01T19:00:00+00:00,219.6,219.7,219.45,219.5,100
2026-05-01T20:00:00+00:00,219.5,219.9,219.45,219.9,66
2026-05-01T23:00:00+00:00,219.95,220.1,219.95,220.1,5
2026-05-02T01:00:00+00:00,220.4,220.55,220.4,220.55,6
2026-05-02T02:00:00+00:00,220.5,220.55,219.1,220.15,96
2026-05-02T03:00:00+00:00,220.15,220.15,219.5,220.15,21
2026-05-02T04:00:00+00:00,220.15,220.15,219.55,219.6,14
2026-05-02T05:00:00+00:00,220.1,220.15,219.6,220.1,60
2026-05-02T06:00:00+00:00,220.1,220.1,219.6,220.05,67
2026-05-02T07:00:00+00:00,220.05,220.4,219.9,220.4,1171
2026-05-02T08:00:00+00:00,220.4,220.5,220.3,220.45,634
2026-05-02T09:00:00+00:00,220.45,220.45,220.25,220.3,650
2026-05-02T10:00:00+00:00,220.3,220.3,220.25,220.25,414
2026-05-02T11:00:00+00:00,220.3,220.45,220.2,220.35,485
2026-05-02T12:00:00+00:00,220.4,220.45,220.2,220.35,450
2026-05-02T13:00:00+00:00,220.35,220.55,219.95,220.2,4275
2026-05-02T14:00:00+00:00,220.2,220.3,220.15,220.25,605
2026-05-02T15:00:00+00:00,220.25,220.35,220.15,220.35,493
2026-05-02T16:00:00+00:00,220.6,220.65,219.35,219.65,93
2026-05-02T17:00:00+00:00,219.75,220.25,219.65,219.8,25
2026-05-02T18:00:00+00:00,220.05,220.8,219.7,220.8,63
2026-05-02T19:00:00+00:00,220.05,220.75,219.9,220.3,18
2026-05-02T20:00:00+00:00,220.3,220.75,219.75,220.0,42
2026-05-02T23:00:00+00:00,219.3,219.3,219.3,219.3,4
2026-05-03T00:00:00+00:00,219.65,219.7,219.3,219.65,15
2026-05-03T03:00:00+00:00,220.3,220.3,219.65,219.65,23
2026-05-03T04:00:00+00:00,219.65,219.85,219.65,219.7,9
2026-05-03T05:00:00+00:00,219.7,220.4,219.7,220.2,20
2026-05-03T06:00:00+00:00,220.4,220.45,220.2,220.35,59
2026-05-03T07:00:00+00:00,220.55,220.75,220.15,220.25,1593
2026-05-03T08:00:00+00:00,220.25,220.25,220.0,220.05,524
2026-05-03T09:00:00+00:00,220.1,220.2,220.0,220.1,236
2026-05-03T10:00:00+00:00,220.1,220.2,220.0,220.05,798
2026-05-03T11:00:00+00:00,220.15,220.15,220.05,220.1,138
2026-05-03T12:00:00+00:00,220.1,220.25,220.05,220.15,311
2026-05-03T13:00:00+00:00,220.1,220.25,220.05,220.1,390
2026-05-03T14:00:00+00:00,220.1,220.3,220.1,220.2,358
2026-05-03T15:00:00+00:00,220.15,220.3,220.15,220.3,363
2026-05-03T16:00:00+00:00,220.85,221.65,219.75,220.55,73
2026-05-03T17:00:00+00:00,220.55,221.45,220.0,220.2,396
2026-05-03T18:00:00+00:00,220.2,221.4,220.2,220.35,84
2026-05-03T19:00:00+00:00,221.3,221.3,220.1,220.55,39
2026-05-03T20:00:00+00:00,220.55,221.35,220.15,220.6,162
2026-05-04T03:00:00+00:00,220.6,220.6,220.6,220.6,55
2026-05-04T04:00:00+00:00,220.7,220.95,220.1,220.35,3609
2026-05-04T05:00:00+00:00,220.45,220.6,220.3,220.55,1799
2026-05-04T06:00:00+00:00,220.55,220.85,220.2,220.35,3712
2026-05-04T07:00:00+00:00,220.4,221.05,220.25,220.85,7268
2026-05-04T08:00:00+00:00,220.9,222.0,220.45,220.75,38125
2026-05-04T09:00:00+00:00,220.75,221.9,220.65,221.1,17189
2026-05-04T10:00:00+00:00,221.1,221.9,220.6,221.05,19937
2026-05-04T11:00:00+00:00,220.9,221.6,219.05,219.1,35387
2026-05-04T12:00:00+00:00,219.2,219.5,218.75,219.0,19097
2026-05-04T13:00:00+00:00,218.95,219.05,218.15,218.55,19301
2026-05-04T14:00:00+00:00,218.45,218.8,218.05,218.4,27787
2026-05-04T15:00:00+00:00,218.4,219.45,218.15,219.2,16013
2026-05-04T16:00:00+00:00,219.15,219.15,218.75,218.8,1934
2026-05-04T17:00:00+00:00,218.8,219.1,218.7,218.75,3514
2026-05-04T18:00:00+00:00,218.85,219.4,218.75,219.35,4527
2026-05-04T19:00:00+00:00,219.35,219.55,219.15,219.3,3455
2026-05-04T20:00:00+00:00,219.3,219.35,218.95,219.35,2114
2026-05-05T04:00:00+00:00,219.15,219.5,218.8,219.0,1175
2026-05-05T05:00:00+00:00,219.0,219.25,218.85,219.05,1250
2026-05-05T06:00:00+00:00,219.0,219.3,218.6,219.15,3818
2026-05-05T07:00:00+00:00,219.05,219.5,217.5,217.55,20369
2026-05-05T08:00:00+00:00,217.55,217.8,216.35,216.9,55782
2026-05-05T09:00:00+00:00,216.9,218.0,216.55,217.3,30593
2026-05-05T10:00:00+00:00,217.3,217.9,216.55,217.45,34498
2026-05-05T11:00:00+00:00,217.55,217.65,216.8,217.1,16017
2026-05-05T12:00:00+00:00,217.05,218.65,216.9,218.15,23264
2026-05-05T13:00:00+00:00,218.15,219.15,218.05,218.85,25443
2026-05-05T14:00:00+00:00,218.8,219.1,218.05,218.45,17835
2026-05-05T15:00:00+00:00,218.35,218.7,218.0,218.4,13132
2026-05-05T16:00:00+00:00,218.4,218.75,218.15,218.25,7510
2026-05-05T17:00:00+00:00,218.2,218.7,218.2,218.55,2692
2026-05-05T18:00:00+00:00,218.65,218.95,218.5,218.9,2684
2026-05-05T19:00:00+00:00,218.9,219.05,218.5,218.7,6484
2026-05-05T20:00:00+00:00,218.7,218.8,218.5,218.8,1840
2026-05-06T03:00:00+00:00,219.15,219.15,219.15,219.15,24
2026-05-06T04:00:00+00:00,219.0,219.3,218.5,219.0,4803
2026-05-06T05:00:00+00:00,218.85,219.25,218.7,218.9,3228
2026-05-06T06:00:00+00:00,218.85,218.9,217.75,218.05,13751
2026-05-06T07:00:00+00:00,218.15,218.55,217.25,217.55,22375
2026-05-06T08:00:00+00:00,217.6,218.8,217.5,218.2,14735
2026-05-06T09:00:00+00:00,218.2,219.05,217.75,218.4,25812
2026-05-06T10:00:00+00:00,218.5,218.5,217.65,217.95,24311
2026-05-06T11:00:00+00:00,217.95,218.4,217.75,218.1,10069
2026-05-06T12:00:00+00:00,218.1,218.4,217.7,217.7,9159
2026-05-06T13:00:00+00:00,217.7,218.25,217.65,217.7,11677
2026-05-06T14:00:00+00:00,217.8,218.4,217.6,218.25,8746
2026-05-06T15:00:00+00:00,218.25,219.0,218.2,218.6,8294
2026-05-06T16:00:00+00:00,218.7,219.0,218.2,218.25,6910
2026-05-06T17:00:00+00:00,218.3,218.45,218.25,218.35,1064
2026-05-06T18:00:00+00:00,218.35,218.4,218.2,218.2,3046
2026-05-06T19:00:00+00:00,218.2,218.25,218.05,218.15,2976
2026-05-06T20:00:00+00:00,218.1,218.15,217.9,217.9,3219
2026-05-07T03:00:00+00:00,217.9,217.9,217.9,217.9,4
2026-05-07T04:00:00+00:00,217.8,218.4,217.8,218.1,1434
2026-05-07T05:00:00+00:00,218.0,218.25,217.9,218.05,1454
2026-05-07T06:00:00+00:00,217.95,218.5,217.9,218.35,2107
2026-05-07T07:00:00+00:00,218.4,218.55,217.95,218.05,6979
2026-05-07T08:00:00+00:00,218.05,218.35,217.85,218.1,4233
2026-05-07T09:00:00+00:00,218.1,218.35,217.9,218.1,5759
2026-05-07T10:00:00+00:00,218.15,218.5,217.85,218.2,10625
2026-05-07T11:00:00+00:00,218.2,218.7,218.05,218.6,5129
2026-05-07T12:00:00+00:00,218.6,218.6,218.0,218.0,6988
2026-05-07T13:00:00+00:00,218.05,218.15,217.2,217.7,19247
2026-05-07T14:00:00+00:00,217.65,218.0,217.6,217.95,1800
2026-05-07T15:00:00+00:00,217.95,218.1,217.85,217.85,1706
2026-05-07T16:00:00+00:00,218.0,218.2,217.8,217.8,2776
2026-05-07T17:00:00+00:00,217.8,218.05,217.6,217.6,5300
2026-05-07T18:00:00+00:00,217.6,217.7,217.35,217.6,3007
2026-05-07T19:00:00+00:00,217.6,217.6,217.4,217.5,639
2026-05-07T20:00:00+00:00,217.5,217.75,217.4,217.4,2709
2026-05-08T03:00:00+00:00,217.75,217.75,217.75,217.75,9
2026-05-08T04:00:00+00:00,217.75,217.95,217.5,217.7,1168
2026-05-08T05:00:00+00:00,217.7,217.9,217.55,217.75,5460
2026-05-08T06:00:00+00:00,217.75,217.85,217.1,217.45,5133
2026-05-08T07:00:00+00:00,217.45,217.75,216.0,216.6,28734
2026-05-08T08:00:00+00:00,216.7,217.1,216.3,216.95,14315
2026-05-08T09:00:00+00:00,216.95,217.35,216.4,217.25,15142
2026-05-08T10:00:00+00:00,217.25,217.3,216.8,217.0,5042
2026-05-08T11:00:00+00:00,217.0,218.25,216.8,217.3,20911
2026-05-08T12:00:00+00:00,217.3,217.45,217.2,217.3,3269
2026-05-08T13:00:00+00:00,217.3,217.45,216.7,216.9,8115
2026-05-08T14:00:00+00:00,216.8,217.2,216.8,217.0,4383
2026-05-08T15:00:00+00:00,217.0,217.2,216.7,216.7,2508
2026-05-08T16:00:00+00:00,216.9,217.3,216.85,217.1,3168
2026-05-08T17:00:00+00:00,217.05,217.5,217.0,217.45,3302
2026-05-08T18:00:00+00:00,217.4,218.5,217.4,218.4,19673
2026-05-08T19:00:00+00:00,218.5,218.9,218.1,218.65,9980
2026-05-08T20:00:00+00:00,218.8,218.9,218.15,218.25,6185
2026-05-08T23:00:00+00:00,219.85,219.85,218.6,219.0,40
2026-05-09T00:00:00+00:00,218.3,218.9,218.3,218.4,16
2026-05-09T01:00:00+00:00,218.6,218.75,218.45,218.45,20
2026-05-09T02:00:00+00:00,218.45,218.65,218.1,218.1,28
2026-05-09T03:00:00+00:00,218.6,218.6,218.05,218.15,40
2026-05-09T04:00:00+00:00,218.15,218.25,218.0,218.2,232
2026-05-09T05:00:00+00:00,218.25,218.35,217.45,217.45,281
2026-05-09T06:00:00+00:00,217.95,218.35,217.15,218.35,353
2026-05-09T07:00:00+00:00,218.3,218.35,217.65,218.35,102
2026-05-09T08:00:00+00:00,218.25,218.45,217.9,218.3,108
2026-05-09T09:00:00+00:00,218.25,218.6,218.05,218.25,164
2026-05-09T10:00:00+00:00,218.05,218.1,217.7,218.1,111
2026-05-09T11:00:00+00:00,218.05,218.15,217.8,218.15,86
2026-05-09T12:00:00+00:00,218.0,218.15,218.0,218.0,35
2026-05-09T13:00:00+00:00,217.95,218.15,217.75,217.85,57
2026-05-09T14:00:00+00:00,218.15,218.2,217.55,218.2,144
2026-05-09T15:00:00+00:00,218.05,218.2,217.95,218.0,124
2026-05-09T16:00:00+00:00,218.2,218.2,217.95,218.15,52
2026-05-09T17:00:00+00:00,218.2,218.2,217.75,217.8,44
2026-05-09T18:00:00+00:00,218.1,218.75,217.85,218.3,649
2026-05-09T19:00:00+00:00,218.3,219.75,218.3,218.5,836
2026-05-09T20:00:00+00:00,218.5,219.0,218.35,219.0,146
2026-05-09T23:00:00+00:00,219.35,220.0,218.35,218.95,43
2026-05-10T00:00:00+00:00,218.7,218.7,218.7,218.7,2
2026-05-10T01:00:00+00:00,218.7,219.8,218.7,219.65,141
2026-05-10T02:00:00+00:00,219.65,219.65,219.2,219.6,64
2026-05-10T03:00:00+00:00,219.6,219.65,219.2,219.2,30
2026-05-10T04:00:00+00:00,219.2,219.25,218.85,219.15,37
2026-05-10T05:00:00+00:00,218.9,219.5,218.9,219.0,57
2026-05-10T06:00:00+00:00,219.0,219.5,218.75,218.9,104
2026-05-10T07:00:00+00:00,218.9,219.55,218.5,219.1,849
2026-05-10T08:00:00+00:00,219.45,219.55,219.15,219.55,96
2026-05-10T09:00:00+00:00,219.2,219.55,219.15,219.2,220
2026-05-10T10:00:00+00:00,219.25,219.45,219.2,219.25,95
2026-05-10T11:00:00+00:00,219.4,219.4,219.2,219.2,52
2026-05-10T12:00:00+00:00,219.4,219.4,218.95,219.0,279
2026-05-10T13:00:00+00:00,218.8,219.4,218.8,218.9,110
2026-05-10T14:00:00+00:00,218.9,219.5,218.65,219.4,218
2026-05-10T15:00:00+00:00,219.0,219.35,219.0,219.05,115
2026-05-10T16:00:00+00:00,219.05,219.15,218.7,218.75,75
2026-05-10T17:00:00+00:00,219.1,219.1,218.7,219.0,146
2026-05-10T18:00:00+00:00,218.7,219.1,218.6,218.8,667
2026-05-10T19:00:00+00:00,218.8,219.15,218.8,219.15,39
2026-05-10T20:00:00+00:00,219.15,219.15,218.8,219.15,33
2026-05-11T03:00:00+00:00,218.2,218.2,218.2,218.2,252
2026-05-11T04:00:00+00:00,218.25,219.65,218.25,219.05,6317
2026-05-11T05:00:00+00:00,219.05,219.95,219.0,219.95,7309
2026-05-11T06:00:00+00:00,219.85,219.85,219.3,219.65,8818
2026-05-11T07:00:00+00:00,219.7,219.95,219.65,219.85,6453
2026-05-11T08:00:00+00:00,219.85,220.1,219.75,219.95,6586
2026-05-11T09:00:00+00:00,220.0,220.2,219.8,219.8,7414
2026-05-11T10:00:00+00:00,219.9,219.95,219.3,219.4,5809
2026-05-11T11:00:00+00:00,219.5,219.55,219.1,219.3,2081
2026-05-11T12:00:00+00:00,219.35,219.65,219.3,219.35,2473
2026-05-11T13:00:00+00:00,219.45,219.5,218.65,219.35,8213
2026-05-11T14:00:00+00:00,219.4,219.65,219.35,219.6,1331
2026-05-11T15:00:00+00:00,219.6,219.75,219.5,219.75,2028
2026-05-11T16:00:00+00:00,219.75,219.9,219.4,219.8,4046
2026-05-11T17:00:00+00:00,219.8,219.9,219.7,219.9,1768
2026-05-11T18:00:00+00:00,219.9,220.0,219.45,219.55,3663
2026-05-11T19:00:00+00:00,219.65,219.65,219.2,219.4,4019
2026-05-11T20:00:00+00:00,219.4,219.7,219.2,219.65,2815
2026-05-12T03:00:00+00:00,219.35,219.35,219.35,219.35,10
2026-05-12T04:00:00+00:00,219.35,219.85,218.65,219.25,5289
2026-05-12T05:00:00+00:00,219.35,219.55,219.05,219.3,1769
2026-05-12T06:00:00+00:00,219.2,219.4,219.0,219.25,2027
2026-05-12T07:00:00+00:00,219.3,220.75,218.9,219.95,23160
2026-05-12T08:00:00+00:00,220.05,220.55,219.6,219.7,13452
2026-05-12T09:00:00+00:00,219.75,220.15,219.55,220.0,10015
2026-05-12T10:00:00+00:00,220.0,220.75,219.95,220.35,17686
2026-05-12T11:00:00+00:00,220.4,220.55,219.85,220.0,12447
2026-05-12T12:00:00+00:00,219.9,220.3,219.85,220.05,8323
2026-05-12T13:00:00+00:00,220.05,220.7,220.0,220.5,11940
2026-05-12T14:00:00+00:00,220.5,220.95,220.45,220.8,18202
2026-05-12T15:00:00+00:00,220.85,221.2,220.75,220.95,17091
2026-05-12T16:00:00+00:00,220.95,220.95,220.4,220.65,3698
2026-05-12T17:00:00+00:00,220.65,221.0,220.5,220.85,3472
2026-05-12T18:00:00+00:00,220.75,221.45,220.55,221.05,8683
2026-05-12T19:00:00+00:00,221.1,221.45,221.05,221.4,7196
2026-05-12T20:00:00+00:00,221.4,221.45,221.0,221.3,3175
2026-05-13T03:00:00+00:00,221.35,221.35,221.35,221.35,1
2026-05-13T04:00:00+00:00,221.5,221.5,220.85,221.35,2591
2026-05-13T05:00:00+00:00,221.35,221.85,221.25,221.8,5213
2026-05-13T06:00:00+00:00,221.75,223.0,221.05,222.35,31414
2026-05-13T07:00:00+00:00,222.45,222.5,221.15,221.7,18290
2026-05-13T08:00:00+00:00,221.7,221.7,221.0,221.0,8611
2026-05-13T09:00:00+00:00,220.95,221.65,220.7,221.35,17791
2026-05-13T10:00:00+00:00,221.4,221.5,220.5,220.65,15239
2026-05-13T11:00:00+00:00,220.7,221.1,220.3,220.35,12726
2026-05-13T12:00:00+00:00,220.4,220.7,220.2,220.25,13697
2026-05-13T13:00:00+00:00,220.25,221.3,220.15,221.2,17606
2026-05-13T14:00:00+00:00,221.2,222.05,221.2,221.55,30915
2026-05-13T15:00:00+00:00,221.7,221.8,221.3,221.75,9565
2026-05-13T16:00:00+00:00,221.7,221.7,221.4,221.7,2201
2026-05-13T17:00:00+00:00,221.7,221.75,221.45,221.5,1757
2026-05-13T18:00:00+00:00,221.5,221.7,221.45,221.45,1199
2026-05-13T19:00:00+00:00,221.55,221.7,221.4,221.6,1969
2026-05-13T20:00:00+00:00,221.65,221.75,221.5,221.55,1469
2026-05-14T03:00:00+00:00,221.55,221.55,221.55,221.55,438
2026-05-14T04:00:00+00:00,221.55,222.35,221.55,222.25,12060
2026-05-14T05:00:00+00:00,222.25,222.5,221.9,222.0,5385
2026-05-14T06:00:00+00:00,221.9,222.0,221.55,221.7,6529
2026-05-14T07:00:00+00:00,221.8,222.4,221.5,222.3,17450
2026-05-14T08:00:00+00:00,222.3,222.85,222.1,222.7,17829
2026-05-14T09:00:00+00:00,222.6,223.25,222.6,223.15,18435
2026-05-14T10:00:00+00:00,223.25,223.9,223.2,223.65,23068
2026-05-14T11:00:00+00:00,223.65,224.4,223.45,224.3,18182
2026-05-14T12:00:00+00:00,224.3,225.85,224.25,225.05,119103
2026-05-14T13:00:00+00:00,225.05,225.8,225.0,225.15,31393
2026-05-14T14:00:00+00:00,225.15,225.2,224.4,224.7,30686
2026-05-14T15:00:00+00:00,224.6,224.7,223.15,223.7,26395
2026-05-14T16:00:00+00:00,223.5,224.45,223.35,224.15,12059
2026-05-14T17:00:00+00:00,224.25,225.2,224.15,225.05,13773
2026-05-14T18:00:00+00:00,225.05,225.55,225.0,225.3,8814
2026-05-14T19:00:00+00:00,225.3,225.5,225.2,225.35,5034
2026-05-14T20:00:00+00:00,225.25,225.4,225.15,225.2,7512
2026-05-15T03:00:00+00:00,225.1,225.1,225.1,225.1,6
2026-05-15T04:00:00+00:00,225.1,225.75,224.5,225.3,6724
2026-05-15T05:00:00+00:00,225.35,225.9,225.25,225.65,6115
2026-05-15T06:00:00+00:00,225.5,226.0,225.35,225.8,9213
2026-05-15T07:00:00+00:00,225.8,228.3,225.45,228.05,76380
2026-05-15T08:00:00+00:00,227.95,228.55,227.5,227.5,64894
2026-05-15T09:00:00+00:00,227.5,228.4,227.4,227.9,45325
2026-05-15T10:00:00+00:00,227.95,228.05,227.4,227.65,15387
2026-05-15T11:00:00+00:00,227.65,227.65,227.25,227.45,12792
2026-05-15T12:00:00+00:00,227.45,227.6,226.55,226.65,38669
2026-05-15T13:00:00+00:00,226.75,227.0,226.2,226.75,23792
2026-05-15T14:00:00+00:00,226.75,226.85,224.55,224.8,36646
2026-05-15T15:00:00+00:00,224.8,225.45,224.6,225.45,25718
2026-05-15T16:00:00+00:00,225.45,226.85,225.35,226.65,10691
2026-05-15T17:00:00+00:00,226.65,226.8,226.0,226.25,11817
2026-05-15T18:00:00+00:00,226.1,226.7,226.05,226.55,4093
2026-05-15T19:00:00+00:00,226.55,226.6,226.35,226.45,2173
2026-05-15T20:00:00+00:00,226.5,226.95,226.3,226.95,5097
2026-05-15T23:00:00+00:00,227.95,227.95,226.7,226.95,48
2026-05-16T00:00:00+00:00,226.75,227.0,226.75,226.75,8
2026-05-16T01:00:00+00:00,226.75,227.85,226.75,227.85,63
2026-05-16T02:00:00+00:00,227.2,227.75,227.2,227.65,22
2026-05-16T03:00:00+00:00,227.15,227.5,226.8,226.8,29
2026-05-16T04:00:00+00:00,226.8,227.15,226.75,227.15,89
2026-05-16T05:00:00+00:00,226.8,227.45,226.8,227.2,98
2026-05-16T06:00:00+00:00,227.2,227.75,226.95,226.95,405
2026-05-16T07:00:00+00:00,227.0,227.2,226.65,226.8,3128
2026-05-16T08:00:00+00:00,226.8,226.9,226.4,226.9,1609
2026-05-16T09:00:00+00:00,226.9,226.95,226.65,226.65,683
2026-05-16T10:00:00+00:00,226.65,226.75,226.65,226.75,686
2026-05-16T11:00:00+00:00,226.65,227.2,226.65,226.85,1618
2026-05-16T12:00:00+00:00,226.9,226.95,226.7,226.95,399
2026-05-16T13:00:00+00:00,226.95,227.05,226.8,226.95,2475
2026-05-16T14:00:00+00:00,226.95,227.05,226.85,226.95,811
2026-05-16T15:00:00+00:00,226.95,227.25,226.9,227.05,2304
2026-05-16T16:00:00+00:00,232.95,232.95,225.9,226.95,97
2026-05-16T17:00:00+00:00,226.7,227.05,226.65,226.65,78
2026-05-16T18:00:00+00:00,226.9,226.9,226.3,226.9,108
2026-05-16T19:00:00+00:00,226.55,227.1,226.3,226.35,224
2026-05-16T20:00:00+00:00,226.35,227.1,226.3,226.55,83
2026-05-16T23:00:00+00:00,224.0,227.1,224.0,226.25,7
2026-05-17T01:00:00+00:00,227.05,227.05,226.15,226.15,7
2026-05-17T02:00:00+00:00,227.05,227.1,227.05,227.1,4
2026-05-17T03:00:00+00:00,227.05,227.35,226.75,227.35,25
2026-05-17T04:00:00+00:00,226.8,227.35,226.8,227.2,37
2026-05-17T05:00:00+00:00,227.2,227.2,226.6,227.0,24
2026-05-17T06:00:00+00:00,226.6,227.1,226.6,227.1,31
2026-05-17T07:00:00+00:00,227.2,227.25,226.8,227.25,1174
2026-05-17T08:00:00+00:00,227.25,227.55,227.2,227.4,3010
2026-05-17T09:00:00+00:00,227.5,227.55,227.35,227.45,592
2026-05-17T10:00:00+00:00,227.35,227.45,227.1,227.25,984
2026-05-17T11:00:00+00:00,227.2,227.5,227.1,227.4,1749
2026-05-17T12:00:00+00:00,227.3,227.5,227.25,227.4,1432
2026-05-17T13:00:00+00:00,227.3,227.45,227.25,227.35,1388
2026-05-17T14:00:00+00:00,227.25,227.4,227.1,227.1,1080
2026-05-17T15:00:00+00:00,227.1,227.4,227.1,227.25,840
2026-05-17T16:00:00+00:00,226.5,227.55,226.5,227.55,82
2026-05-17T17:00:00+00:00,227.15,227.45,226.75,227.15,133
2026-05-17T18:00:00+00:00,227.15,227.3,226.75,226.8,74
2026-05-17T19:00:00+00:00,226.85,226.95,226.85,226.95,15
2026-05-17T20:00:00+00:00,226.95,226.95,226.8,226.95,12
2026-05-18T03:00:00+00:00,227.25,227.25,227.25,227.25,49
2026-05-18T04:00:00+00:00,227.0,227.3,226.8,226.9,5604
2026-05-18T05:00:00+00:00,227.0,227.0,226.35,226.5,7189
2026-05-18T06:00:00+00:00,226.4,226.5,225.7,226.0,14995
2026-05-18T07:00:00+00:00,226.0,226.05,225.0,225.2,30273
2026-05-18T08:00:00+00:00,225.2,225.55,224.85,225.15,15757
2026-05-18T09:00:00+00:00,225.1,225.7,224.6,225.6,22897
2026-05-18T10:00:00+00:00,225.6,225.7,225.0,225.05,7444
2026-05-18T11:00:00+00:00,225.1,225.3,225.0,225.05,5065
2026-05-18T12:00:00+00:00,225.05,225.15,224.6,224.6,12986
2026-05-18T13:00:00+00:00,224.6,224.9,223.9,224.4,22584
2026-05-18T14:00:00+00:00,224.4,225.3,223.9,225.2,14938
2026-05-18T15:00:00+00:00,225.3,225.65,225.05,225.3,17463
2026-05-18T16:00:00+00:00,225.3,225.9,225.3,225.85,4245
2026-05-18T17:00:00+00:00,225.9,226.0,225.5,225.55,3162
2026-05-18T18:00:00+00:00,225.75,225.75,225.15,225.45,5953
2026-05-18T19:00:00+00:00,225.45,225.45,225.15,225.3,4160
2026-05-18T20:00:00+00:00,225.4,225.45,225.2,225.3,2554
2026-05-19T03:00:00+00:00,225.3,225.3,225.3,225.3,10
2026-05-19T04:00:00+00:00,225.65,225.95,225.35,225.75,3756
2026-05-19T05:00:00+00:00,225.9,225.95,225.65,225.65,1632
2026-05-19T06:00:00+00:00,225.65,225.7,224.95,225.2,3766
2026-05-19T07:00:00+00:00,225.2,225.4,224.6,225.1,9416
2026-05-19T08:00:00+00:00,225.05,226.0,224.85,225.6,25607
2026-05-19T09:00:00+00:00,225.6,225.75,225.05,225.1,17089
2026-05-19T10:00:00+00:00,225.15,225.45,224.7,225.3,12981
2026-05-19T11:00:00+00:00,225.25,225.4,224.65,225.15,25816
2026-05-19T12:00:00+00:00,225.15,225.3,224.9,225.0,9023
2026-05-19T13:00:00+00:00,224.95,225.15,224.9,224.95,6136
2026-05-19T14:00:00+00:00,224.95,225.25,224.9,225.05,5646
2026-05-19T15:00:00+00:00,225.0,225.55,225.0,225.55,6442
2026-05-19T16:00:00+00:00,225.5,225.9,225.1,225.85,11199
2026-05-19T17:00:00+00:00,225.8,226.8,225.8,226.35,14796
2026-05-19T18:00:00+00:00,226.4,226.45,226.25,226.35,1827
2026-05-19T19:00:00+00:00,226.35,226.55,226.3,226.3,5236
2026-05-19T20:00:00+00:00,226.3,226.8,225.5,225.9,18710
2026-05-20T03:00:00+00:00,225.9,225.9,225.9,225.9,21
2026-05-20T04:00:00+00:00,225.95,227.05,225.75,226.0,1825
2026-05-20T05:00:00+00:00,226.0,226.45,225.95,226.45,1571
2026-05-20T06:00:00+00:00,226.3,226.4,225.25,225.3,6367
2026-05-20T07:00:00+00:00,225.4,225.7,224.65,225.4,16315
2026-05-20T08:00:00+00:00,225.5,225.7,224.8,225.25,13228
2026-05-20T09:00:00+00:00,225.15,225.5,224.85,225.1,11602
2026-05-20T10:00:00+00:00,225.2,225.85,225.1,225.4,6301
2026-05-20T11:00:00+00:00,225.4,226.15,225.3,226.15,6015
2026-05-20T12:00:00+00:00,226.15,226.95,226.1,226.65,22963
2026-05-20T13:00:00+00:00,226.65,226.7,226.0,226.05,10550
2026-05-20T14:00:00+00:00,226.05,227.5,225.5,227.1,57795
2026-05-20T15:00:00+00:00,227.1,227.4,226.05,226.6,11546
2026-05-20T16:00:00+00:00,226.55,226.8,226.15,226.55,4640
2026-05-20T17:00:00+00:00,226.55,226.55,226.2,226.2,1942
2026-05-20T18:00:00+00:00,226.2,226.95,226.2,226.8,5060
2026-05-20T19:00:00+00:00,226.9,227.45,226.55,226.85,10167
2026-05-20T20:00:00+00:00,226.8,226.8,226.0,226.6,9235
2026-05-21T03:00:00+00:00,226.4,226.4,226.4,226.4,75
2026-05-21T04:00:00+00:00,226.65,227.1,226.25,226.4,1500
2026-05-21T05:00:00+00:00,226.4,226.85,226.3,226.65,1973
2026-05-21T06:00:00+00:00,226.75,226.75,225.85,226.35,4978
2026-05-21T07:00:00+00:00,226.3,227.0,225.75,226.5,31230
2026-05-21T08:00:00+00:00,226.4,226.4,224.85,225.1,28998
2026-05-21T09:00:00+00:00,225.1,227.75,225.0,226.95,60023
2026-05-21T10:00:00+00:00,226.95,227.7,226.15,227.65,21595
2026-05-21T11:00:00+00:00,227.6,228.4,227.25,227.3,41514
2026-05-21T12:00:00+00:00,227.4,227.55,226.5,226.85,32428
2026-05-21T13:00:00+00:00,226.95,227.6,226.6,227.1,26002
2026-05-21T14:00:00+00:00,227.1,227.85,226.9,227.6,14707
2026-05-21T15:00:00+00:00,227.6,228.5,227.55,228.45,47192
2026-05-21T16:00:00+00:00,228.5,228.5,227.95,228.05,11312
2026-05-21T17:00:00+00:00,228.05,228.25,227.7,227.8,5334
2026-05-21T18:00:00+00:00,227.8,228.05,227.75,228.05,1304
2026-05-21T19:00:00+00:00,228.0,228.15,227.65,228.0,6897
2026-05-21T20:00:00+00:00,228.05,228.2,227.8,228.0,3862
2026-05-22T03:00:00+00:00,228.2,228.2,228.2,228.2,2
2026-05-22T04:00:00+00:00,228.25,228.95,227.95,228.95,9297
2026-05-22T05:00:00+00:00,229.0,230.0,228.6,229.65,38125
2026-05-22T06:00:00+00:00,229.65,234.3,229.35,234.0,298339
2026-05-22T07:00:00+00:00,234.0,234.5,233.3,233.45,185727
2026-05-22T08:00:00+00:00,233.55,233.65,232.2,232.45,110876
2026-05-22T09:00:00+00:00,232.45,233.4,232.2,232.8,65923
2026-05-22T10:00:00+00:00,232.85,233.0,232.5,232.75,30387
2026-05-22T11:00:00+00:00,232.8,233.4,232.7,233.0,40201
2026-05-22T12:00:00+00:00,233.05,233.1,231.7,232.5,68526
2026-05-22T13:00:00+00:00,232.6,233.0,232.0,232.0,46007
2026-05-22T14:00:00+00:00,232.05,232.2,230.05,231.2,114925
2026-05-22T15:00:00+00:00,231.15,232.4,230.75,232.15,53762
2026-05-22T16:00:00+00:00,232.15,232.4,231.65,231.85,22532
2026-05-22T17:00:00+00:00,231.9,232.0,231.65,232.0,8381
2026-05-22T18:00:00+00:00,232.0,232.3,231.85,232.3,8848
2026-05-22T19:00:00+00:00,232.3,232.3,231.5,231.75,14424
2026-05-22T20:00:00+00:00,231.75,232.2,231.7,231.85,10593
2026-05-22T23:00:00+00:00,230.65,232.5,230.65,232.35,37
2026-05-23T00:00:00+00:00,232.35,232.95,231.75,232.95,548
2026-05-23T01:00:00+00:00,232.95,232.95,232.9,232.9,60
2026-05-23T02:00:00+00:00,232.9,232.9,232.1,232.6,125
2026-05-23T03:00:00+00:00,232.55,232.65,232.1,232.1,217
2026-05-23T04:00:00+00:00,232.4,232.65,232.15,232.65,182
2026-05-23T05:00:00+00:00,232.65,232.65,232.2,232.5,248
2026-05-23T06:00:00+00:00,232.2,232.6,232.0,232.0,329
2026-05-23T07:00:00+00:00,232.0,233.0,229.6,232.9,19247
2026-05-23T08:00:00+00:00,232.95,233.45,232.6,233.35,14939
2026-05-23T09:00:00+00:00,233.35,233.45,232.8,233.25,5415
2026-05-23T10:00:00+00:00,233.15,233.3,232.6,233.0,10360
2026-05-23T11:00:00+00:00,233.0,233.05,232.65,232.75,3138
2026-05-23T12:00:00+00:00,232.8,233.1,232.7,233.1,2572
2026-05-23T13:00:00+00:00,233.05,233.2,232.95,233.15,2012
2026-05-23T14:00:00+00:00,233.2,233.3,233.15,233.3,5473
2026-05-23T15:00:00+00:00,233.3,233.4,233.1,233.2,4512
2026-05-23T16:00:00+00:00,235.85,235.85,232.3,233.4,641
2026-05-23T17:00:00+00:00,233.4,233.4,233.1,233.3,195
2026-05-23T18:00:00+00:00,233.35,233.5,233.1,233.35,984
2026-05-23T19:00:00+00:00,233.35,233.35,232.85,233.1,676
2026-05-23T20:00:00+00:00,232.85,233.8,232.85,232.95,884
2026-05-23T23:00:00+00:00,233.9,233.9,233.2,233.35,40
2026-05-24T00:00:00+00:00,233.3,233.65,233.2,233.65,28
2026-05-24T01:00:00+00:00,233.65,233.75,233.2,233.75,210
2026-05-24T02:00:00+00:00,233.75,233.75,233.4,233.7,9
2026-05-24T03:00:00+00:00,233.5,233.7,233.35,233.7,168
2026-05-24T04:00:00+00:00,233.35,233.6,233.2,233.25,71
2026-05-24T05:00:00+00:00,233.6,233.7,233.25,233.7,587
2026-05-24T06:00:00+00:00,233.65,233.7,232.5,232.5,744
2026-05-24T07:00:00+00:00,233.0,235.0,231.85,233.0,54642
2026-05-24T08:00:00+00:00,233.0,233.5,232.7,233.3,6772
2026-05-24T09:00:00+00:00,233.3,233.65,232.45,232.9,12207
2026-05-24T10:00:00+00:00,232.9,233.0,232.5,232.8,2522
2026-05-24T11:00:00+00:00,232.9,233.0,232.8,232.95,736
2026-05-24T12:00:00+00:00,232.9,233.0,232.75,232.75,4460
2026-05-24T13:00:00+00:00,232.75,233.0,232.75,233.0,1460
2026-05-24T14:00:00+00:00,232.9,233.05,232.85,232.95,2227
2026-05-24T15:00:00+00:00,233.0,233.45,232.85,233.1,5601
2026-05-24T16:00:00+00:00,234.95,234.95,233.0,233.2,249
2026-05-24T17:00:00+00:00,233.45,233.6,233.05,233.6,417
2026-05-24T18:00:00+00:00,233.55,233.6,233.0,233.4,387
2026-05-24T19:00:00+00:00,233.4,233.45,233.05,233.45,194
2026-05-24T20:00:00+00:00,233.45,233.45,233.35,233.35,120
2026-05-25T03:00:00+00:00,233.05,233.05,233.05,233.05,108
2026-05-25T04:00:00+00:00,233.1,234.0,232.5,233.7,16143
2026-05-25T05:00:00+00:00,233.75,233.8,233.05,233.15,5986
2026-05-25T06:00:00+00:00,233.05,233.65,232.55,233.15,14379
2026-05-25T07:00:00+00:00,233.1,233.6,231.8,232.05,35395
2026-05-25T08:00:00+00:00,231.85,232.8,230.75,231.6,53084
2026-05-25T09:00:00+00:00,231.65,232.2,231.2,231.35,29403
2026-05-25T10:00:00+00:00,231.35,231.6,230.75,230.95,22994
2026-05-25T11:00:00+00:00,230.9,231.25,230.8,230.8,25838
2026-05-25T12:00:00+00:00,230.8,231.9,230.8,231.45,28629
2026-05-25T13:00:00+00:00,231.55,231.6,229.0,229.75,79566
2026-05-25T14:00:00+00:00,229.75,230.05,228.4,230.05,75718
2026-05-25T15:00:00+00:00,230.0,230.95,230.0,230.75,22823
2026-05-25T16:00:00+00:00,230.7,231.1,230.05,230.1,16204
2026-05-25T17:00:00+00:00,230.1,230.75,230.05,230.2,5510
2026-05-25T18:00:00+00:00,230.25,230.25,229.55,230.05,8602
2026-05-25T19:00:00+00:00,230.0,230.1,229.7,229.95,2979
2026-05-25T20:00:00+00:00,229.95,230.35,229.7,229.9,4484
2026-05-26T03:00:00+00:00,230.5,230.5,230.5,230.5,28
2026-05-26T04:00:00+00:00,230.5,230.6,229.65,229.9,6759
2026-05-26T05:00:00+00:00,229.9,230.2,229.75,230.2,3209
2026-05-26T06:00:00+00:00,230.2,230.25,229.7,229.7,6368
2026-05-26T07:00:00+00:00,229.85,230.25,227.7,228.15,47997
2026-05-26T08:00:00+00:00,228.15,228.65,227.25,228.15,41102
2026-05-26T09:00:00+00:00,228.2,229.2,228.05,228.75,23683
2026-05-26T10:00:00+00:00,228.75,228.8,227.6,227.8,23698
2026-05-26T11:00:00+00:00,227.95,228.75,227.5,228.25,29611
2026-05-26T12:00:00+00:00,228.25,228.65,227.95,228.2,14798
2026-05-26T13:00:00+00:00,228.1,228.45,227.95,228.05,15228
2026-05-26T14:00:00+00:00,228.1,229.0,228.05,228.4,22558
2026-05-26T15:00:00+00:00,228.5,228.9,228.0,228.05,9287
2026-05-26T16:00:00+00:00,228.15,228.35,227.2,227.5,26302
2026-05-26T17:00:00+00:00,227.4,229.85,227.4,229.7,30202
2026-05-26T18:00:00+00:00,229.7,230.6,229.45,229.95,29605
2026-05-26T19:00:00+00:00,230.0,230.4,229.9,230.1,12384
2026-05-26T20:00:00+00:00,230.1,230.2,229.45,229.8,15653
2026-05-27T03:00:00+00:00,230.0,230.0,230.0,230.0,11
2026-05-27T04:00:00+00:00,230.3,230.5,228.8,229.55,11731
2026-05-27T05:00:00+00:00,229.5,230.2,229.5,230.2,6384
2026-05-27T06:00:00+00:00,230.15,230.9,229.85,230.75,11555
2026-05-27T07:00:00+00:00,230.75,230.75,229.4,229.4,28092
2026-05-27T08:00:00+00:00,229.35,232.0,228.25,230.0,67326
2026-05-27T09:00:00+00:00,230.0,230.75,229.65,230.6,45778
2026-05-27T10:00:00+00:00,230.6,231.1,230.25,230.55,30108
2026-05-27T11:00:00+00:00,230.55,231.5,230.45,230.9,26988
2026-05-27T12:00:00+00:00,230.9,231.2,230.6,230.85,15820
2026-05-27T13:00:00+00:00,230.85,231.1,230.1,230.25,18841
2026-05-27T14:00:00+00:00,230.3,230.75,230.05,230.5,16717
2026-05-27T15:00:00+00:00,230.55,231.45,229.95,230.85,27009
2026-05-27T16:00:00+00:00,230.8,230.8,230.15,230.7,5274
2026-05-27T17:00:00+00:00,230.7,230.85,230.1,230.5,8179
2026-05-27T18:00:00+00:00,230.4,230.8,230.35,230.75,3635
2026-05-27T19:00:00+00:00,230.75,231.75,230.65,231.05,17881
2026-05-27T20:00:00+00:00,231.05,231.1,230.65,231.0,2724
2026-05-28T03:00:00+00:00,231.0,231.0,231.0,231.0,6
2026-05-28T04:00:00+00:00,231.35,231.8,230.95,231.6,6261
2026-05-28T05:00:00+00:00,231.5,231.95,231.5,231.85,4568
2026-05-28T06:00:00+00:00,231.8,231.9,231.0,231.1,8149
2026-05-28T07:00:00+00:00,231.1,231.15,230.4,230.65,17219
2026-05-28T08:00:00+00:00,230.65,231.9,230.65,231.3,19964
2026-05-28T09:00:00+00:00,231.25,231.3,230.3,230.4,24998
2026-05-28T10:00:00+00:00,230.5,230.9,230.4,230.6,23978
2026-05-28T11:00:00+00:00,230.65,230.95,230.3,230.3,18903
2026-05-28T12:00:00+00:00,230.4,230.5,229.55,229.65,20829
2026-05-28T13:00:00+00:00,229.65,229.75,229.1,229.2,21266
2026-05-28T14:00:00+00:00,229.25,229.65,229.1,229.3,20340
2026-05-28T15:00:00+00:00,229.25,229.95,229.25,229.85,8999
2026-05-28T16:00:00+00:00,229.85,229.85,229.4,229.55,5822
2026-05-28T17:00:00+00:00,229.45,229.6,229.1,229.15,5529
2026-05-28T18:00:00+00:00,229.1,229.5,229.0,229.1,10814
2026-05-28T19:00:00+00:00,229.05,229.3,228.5,228.75,9793
2026-05-28T20:00:00+00:00,228.7,228.85,228.5,228.65,4344
2026-05-29T03:00:00+00:00,229.1,229.1,229.1,229.1,5
2026-05-29T04:00:00+00:00,229.3,229.4,228.55,229.0,6455
2026-05-29T05:00:00+00:00,229.0,229.15,228.5,228.95,4643
2026-05-29T06:00:00+00:00,228.95,229.4,228.25,229.15,9458
2026-05-29T07:00:00+00:00,229.15,230.05,228.2,228.85,29144
2026-05-29T08:00:00+00:00,228.8,229.25,228.45,228.7,23826
2026-05-29T09:00:00+00:00,228.75,229.0,228.0,228.5,32876
2026-05-29T10:00:00+00:00,228.5,228.95,228.4,228.55,13495
2026-05-29T11:00:00+00:00,228.65,228.65,228.0,228.1,15234
2026-05-29T12:00:00+00:00,228.2,228.55,228.05,228.2,15553
2026-05-29T13:00:00+00:00,228.2,228.8,228.05,228.25,27709
2026-05-29T14:00:00+00:00,228.3,228.45,228.05,228.2,17369
2026-05-29T15:00:00+00:00,228.2,229.05,227.8,228.15,27622
2026-05-29T16:00:00+00:00,228.15,228.45,227.85,228.2,4044
2026-05-29T17:00:00+00:00,228.2,228.35,228.05,228.25,2179
2026-05-29T18:00:00+00:00,228.25,228.3,227.6,227.85,9900
2026-05-29T19:00:00+00:00,227.85,228.0,227.45,227.85,15659
2026-05-29T20:00:00+00:00,227.85,227.95,227.0,227.4,17160
2026-05-29T23:00:00+00:00,226.1,228.35,226.1,227.75,36
2026-05-30T00:00:00+00:00,227.7,227.75,227.25,227.35,7
2026-05-30T01:00:00+00:00,227.35,227.9,227.25,227.9,43
2026-05-30T02:00:00+00:00,227.9,228.2,227.4,228.2,23
2026-05-30T03:00:00+00:00,228.2,228.2,227.5,228.2,21
2026-05-30T04:00:00+00:00,228.2,228.25,227.6,228.2,93
2026-05-30T05:00:00+00:00,228.2,228.25,227.7,228.1,72
2026-05-30T06:00:00+00:00,228.1,228.15,227.5,227.5,126
2026-05-30T07:00:00+00:00,227.55,228.3,227.5,228.1,5838
2026-05-30T08:00:00+00:00,228.1,228.65,228.0,228.4,3749
2026-05-30T09:00:00+00:00,228.4,228.55,228.2,228.25,1524
2026-05-30T10:00:00+00:00,228.25,228.4,227.95,228.4,3902
2026-05-30T11:00:00+00:00,228.4,228.4,228.25,228.3,1100
2026-05-30T12:00:00+00:00,228.35,228.35,228.15,228.3,1170
2026-05-30T13:00:00+00:00,228.3,228.55,228.0,228.35,3601
2026-05-30T14:00:00+00:00,228.35,228.7,228.25,228.7,3552
2026-05-30T15:00:00+00:00,228.7,228.9,227.8,228.85,9110
2026-05-30T16:00:00+00:00,229.2,229.8,228.05,229.2,517
2026-05-30T17:00:00+00:00,229.2,229.25,228.9,228.95,245
2026-05-30T18:00:00+00:00,229.15,229.15,228.95,229.1,41
2026-05-30T19:00:00+00:00,229.1,229.15,228.5,228.85,375
2026-05-30T20:00:00+00:00,228.85,228.95,228.6,228.95,73
2026-05-30T23:00:00+00:00,229.55,229.9,228.9,229.65,153
2026-05-31T00:00:00+00:00,229.65,229.65,229.05,229.05,35
2026-05-31T01:00:00+00:00,229.45,229.5,228.9,228.9,4
2026-05-31T02:00:00+00:00,228.9,229.15,228.85,229.05,9
2026-05-31T03:00:00+00:00,229.0,229.05,228.85,229.05,11
2026-05-31T04:00:00+00:00,228.8,229.15,228.75,229.15,238
2026-05-31T05:00:00+00:00,229.15,229.2,228.25,228.8,316
2026-05-31T06:00:00+00:00,228.35,229.35,228.35,229.35,96
2026-05-31T07:00:00+00:00,229.3,229.3,228.55,228.7,2560
2026-05-31T08:00:00+00:00,228.75,228.9,228.15,228.9,2838
2026-05-31T09:00:00+00:00,228.9,229.15,228.8,229.1,3454
2026-05-31T10:00:00+00:00,229.15,229.15,228.7,228.9,1890
2026-05-31T11:00:00+00:00,228.9,229.1,228.85,229.05,865
2026-05-31T12:00:00+00:00,229.05,229.15,228.95,229.1,883
2026-05-31T13:00:00+00:00,229.15,229.3,229.05,229.1,2007
2026-05-31T14:00:00+00:00,229.15,229.15,229.0,229.1,1678
2026-05-31T15:00:00+00:00,229.1,229.3,229.0,229.1,3350
2026-05-31T16:00:00+00:00,230.0,230.0,228.05,229.4,136
2026-05-31T17:00:00+00:00,229.25,229.55,229.15,229.5,95
2026-05-31T18:00:00+00:00,229.5,229.5,229.1,229.1,239
2026-05-31T19:00:00+00:00,229.1,229.45,229.05,229.45,52
2026-05-31T20:00:00+00:00,229.4,229.45,229.15,229.35,84
2026-06-01T03:00:00+00:00,229.35,229.35,229.35,229.35,1
2026-06-01T04:00:00+00:00,229.3,230.25,229.0,229.9,25180
2026-06-01T05:00:00+00:00,229.9,230.1,229.4,229.6,6828
2026-06-01T06:00:00+00:00,229.55,229.95,228.95,229.9,14565
2026-06-01T07:00:00+00:00,229.85,230.5,229.2,229.55,42342
2026-06-01T08:00:00+00:00,229.55,229.75,229.3,229.35,16349
2026-06-01T09:00:00+00:00,229.4,229.55,228.45,228.6,29767
2026-06-01T10:00:00+00:00,228.6,228.9,228.4,228.75,19270
2026-06-01T11:00:00+00:00,228.8,229.15,228.2,228.4,19399
2026-06-01T12:00:00+00:00,228.4,228.8,228.25,228.45,16294
2026-06-01T13:00:00+00:00,228.55,228.8,228.1,228.25,14929
2026-06-01T14:00:00+00:00,228.2,228.35,227.9,228.1,15420
2026-06-01T15:00:00+00:00,228.0,228.2,227.7,228.0,8820
2026-06-01T16:00:00+00:00,228.0,228.7,227.75,228.45,12474
2026-06-01T17:00:00+00:00,228.45,228.65,228.25,228.55,6437
2026-06-01T18:00:00+00:00,228.6,228.65,228.3,228.5,4905
2026-06-01T19:00:00+00:00,228.6,228.65,228.45,228.45,2372
2026-06-01T20:00:00+00:00,228.5,228.55,228.35,228.35,2789
2026-06-02T03:00:00+00:00,228.5,228.5,228.5,228.5,10
2026-06-02T04:00:00+00:00,228.5,229.45,228.35,229.1,10162
2026-06-02T05:00:00+00:00,229.1,229.1,228.7,228.95,4048
2026-06-02T06:00:00+00:00,228.95,229.1,228.5,229.0,3996
2026-06-02T07:00:00+00:00,229.0,230.25,228.35,229.5,25495
2026-06-02T08:00:00+00:00,229.5,229.6,228.5,229.0,24172
2026-06-02T09:00:00+00:00,229.0,229.25,228.0,228.85,32175
2026-06-02T10:00:00+00:00,228.9,229.2,228.55,228.75,13266
2026-06-02T11:00:00+00:00,228.85,228.95,228.55,228.7,12443
2026-06-02T12:00:00+00:00,228.6,229.75,228.55,229.45,30750
2026-06-02T13:00:00+00:00,229.55,230.1,229.35,230.0,52405
2026-06-02T14:00:00+00:00,229.9,231.0,229.65,230.2,40197
2026-06-02T15:00:00+00:00,230.3,230.55,229.75,230.2,8735
2026-06-02T16:00:00+00:00,230.25,230.3,229.95,230.2,7851
2026-06-02T17:00:00+00:00,230.2,230.2,229.7,229.95,7289
2026-06-02T18:00:00+00:00,229.9,230.3,229.9,230.05,5505
2026-06-02T19:00:00+00:00,230.15,230.3,230.05,230.3,4545
2026-06-02T20:00:00+00:00,230.3,230.4,230.05,230.3,5155
2026-06-03T03:00:00+00:00,230.95,230.95,230.95,230.95,140
2026-06-03T04:00:00+00:00,230.4,231.4,230.4,230.85,9443
2026-06-03T05:00:00+00:00,230.75,231.4,230.35,231.0,6163
2026-06-03T06:00:00+00:00,230.95,230.95,230.1,230.2,13274
2026-06-03T07:00:00+00:00,230.15,230.55,230.0,230.25,7712
2026-06-03T08:00:00+00:00,230.35,230.9,230.0,230.25,13825
2026-06-03T09:00:00+00:00,230.1,230.4,229.15,230.15,23440
2026-06-03T10:00:00+00:00,230.25,230.85,229.75,230.85,7517
2026-06-03T11:00:00+00:00,230.8,230.9,230.2,230.45,10593
2026-06-03T12:00:00+00:00,230.4,230.6,230.0,230.0,12473
2026-06-03T13:00:00+00:00,230.05,230.3,229.5,229.85,10955
2026-06-03T14:00:00+00:00,229.85,229.95,229.15,229.35,10790
2026-06-03T15:00:00+00:00,229.35,230.25,229.3,229.4,16233
2026-06-03T16:00:00+00:00,229.5,230.05,229.25,229.55,10633
2026-06-03T17:00:00+00:00,229.5,229.6,229.25,229.25,5292
2026-06-03T18:00:00+00:00,229.25,229.5,229.25,229.45,2986
2026-06-03T19:00:00+00:00,229.45,229.45,228.65,229.1,13115
2026-06-03T20:00:00+00:00,229.1,229.5,228.8,228.95,7908
2026-06-04T03:00:00+00:00,228.95,228.95,228.95,228.95,11
2026-06-04T04:00:00+00:00,229.0,229.95,229.0,229.7,3944
2026-06-04T05:00:00+00:00,229.7,229.75,228.9,229.35,6006
2026-06-04T06:00:00+00:00,229.3,229.75,229.05,229.45,4348
2026-06-04T07:00:00+00:00,229.55,230.6,229.45,230.0,18924
2026-06-04T08:00:00+00:00,230.1,230.15,228.95,229.1,26995
2026-06-04T09:00:00+00:00,229.15,229.6,229.1,229.3,14580
2026-06-04T10:00:00+00:00,229.35,229.4,228.55,228.65,20397
2026-06-04T11:00:00+00:00,228.65,229.7,228.45,228.5,19109
2026-06-04T12:00:00+00:00,228.5,228.9,228.45,228.6,12659
2026-06-04T13:00:00+00:00,228.65,228.75,227.15,227.5,59847
2026-06-04T14:00:00+00:00,227.55,228.05,227.0,227.7,55067
2026-06-04T15:00:00+00:00,227.7,227.95,227.25,227.75,10679
2026-06-04T16:00:00+00:00,227.75,228.1,227.5,228.1,4044
2026-06-04T17:00:00+00:00,228.1,228.3,227.95,228.05,2554
2026-06-04T18:00:00+00:00,228.15,228.2,227.9,227.9,5002
2026-06-04T19:00:00+00:00,227.9,228.2,227.9,228.2,2194
2026-06-04T20:00:00+00:00,228.2,228.25,227.95,228.1,1905
2026-06-05T03:00:00+00:00,228.9,228.9,228.9,228.9,52
2026-06-05T04:00:00+00:00,228.5,228.9,228.1,228.15,1792
2026-06-05T05:00:00+00:00,228.15,228.4,227.95,228.35,4703
2026-06-05T06:00:00+00:00,228.35,228.35,227.8,227.95,3082
2026-06-05T07:00:00+00:00,227.95,228.4,227.55,228.0,13561
2026-06-05T08:00:00+00:00,228.0,228.5,227.9,228.1,12255
2026-06-05T09:00:00+00:00,228.05,228.3,227.9,228.3,5380
2026-06-05T10:00:00+00:00,228.3,228.55,228.15,228.4,9821
2026-06-05T11:00:00+00:00,228.4,228.5,228.15,228.3,7670
2026-06-05T12:00:00+00:00,228.4,228.45,227.6,227.85,13807
2026-06-05T13:00:00+00:00,227.85,228.0,227.6,227.8,7461
2026-06-05T14:00:00+00:00,227.8,228.35,227.75,228.1,8392
2026-06-05T15:00:00+00:00,228.15,228.2,227.5,227.6,14478
2026-06-05T16:00:00+00:00,227.6,228.15,227.0,227.65,27009
2026-06-05T17:00:00+00:00,227.65,227.95,227.35,227.8,6649
2026-06-05T18:00:00+00:00,227.8,227.95,227.75,227.8,883
2026-06-05T19:00:00+00:00,227.8,227.85,227.6,227.65,2367
2026-06-05T20:00:00+00:00,227.75,227.75,227.4,227.6,1903
2026-06-05T23:00:00+00:00,228.3,228.5,227.65,227.65,4
2026-06-06T01:00:00+00:00,227.75,228.1,227.55,227.6,128
2026-06-06T02:00:00+00:00,228.0,228.0,227.6,227.6,14
2026-06-06T03:00:00+00:00,228.0,228.1,227.6,227.65,73
2026-06-06T04:00:00+00:00,228.1,228.1,227.6,228.05,68
2026-06-06T05:00:00+00:00,228.05,228.25,227.75,228.25,151
2026-06-06T06:00:00+00:00,228.1,228.25,227.65,227.75,146
2026-06-06T07:00:00+00:00,227.75,228.3,227.65,228.25,3186
2026-06-06T08:00:00+00:00,228.25,228.35,228.0,228.1,3398
2026-06-06T09:00:00+00:00,228.1,228.25,228.0,228.0,1248
2026-06-06T10:00:00+00:00,228.1,228.15,227.95,228.15,1007
2026-06-06T11:00:00+00:00,228.15,228.2,228.0,228.05,1776
2026-06-06T12:00:00+00:00,228.1,228.1,227.85,228.0,1063
2026-06-06T13:00:00+00:00,228.0,228.2,227.85,228.15,1738
2026-06-06T14:00:00+00:00,228.1,228.15,228.0,228.0,809
2026-06-06T15:00:00+00:00,228.1,228.15,227.9,228.0,1408
2026-06-06T16:00:00+00:00,229.4,229.4,227.25,228.0,124
2026-06-06T17:00:00+00:00,227.9,228.0,227.65,227.95,142
2026-06-06T18:00:00+00:00,227.75,228.0,227.5,227.6,146
2026-06-06T19:00:00+00:00,227.95,228.0,227.6,228.0,134
2026-06-06T20:00:00+00:00,228.0,228.0,227.7,227.7,38
2026-06-06T23:00:00+00:00,228.15,228.7,228.15,228.6,35
2026-06-07T01:00:00+00:00,228.15,228.45,228.05,228.05,6
2026-06-07T03:00:00+00:00,228.5,228.6,228.05,228.1,46
2026-06-07T04:00:00+00:00,228.55,228.55,228.15,228.5,141
2026-06-07T05:00:00+00:00,228.25,228.5,228.1,228.1,149
2026-06-07T06:00:00+00:00,228.4,228.5,228.0,228.0,113
2026-06-07T07:00:00+00:00,228.05,228.3,228.0,228.3,1350
2026-06-07T08:00:00+00:00,228.25,228.35,228.15,228.35,801
2026-06-07T09:00:00+00:00,228.3,228.5,228.25,228.45,2206
2026-06-07T10:00:00+00:00,228.45,228.5,228.35,228.5,6343
2026-06-07T11:00:00+00:00,228.5,228.55,228.4,228.5,1094
2026-06-07T12:00:00+00:00,228.45,228.55,228.4,228.45,1179
2026-06-07T13:00:00+00:00,228.45,228.65,228.45,228.6,515
2026-06-07T14:00:00+00:00,228.6,228.6,228.45,228.55,983
2026-06-07T15:00:00+00:00,228.55,228.6,228.4,228.5,970
2026-06-07T16:00:00+00:00,229.6,236.9,228.3,228.5,243
2026-06-07T17:00:00+00:00,228.25,228.8,228.25,228.55,143
2026-06-07T18:00:00+00:00,228.55,228.8,228.5,228.75,102
2026-06-07T19:00:00+00:00,228.75,228.9,228.55,228.85,266
2026-06-07T20:00:00+00:00,228.85,228.85,228.35,228.85,111
2026-06-08T03:00:00+00:00,228.6,228.6,228.6,228.6,37
2026-06-08T04:00:00+00:00,228.65,229.3,228.35,229.0,6846
2026-06-08T05:00:00+00:00,229.0,229.05,228.7,228.85,2434
2026-06-08T06:00:00+00:00,228.85,229.9,228.75,229.7,14577
2026-06-08T07:00:00+00:00,229.65,229.7,228.15,229.0,27647
2026-06-08T08:00:00+00:00,229.05,229.3,228.85,229.1,26805
2026-06-08T09:00:00+00:00,229.1,229.55,229.0,229.5,23606
2026-06-08T10:00:00+00:00,229.5,229.55,229.0,229.0,15418
2026-06-08T11:00:00+00:00,229.0,229.35,228.9,228.9,20787
2026-06-08T12:00:00+00:00,228.95,228.95,227.7,227.7,44575
2026-06-08T13:00:00+00:00,227.75,228.55,227.25,228.35,40233
2026-06-08T14:00:00+00:00,228.35,228.45,227.3,227.45,32631
2026-06-08T15:00:00+00:00,227.4,228.5,227.3,227.8,19242
2026-06-08T16:00:00+00:00,228.0,228.5,227.95,228.5,6315
2026-06-08T17:00:00+00:00,228.45,229.7,228.05,228.45,24451
2026-06-08T18:00:00+00:00,228.35,228.5,228.0,228.3,4101
2026-06-08T19:00:00+00:00,228.3,229.1,228.1,228.6,13401
2026-06-08T20:00:00+00:00,228.6,228.7,228.3,228.4,3183
2026-06-09T03:00:00+00:00,228.4,228.4,228.4,228.4,21
2026-06-09T04:00:00+00:00,228.4,228.45,227.45,227.45,7223
2026-06-09T05:00:00+00:00,227.4,227.9,225.85,227.85,35489
2026-06-09T06:00:00+00:00,227.85,228.7,227.4,227.6,17793
2026-06-09T07:00:00+00:00,227.65,227.65,225.3,227.05,74768
2026-06-09T08:00:00+00:00,227.05,227.85,226.1,226.8,39372
2026-06-09T09:00:00+00:00,226.85,227.5,226.3,227.3,38287
2026-06-09T10:00:00+00:00,227.3,228.3,227.05,227.15,34322
2026-06-09T11:00:00+00:00,227.15,227.4,226.45,227.2,20243
2026-06-09T12:00:00+00:00,227.25,228.0,226.9,227.3,18614
2026-06-09T13:00:00+00:00,227.25,227.8,227.2,227.25,16925
2026-06-09T14:00:00+00:00,227.25,227.5,226.4,226.7,38521
2026-06-09T15:00:00+00:00,226.7,227.35,226.6,227.2,9451
2026-06-09T16:00:00+00:00,227.15,227.3,226.95,227.25,3412
2026-06-09T17:00:00+00:00,227.25,227.3,226.9,227.2,3972
2026-06-09T18:00:00+00:00,227.2,227.45,227.0,227.15,7126
2026-06-09T19:00:00+00:00,227.15,227.35,227.05,227.25,2335
2026-06-09T20:00:00+00:00,227.2,227.4,227.0,227.4,4665
2026-06-10T03:00:00+00:00,227.3,227.3,227.3,227.3,119
2026-06-10T04:00:00+00:00,227.0,227.85,226.75,227.8,7035
2026-06-10T05:00:00+00:00,227.8,227.85,227.55,227.75,3258
2026-06-10T06:00:00+00:00,227.7,227.75,226.85,227.1,7446
2026-06-10T07:00:00+00:00,227.1,227.7,226.0,226.2,24144
2026-06-10T08:00:00+00:00,226.2,226.9,225.8,226.25,20229
2026-06-10T09:00:00+00:00,226.35,227.65,226.15,226.3,27557
2026-06-10T10:00:00+00:00,226.3,227.1,226.1,226.15,18929
2026-06-10T11:00:00+00:00,226.25,226.6,225.9,225.95,10755
2026-06-10T12:00:00+00:00,226.0,226.3,225.5,225.6,22344
2026-06-10T13:00:00+00:00,225.65,226.5,225.55,226.1,11193
2026-06-10T14:00:00+00:00,226.1,227.6,225.95,227.4,29146
2026-06-10T15:00:00+00:00,227.4,227.6,226.4,226.4,24120
2026-06-10T16:00:00+00:00,226.45,226.8,226.3,226.55,6198
2026-06-10T17:00:00+00:00,226.55,226.7,226.3,226.7,6903
2026-06-10T18:00:00+00:00,226.7,226.7,226.4,226.6,4679
2026-06-10T19:00:00+00:00,226.6,226.6,226.4,226.45,1398
2026-06-10T20:00:00+00:00,226.45,226.5,226.05,226.3,5171
2026-06-11T03:00:00+00:00,226.3,226.3,226.3,226.3,17
2026-06-11T04:00:00+00:00,226.2,227.25,226.05,226.25,7569
2026-06-11T05:00:00+00:00,226.35,226.9,226.1,226.35,9299
2026-06-11T06:00:00+00:00,226.25,227.0,226.05,226.7,5947
2026-06-11T07:00:00+00:00,226.6,226.7,226.0,226.25,10529
2026-06-11T08:00:00+00:00,226.2,226.5,226.1,226.1,12751
2026-06-11T09:00:00+00:00,226.1,226.95,226.1,226.4,12351
2026-06-11T10:00:00+00:00,226.4,227.0,226.4,226.7,8915
2026-06-11T11:00:00+00:00,226.7,226.7,226.1,226.2,9609
2026-06-11T12:00:00+00:00,226.2,226.7,226.1,226.55,8015
2026-06-11T13:00:00+00:00,226.55,226.7,226.25,226.5,5311
2026-06-11T14:00:00+00:00,226.4,226.85,226.3,226.35,5932
2026-06-11T15:00:00+00:00,226.45,226.65,226.3,226.4,2611
2026-06-11T16:00:00+00:00,226.4,226.7,226.35,226.6,2063
2026-06-11T17:00:00+00:00,226.6,226.65,226.05,226.35,8146
2026-06-11T18:00:00+00:00,226.4,226.6,226.25,226.45,3179
2026-06-11T19:00:00+00:00,226.45,226.6,226.4,226.55,2011
2026-06-11T20:00:00+00:00,226.55,226.65,226.3,226.5,3127
2026-06-11T23:00:00+00:00,225.85,227.15,225.85,227.0,17
2026-06-12T00:00:00+00:00,226.1,228.3,226.1,228.2,102
2026-06-12T01:00:00+00:00,226.5,228.2,226.25,227.0,21
2026-06-12T02:00:00+00:00,228.15,228.15,226.3,227.2,33
2026-06-12T03:00:00+00:00,227.25,228.1,226.5,227.2,72
2026-06-12T04:00:00+00:00,227.05,227.9,227.05,227.2,345
2026-06-12T05:00:00+00:00,227.2,227.2,227.0,227.2,187
2026-06-12T06:00:00+00:00,227.2,227.25,226.7,226.7,357
2026-06-12T07:00:00+00:00,226.8,227.1,226.3,227.1,2908
2026-06-12T08:00:00+00:00,227.1,227.15,226.55,227.0,4071
2026-06-12T09:00:00+00:00,227.0,227.15,226.75,226.85,3238
2026-06-12T10:00:00+00:00,227.0,227.05,226.7,226.95,1022
2026-06-12T11:00:00+00:00,226.95,227.1,226.75,226.95,2818
2026-06-12T12:00:00+00:00,227.1,227.15,226.9,227.15,1860
2026-06-12T13:00:00+00:00,227.15,227.15,226.9,226.95,3185
2026-06-12T14:00:00+00:00,226.95,227.05,226.75,227.0,1650
2026-06-12T15:00:00+00:00,227.0,227.15,226.9,227.15,947
2026-06-12T16:00:00+00:00,228.2,228.2,226.7,227.4,795
2026-06-12T17:00:00+00:00,227.4,227.4,227.0,227.25,109
2026-06-12T18:00:00+00:00,227.25,227.3,226.75,227.2,86
2026-06-12T19:00:00+00:00,226.9,227.3,226.9,227.3,126
2026-06-12T20:00:00+00:00,227.3,227.35,227.0,227.35,642
2026-06-12T23:00:00+00:00,224.9,229.0,224.9,227.95,386
2026-06-13T00:00:00+00:00,227.5,227.9,227.45,227.7,17
2026-06-13T01:00:00+00:00,227.1,227.7,227.1,227.7,11
2026-06-13T02:00:00+00:00,227.6,227.75,227.1,227.75,121
2026-06-13T03:00:00+00:00,227.65,227.65,227.2,227.5,29
2026-06-13T04:00:00+00:00,227.55,227.65,226.0,227.25,686
2026-06-13T05:00:00+00:00,227.25,227.75,227.2,227.7,376
2026-06-13T06:00:00+00:00,227.25,227.65,226.95,227.1,331
2026-06-13T07:00:00+00:00,227.1,227.55,226.65,227.1,3183
2026-06-13T08:00:00+00:00,227.2,227.6,226.9,227.6,2438
2026-06-13T09:00:00+00:00,227.6,227.6,227.3,227.35,1287
2026-06-13T10:00:00+00:00,227.3,227.85,227.3,227.7,3856
2026-06-13T11:00:00+00:00,227.7,227.8,227.55,227.7,823
