time,open,high,low,close,volume
2025-06-12T08:00:00+00:00,312.49,312.53,312.01,312.36,8520
2025-06-12T09:00:00+00:00,312.03,312.37,312.02,312.03,6620
2025-06-12T10:00:00+00:00,312.32,312.33,312.0,312.01,9500
2025-06-12T11:00:00+00:00,312.01,312.3,311.87,312.28,9250
2025-06-12T12:00:00+00:00,312.27,312.5,311.88,312.46,17850
2025-06-12T13:00:00+00:00,312.04,312.46,312.04,312.14,3480
2025-06-12T14:00:00+00:00,312.44,312.8,312.1,312.69,37070
2025-06-12T15:00:00+00:00,312.69,312.7,312.26,312.3,5100
2025-06-12T16:00:00+00:00,312.29,312.64,312.15,312.15,6890
2025-06-12T17:00:00+00:00,312.46,312.55,312.15,312.55,3710
2025-06-12T18:00:00+00:00,312.26,312.57,312.26,312.34,2590
2025-06-12T19:00:00+00:00,312.5,312.57,312.1,312.47,8150
2025-06-12T20:00:00+00:00,312.47,312.47,312.17,312.3,6280
2025-06-13T03:00:00+00:00,313.28,313.28,313.28,313.28,22950
2025-06-13T04:00:00+00:00,313.29,313.39,312.25,312.63,735680
2025-06-13T05:00:00+00:00,312.63,313.29,312.61,312.96,483230
2025-06-13T06:00:00+00:00,312.95,312.97,310.22,310.94,2058130
2025-06-13T07:00:00+00:00,310.96,311.4,310.18,310.81,1311400
2025-06-13T08:00:00+00:00,310.81,311.05,310.14,310.7,1129630
2025-06-13T09:00:00+00:00,310.78,311.99,310.61,311.78,1481360
2025-06-13T10:00:00+00:00,311.79,311.82,310.73,310.98,718160
2025-06-13T11:00:00+00:00,310.89,311.41,310.23,310.6,1015040
2025-06-13T12:00:00+00:00,310.62,311.45,310.2,310.24,729460
2025-06-13T13:00:00+00:00,310.28,310.67,309.8,310.61,982750
2025-06-13T14:00:00+00:00,310.61,310.88,310.22,310.42,356840
2025-06-13T15:00:00+00:00,310.42,310.55,309.86,310.01,687200
2025-06-13T16:00:00+00:00,310.01,310.35,309.53,310.05,620690
2025-06-13T17:00:00+00:00,310.05,310.35,309.6,310.32,296830
2025-06-13T18:00:00+00:00,310.32,310.59,310.22,310.37,170220
2025-06-13T19:00:00+00:00,310.37,310.49,310.01,310.01,307190
2025-06-13T20:00:00+00:00,310.11,310.4,309.79,310.2,317850
2025-06-13T23:00:00+00:00,312.4,312.4,308.61,310.01,4530
2025-06-14T00:00:00+00:00,310.36,310.36,309.37,310.0,2380
2025-06-14T01:00:00+00:00,310.29,310.61,310.0,310.54,1620
2025-06-14T02:00:00+00:00,310.53,311.27,309.9,309.91,3190
2025-06-14T03:00:00+00:00,310.76,310.78,310.01,310.72,1300
2025-06-14T04:00:00+00:00,310.7,310.96,310.03,310.64,12750
2025-06-14T05:00:00+00:00,310.63,310.64,310.01,310.54,19620
2025-06-14T06:00:00+00:00,310.54,310.7,310.06,310.21,11160
2025-06-14T07:00:00+00:00,310.22,310.98,310.22,310.79,383150
2025-06-14T08:00:00+00:00,310.8,310.8,310.43,310.64,71970
2025-06-14T09:00:00+00:00,310.64,310.81,310.56,310.77,143370
2025-06-14T10:00:00+00:00,310.77,311.17,310.72,310.91,200980
2025-06-14T11:00:00+00:00,310.89,311.04,310.77,310.95,50330
2025-06-14T12:00:00+00:00,310.95,311.01,310.56,310.58,78780
2025-06-14T13:00:00+00:00,310.57,310.78,310.5,310.56,59130
2025-06-14T14:00:00+00:00,310.64,310.76,310.3,310.51,137670
2025-06-14T15:00:00+00:00,310.55,310.75,309.55,310.29,319080
2025-06-14T16:00:00+00:00,311.37,314.7,310.0,310.3,9020
2025-06-14T17:00:00+00:00,310.3,310.6,310.1,310.5,22940
2025-06-14T18:00:00+00:00,310.5,310.58,310.27,310.56,10740
2025-06-14T19:00:00+00:00,310.56,310.92,310.35,310.69,18360
2025-06-14T20:00:00+00:00,310.69,310.75,310.28,310.35,13470
2025-06-14T23:00:00+00:00,312.02,312.02,309.45,310.13,2330
2025-06-15T00:00:00+00:00,310.71,310.94,310.05,310.43,1030
2025-06-15T01:00:00+00:00,310.43,310.9,310.1,310.1,2800
2025-06-15T02:00:00+00:00,310.83,310.97,310.1,310.63,4390
2025-06-15T03:00:00+00:00,310.94,310.94,310.1,310.13,11560
2025-06-15T04:00:00+00:00,310.13,310.62,310.07,310.29,8600
2025-06-15T05:00:00+00:00,310.56,310.62,310.28,310.49,7030
2025-06-15T06:00:00+00:00,310.3,310.97,310.29,310.97,14230
2025-06-15T07:00:00+00:00,310.95,311.4,310.0,310.51,595490
2025-06-15T08:00:00+00:00,310.51,310.61,309.95,310.04,196070
2025-06-15T09:00:00+00:00,310.01,310.32,309.74,310.15,215670
2025-06-15T10:00:00+00:00,310.12,310.61,310.1,310.27,185840
2025-06-15T11:00:00+00:00,310.19,310.81,310.15,310.68,245010
2025-06-15T12:00:00+00:00,310.69,310.71,310.23,310.56,119390
2025-06-15T13:00:00+00:00,310.57,310.74,310.3,310.52,87840
2025-06-15T14:00:00+00:00,310.52,310.55,310.15,310.17,56190
2025-06-15T15:00:00+00:00,310.17,310.5,310.05,310.09,237940
2025-06-15T16:00:00+00:00,311.36,311.36,309.92,310.66,11370
2025-06-15T17:00:00+00:00,310.45,310.67,310.13,310.5,4110
2025-06-15T18:00:00+00:00,310.38,310.58,310.2,310.3,7380
2025-06-15T19:00:00+00:00,310.51,310.51,310.21,310.25,11980
2025-06-15T20:00:00+00:00,310.25,310.49,310.2,310.47,4170
2025-06-16T03:00:00+00:00,310.2,310.2,310.2,310.2,6490
2025-06-16T04:00:00+00:00,310.2,310.85,309.81,310.65,464440
2025-06-16T05:00:00+00:00,310.55,310.81,310.23,310.59,140830
2025-06-16T06:00:00+00:00,310.55,311.64,310.32,311.53,896390
2025-06-16T07:00:00+00:00,311.51,312.59,310.87,311.34,2423100
2025-06-16T08:00:00+00:00,311.27,311.8,310.5,311.78,1684100
2025-06-16T09:00:00+00:00,311.79,313.2,311.39,313.1,2386020
2025-06-16T10:00:00+00:00,313.1,313.41,312.36,312.59,1702700
2025-06-16T11:00:00+00:00,312.6,313.99,312.37,313.29,2279290
2025-06-16T12:00:00+00:00,313.32,314.37,312.0,312.8,3022330
2025-06-16T13:00:00+00:00,312.8,313.3,311.07,311.45,3097250
2025-06-16T14:00:00+00:00,311.45,312.1,311.1,311.76,1071770
2025-06-16T15:00:00+00:00,311.78,311.8,311.25,311.71,462840
2025-06-16T16:00:00+00:00,311.52,311.95,311.08,311.83,528130
2025-06-16T17:00:00+00:00,311.83,311.98,311.61,311.71,182660
2025-06-16T18:00:00+00:00,311.7,312.07,311.6,311.75,280440
2025-06-16T19:00:00+00:00,311.73,311.78,311.08,311.44,486000
2025-06-16T20:00:00+00:00,311.45,311.85,311.24,311.5,212260
2025-06-17T03:00:00+00:00,311.61,311.61,311.61,311.61,2180
2025-06-17T04:00:00+00:00,311.62,312.88,310.5,312.51,1114370
2025-06-17T05:00:00+00:00,312.53,313.0,312.18,312.35,490350
2025-06-17T06:00:00+00:00,312.35,312.35,311.22,311.46,1218200
2025-06-17T07:00:00+00:00,311.46,313.49,311.2,312.81,2945710
2025-06-17T08:00:00+00:00,312.81,313.25,312.51,313.18,1284040
2025-06-17T09:00:00+00:00,313.18,314.2,313.18,313.9,2421280
2025-06-17T10:00:00+00:00,313.9,314.08,313.07,313.32,1230910
2025-06-17T11:00:00+00:00,313.36,313.7,312.79,313.12,1066350
2025-06-17T12:00:00+00:00,313.13,313.95,313.13,313.38,890470
2025-06-17T13:00:00+00:00,313.39,314.17,313.06,314.02,2160360
2025-06-17T14:00:00+00:00,314.1,314.89,313.73,314.04,3006440
2025-06-17T15:00:00+00:00,314.06,314.43,313.9,314.18,1100910
2025-06-17T16:00:00+00:00,314.2,314.93,314.12,314.41,1226250
2025-06-17T17:00:00+00:00,314.4,314.73,314.04,314.38,555540
2025-06-17T18:00:00+00:00,314.39,314.93,313.45,313.75,1359070
2025-06-17T19:00:00+00:00,313.75,313.85,313.3,313.8,766220
2025-06-17T20:00:00+00:00,313.8,313.84,313.33,313.56,463440
2025-06-18T03:00:00+00:00,313.56,313.56,313.56,313.56,12960
2025-06-18T04:00:00+00:00,313.6,314.19,313.5,313.99,553930
2025-06-18T05:00:00+00:00,313.92,314.14,313.6,313.99,231050
2025-06-18T06:00:00+00:00,313.97,314.82,313.59,314.39,702050
2025-06-18T07:00:00+00:00,314.38,314.39,311.63,312.75,3187130
2025-06-18T08:00:00+00:00,312.64,313.21,312.51,313.12,1426050
2025-06-18T09:00:00+00:00,313.14,313.84,312.74,313.7,1353640
2025-06-18T10:00:00+00:00,313.7,314.57,313.27,313.57,2147520
2025-06-18T11:00:00+00:00,313.63,314.34,313.31,313.86,1001160
2025-06-18T12:00:00+00:00,313.85,314.3,313.45,314.3,933610
2025-06-18T13:00:00+00:00,314.27,314.47,313.13,314.33,1442270
2025-06-18T14:00:00+00:00,314.39,314.4,313.3,313.72,1382280
2025-06-18T15:00:00+00:00,313.7,314.09,313.54,313.8,647980
2025-06-18T16:00:00+00:00,313.61,313.95,313.3,313.43,585990
2025-06-18T17:00:00+00:00,313.43,313.64,312.5,313.03,1178520
2025-06-18T18:00:00+00:00,313.02,313.27,313.0,313.21,196780
2025-06-18T19:00:00+00:00,313.21,313.21,312.81,313.09,304110
2025-06-18T20:00:00+00:00,313.08,313.48,312.9,313.38,320670
2025-06-19T03:00:00+00:00,313.41,313.41,313.41,313.41,13730
2025-06-19T04:00:00+00:00,313.5,314.03,313.2,313.67,330100
2025-06-19T05:00:00+00:00,313.75,314.25,313.5,313.79,354580
2025-06-19T06:00:00+00:00,313.78,314.18,313.6,313.85,508550
2025-06-19T07:00:00+00:00,313.85,316.18,313.5,315.78,5057170
2025-06-19T08:00:00+00:00,315.8,316.45,315.48,315.82,3080730
2025-06-19T09:00:00+00:00,315.82,315.99,315.27,315.34,943300
2025-06-19T10:00:00+00:00,315.31,315.52,314.51,314.59,2345710
2025-06-19T11:00:00+00:00,314.6,315.25,314.14,314.56,1862010
2025-06-19T12:00:00+00:00,314.56,314.61,312.85,313.01,7569770
2025-06-19T13:00:00+00:00,313.0,313.73,312.8,313.63,1865560
2025-06-19T14:00:00+00:00,313.63,313.7,313.05,313.6,1096150
2025-06-19T15:00:00+00:00,313.64,313.8,312.14,312.8,3349330
2025-06-19T16:00:00+00:00,312.72,312.9,312.35,312.86,538570
2025-06-19T17:00:00+00:00,312.83,313.04,312.34,312.51,534690
2025-06-19T18:00:00+00:00,312.5,312.9,312.25,312.89,388570
2025-06-19T19:00:00+00:00,312.89,312.97,312.72,312.78,156910
2025-06-19T20:00:00+00:00,312.79,312.83,312.32,312.46,315220
2025-06-20T03:00:00+00:00,312.46,312.46,312.46,312.46,10740
2025-06-20T04:00:00+00:00,312.46,313.32,312.03,313.31,367550
2025-06-20T05:00:00+00:00,313.31,313.32,312.8,312.92,151510
2025-06-20T06:00:00+00:00,312.93,313.59,312.92,313.37,620130
2025-06-20T07:00:00+00:00,313.35,313.35,311.5,312.18,3737130
2025-06-20T08:00:00+00:00,312.19,312.32,311.5,311.66,1951330
2025-06-20T09:00:00+00:00,311.64,312.18,311.1,311.92,1892740
2025-06-20T10:00:00+00:00,311.92,312.4,311.85,312.15,847330
2025-06-20T11:00:00+00:00,312.16,312.74,311.54,311.54,1644270
2025-06-20T12:00:00+00:00,311.55,312.39,311.3,311.36,1428110
2025-06-20T13:00:00+00:00,311.38,311.88,310.62,311.02,1909660
2025-06-20T14:00:00+00:00,311.02,311.7,310.7,311.48,1112160
2025-06-20T15:00:00+00:00,311.48,311.54,309.76,309.76,2617260
2025-06-20T16:00:00+00:00,310.07,310.15,309.3,309.96,2135920
2025-06-20T17:00:00+00:00,309.96,310.0,309.8,310.0,410420
2025-06-20T18:00:00+00:00,310.0,310.11,309.95,309.98,555260
2025-06-20T19:00:00+00:00,309.99,310.0,309.9,309.9,234350
2025-06-20T20:00:00+00:00,309.91,309.94,309.56,309.7,419330
2025-06-20T23:00:00+00:00,310.47,310.47,308.97,309.03,6050
2025-06-21T00:00:00+00:00,309.25,309.81,309.03,309.5,3470
2025-06-21T01:00:00+00:00,309.7,310.25,309.6,310.0,1580
2025-06-21T02:00:00+00:00,310.24,310.3,309.83,310.29,2660
2025-06-21T03:00:00+00:00,309.89,310.29,309.88,310.26,2950
2025-06-21T04:00:00+00:00,310.1,310.29,310.01,310.28,6600
2025-06-21T05:00:00+00:00,310.28,310.29,310.0,310.26,15950
2025-06-21T06:00:00+00:00,310.25,310.28,309.59,310.2,29170
2025-06-21T07:00:00+00:00,310.2,310.23,310.0,310.21,17600
2025-06-21T08:00:00+00:00,310.21,310.46,310.05,310.44,26140
2025-06-21T09:00:00+00:00,310.44,310.47,310.2,310.2,20080
2025-06-21T10:00:00+00:00,310.2,310.46,310.05,310.29,18440
2025-06-21T11:00:00+00:00,310.28,310.42,309.61,310.2,17200
2025-06-21T12:00:00+00:00,310.2,310.42,310.14,310.17,6120
2025-06-21T13:00:00+00:00,310.2,310.47,310.03,310.03,45750
2025-06-21T14:00:00+00:00,310.03,310.42,310.03,310.13,7850
2025-06-21T15:00:00+00:00,310.13,310.41,310.01,310.07,12210
2025-06-21T16:00:00+00:00,310.35,310.35,310.0,310.3,7840
2025-06-21T17:00:00+00:00,310.3,310.34,310.01,310.09,5390
2025-06-21T18:00:00+00:00,310.01,310.09,309.9,310.0,10860
2025-06-21T19:00:00+00:00,310.0,310.1,309.9,309.95,5800
2025-06-21T20:00:00+00:00,310.0,310.0,309.9,309.9,7720
2025-06-21T23:00:00+00:00,309.77,310.49,309.77,310.0,1420
2025-06-22T00:00:00+00:00,309.99,311.8,309.86,310.5,2820
2025-06-22T01:00:00+00:00,310.85,311.6,310.5,310.5,1160
2025-06-22T02:00:00+00:00,310.5,310.53,310.5,310.5,9030
2025-06-22T03:00:00+00:00,310.53,311.02,309.78,310.11,16520
2025-06-22T04:00:00+00:00,310.71,311.03,310.06,310.26,13820
2025-06-22T05:00:00+00:00,310.27,310.8,310.26,310.8,10070
2025-06-22T06:00:00+00:00,310.8,310.8,310.29,310.75,17500
2025-06-22T07:00:00+00:00,310.73,310.73,310.27,310.32,23840
2025-06-22T08:00:00+00:00,310.66,310.68,310.33,310.6,16590
2025-06-22T09:00:00+00:00,310.6,310.6,310.3,310.3,13420
2025-06-22T10:00:00+00:00,310.31,310.6,310.27,310.39,18270
2025-06-22T11:00:00+00:00,310.39,310.55,310.27,310.51,7940
2025-06-22T12:00:00+00:00,310.51,310.55,310.28,310.53,10360
2025-06-22T13:00:00+00:00,310.32,310.52,310.0,310.36,24670
2025-06-22T14:00:00+00:00,310.05,310.35,310.0,310.1,10360
2025-06-22T15:00:00+00:00,310.31,310.51,310.08,310.08,17220
2025-06-22T16:00:00+00:00,310.39,310.39,310.08,310.15,5870
2025-06-22T17:00:00+00:00,310.15,310.42,310.11,310.18,11400
2025-06-22T18:00:00+00:00,310.35,310.43,310.16,310.43,8430
2025-06-22T19:00:00+00:00,310.42,310.64,310.2,310.62,12510
2025-06-22T20:00:00+00:00,310.33,310.63,310.2,310.58,11270
2025-06-23T03:00:00+00:00,310.9,310.9,310.9,310.9,67010
2025-06-23T04:00:00+00:00,310.71,310.92,309.43,309.53,914340
2025-06-23T05:00:00+00:00,309.57,310.29,309.27,310.13,418050
2025-06-23T06:00:00+00:00,310.04,310.14,309.38,309.71,727020
2025-06-23T07:00:00+00:00,309.72,309.72,308.04,308.45,2890020
2025-06-23T08:00:00+00:00,308.46,309.24,308.1,309.0,1524750
2025-06-23T09:00:00+00:00,309.0,309.4,308.65,309.0,1212340
2025-06-23T10:00:00+00:00,309.0,309.7,308.65,309.27,834850
2025-06-23T11:00:00+00:00,309.28,309.39,308.65,308.77,662510
2025-06-23T12:00:00+00:00,308.76,309.37,308.65,309.34,787480
2025-06-23T13:00:00+00:00,309.36,311.44,309.18,310.81,2200900
2025-06-23T14:00:00+00:00,310.81,311.4,310.77,310.97,1118570
2025-06-23T15:00:00+00:00,310.97,311.15,310.84,310.97,849120
2025-06-23T16:00:00+00:00,310.85,311.15,310.08,310.3,640300
2025-06-23T17:00:00+00:00,310.3,310.69,309.86,310.51,450480
2025-06-23T18:00:00+00:00,310.51,310.61,310.13,310.61,174190
2025-06-23T19:00:00+00:00,310.62,310.87,310.52,310.59,210360
2025-06-23T20:00:00+00:00,310.6,310.61,310.15,310.17,268000
2025-06-24T03:00:00+00:00,310.3,310.3,310.3,310.3,3200
2025-06-24T04:00:00+00:00,310.31,312.02,310.17,311.45,767260
2025-06-24T05:00:00+00:00,311.45,312.01,311.13,311.61,621050
2025-06-24T06:00:00+00:00,311.61,311.61,310.05,310.7,983600
2025-06-24T07:00:00+00:00,310.69,311.3,309.76,310.1,1669640
2025-06-24T08:00:00+00:00,310.1,310.66,309.52,310.06,1507750
2025-06-24T09:00:00+00:00,310.07,311.0,309.9,310.89,1014940
2025-06-24T10:00:00+00:00,310.92,311.25,310.05,310.06,983900
2025-06-24T11:00:00+00:00,310.05,310.74,309.03,309.26,2184040
2025-06-24T12:00:00+00:00,309.28,309.92,309.0,309.54,1003100
2025-06-24T13:00:00+00:00,309.55,310.87,309.54,309.57,1521190
2025-06-24T14:00:00+00:00,309.61,311.75,309.6,311.09,2731830
2025-06-24T15:00:00+00:00,311.12,311.26,310.28,310.82,679890
2025-06-24T16:00:00+00:00,310.82,310.9,309.51,310.33,1473270
2025-06-24T17:00:00+00:00,310.34,310.7,310.23,310.65,229600
2025-06-24T18:00:00+00:00,310.65,311.6,310.56,310.86,855480
2025-06-24T19:00:00+00:00,310.86,311.47,310.79,311.43,360740
2025-06-24T20:00:00+00:00,311.44,311.5,311.01,311.37,403990
2025-06-25T03:00:00+00:00,311.65,311.65,311.65,311.65,2930
2025-06-25T04:00:00+00:00,311.6,312.97,311.57,312.01,1269270
2025-06-25T05:00:00+00:00,312.01,312.23,311.72,312.1,329410
2025-06-25T06:00:00+00:00,312.08,312.7,311.79,312.63,898330
2025-06-25T07:00:00+00:00,312.63,314.22,312.44,314.04,4317960
2025-06-25T08:00:00+00:00,314.06,314.29,313.35,314.15,1961030
2025-06-25T09:00:00+00:00,314.19,314.21,313.13,313.88,1838790
2025-06-25T10:00:00+00:00,313.87,314.0,313.2,313.71,1320700
2025-06-25T11:00:00+00:00,313.7,313.98,312.8,313.65,1649720
2025-06-25T12:00:00+00:00,313.66,313.85,312.95,313.09,1243680
2025-06-25T13:00:00+00:00,313.11,313.7,312.8,312.85,683800
2025-06-25T14:00:00+00:00,312.87,314.0,312.61,313.7,1491660
2025-06-25T15:00:00+00:00,313.73,314.12,313.5,314.1,1036190
2025-06-25T16:00:00+00:00,313.72,314.18,313.38,313.72,882570
2025-06-25T17:00:00+00:00,313.71,313.96,313.52,313.6,352150
2025-06-25T18:00:00+00:00,313.55,313.87,313.49,313.67,232240
2025-06-25T19:00:00+00:00,313.7,313.9,313.5,313.6,293850
2025-06-25T20:00:00+00:00,313.6,313.79,313.4,313.78,425830
2025-06-26T03:00:00+00:00,313.8,313.8,313.8,313.8,16830
2025-06-26T04:00:00+00:00,313.79,314.5,313.35,314.35,765940
2025-06-26T05:00:00+00:00,314.39,314.4,313.99,314.15,218890
2025-06-26T06:00:00+00:00,314.14,314.33,314.0,314.18,527180
2025-06-26T07:00:00+00:00,314.17,314.47,313.5,313.89,1326410
2025-06-26T08:00:00+00:00,313.89,313.9,313.0,313.02,1763200
2025-06-26T09:00:00+00:00,313.02,313.6,312.74,313.49,1236830
2025-06-26T10:00:00+00:00,313.49,313.8,312.92,313.55,1348100
2025-06-26T11:00:00+00:00,313.55,313.76,312.9,313.39,777710
2025-06-26T12:00:00+00:00,313.4,313.67,313.09,313.47,1165210
2025-06-26T13:00:00+00:00,313.51,313.6,313.18,313.56,771820
2025-06-26T14:00:00+00:00,313.56,313.99,313.5,313.58,694510
2025-06-26T15:00:00+00:00,313.59,313.79,313.18,313.51,704550
2025-06-26T16:00:00+00:00,313.51,313.72,313.23,313.29,214480
2025-06-26T17:00:00+00:00,313.29,313.29,312.8,313.04,621100
2025-06-26T18:00:00+00:00,313.03,313.1,312.92,312.96,219600
2025-06-26T19:00:00+00:00,312.97,313.26,312.95,313.06,141280
2025-06-26T20:00:00+00:00,313.06,313.1,312.75,312.84,463250
2025-06-27T03:00:00+00:00,313.03,313.03,313.03,313.03,4030
2025-06-27T04:00:00+00:00,313.31,313.48,313.0,313.47,219190
2025-06-27T05:00:00+00:00,313.47,313.47,313.1,313.11,157690
2025-06-27T06:00:00+00:00,313.12,313.67,313.1,313.45,316100
2025-06-27T07:00:00+00:00,313.46,313.55,313.06,313.3,837300
2025-06-27T08:00:00+00:00,313.3,314.27,313.22,314.01,1843100
2025-06-27T09:00:00+00:00,314.01,314.92,313.72,314.56,3166420
2025-06-27T10:00:00+00:00,314.54,314.9,313.82,313.85,1516480
2025-06-27T11:00:00+00:00,313.88,313.98,313.1,313.56,1541350
2025-06-27T12:00:00+00:00,313.56,313.83,313.1,313.42,912330
2025-06-27T13:00:00+00:00,313.41,314.54,313.21,314.4,1429480
2025-06-27T14:00:00+00:00,314.4,314.8,313.92,314.57,1996470
2025-06-27T15:00:00+00:00,314.55,315.0,314.3,314.59,1670440
2025-06-27T16:00:00+00:00,314.6,315.3,314.13,315.23,1371660
2025-06-27T17:00:00+00:00,315.28,315.5,314.74,314.95,688980
2025-06-27T18:00:00+00:00,314.95,314.95,314.52,314.72,382020
2025-06-27T19:00:00+00:00,314.73,315.18,314.71,315.17,480730
2025-06-27T20:00:00+00:00,315.16,315.39,314.88,315.18,501880
2025-06-27T23:00:00+00:00,315.65,315.97,314.65,315.0,4090
2025-06-28T00:00:00+00:00,315.0,315.2,314.87,314.87,670
2025-06-28T01:00:00+00:00,315.17,315.47,314.87,314.89,3800
2025-06-28T02:00:00+00:00,315.42,315.5,315.0,315.49,6230
2025-06-28T03:00:00+00:00,315.11,315.49,314.88,315.38,7040
2025-06-28T04:00:00+00:00,315.0,315.4,315.0,315.39,6640
2025-06-28T05:00:00+00:00,315.09,315.56,315.09,315.49,17150
2025-06-28T06:00:00+00:00,315.2,315.62,315.1,315.2,10810
2025-06-28T07:00:00+00:00,315.21,315.67,315.11,315.46,209700
2025-06-28T08:00:00+00:00,315.46,315.62,315.45,315.61,141490
2025-06-28T09:00:00+00:00,315.61,315.62,315.2,315.5,112850
2025-06-28T10:00:00+00:00,315.5,315.62,315.32,315.44,66530
2025-06-28T11:00:00+00:00,315.39,315.59,315.31,315.5,45000
2025-06-28T12:00:00+00:00,315.56,315.6,315.3,315.5,70410
2025-06-28T13:00:00+00:00,315.5,315.62,315.4,315.43,110070
2025-06-28T14:00:00+00:00,315.47,315.5,315.34,315.43,36400
2025-06-28T15:00:00+00:00,315.47,315.56,315.31,315.31,97610
2025-06-28T16:00:00+00:00,314.55,315.66,313.62,315.43,9170
2025-06-28T17:00:00+00:00,315.13,315.54,315.0,315.43,10690
2025-06-28T18:00:00+00:00,315.43,315.46,315.05,315.18,7600
2025-06-28T19:00:00+00:00,315.05,315.1,315.04,315.1,11600
2025-06-28T20:00:00+00:00,315.18,315.4,315.1,315.4,8030
2025-06-28T23:00:00+00:00,314.47,330.31,314.47,315.54,4800
2025-06-29T00:00:00+00:00,315.93,316.0,315.48,315.51,1510
2025-06-29T01:00:00+00:00,315.94,316.0,315.42,315.42,1060
2025-06-29T02:00:00+00:00,315.9,316.0,315.42,316.0,1880
2025-06-29T03:00:00+00:00,315.98,315.98,315.57,315.57,2770
2025-06-29T04:00:00+00:00,315.57,315.97,315.57,315.58,5570
2025-06-29T05:00:00+00:00,315.58,315.9,315.5,315.9,6140
2025-06-29T06:00:00+00:00,315.61,315.9,315.32,315.32,6760
2025-06-29T07:00:00+00:00,315.46,315.99,315.31,315.95,201590
2025-06-29T08:00:00+00:00,315.95,316.0,315.61,315.65,82060
2025-06-29T09:00:00+00:00,315.65,315.82,315.6,315.71,25560
2025-06-29T10:00:00+00:00,315.71,315.99,315.65,315.88,122840
2025-06-29T11:00:00+00:00,315.88,316.0,315.75,315.96,132940
2025-06-29T12:00:00+00:00,315.98,316.29,315.9,316.03,181020
2025-06-29T13:00:00+00:00,316.01,317.5,316.0,316.36,1033770
2025-06-29T14:00:00+00:00,316.4,316.65,315.7,316.38,497290
2025-06-29T15:00:00+00:00,316.38,316.48,315.88,315.95,363460
2025-06-29T16:00:00+00:00,315.95,316.78,315.95,316.38,22690
2025-06-29T17:00:00+00:00,316.04,316.38,315.54,315.95,18740
2025-06-29T18:00:00+00:00,315.55,315.94,315.5,315.7,11490
2025-06-29T19:00:00+00:00,315.7,315.99,315.52,315.99,20530
2025-06-29T20:00:00+00:00,315.59,316.23,315.53,316.12,22740
2025-06-30T03:00:00+00:00,315.95,315.95,315.95,315.95,17800
2025-06-30T04:00:00+00:00,315.95,316.5,315.9,316.5,524190
2025-06-30T05:00:00+00:00,316.47,316.82,316.26,316.41,551320
2025-06-30T06:00:00+00:00,316.48,316.82,315.66,316.79,1137400
2025-06-30T07:00:00+00:00,316.8,317.7,315.78,316.0,5623100
2025-06-30T08:00:00+00:00,316.0,316.43,314.6,314.76,4304060
2025-06-30T09:00:00+00:00,314.77,315.64,314.66,314.66,2807230
2025-06-30T10:00:00+00:00,314.69,316.47,314.62,316.36,2977060
2025-06-30T11:00:00+00:00,316.37,316.6,315.91,316.3,1625850
2025-06-30T12:00:00+00:00,316.32,316.52,315.8,316.45,1400080
2025-06-30T13:00:00+00:00,316.45,316.55,316.0,316.29,1382970
2025-06-30T14:00:00+00:00,316.29,316.95,316.15,316.87,1563880
2025-06-30T15:00:00+00:00,316.84,316.9,316.17,316.78,900370
2025-06-30T16:00:00+00:00,316.78,316.78,316.17,316.37,514920
2025-06-30T17:00:00+00:00,316.36,316.69,316.36,316.36,346990
2025-06-30T18:00:00+00:00,316.39,316.5,316.31,316.45,267880
2025-06-30T19:00:00+00:00,316.45,316.48,316.11,316.13,331130
2025-06-30T20:00:00+00:00,316.13,316.39,316.02,316.15,324090
2025-07-01T03:00:00+00:00,316.69,316.69,316.69,316.69,8860
2025-07-01T04:00:00+00:00,316.64,316.99,316.3,316.88,398720
2025-07-01T05:00:00+00:00,316.88,317.34,316.79,317.0,464260
2025-07-01T06:00:00+00:00,316.99,317.33,316.88,317.2,647330
2025-07-01T07:00:00+00:00,317.18,317.94,316.77,317.94,2822530
2025-07-01T08:00:00+00:00,317.92,318.18,317.58,317.66,2239370
2025-07-01T09:00:00+00:00,317.66,317.85,317.25,317.56,1856470
2025-07-01T10:00:00+00:00,317.56,317.76,317.22,317.71,1052000
2025-07-01T11:00:00+00:00,317.74,318.15,317.6,317.74,1256280
2025-07-01T12:00:00+00:00,317.73,318.49,317.64,318.46,1364100
2025-07-01T13:00:00+00:00,318.46,319.6,318.45,318.84,3279630
2025-07-01T14:00:00+00:00,318.9,319.48,318.54,319.22,2542490
2025-07-01T15:00:00+00:00,319.24,319.43,318.72,319.05,1239280
2025-07-01T16:00:00+00:00,319.04,319.4,318.55,318.55,821670
2025-07-01T17:00:00+00:00,318.55,318.8,318.29,318.44,590350
2025-07-01T18:00:00+00:00,318.41,318.88,318.32,318.48,759400
2025-07-01T19:00:00+00:00,318.49,318.58,318.2,318.28,364850
2025-07-01T20:00:00+00:00,318.32,318.59,318.31,318.42,180250
2025-07-02T03:00:00+00:00,318.96,318.96,318.96,318.96,3770
2025-07-02T04:00:00+00:00,318.95,319.4,318.25,319.13,886570
2025-07-02T05:00:00+00:00,319.07,319.4,319.03,319.16,436970
2025-07-02T06:00:00+00:00,319.16,319.25,318.7,318.96,805390
2025-07-02T07:00:00+00:00,318.92,319.09,318.09,318.11,2094860
2025-07-02T08:00:00+00:00,318.1,318.23,317.41,317.83,2323510
2025-07-02T09:00:00+00:00,317.84,318.43,317.71,317.79,804780
2025-07-02T10:00:00+00:00,317.79,318.49,317.49,318.1,1254620
2025-07-02T11:00:00+00:00,318.16,319.06,318.1,318.61,893030
2025-07-02T12:00:00+00:00,318.59,319.5,318.42,319.29,1252840
2025-07-02T13:00:00+00:00,319.31,319.85,319.05,319.15,1961840
2025-07-02T14:00:00+00:00,319.15,319.47,318.68,318.8,1261170
2025-07-02T15:00:00+00:00,318.79,319.15,318.1,318.54,1073470
2025-07-02T16:00:00+00:00,319.36,319.74,318.78,319.37,4372620
2025-07-02T17:00:00+00:00,319.37,319.65,319.3,319.36,435710
2025-07-02T18:00:00+00:00,319.36,319.42,318.76,319.14,411380
2025-07-02T19:00:00+00:00,319.14,319.32,318.98,319.07,164330
2025-07-02T20:00:00+00:00,319.08,319.5,319.01,319.43,264390
2025-07-03T03:00:00+00:00,319.53,319.53,319.53,319.53,1990
2025-07-03T04:00:00+00:00,319.54,319.87,319.46,319.51,231370
2025-07-03T05:00:00+00:00,319.49,319.7,319.49,319.64,243130
2025-07-03T06:00:00+00:00,319.64,319.65,319.1,319.2,410130
2025-07-03T07:00:00+00:00,319.19,319.5,318.74,319.5,1367370
2025-07-03T08:00:00+00:00,319.49,320.5,319.49,320.4,3022870
2025-07-03T09:00:00+00:00,320.4,321.35,320.39,321.3,3647780
2025-07-03T10:00:00+00:00,321.31,321.4,320.6,320.75,1252010
2025-07-03T11:00:00+00:00,320.87,321.07,320.5,320.6,940480
2025-07-03T12:00:00+00:00,320.61,321.19,320.51,320.95,826720
2025-07-03T13:00:00+00:00,320.96,321.5,320.62,321.49,2233270
2025-07-03T14:00:00+00:00,321.46,321.5,320.9,321.34,801890
2025-07-03T15:00:00+00:00,321.34,321.41,320.61,321.01,996680
2025-07-03T16:00:00+00:00,321.01,321.19,319.8,319.8,1586880
2025-07-03T17:00:00+00:00,319.81,319.86,319.37,319.49,1374950
2025-07-03T18:00:00+00:00,319.49,319.5,319.32,319.4,355270
2025-07-03T19:00:00+00:00,319.4,319.5,319.11,319.2,576630
2025-07-03T20:00:00+00:00,319.22,319.45,319.0,319.17,417370
2025-07-04T03:00:00+00:00,318.85,318.85,318.85,318.85,11450
2025-07-04T04:00:00+00:00,318.87,321.41,317.5,319.9,2170770
2025-07-04T05:00:00+00:00,319.89,319.9,319.18,319.8,518620
2025-07-04T06:00:00+00:00,319.8,320.17,319.5,319.9,882560
2025-07-04T07:00:00+00:00,319.9,320.2,319.02,319.64,2847900
2025-07-04T08:00:00+00:00,319.64,320.0,318.45,318.72,2270520
2025-07-04T09:00:00+00:00,318.72,319.2,318.25,319.2,2013510
2025-07-04T10:00:00+00:00,319.19,320.0,319.02,319.9,1298390
2025-07-04T11:00:00+00:00,319.9,320.5,319.66,319.97,1875340
2025-07-04T12:00:00+00:00,319.99,320.25,319.21,319.33,644730
2025-07-04T13:00:00+00:00,319.32,319.62,319.2,319.2,502070
2025-07-04T14:00:00+00:00,319.2,320.2,319.07,319.92,859390
2025-07-04T15:00:00+00:00,319.95,320.1,319.26,319.27,542600
2025-07-04T16:00:00+00:00,319.29,319.57,319.17,319.4,220010
2025-07-04T17:00:00+00:00,319.41,319.83,319.35,319.49,213060
2025-07-04T18:00:00+00:00,319.49,319.61,319.48,319.59,103340
2025-07-04T19:00:00+00:00,319.59,319.69,319.44,319.63,435760
2025-07-04T20:00:00+00:00,319.56,319.8,319.43,319.44,401370
2025-07-04T23:00:00+00:00,318.11,320.65,318.11,319.32,1580
2025-07-05T00:00:00+00:00,319.89,319.89,319.12,319.85,1260
2025-07-05T01:00:00+00:00,319.32,319.88,319.31,319.75,1230
2025-07-05T02:00:00+00:00,319.75,319.8,319.43,319.45,1560
2025-07-05T03:00:00+00:00,319.79,319.8,319.45,319.8,4190
2025-07-05T04:00:00+00:00,319.79,319.8,319.49,319.79,2940
2025-07-05T05:00:00+00:00,319.79,319.8,319.48,319.5,9730
2025-07-05T06:00:00+00:00,319.5,319.8,319.5,319.5,7110
2025-07-05T07:00:00+00:00,319.65,320.6,319.51,320.13,215390
2025-07-05T08:00:00+00:00,320.15,320.16,319.75,319.89,93810
2025-07-05T09:00:00+00:00,319.84,320.0,319.57,319.97,87280
2025-07-05T10:00:00+00:00,319.96,319.98,319.88,319.93,28680
2025-07-05T11:00:00+00:00,319.93,319.98,319.71,319.76,67330
2025-07-05T12:00:00+00:00,319.77,319.87,319.71,319.81,21570
2025-07-05T13:00:00+00:00,319.81,319.97,319.81,319.9,16320
2025-07-05T14:00:00+00:00,319.89,319.94,319.62,319.76,80550
2025-07-05T15:00:00+00:00,319.7,319.76,319.53,319.55,58210
2025-07-05T16:00:00+00:00,320.0,320.0,317.67,319.35,11980
2025-07-05T17:00:00+00:00,319.48,319.48,319.35,319.38,5930
2025-07-05T18:00:00+00:00,319.4,319.47,319.21,319.25,12330
2025-07-05T19:00:00+00:00,319.25,319.5,319.18,319.49,17720
2025-07-05T20:00:00+00:00,319.28,319.48,319.25,319.26,5370
2025-07-05T23:00:00+00:00,318.27,319.99,318.27,319.22,2850
2025-07-06T00:00:00+00:00,319.22,319.82,319.22,319.81,3280
2025-07-06T01:00:00+00:00,319.81,319.81,319.29,319.77,350
2025-07-06T02:00:00+00:00,319.32,319.8,319.3,319.32,1430
2025-07-06T03:00:00+00:00,319.78,319.8,319.31,319.36,1320
2025-07-06T04:00:00+00:00,319.37,319.72,319.34,319.7,1970
2025-07-06T05:00:00+00:00,319.69,320.0,319.35,319.36,9310
2025-07-06T06:00:00+00:00,319.82,319.95,319.35,319.65,7680
2025-07-06T07:00:00+00:00,319.65,319.7,319.29,319.42,52830
2025-07-06T08:00:00+00:00,319.42,319.55,319.34,319.4,70020
2025-07-06T09:00:00+00:00,319.38,319.5,319.34,319.44,51080
2025-07-06T10:00:00+00:00,319.44,319.49,319.38,319.4,24370
2025-07-06T11:00:00+00:00,319.4,319.5,319.38,319.46,42380
2025-07-06T12:00:00+00:00,319.47,319.55,319.39,319.55,54470
2025-07-06T13:00:00+00:00,319.55,319.64,319.42,319.5,32690
2025-07-06T14:00:00+00:00,319.47,319.5,319.42,319.45,35260
2025-07-06T15:00:00+00:00,319.43,319.46,319.36,319.37,51390
2025-07-06T16:00:00+00:00,323.19,323.19,318.5,319.5,6570
2025-07-06T17:00:00+00:00,319.48,319.75,319.21,319.49,9270
2025-07-06T18:00:00+00:00,319.49,319.49,319.2,319.22,7900
2025-07-06T19:00:00+00:00,319.22,319.54,319.1,319.17,6600
2025-07-06T20:00:00+00:00,319.16,319.55,319.03,319.5,11440
2025-07-07T03:00:00+00:00,319.38,319.38,319.38,319.38,5420
2025-07-07T04:00:00+00:00,319.39,319.94,318.72,319.33,504300
2025-07-07T05:00:00+00:00,319.33,319.36,318.35,318.79,480060
2025-07-07T06:00:00+00:00,318.79,319.18,318.56,318.79,634100
2025-07-07T07:00:00+00:00,318.79,318.95,316.32,317.0,5590860
2025-07-07T08:00:00+00:00,317.0,317.1,315.5,315.55,3475370
2025-07-07T09:00:00+00:00,315.51,316.35,314.87,315.25,5434680
2025-07-07T10:00:00+00:00,315.25,315.5,314.73,314.89,2256290
2025-07-07T11:00:00+00:00,314.88,315.64,314.1,315.37,2642140
2025-07-07T12:00:00+00:00,315.37,315.5,314.82,315.05,779680
2025-07-07T13:00:00+00:00,315.05,315.05,313.57,313.57,2139270
2025-07-07T14:00:00+00:00,313.58,314.16,313.17,313.98,1847620
2025-07-07T15:00:00+00:00,313.98,314.3,312.82,313.0,2399480
2025-07-07T16:00:00+00:00,313.0,313.57,312.98,313.48,657420
2025-07-07T17:00:00+00:00,313.48,313.97,313.45,313.91,339160
2025-07-07T18:00:00+00:00,313.93,313.98,313.55,313.6,277500
2025-07-07T19:00:00+00:00,313.6,313.92,313.51,313.64,188490
2025-07-07T20:00:00+00:00,313.65,313.71,313.4,313.5,261160
2025-07-08T03:00:00+00:00,313.34,313.34,313.34,313.34,2570
2025-07-08T04:00:00+00:00,313.5,313.97,312.57,312.85,760040
2025-07-08T05:00:00+00:00,312.82,312.82,311.44,312.3,1147020
2025-07-08T06:00:00+00:00,312.3,313.6,312.29,312.89,1212590
2025-07-08T07:00:00+00:00,312.88,314.7,312.61,314.31,2894140
2025-07-08T08:00:00+00:00,314.31,315.2,314.01,314.77,2367360
2025-07-08T09:00:00+00:00,314.78,315.19,314.11,315.05,1396370
2025-07-08T10:00:00+00:00,315.05,315.22,314.02,314.62,1341170
2025-07-08T11:00:00+00:00,314.6,314.84,314.04,314.04,705780
2025-07-08T12:00:00+00:00,314.03,314.31,313.25,313.35,1468650
2025-07-08T13:00:00+00:00,313.35,314.49,313.27,313.66,1004380
2025-07-08T14:00:00+00:00,313.66,314.93,313.65,314.91,1131800
2025-07-08T15:00:00+00:00,314.93,315.3,314.68,315.3,1340950
2025-07-08T16:00:00+00:00,315.31,315.31,313.6,313.75,1320880
2025-07-08T17:00:00+00:00,313.74,313.93,312.07,312.2,1903860
2025-07-08T18:00:00+00:00,312.21,312.21,309.77,310.47,3728700
2025-07-08T19:00:00+00:00,310.47,310.7,310.2,310.56,695110
2025-07-08T20:00:00+00:00,310.47,310.53,309.6,309.71,1110770
2025-07-09T03:00:00+00:00,310.01,310.01,310.01,310.01,5440
2025-07-09T04:00:00+00:00,310.1,311.88,310.02,311.19,1211170
2025-07-09T05:00:00+00:00,311.19,311.8,310.22,311.32,736980
2025-07-09T06:00:00+00:00,311.31,312.3,311.0,312.05,1551130
2025-07-09T07:00:00+00:00,312.05,312.06,308.75,309.05,5747990
2025-07-09T08:00:00+00:00,309.04,309.77,307.84,309.13,3359840
2025-07-09T09:00:00+00:00,309.13,309.41,308.64,308.87,1756230
2025-07-09T10:00:00+00:00,308.86,310.11,308.0,309.92,2363470
2025-07-09T11:00:00+00:00,309.92,310.76,309.52,310.0,2472210
2025-07-09T12:00:00+00:00,310.0,311.5,309.99,311.01,1885760
2025-07-09T13:00:00+00:00,311.01,311.13,309.78,310.2,950280
2025-07-09T14:00:00+00:00,310.2,310.38,308.09,308.37,2088290
2025-07-09T15:00:00+00:00,308.37,309.5,307.6,309.5,2463480
2025-07-09T16:00:00+00:00,309.25,309.81,309.03,309.61,1139370
2025-07-09T17:00:00+00:00,309.61,310.26,309.05,309.35,681360
2025-07-09T18:00:00+00:00,309.36,309.85,309.09,309.81,355230
2025-07-09T19:00:00+00:00,309.76,310.49,309.75,310.46,574560
2025-07-09T20:00:00+00:00,310.45,310.68,310.0,310.09,528280
2025-07-10T03:00:00+00:00,310.77,310.77,310.77,310.77,8720
2025-07-10T04:00:00+00:00,310.77,312.16,310.5,312.14,996930
2025-07-10T05:00:00+00:00,312.14,312.21,311.24,311.4,398760
2025-07-10T06:00:00+00:00,311.37,312.48,311.32,311.79,646410
2025-07-10T07:00:00+00:00,311.79,313.37,311.29,313.37,3181750
2025-07-10T08:00:00+00:00,313.36,313.95,312.96,313.15,2310780
2025-07-10T09:00:00+00:00,313.15,313.57,312.51,313.29,1676960
2025-07-10T10:00:00+00:00,313.28,314.42,313.0,313.0,2088240
2025-07-10T11:00:00+00:00,313.04,313.77,312.75,312.91,1680900
2025-07-10T12:00:00+00:00,312.91,314.5,312.1,314.39,3077700
2025-07-10T13:00:00+00:00,314.4,314.9,314.3,314.86,1880200
2025-07-10T14:00:00+00:00,314.85,315.05,314.37,315.05,2555450
2025-07-10T15:00:00+00:00,315.05,315.07,314.22,314.22,1005450
2025-07-10T16:00:00+00:00,314.31,314.5,313.29,313.55,896480
2025-07-10T17:00:00+00:00,313.55,314.02,313.46,314.02,308590
2025-07-10T18:00:00+00:00,314.03,314.6,313.97,314.3,546440
2025-07-10T19:00:00+00:00,314.29,314.3,314.0,314.18,178140
2025-07-10T20:00:00+00:00,314.16,314.25,313.97,314.01,274060
2025-07-11T03:00:00+00:00,314.5,314.5,314.5,314.5,23760
2025-07-11T04:00:00+00:00,314.46,314.77,313.31,313.52,773110
2025-07-11T05:00:00+00:00,313.59,317.88,312.22,313.34,1837500
2025-07-11T06:00:00+00:00,313.36,313.47,312.6,312.86,789060
2025-07-11T07:00:00+00:00,312.87,314.38,312.8,314.1,2191080
2025-07-11T08:00:00+00:00,314.08,314.12,311.75,312.18,2280060
2025-07-11T09:00:00+00:00,312.17,312.36,311.0,311.2,4582480
2025-07-11T10:00:00+00:00,311.2,312.1,311.0,311.42,3405790
2025-07-11T11:00:00+00:00,311.41,311.58,310.76,311.08,2765740
2025-07-11T12:00:00+00:00,311.09,311.98,311.0,311.75,2320230
2025-07-11T13:00:00+00:00,311.76,313.0,311.62,312.51,5506410
2025-07-11T14:00:00+00:00,312.52,312.9,310.11,310.35,5736620
2025-07-11T15:00:00+00:00,310.34,310.5,308.85,310.42,3651920
2025-07-11T16:00:00+00:00,310.4,310.5,309.28,310.5,1507380
2025-07-11T17:00:00+00:00,310.49,310.5,309.9,309.9,546720
2025-07-11T18:00:00+00:00,309.91,309.94,309.35,309.67,550440
2025-07-11T19:00:00+00:00,309.67,309.87,309.56,309.59,266060
2025-07-11T20:00:00+00:00,309.58,309.96,309.5,309.88,542090
2025-07-11T23:00:00+00:00,311.41,311.41,309.01,309.18,1390
2025-07-12T00:00:00+00:00,309.83,310.2,309.1,309.13,1670
2025-07-12T01:00:00+00:00,309.55,310.2,309.11,310.2,1770
2025-07-12T02:00:00+00:00,310.2,310.2,309.33,309.68,2060
2025-07-12T03:00:00+00:00,309.91,310.28,308.59,309.45,32490
2025-07-12T04:00:00+00:00,309.47,310.95,308.85,310.45,18230
2025-07-12T05:00:00+00:00,310.45,311.23,310.01,310.48,16680
2025-07-12T06:00:00+00:00,310.48,310.49,310.0,310.0,16110
2025-07-12T07:00:00+00:00,310.1,311.0,310.01,310.58,273830
2025-07-12T08:00:00+00:00,310.6,310.7,310.5,310.68,141760
2025-07-12T09:00:00+00:00,310.68,310.98,310.64,310.85,126780
2025-07-12T10:00:00+00:00,310.83,310.84,310.37,310.54,61060
2025-07-12T11:00:00+00:00,310.54,310.6,310.15,310.23,59810
2025-07-12T12:00:00+00:00,310.23,310.33,310.0,310.14,63030
2025-07-12T13:00:00+00:00,310.14,310.31,310.06,310.31,39790
2025-07-12T14:00:00+00:00,310.3,310.3,310.01,310.17,73220
2025-07-12T15:00:00+00:00,310.17,310.2,310.03,310.2,23520
2025-07-12T16:00:00+00:00,308.79,311.02,308.79,310.07,11840
2025-07-12T17:00:00+00:00,310.08,310.6,310.0,310.28,7180
2025-07-12T18:00:00+00:00,310.26,310.7,310.07,310.08,10580
2025-07-12T19:00:00+00:00,310.34,310.35,310.08,310.32,3920
2025-07-12T20:00:00+00:00,310.3,310.34,310.01,310.1,8640
2025-07-12T23:00:00+00:00,311.74,311.74,310.03,310.23,1520
2025-07-13T00:00:00+00:00,310.72,310.73,310.23,310.72,510
2025-07-13T01:00:00+00:00,310.29,310.71,310.28,310.71,240
2025-07-13T02:00:00+00:00,310.7,310.74,310.31,310.33,4750
2025-07-13T03:00:00+00:00,310.32,310.74,310.32,310.74,1110
2025-07-13T04:00:00+00:00,310.74,310.74,310.35,310.56,2500
2025-07-13T05:00:00+00:00,310.69,310.7,310.35,310.69,5250
2025-07-13T06:00:00+00:00,310.69,310.73,310.36,310.5,5640
2025-07-13T07:00:00+00:00,310.6,310.91,310.35,310.38,107380
2025-07-13T08:00:00+00:00,310.35,310.47,309.2,309.99,168480
2025-07-13T09:00:00+00:00,309.99,309.99,309.29,309.6,112140
2025-07-13T10:00:00+00:00,309.64,309.64,308.8,308.91,329320
2025-07-13T11:00:00+00:00,308.93,309.47,308.9,309.33,96020
2025-07-13T12:00:00+00:00,309.4,309.47,309.0,309.39,74170
2025-07-13T13:00:00+00:00,309.28,309.46,309.19,309.24,58340
2025-07-13T14:00:00+00:00,309.28,309.45,309.23,309.38,37690
2025-07-13T15:00:00+00:00,309.38,309.44,309.34,309.44,79420
2025-07-13T16:00:00+00:00,308.19,309.9,308.19,309.74,7680
2025-07-13T17:00:00+00:00,309.74,309.75,308.49,309.0,27460
2025-07-13T18:00:00+00:00,309.0,309.0,308.3,308.35,52700
2025-07-13T19:00:00+00:00,308.34,308.6,306.07,307.1,97480
2025-07-13T20:00:00+00:00,307.2,308.27,307.08,308.26,43740
2025-07-14T03:00:00+00:00,308.96,308.96,308.96,308.96,30550
2025-07-14T04:00:00+00:00,308.95,308.95,306.01,306.59,2641900
2025-07-14T05:00:00+00:00,306.69,306.94,304.74,305.94,3031540
2025-07-14T06:00:00+00:00,305.85,306.0,304.38,306.0,3174450
2025-07-14T07:00:00+00:00,306.0,308.34,305.78,308.14,4584280
2025-07-14T08:00:00+00:00,308.14,309.1,308.14,309.07,4608960
2025-07-14T09:00:00+00:00,309.06,309.8,308.87,309.56,3215630
2025-07-14T10:00:00+00:00,309.59,310.0,309.06,309.57,2166480
2025-07-14T11:00:00+00:00,309.5,309.65,308.68,309.09,1668210
2025-07-14T12:00:00+00:00,309.16,311.99,309.11,311.6,4383610
2025-07-14T13:00:00+00:00,311.56,311.9,310.52,311.56,2230740
2025-07-14T14:00:00+00:00,311.52,312.9,309.84,310.06,4651690
2025-07-14T15:00:00+00:00,310.06,317.49,309.05,316.56,11536230
2025-07-14T16:00:00+00:00,316.6,318.8,316.6,318.48,6566910
2025-07-14T17:00:00+00:00,318.48,318.85,317.32,318.0,2565110
2025-07-14T18:00:00+00:00,317.99,318.0,317.33,317.44,736740
2025-07-14T19:00:00+00:00,317.43,317.82,317.43,317.75,583610
2025-07-14T20:00:00+00:00,317.78,318.05,317.63,317.97,665630
2025-07-15T03:00:00+00:00,318.16,318.16,318.16,318.16,18670
2025-07-15T04:00:00+00:00,318.16,318.65,317.57,318.52,1248370
2025-07-15T05:00:00+00:00,318.53,318.8,318.2,318.68,787810
2025-07-15T06:00:00+00:00,318.68,319.42,318.0,318.9,1788680
2025-07-15T07:00:00+00:00,318.9,319.47,316.62,316.69,5752830
2025-07-15T08:00:00+00:00,316.69,317.95,316.6,317.83,4088330
2025-07-15T09:00:00+00:00,317.82,320.0,317.7,319.84,6386950
2025-07-15T10:00:00+00:00,319.87,320.43,319.56,319.99,4029040
2025-07-15T11:00:00+00:00,320.0,320.0,319.01,319.58,2057700
2025-07-15T12:00:00+00:00,319.57,319.87,318.35,318.88,2643790
2025-07-15T13:00:00+00:00,318.88,319.26,318.3,318.61,2518860
2025-07-15T14:00:00+00:00,318.61,320.4,318.61,319.9,4416900
2025-07-15T15:00:00+00:00,319.92,320.2,319.63,319.98,1884040
2025-07-15T16:00:00+00:00,320.0,320.0,319.49,319.53,758200
2025-07-15T17:00:00+00:00,319.56,319.7,319.45,319.65,990000
2025-07-15T18:00:00+00:00,319.65,319.92,319.52,319.67,407810
2025-07-15T19:00:00+00:00,319.67,319.86,319.59,319.8,279440
2025-07-15T20:00:00+00:00,319.8,320.0,319.72,319.99,412850
2025-07-16T03:00:00+00:00,320.0,320.0,320.0,320.0,14900
2025-07-16T04:00:00+00:00,320.0,321.18,319.99,320.94,1090820
2025-07-16T05:00:00+00:00,320.94,320.99,320.53,320.67,445130
2025-07-16T06:00:00+00:00,320.67,320.67,320.0,320.41,1173220
2025-07-16T07:00:00+00:00,320.48,320.8,320.0,320.21,3447320
2025-07-16T08:00:00+00:00,320.22,320.4,319.54,320.0,4222030
2025-07-16T09:00:00+00:00,320.01,321.1,319.95,321.01,3765650
2025-07-16T10:00:00+00:00,321.02,321.45,320.74,321.33,2886810
2025-07-16T11:00:00+00:00,321.35,322.0,321.24,321.59,3367320
2025-07-16T12:00:00+00:00,321.59,321.62,320.05,320.9,4443350
2025-07-16T13:00:00+00:00,320.89,321.28,320.56,320.83,2711920
2025-07-16T14:00:00+00:00,320.82,321.52,320.81,321.3,2408960
2025-07-16T15:00:00+00:00,321.32,321.6,321.12,321.6,2232600
2025-07-16T16:00:00+00:00,321.6,321.61,321.01,321.11,1339310
2025-07-16T17:00:00+00:00,321.11,321.49,321.1,321.31,1428340
2025-07-16T18:00:00+00:00,321.3,321.47,321.2,321.31,716620
2025-07-16T19:00:00+00:00,321.31,321.42,321.3,321.41,541390
2025-07-16T20:00:00+00:00,321.42,321.6,321.35,321.58,625980
2025-07-17T03:00:00+00:00,321.26,321.26,321.26,321.26,28610
2025-07-17T04:00:00+00:00,321.25,323.58,321.19,323.38,2620390
2025-07-17T05:00:00+00:00,323.38,323.5,322.9,323.09,914090
2025-07-17T06:00:00+00:00,323.09,323.75,322.88,323.54,2149030
2025-07-17T07:00:00+00:00,323.54,328.5,323.54,328.46,17901490
2025-07-17T08:00:00+00:00,328.46,329.23,327.02,327.29,10962250
2025-07-17T09:00:00+00:00,327.29,327.54,326.12,326.23,6711730
2025-07-17T10:00:00+00:00,326.25,326.62,325.01,325.54,6464700
2025-07-17T11:00:00+00:00,325.5,326.07,324.51,326.0,5614390
2025-07-17T12:00:00+00:00,325.99,326.55,325.5,325.85,4495380
2025-07-17T13:00:00+00:00,325.83,326.2,325.13,325.88,4165370
2025-07-17T14:00:00+00:00,325.84,325.94,324.68,325.17,5490620
2025-07-17T15:00:00+00:00,325.15,325.94,324.76,325.92,3585280
2025-07-17T16:00:00+00:00,325.9,326.73,325.5,325.8,4411300
2025-07-17T17:00:00+00:00,325.8,326.3,325.75,326.25,3404260
2025-07-17T18:00:00+00:00,326.25,326.29,325.8,325.95,3266790
2025-07-17T19:00:00+00:00,325.96,327.06,325.94,326.59,3301910
2025-07-17T20:00:00+00:00,326.59,327.2,326.1,327.05,5694430
2025-07-18T04:00:00+00:00,297.59,302.64,297.2,299.8,7455430
2025-07-18T05:00:00+00:00,299.8,300.45,299.6,300.0,1157490
2025-07-18T06:00:00+00:00,300.0,300.9,299.83,300.45,3034250
2025-07-18T07:00:00+00:00,300.44,304.36,300.25,303.56,48630870
2025-07-18T08:00:00+00:00,303.56,306.78,303.5,306.31,17004030
2025-07-18T09:00:00+00:00,306.31,306.57,304.86,305.12,8793210
2025-07-18T10:00:00+00:00,305.12,306.49,305.02,306.11,4553780
2025-07-18T11:00:00+00:00,306.11,307.8,306.0,306.7,8883680
2025-07-18T12:00:00+00:00,306.71,306.9,305.57,306.21,3749570
2025-07-18T13:00:00+00:00,306.21,307.79,306.13,307.45,4974640
2025-07-18T14:00:00+00:00,307.45,308.82,307.17,307.99,7037110
2025-07-18T15:00:00+00:00,308.0,309.4,307.95,308.13,3904530
2025-07-18T16:00:00+00:00,308.16,309.15,308.13,308.49,1664950
2025-07-18T17:00:00+00:00,308.49,308.7,308.13,308.41,1111540
2025-07-18T18:00:00+00:00,308.41,308.5,308.13,308.13,668670
2025-07-18T19:00:00+00:00,308.14,308.95,308.13,308.95,1376830
2025-07-18T20:00:00+00:00,308.95,309.2,308.11,309.0,1858030
2025-07-18T23:00:00+00:00,311.0,311.0,309.0,310.01,63890
2025-07-19T00:00:00+00:00,310.0,310.29,310.0,310.2,11910
2025-07-19T01:00:00+00:00,310.2,310.28,310.0,310.26,20210
2025-07-19T02:00:00+00:00,310.25,310.29,310.0,310.06,31130
2025-07-19T03:00:00+00:00,310.06,310.36,309.3,310.29,45470
2025-07-19T04:00:00+00:00,310.29,310.31,310.0,310.13,58140
2025-07-19T05:00:00+00:00,310.13,310.28,309.6,310.0,72090
2025-07-19T06:00:00+00:00,310.19,310.3,309.68,309.69,149050
2025-07-19T07:00:00+00:00,309.7,313.91,309.59,313.4,4721050
2025-07-19T08:00:00+00:00,313.4,313.42,312.11,312.5,1753980
2025-07-19T09:00:00+00:00,312.49,312.5,312.15,312.28,661880
2025-07-19T10:00:00+00:00,312.25,312.6,312.16,312.34,343990
2025-07-19T11:00:00+00:00,312.32,312.65,312.23,312.65,282480
2025-07-19T12:00:00+00:00,312.65,312.68,312.32,312.47,247760
2025-07-19T13:00:00+00:00,312.47,312.63,312.29,312.44,353370
2025-07-19T14:00:00+00:00,312.45,312.67,312.35,312.49,297690
2025-07-19T15:00:00+00:00,312.49,312.5,312.36,312.42,303000
2025-07-19T16:00:00+00:00,312.36,313.87,311.41,312.29,41470
2025-07-19T17:00:00+00:00,312.2,312.86,312.0,312.86,239480
2025-07-19T18:00:00+00:00,312.86,312.88,312.34,312.38,88320
2025-07-19T19:00:00+00:00,312.38,312.64,312.2,312.21,67640
2025-07-19T20:00:00+00:00,312.21,312.59,312.11,312.59,59590
2025-07-19T23:00:00+00:00,312.6,313.19,312.03,312.31,9920
2025-07-20T00:00:00+00:00,312.32,312.82,312.11,312.82,9760
2025-07-20T01:00:00+00:00,312.81,312.81,312.3,312.52,3380
2025-07-20T02:00:00+00:00,312.54,312.82,312.5,312.51,3530
2025-07-20T03:00:00+00:00,312.51,313.18,312.5,313.18,31450
2025-07-20T04:00:00+00:00,313.17,313.26,312.83,313.26,38070
2025-07-20T05:00:00+00:00,313.2,313.34,312.3,313.23,120350
2025-07-20T06:00:00+00:00,312.82,313.49,312.71,313.49,80700
2025-07-20T07:00:00+00:00,313.48,313.78,312.43,312.9,2055810
2025-07-20T08:00:00+00:00,312.9,313.13,312.73,313.04,471040
2025-07-20T09:00:00+00:00,313.02,313.03,312.89,312.94,341100
2025-07-20T10:00:00+00:00,312.94,312.98,312.89,312.9,203330
2025-07-20T11:00:00+00:00,312.89,313.09,312.77,312.98,523330
2025-07-20T12:00:00+00:00,312.99,313.01,312.95,312.98,105890
2025-07-20T13:00:00+00:00,312.98,313.03,312.95,313.0,166090
2025-07-20T14:00:00+00:00,313.0,313.09,312.05,312.73,538620
2025-07-20T15:00:00+00:00,312.49,312.69,312.05,312.58,487450
2025-07-20T16:00:00+00:00,312.1,313.49,311.28,312.69,45010
2025-07-20T17:00:00+00:00,312.54,312.74,312.34,312.35,29270
2025-07-20T18:00:00+00:00,312.49,312.5,312.11,312.12,39360
2025-07-20T19:00:00+00:00,312.29,312.57,312.12,312.17,20940
2025-07-20T20:00:00+00:00,312.17,312.5,312.17,312.22,41450
2025-07-21T03:00:00+00:00,312.99,312.99,312.99,312.99,22440
2025-07-21T04:00:00+00:00,312.99,313.29,312.5,313.26,1421890
2025-07-21T05:00:00+00:00,313.27,314.56,313.23,314.07,2102970
2025-07-21T06:00:00+00:00,314.07,314.2,312.23,312.86,4029760
2025-07-21T07:00:00+00:00,312.86,313.36,309.72,310.73,8453450
2025-07-21T08:00:00+00:00,310.76,311.5,309.82,311.49,4758420
2025-07-21T09:00:00+00:00,311.5,311.99,310.8,311.78,2881440
2025-07-21T10:00:00+00:00,311.79,312.13,310.52,310.7,2757870
2025-07-21T11:00:00+00:00,310.7,311.08,310.37,310.51,1411890
2025-07-21T12:00:00+00:00,310.51,311.3,309.91,310.89,4560050
2025-07-21T13:00:00+00:00,310.9,310.92,309.72,309.9,5447670
2025-07-21T14:00:00+00:00,309.89,310.67,309.57,310.62,2200890
2025-07-21T15:00:00+00:00,310.61,310.64,309.31,309.8,2068940
2025-07-21T16:00:00+00:00,309.51,310.16,309.5,309.89,774130
2025-07-21T17:00:00+00:00,309.89,310.17,309.62,309.93,420760
2025-07-21T18:00:00+00:00,309.93,310.75,309.9,310.56,782340
2025-07-21T19:00:00+00:00,310.57,310.57,309.86,310.07,463520
2025-07-21T20:00:00+00:00,310.04,310.4,309.84,310.4,265830
2025-07-22T03:00:00+00:00,310.65,310.65,310.65,310.65,1730
2025-07-22T04:00:00+00:00,310.67,311.12,309.6,309.62,751360
2025-07-22T05:00:00+00:00,309.62,310.93,309.62,310.17,563620
2025-07-22T06:00:00+00:00,310.18,310.2,309.71,309.99,732590
2025-07-22T07:00:00+00:00,309.99,310.91,308.58,308.79,3530280
2025-07-22T08:00:00+00:00,308.79,309.55,308.55,309.17,2552790
2025-07-22T09:00:00+00:00,309.16,311.0,309.0,310.85,3478950
2025-07-22T10:00:00+00:00,310.83,311.72,310.56,311.08,3123800
2025-07-22T11:00:00+00:00,311.08,311.3,310.82,310.85,1288540
2025-07-22T12:00:00+00:00,310.84,311.29,310.33,310.62,3675330
2025-07-22T13:00:00+00:00,310.64,311.03,310.02,310.39,3100570
2025-07-22T14:00:00+00:00,310.39,310.68,309.53,310.11,2065890
2025-07-22T15:00:00+00:00,310.13,310.39,310.1,310.39,588530
2025-07-22T16:00:00+00:00,310.3,310.55,310.21,310.37,282880
2025-07-22T17:00:00+00:00,310.37,310.68,310.28,310.65,440590
2025-07-22T18:00:00+00:00,310.66,310.79,310.57,310.71,298630
2025-07-22T19:00:00+00:00,310.71,310.85,310.46,310.77,241790
2025-07-22T20:00:00+00:00,310.76,310.9,310.61,310.67,224130
2025-07-23T03:00:00+00:00,311.0,311.0,311.0,311.0,13160
2025-07-23T04:00:00+00:00,311.01,311.62,310.78,311.14,584280
2025-07-23T05:00:00+00:00,311.2,311.46,311.01,311.27,353560
2025-07-23T06:00:00+00:00,311.27,312.4,311.07,312.12,1674150
2025-07-23T07:00:00+00:00,312.13,313.3,312.04,313.3,3453540
2025-07-23T08:00:00+00:00,313.3,313.5,313.23,313.24,3687970
2025-07-23T09:00:00+00:00,313.24,313.37,312.95,313.23,2855420
2025-07-23T10:00:00+00:00,313.24,313.44,313.13,313.4,2144770
2025-07-23T11:00:00+00:00,313.42,314.4,313.38,314.24,4858700
2025-07-23T12:00:00+00:00,314.21,314.49,313.53,314.01,3029670
2025-07-23T13:00:00+00:00,314.03,314.3,313.78,313.78,2520330
2025-07-23T14:00:00+00:00,313.78,314.1,313.34,313.4,3346890
2025-07-23T15:00:00+00:00,313.39,314.0,313.36,313.44,2833570
2025-07-23T16:00:00+00:00,313.95,314.1,312.55,313.4,2935970
2025-07-23T17:00:00+00:00,313.39,313.4,312.87,313.0,479190
2025-07-23T18:00:00+00:00,313.0,313.38,312.75,313.03,1010680
2025-07-23T19:00:00+00:00,313.02,313.4,312.71,313.24,1121360
2025-07-23T20:00:00+00:00,313.24,313.29,312.89,313.08,496190
2025-07-24T03:00:00+00:00,313.09,313.09,313.09,313.09,4540
2025-07-24T04:00:00+00:00,313.1,313.87,313.09,313.86,630160
2025-07-24T05:00:00+00:00,313.87,313.89,313.4,313.59,351630
2025-07-24T06:00:00+00:00,313.57,313.99,313.34,313.69,1073060
2025-07-24T07:00:00+00:00,313.69,313.8,312.35,312.48,3506660
2025-07-24T08:00:00+00:00,312.49,312.49,311.61,312.38,3165730
2025-07-24T09:00:00+00:00,312.38,312.38,311.74,311.99,2370510
2025-07-24T10:00:00+00:00,312.02,312.08,310.8,311.43,2862120
2025-07-24T11:00:00+00:00,311.41,311.42,310.05,310.28,3498090
2025-07-24T12:00:00+00:00,310.28,310.55,309.8,310.21,4098310
2025-07-24T13:00:00+00:00,310.22,310.24,309.75,310.1,1418390
2025-07-24T14:00:00+00:00,310.1,310.5,310.0,310.1,1372590
2025-07-24T15:00:00+00:00,310.09,310.39,309.87,310.39,1210640
2025-07-24T16:00:00+00:00,310.3,310.82,310.14,310.82,643050
2025-07-24T17:00:00+00:00,310.82,310.92,310.5,310.51,499510
2025-07-24T18:00:00+00:00,310.5,310.85,310.44,310.84,280070
2025-07-24T19:00:00+00:00,310.83,310.98,310.44,310.51,495060
2025-07-24T20:00:00+00:00,310.51,310.94,310.5,310.83,361770
2025-07-25T03:00:00+00:00,310.86,310.86,310.86,310.86,22740
2025-07-25T04:00:00+00:00,310.9,311.69,310.85,311.42,766200
2025-07-25T05:00:00+00:00,311.4,311.43,310.6,311.16,538570
2025-07-25T06:00:00+00:00,311.15,311.7,311.1,311.21,620730
2025-07-25T07:00:00+00:00,311.22,311.39,309.77,310.4,2390810
2025-07-25T08:00:00+00:00,310.42,310.75,310.22,310.72,1286220
2025-07-25T09:00:00+00:00,310.71,311.48,310.34,310.55,1439350
2025-07-25T10:00:00+00:00,310.56,311.76,306.0,309.86,19848820
2025-07-25T11:00:00+00:00,309.85,310.57,308.7,309.29,5921190
2025-07-25T12:00:00+00:00,309.26,309.87,308.8,309.1,5050230
2025-07-25T13:00:00+00:00,309.1,310.1,308.63,309.8,4718040
2025-07-25T14:00:00+00:00,309.8,309.8,308.76,309.24,2557000
2025-07-25T15:00:00+00:00,309.24,309.8,308.95,309.8,2529410
2025-07-25T16:00:00+00:00,309.58,309.58,308.51,308.75,1122520
2025-07-25T17:00:00+00:00,308.75,309.58,308.61,309.14,1069010
2025-07-25T18:00:00+00:00,309.18,309.38,308.9,308.9,354640
2025-07-25T19:00:00+00:00,308.9,309.08,308.9,309.08,173820
2025-07-25T20:00:00+00:00,309.04,309.08,308.9,308.93,457570
2025-07-25T23:00:00+00:00,309.87,309.87,309.2,309.2,5000
2025-07-26T00:00:00+00:00,309.2,309.63,309.02,309.4,5530
2025-07-26T01:00:00+00:00,309.4,309.62,308.65,308.65,7110
2025-07-26T02:00:00+00:00,308.65,309.5,308.65,309.01,2110
2025-07-26T03:00:00+00:00,309.48,309.56,309.02,309.56,5430
2025-07-26T04:00:00+00:00,309.56,309.56,309.0,309.15,14440
2025-07-26T05:00:00+00:00,309.15,309.49,309.15,309.35,12600
2025-07-26T06:00:00+00:00,309.34,309.48,309.2,309.35,25740
2025-07-26T07:00:00+00:00,309.35,309.95,308.93,309.57,364630
2025-07-26T08:00:00+00:00,309.57,309.61,309.21,309.21,180970
2025-07-26T09:00:00+00:00,309.21,309.32,309.1,309.23,94190
2025-07-26T10:00:00+00:00,309.23,309.3,309.13,309.2,102440
2025-07-26T11:00:00+00:00,309.18,309.21,309.1,309.1,53710
2025-07-26T12:00:00+00:00,309.12,309.21,309.1,309.15,41820
2025-07-26T13:00:00+00:00,309.14,309.21,309.05,309.2,203930
2025-07-26T14:00:00+00:00,309.2,309.21,309.0,309.09,171310
2025-07-26T15:00:00+00:00,309.09,309.09,308.86,308.91,120190
2025-07-26T16:00:00+00:00,309.7,309.7,308.12,308.71,21060
2025-07-26T17:00:00+00:00,308.89,309.1,308.46,308.5,23420
2025-07-26T18:00:00+00:00,308.5,308.7,308.41,308.69,19220
2025-07-26T19:00:00+00:00,308.69,308.69,308.4,308.45,8320
2025-07-26T20:00:00+00:00,308.57,308.64,308.4,308.42,9470
2025-07-26T23:00:00+00:00,309.0,309.0,308.0,308.47,6700
2025-07-27T00:00:00+00:00,308.12,308.49,308.1,308.49,1420
2025-07-27T01:00:00+00:00,308.78,308.79,308.12,308.72,1260
2025-07-27T02:00:00+00:00,308.73,309.15,308.52,309.09,4910
2025-07-27T03:00:00+00:00,308.72,309.07,308.67,308.88,2120
2025-07-27T04:00:00+00:00,308.88,309.04,308.88,308.99,3110
2025-07-27T05:00:00+00:00,308.99,309.0,308.8,308.99,6260
2025-07-27T06:00:00+00:00,308.99,309.07,308.8,308.86,9510
2025-07-27T07:00:00+00:00,308.87,309.0,308.61,308.99,216210
2025-07-27T08:00:00+00:00,308.99,309.15,308.77,309.08,165940
2025-07-27T09:00:00+00:00,309.05,309.07,308.83,308.94,125430
2025-07-27T10:00:00+00:00,308.9,308.94,308.8,308.86,55680
2025-07-27T11:00:00+00:00,308.85,308.94,308.68,308.73,90130
2025-07-27T12:00:00+00:00,308.73,308.81,308.51,308.56,193400
2025-07-27T13:00:00+00:00,308.55,308.65,308.12,308.39,242460
2025-07-27T14:00:00+00:00,308.37,308.39,308.27,308.35,159660
2025-07-27T15:00:00+00:00,308.35,309.0,308.2,308.83,514210
2025-07-27T16:00:00+00:00,307.85,309.2,307.85,308.4,6950
2025-07-27T17:00:00+00:00,308.5,308.55,308.37,308.55,8440
2025-07-27T18:00:00+00:00,308.55,308.55,308.37,308.4,5240
2025-07-27T19:00:00+00:00,308.4,308.53,308.37,308.37,19210
2025-07-27T20:00:00+00:00,308.37,308.55,308.37,308.5,10980
2025-07-28T03:00:00+00:00,309.44,309.44,309.44,309.44,6560
2025-07-28T04:00:00+00:00,309.45,309.45,308.22,308.38,665670
2025-07-28T05:00:00+00:00,308.38,309.09,308.33,309.0,350610
2025-07-28T06:00:00+00:00,308.99,309.08,307.51,308.08,1963160
2025-07-28T07:00:00+00:00,308.06,308.21,306.56,307.7,3747530
2025-07-28T08:00:00+00:00,307.72,308.82,307.41,308.55,1848200
2025-07-28T09:00:00+00:00,308.56,308.96,307.94,308.38,1545940
2025-07-28T10:00:00+00:00,308.4,308.95,308.24,308.28,917540
2025-07-28T11:00:00+00:00,308.3,308.37,306.22,306.78,2528770
2025-07-28T12:00:00+00:00,306.78,306.87,304.52,305.99,8409130
2025-07-28T13:00:00+00:00,306.0,306.28,303.54,305.26,7796740
2025-07-28T14:00:00+00:00,305.25,305.26,304.2,304.71,3259780
2025-07-28T15:00:00+00:00,304.68,305.09,304.3,304.39,1410390
2025-07-28T16:00:00+00:00,304.43,305.25,304.14,304.17,1564690
2025-07-28T17:00:00+00:00,304.17,304.54,304.08,304.43,530030
2025-07-28T18:00:00+00:00,304.44,304.99,304.32,304.67,534630
2025-07-28T19:00:00+00:00,304.66,304.68,304.0,304.05,739770
2025-07-28T20:00:00+00:00,304.08,304.19,303.67,303.97,808100
2025-07-29T03:00:00+00:00,304.77,304.77,304.77,304.77,15220
2025-07-29T04:00:00+00:00,304.75,305.25,304.13,305.15,702430
2025-07-29T05:00:00+00:00,305.15,305.55,305.0,305.44,513610
2025-07-29T06:00:00+00:00,305.41,305.41,304.49,304.71,1506910
2025-07-29T07:00:00+00:00,304.68,305.23,303.05,303.37,3839860
2025-07-29T08:00:00+00:00,303.41,305.08,303.13,304.24,2286890
2025-07-29T09:00:00+00:00,304.27,304.57,303.7,304.46,1212460
2025-07-29T10:00:00+00:00,304.46,304.86,304.2,304.47,1224680
2025-07-29T11:00:00+00:00,304.47,306.12,304.44,305.99,2301550
2025-07-29T12:00:00+00:00,305.98,306.99,305.98,306.84,2749960
2025-07-29T13:00:00+00:00,306.84,306.87,305.5,305.9,2262890
2025-07-29T14:00:00+00:00,305.9,307.74,305.9,307.74,2030080
2025-07-29T15:00:00+00:00,307.74,308.26,307.16,307.43,2433880
2025-07-29T16:00:00+00:00,307.43,307.8,307.16,307.25,533010
2025-07-29T17:00:00+00:00,307.24,307.49,304.2,304.2,2711230
2025-07-29T18:00:00+00:00,304.2,304.73,303.5,304.2,3111220
2025-07-29T19:00:00+00:00,304.2,305.0,304.19,304.69,632650
2025-07-29T20:00:00+00:00,304.69,305.5,304.69,305.26,628410
2025-07-30T03:00:00+00:00,305.58,305.58,305.58,305.58,6120
2025-07-30T04:00:00+00:00,305.58,305.71,303.84,305.03,906030
2025-07-30T05:00:00+00:00,305.0,305.2,304.3,304.36,287290
2025-07-30T06:00:00+00:00,304.36,306.2,304.35,305.66,825260
2025-07-30T07:00:00+00:00,305.66,305.83,304.3,305.18,2283470
2025-07-30T08:00:00+00:00,305.17,305.35,304.5,304.68,923220
2025-07-30T09:00:00+00:00,304.75,305.05,304.18,304.4,913440
2025-07-30T10:00:00+00:00,304.4,304.93,304.0,304.7,1248980
2025-07-30T11:00:00+00:00,304.7,304.72,304.01,304.5,655930
2025-07-30T12:00:00+00:00,304.48,304.5,303.58,303.72,1673970
2025-07-30T13:00:00+00:00,303.72,304.24,303.54,304.09,1437390
2025-07-30T14:00:00+00:00,304.12,304.5,303.87,304.02,728600
2025-07-30T15:00:00+00:00,304.02,304.26,303.86,303.86,535970
2025-07-30T16:00:00+00:00,303.9,304.17,303.54,303.6,573290
2025-07-30T17:00:00+00:00,303.6,303.75,303.29,303.42,601390
2025-07-30T18:00:00+00:00,303.4,303.72,303.39,303.57,242670
2025-07-30T19:00:00+00:00,303.58,303.58,303.38,303.43,211140
2025-07-30T20:00:00+00:00,303.43,303.43,303.2,303.3,444960
2025-07-31T03:00:00+00:00,303.9,303.9,303.9,303.9,8480
2025-07-31T04:00:00+00:00,303.9,304.45,303.32,303.88,474960
2025-07-31T05:00:00+00:00,303.86,304.57,303.86,304.45,427530
2025-07-31T06:00:00+00:00,304.44,304.99,304.05,304.8,1102940
2025-07-31T07:00:00+00:00,304.8,305.79,303.55,303.78,3923370
2025-07-31T08:00:00+00:00,303.78,304.19,302.81,303.34,2378550
2025-07-31T09:00:00+00:00,303.34,304.65,303.3,304.23,1552410
2025-07-31T10:00:00+00:00,304.25,304.94,304.15,304.35,1531490
2025-07-31T11:00:00+00:00,304.35,304.77,303.3,303.73,1495340
2025-07-31T12:00:00+00:00,303.73,304.25,303.5,303.81,824380
2025-07-31T13:00:00+00:00,303.81,304.68,303.72,304.55,852360
2025-07-31T14:00:00+00:00,304.56,304.7,304.1,304.68,969180
2025-07-31T15:00:00+00:00,304.68,305.35,304.0,305.35,2351310
2025-07-31T16:00:00+00:00,305.16,305.66,304.8,305.03,975450
2025-07-31T17:00:00+00:00,305.05,305.17,304.63,304.85,389520
2025-07-31T18:00:00+00:00,304.85,304.91,304.51,304.88,291630
2025-07-31T19:00:00+00:00,304.88,305.0,304.81,304.86,124200
2025-07-31T20:00:00+00:00,304.9,305.0,304.9,304.95,211670
2025-08-01T03:00:00+00:00,305.41,305.41,305.41,305.41,16098
2025-08-01T04:00:00+00:00,305.45,307.5,305.41,307.13,1757589
2025-08-01T05:00:00+00:00,307.13,307.3,306.28,306.83,864056
2025-08-01T06:00:00+00:00,306.82,307.01,306.51,306.91,859568
2025-08-01T07:00:00+00:00,306.9,307.43,306.17,306.71,1583582
2025-08-01T08:00:00+00:00,306.71,306.73,306.02,306.42,781397
2025-08-01T09:00:00+00:00,306.41,306.81,306.12,306.37,1441683
2025-08-01T10:00:00+00:00,306.37,306.4,306.1,306.21,559321
2025-08-01T11:00:00+00:00,306.21,306.24,304.12,304.26,3229039
2025-08-01T12:00:00+00:00,304.27,304.79,304.09,304.21,1368007
2025-08-01T13:00:00+00:00,304.2,304.6,303.9,304.14,1099415
2025-08-01T14:00:00+00:00,304.13,304.45,303.9,304.21,891911
2025-08-01T15:00:00+00:00,304.21,304.21,303.99,304.2,540640
2025-08-01T16:00:00+00:00,304.2,304.3,303.2,303.51,1136131
2025-08-01T17:00:00+00:00,303.51,304.35,302.89,304.29,1399020
2025-08-01T18:00:00+00:00,304.29,304.7,303.97,304.56,420655
2025-08-01T19:00:00+00:00,304.55,304.55,304.09,304.21,194064
2025-08-01T20:00:00+00:00,304.21,304.43,304.1,304.22,331330
2025-08-01T23:00:00+00:00,304.85,305.0,302.82,304.69,950
2025-08-02T00:00:00+00:00,304.21,305.9,303.5,303.71,11485
2025-08-02T01:00:00+00:00,304.71,305.7,303.81,304.27,7480
2025-08-02T02:00:00+00:00,304.26,304.6,304.26,304.27,2199
2025-08-02T03:00:00+00:00,304.27,304.27,304.22,304.27,2428
2025-08-02T04:00:00+00:00,304.27,304.27,303.8,304.27,15975
2025-08-02T05:00:00+00:00,304.27,304.27,303.8,304.26,6927
2025-08-02T06:00:00+00:00,304.26,304.26,303.85,304.24,8849
2025-08-02T07:00:00+00:00,304.24,304.25,303.84,304.1,10426
2025-08-02T08:00:00+00:00,304.0,304.17,303.87,304.14,7550
2025-08-02T09:00:00+00:00,304.14,304.24,303.86,304.24,12388
2025-08-02T10:00:00+00:00,304.24,304.26,304.16,304.23,9155
2025-08-02T11:00:00+00:00,304.23,304.56,304.1,304.21,18045
2025-08-02T12:00:00+00:00,304.55,304.59,303.81,304.4,15727
2025-08-02T13:00:00+00:00,304.4,304.69,303.81,304.11,39876
2025-08-02T14:00:00+00:00,304.21,304.3,304.0,304.26,7627
2025-08-02T15:00:00+00:00,304.01,304.29,304.0,304.26,18690
2025-08-02T16:00:00+00:00,304.25,304.3,304.0,304.01,54763
2025-08-02T17:00:00+00:00,304.23,304.26,304.0,304.16,5623
2025-08-02T18:00:00+00:00,304.26,304.3,304.0,304.2,8576
2025-08-02T19:00:00+00:00,304.2,304.2,304.0,304.02,3382
2025-08-02T20:00:00+00:00,304.02,305.0,304.02,304.6,55596
2025-08-02T23:00:00+00:00,304.8,305.49,303.7,304.52,828
2025-08-03T00:00:00+00:00,304.53,304.55,304.01,304.19,508
2025-08-03T01:00:00+00:00,304.03,304.53,304.0,304.53,2772
2025-08-03T02:00:00+00:00,304.53,304.53,304.32,304.52,237
2025-08-03T03:00:00+00:00,304.34,304.53,304.33,304.53,1754
2025-08-03T04:00:00+00:00,304.53,304.55,304.36,304.37,1942
2025-08-03T05:00:00+00:00,304.38,305.0,304.37,304.98,7055
2025-08-03T06:00:00+00:00,304.8,304.98,304.57,304.82,4510
2025-08-03T07:00:00+00:00,304.82,305.02,304.62,304.92,17027
2025-08-03T08:00:00+00:00,304.92,304.93,304.73,304.73,5696
2025-08-03T09:00:00+00:00,304.73,304.75,304.62,304.75,6167
2025-08-03T10:00:00+00:00,304.64,304.93,304.61,304.75,11647
2025-08-03T11:00:00+00:00,304.61,304.96,304.61,304.64,8645
2025-08-03T12:00:00+00:00,304.64,304.87,304.38,304.69,11980
2025-08-03T13:00:00+00:00,304.69,304.78,304.37,304.76,4701
2025-08-03T14:00:00+00:00,304.76,304.82,304.37,304.38,8774
2025-08-03T15:00:00+00:00,304.38,304.8,304.37,304.74,7216
2025-08-03T16:00:00+00:00,304.74,304.74,304.22,304.53,14408
2025-08-03T17:00:00+00:00,304.53,304.73,304.23,304.6,5251
2025-08-03T18:00:00+00:00,304.6,304.89,304.3,304.48,13972
2025-08-03T19:00:00+00:00,304.89,304.89,304.3,304.79,6473
2025-08-03T20:00:00+00:00,304.79,304.89,304.24,304.37,12307
2025-08-04T03:00:00+00:00,305.3,305.3,305.3,305.3,22286
2025-08-04T04:00:00+00:00,305.3,306.22,304.74,305.01,1361042
2025-08-04T05:00:00+00:00,305.01,305.69,305.0,305.5,416917
2025-08-04T06:00:00+00:00,305.55,305.55,304.5,305.04,1411214
2025-08-04T07:00:00+00:00,305.04,305.81,304.65,305.65,2135404
2025-08-04T08:00:00+00:00,305.65,306.2,305.47,305.95,2110562
2025-08-04T09:00:00+00:00,305.95,306.4,305.13,305.41,2974114
2025-08-04T10:00:00+00:00,305.41,306.09,305.16,305.98,1217913
2025-08-04T11:00:00+00:00,305.99,306.03,304.92,305.1,1854511
2025-08-04T12:00:00+00:00,305.1,305.89,305.07,305.79,1372062
2025-08-04T13:00:00+00:00,305.78,306.08,305.59,306.06,1723891
2025-08-04T14:00:00+00:00,306.06,307.14,306.01,306.89,3991752
2025-08-04T15:00:00+00:00,306.89,308.12,306.85,307.69,3978393
2025-08-04T16:00:00+00:00,307.69,308.01,306.88,307.07,1521787
2025-08-04T17:00:00+00:00,307.07,307.65,307.05,307.58,572737
2025-08-04T18:00:00+00:00,307.57,307.6,307.0,307.48,621581
2025-08-04T19:00:00+00:00,307.48,307.85,307.43,307.67,621363
2025-08-04T20:00:00+00:00,307.67,308.01,307.67,307.95,513110
2025-08-05T03:00:00+00:00,307.97,307.97,307.97,307.97,11054
2025-08-05T04:00:00+00:00,307.98,308.67,307.18,307.59,1191775
2025-08-05T05:00:00+00:00,307.59,307.66,307.0,307.24,731469
2025-08-05T06:00:00+00:00,307.24,308.05,307.23,307.68,1110318
2025-08-05T07:00:00+00:00,307.68,307.68,306.7,307.0,2451249
2025-08-05T08:00:00+00:00,307.0,307.0,306.75,306.75,1277990
2025-08-05T09:00:00+00:00,306.76,306.96,306.28,306.5,3025368
2025-08-05T10:00:00+00:00,306.5,306.92,306.31,306.42,1304266
2025-08-05T11:00:00+00:00,306.42,306.47,305.65,306.02,1284622
2025-08-05T12:00:00+00:00,306.02,307.87,305.25,307.08,3230440
2025-08-05T13:00:00+00:00,307.07,307.7,306.71,307.45,1302386
2025-08-05T14:00:00+00:00,307.45,307.84,307.06,307.31,924279
2025-08-05T15:00:00+00:00,307.32,307.76,307.16,307.76,865858
2025-08-05T16:00:00+00:00,307.74,307.91,307.27,307.76,798402
2025-08-05T17:00:00+00:00,307.76,308.13,307.28,307.46,1093793
2025-08-05T18:00:00+00:00,307.46,307.78,307.3,307.58,235942
2025-08-05T19:00:00+00:00,307.59,307.91,307.31,307.57,399864
2025-08-05T20:00:00+00:00,307.56,307.65,307.34,307.38,258434
2025-08-06T03:00:00+00:00,307.4,307.4,307.4,307.4,8167
2025-08-06T04:00:00+00:00,307.51,308.11,307.4,307.9,376790
2025-08-06T05:00:00+00:00,307.9,307.9,307.3,307.5,277732
2025-08-06T06:00:00+00:00,307.5,307.98,307.47,307.56,462838
2025-08-06T07:00:00+00:00,307.58,308.45,306.75,307.29,3168944
2025-08-06T08:00:00+00:00,307.29,307.4,306.11,306.44,1215124
2025-08-06T09:00:00+00:00,306.42,307.0,306.24,306.99,1094592
2025-08-06T10:00:00+00:00,306.99,307.0,305.77,306.01,1615276
2025-08-06T11:00:00+00:00,306.0,306.95,305.67,306.95,2027274
2025-08-06T12:00:00+00:00,306.95,307.63,306.0,306.28,2314284
2025-08-06T13:00:00+00:00,306.29,306.29,304.61,304.9,3057335
2025-08-06T14:00:00+00:00,304.91,307.19,303.33,304.14,7086443
2025-08-06T15:00:00+00:00,304.14,304.67,303.79,304.67,1584589
2025-08-06T16:00:00+00:00,304.67,306.5,303.9,305.04,3010493
2025-08-06T17:00:00+00:00,305.04,308.0,304.9,307.6,6122933
2025-08-06T18:00:00+00:00,307.61,310.45,307.46,310.45,5598752
2025-08-06T19:00:00+00:00,310.44,312.96,308.95,311.44,15578747
2025-08-06T20:00:00+00:00,311.43,311.9,309.81,310.22,5349048
2025-08-07T03:00:00+00:00,310.22,310.22,310.22,310.22,21077
2025-08-07T04:00:00+00:00,310.23,311.17,309.0,309.68,1982784
2025-08-07T05:00:00+00:00,309.69,310.37,309.24,310.05,1232630
2025-08-07T06:00:00+00:00,310.05,310.37,309.02,309.14,1096842
2025-08-07T07:00:00+00:00,309.14,311.2,308.76,311.05,5871721
2025-08-07T08:00:00+00:00,311.05,315.03,311.04,314.37,15958559
2025-08-07T09:00:00+00:00,314.38,316.5,313.6,314.15,8039417
2025-08-07T10:00:00+00:00,314.16,314.5,313.28,313.83,4042242
2025-08-07T11:00:00+00:00,313.83,315.0,313.82,314.66,3239868
2025-08-07T12:00:00+00:00,314.65,315.6,313.31,315.48,5843982
2025-08-07T13:00:00+00:00,315.48,315.73,314.59,315.06,3982616
2025-08-07T14:00:00+00:00,315.06,315.79,314.87,315.56,2141173
2025-08-07T15:00:00+00:00,315.55,315.57,312.51,313.1,7100304
2025-08-07T16:00:00+00:00,312.85,312.85,311.52,312.57,3807490
2025-08-07T17:00:00+00:00,312.57,312.57,310.34,311.09,2520880
2025-08-07T18:00:00+00:00,311.1,312.99,310.73,312.69,2702079
2025-08-07T19:00:00+00:00,312.7,312.88,312.34,312.84,577953
2025-08-07T20:00:00+00:00,312.83,314.36,312.14,313.43,1928049
2025-08-08T03:00:00+00:00,314.68,314.68,314.68,314.68,20664
2025-08-08T04:00:00+00:00,314.66,314.66,312.73,313.03,1411096
2025-08-08T05:00:00+00:00,313.03,314.8,313.0,314.52,1280105
2025-08-08T06:00:00+00:00,314.51,314.82,314.1,314.59,1023088
2025-08-08T07:00:00+00:00,314.59,314.62,313.0,313.12,2416815
2025-08-08T08:00:00+00:00,313.12,313.39,312.63,313.11,2088404
2025-08-08T09:00:00+00:00,313.12,313.35,312.65,313.08,1037548
2025-08-08T10:00:00+00:00,313.08,313.74,312.6,313.59,1802465
2025-08-08T11:00:00+00:00,313.59,314.44,313.1,314.21,2114477
2025-08-08T12:00:00+00:00,314.22,314.45,313.83,313.94,1305460
2025-08-08T13:00:00+00:00,313.93,314.09,313.43,313.82,978830
2025-08-08T14:00:00+00:00,313.83,315.97,313.36,315.81,6675831
2025-08-08T15:00:00+00:00,315.81,316.0,315.25,316.0,3836348
2025-08-08T16:00:00+00:00,315.68,316.15,315.48,315.73,2091708
2025-08-08T17:00:00+00:00,315.73,315.98,315.55,315.58,1023536
2025-08-08T18:00:00+00:00,315.58,316.1,315.57,316.01,1330151
2025-08-08T19:00:00+00:00,316.01,316.15,316.0,316.09,808705
2025-08-08T20:00:00+00:00,316.09,317.98,316.06,317.97,3714646
2025-08-08T23:00:00+00:00,327.86,327.86,319.01,321.64,270418
2025-08-09T00:00:00+00:00,321.64,321.64,320.71,321.54,76208
2025-08-09T01:00:00+00:00,321.27,321.54,320.57,321.0,32596
2025-08-09T02:00:00+00:00,321.01,321.64,321.0,321.47,62693
2025-08-09T03:00:00+00:00,321.47,323.0,320.71,322.94,120612
2025-08-09T04:00:00+00:00,322.94,325.88,322.8,324.28,344323
2025-08-09T05:00:00+00:00,324.28,324.6,323.0,323.2,285261
2025-08-09T06:00:00+00:00,323.2,323.7,321.02,322.46,227445
2025-08-09T07:00:00+00:00,322.46,322.84,320.55,321.5,263189
2025-08-09T08:00:00+00:00,321.7,322.83,321.0,322.72,130678
2025-08-09T09:00:00+00:00,322.51,322.86,321.06,322.0,233701
2025-08-09T10:00:00+00:00,321.98,322.18,321.07,321.92,64516
2025-08-09T11:00:00+00:00,321.92,322.0,321.01,321.6,99032
2025-08-09T12:00:00+00:00,321.6,321.62,320.9,321.27,101587
2025-08-09T13:00:00+00:00,321.2,321.42,320.8,320.8,40831
2025-08-09T14:00:00+00:00,320.99,321.0,320.55,320.56,34946
2025-08-09T15:00:00+00:00,320.57,320.95,320.01,320.05,58272
2025-08-09T16:00:00+00:00,320.05,320.57,319.72,320.43,37738
2025-08-09T17:00:00+00:00,320.43,320.43,320.2,320.34,33204
2025-08-09T18:00:00+00:00,320.34,320.56,320.2,320.21,24257
2025-08-09T19:00:00+00:00,320.54,320.89,320.2,320.51,24186
2025-08-09T20:00:00+00:00,320.51,320.87,320.24,320.86,21146
2025-08-09T23:00:00+00:00,319.64,322.25,319.63,321.43,3752
2025-08-10T00:00:00+00:00,321.0,321.44,320.03,321.25,5845
2025-08-10T01:00:00+00:00,320.47,321.24,320.03,320.74,3309
2025-08-10T02:00:00+00:00,320.74,321.37,320.05,320.18,4200
2025-08-10T03:00:00+00:00,320.51,321.37,320.17,321.19,3855
2025-08-10T04:00:00+00:00,321.15,321.2,320.87,320.99,9313
2025-08-10T05:00:00+00:00,320.99,321.0,320.87,320.97,6408
2025-08-10T06:00:00+00:00,320.97,321.46,320.87,320.9,47960
2025-08-10T07:00:00+00:00,320.9,321.3,320.87,321.01,23023
2025-08-10T08:00:00+00:00,321.29,321.29,320.87,320.93,13627
2025-08-10T09:00:00+00:00,320.88,321.29,320.87,321.02,24900
2025-08-10T10:00:00+00:00,321.27,321.27,320.87,321.24,18762
2025-08-10T11:00:00+00:00,320.91,321.24,320.58,320.58,20636
2025-08-10T12:00:00+00:00,320.58,321.25,320.52,321.1,21728
2025-08-10T13:00:00+00:00,321.1,321.21,320.7,321.0,28565
2025-08-10T14:00:00+00:00,321.0,321.25,320.61,321.22,50630
2025-08-10T15:00:00+00:00,321.22,321.29,320.7,321.15,79011
2025-08-10T16:00:00+00:00,320.9,321.45,320.72,321.44,59706
2025-08-10T17:00:00+00:00,321.44,321.6,321.1,321.59,45877
2025-08-10T18:00:00+00:00,321.59,322.41,321.28,322.06,55878
2025-08-10T19:00:00+00:00,322.4,322.41,321.49,322.19,29094
2025-08-10T20:00:00+00:00,322.19,322.2,321.68,321.72,23951
2025-08-11T03:00:00+00:00,321.72,321.72,321.72,321.72,223179
2025-08-11T04:00:00+00:00,321.75,322.9,318.1,322.65,5422450
2025-08-11T05:00:00+00:00,322.65,322.66,321.41,321.64,3162666
2025-08-11T06:00:00+00:00,321.6,321.61,320.5,320.91,3861174
2025-08-11T07:00:00+00:00,320.91,321.25,318.65,318.85,6001802
2025-08-11T08:00:00+00:00,318.85,320.1,318.79,320.0,3453545
2025-08-11T09:00:00+00:00,320.01,320.01,318.8,318.94,2233205
2025-08-11T10:00:00+00:00,318.95,319.23,318.34,318.87,2148713
2025-08-11T11:00:00+00:00,318.84,319.9,318.7,318.96,1782283
2025-08-11T12:00:00+00:00,318.92,319.0,318.0,318.07,1874448
2025-08-11T13:00:00+00:00,318.05,318.51,317.6,318.36,2078469
2025-08-11T14:00:00+00:00,318.36,319.2,317.83,318.45,2255033
2025-08-11T15:00:00+00:00,318.47,319.5,317.76,317.98,2781709
2025-08-11T16:00:00+00:00,317.98,318.9,317.14,317.29,2809552
2025-08-11T17:00:00+00:00,317.28,318.35,317.24,317.54,887088
2025-08-11T18:00:00+00:00,317.58,317.74,317.05,317.31,722225
2025-08-11T19:00:00+00:00,317.32,317.92,317.18,317.72,496603
2025-08-11T20:00:00+00:00,317.72,317.85,317.59,317.82,242821
2025-08-12T03:00:00+00:00,318.17,318.17,318.17,318.17,1774
2025-08-12T04:00:00+00:00,318.16,318.49,316.6,316.81,975440
2025-08-12T05:00:00+00:00,316.82,317.41,316.61,317.28,658979
2025-08-12T06:00:00+00:00,317.28,318.0,317.28,317.77,649464
2025-08-12T07:00:00+00:00,317.77,318.77,317.0,318.02,2139998
2025-08-12T08:00:00+00:00,318.02,318.31,317.21,317.92,2018471
2025-08-12T09:00:00+00:00,317.91,318.23,317.7,318.18,711253
2025-08-12T10:00:00+00:00,318.17,318.28,317.75,317.77,1604086
2025-08-12T11:00:00+00:00,317.77,317.79,317.24,317.63,1574824
2025-08-12T12:00:00+00:00,317.63,317.67,317.31,317.34,922662
2025-08-12T13:00:00+00:00,317.34,318.0,317.3,317.78,1645661
2025-08-12T14:00:00+00:00,317.78,318.5,317.66,318.34,2584458
2025-08-12T15:00:00+00:00,318.34,318.99,318.25,318.85,1467093
2025-08-12T16:00:00+00:00,318.85,318.85,318.4,318.54,450593
2025-08-12T17:00:00+00:00,318.55,318.67,318.0,318.46,484334
2025-08-12T18:00:00+00:00,318.46,318.55,318.16,318.19,299365
2025-08-12T19:00:00+00:00,318.2,318.27,318.0,318.07,271168
2025-08-12T20:00:00+00:00,318.07,318.13,317.72,318.0,305954
2025-08-13T03:00:00+00:00,318.0,318.0,318.0,318.0,2564
2025-08-13T04:00:00+00:00,318.32,318.74,318.0,318.66,489189
2025-08-13T05:00:00+00:00,318.62,318.65,318.25,318.48,130576
2025-08-13T06:00:00+00:00,318.48,319.7,318.4,319.24,1751844
2025-08-13T07:00:00+00:00,319.2,319.4,318.55,318.55,1862952
2025-08-13T08:00:00+00:00,318.55,318.86,317.6,318.0,2075508
2025-08-13T09:00:00+00:00,318.0,318.5,317.7,318.2,1252674
2025-08-13T10:00:00+00:00,318.2,318.21,317.71,317.84,1175420
2025-08-13T11:00:00+00:00,317.84,318.0,317.05,317.21,2045295
2025-08-13T12:00:00+00:00,317.21,318.19,317.12,317.85,1665989
2025-08-13T13:00:00+00:00,317.85,318.4,317.5,317.89,1427308
2025-08-13T14:00:00+00:00,317.89,319.04,317.55,319.0,3161813
2025-08-13T15:00:00+00:00,318.99,319.4,318.92,319.1,1629483
2025-08-13T16:00:00+00:00,319.11,319.3,318.33,318.41,1007620
2025-08-13T17:00:00+00:00,318.41,318.42,317.77,318.23,536401
2025-08-13T18:00:00+00:00,318.22,318.45,318.03,318.26,203749
2025-08-13T19:00:00+00:00,318.26,318.3,318.0,318.08,156424
2025-08-13T20:00:00+00:00,318.08,318.09,317.45,317.51,553087
2025-08-14T03:00:00+00:00,317.6,317.6,317.6,317.6,890
2025-08-14T04:00:00+00:00,317.62,318.29,317.4,317.76,323195
2025-08-14T05:00:00+00:00,317.76,318.02,317.7,317.97,180062
2025-08-14T06:00:00+00:00,317.97,318.21,316.65,317.18,1110715
2025-08-14T07:00:00+00:00,317.18,317.19,315.62,316.18,3570031
2025-08-14T08:00:00+00:00,316.18,316.51,315.03,315.09,3426652
2025-08-14T09:00:00+00:00,315.09,316.66,314.81,316.61,2853494
2025-08-14T10:00:00+00:00,316.62,317.58,316.39,317.53,2200975
2025-08-14T11:00:00+00:00,317.57,317.96,316.83,317.84,1488344
2025-08-14T12:00:00+00:00,317.83,318.9,317.83,318.86,2952126
2025-08-14T13:00:00+00:00,318.86,318.97,318.34,318.84,2320391
2025-08-14T14:00:00+00:00,318.84,318.97,318.21,318.75,2274401
2025-08-14T15:00:00+00:00,318.76,318.76,318.38,318.61,762249
2025-08-14T16:00:00+00:00,318.61,318.72,318.22,318.45,611734
2025-08-14T17:00:00+00:00,318.45,318.92,318.33,318.67,593588
2025-08-14T18:00:00+00:00,318.66,319.2,318.65,319.02,1063934
2025-08-14T19:00:00+00:00,319.03,319.2,318.53,318.55,413457
2025-08-14T20:00:00+00:00,318.56,318.78,318.42,318.73,313038
2025-08-15T03:00:00+00:00,318.9,318.9,318.9,318.9,2185
2025-08-15T04:00:00+00:00,318.89,319.83,318.75,318.98,974533
2025-08-15T05:00:00+00:00,318.99,319.53,318.52,319.01,457797
2025-08-15T06:00:00+00:00,319.01,319.1,318.7,318.93,494180
2025-08-15T07:00:00+00:00,318.93,319.0,318.45,318.61,2014111
2025-08-15T08:00:00+00:00,318.6,319.26,318.46,319.06,1386647
2025-08-15T09:00:00+00:00,319.06,319.47,318.88,318.98,1276464
2025-08-15T10:00:00+00:00,318.97,319.64,318.72,319.53,2115910
2025-08-15T11:00:00+00:00,319.53,320.4,319.52,320.37,2716306
2025-08-15T12:00:00+00:00,320.36,320.4,319.15,319.93,1941754
2025-08-15T13:00:00+00:00,319.93,320.07,319.45,319.76,1801483
2025-08-15T14:00:00+00:00,319.76,320.2,319.76,320.14,2265019
2025-08-15T15:00:00+00:00,320.14,320.23,319.6,319.99,1604156
2025-08-15T16:00:00+00:00,319.91,320.5,319.7,320.31,1422297
2025-08-15T17:00:00+00:00,320.3,320.39,319.49,319.99,2031944
2025-08-15T18:00:00+00:00,319.99,320.39,319.88,320.19,839713
2025-08-15T19:00:00+00:00,320.19,320.35,319.2,319.65,1344199
2025-08-15T20:00:00+00:00,319.64,319.65,318.6,319.4,1382984
2025-08-15T23:00:00+00:00,332.48,332.48,309.87,312.28,667679
2025-08-16T00:00:00+00:00,312.28,316.5,311.7,315.85,210852
2025-08-16T01:00:00+00:00,315.85,318.2,314.5,316.3,110410
2025-08-16T02:00:00+00:00,316.6,317.98,316.11,316.76,40520
2025-08-16T03:00:00+00:00,317.36,317.36,315.52,316.39,47267
2025-08-16T04:00:00+00:00,316.39,317.79,316.1,317.33,79685
2025-08-16T05:00:00+00:00,317.33,317.51,316.52,316.59,74633
2025-08-16T06:00:00+00:00,317.24,317.3,316.01,316.86,187716
2025-08-16T07:00:00+00:00,316.87,316.88,310.03,314.94,5405195
2025-08-16T08:00:00+00:00,314.94,315.13,313.91,314.94,1647396
2025-08-16T09:00:00+00:00,314.91,315.2,314.18,314.5,749183
2025-08-16T10:00:00+00:00,314.49,314.84,314.15,314.42,688919
2025-08-16T11:00:00+00:00,314.42,314.77,314.27,314.71,244651
2025-08-16T12:00:00+00:00,314.64,315.39,314.62,315.3,600586
2025-08-16T13:00:00+00:00,315.3,315.41,315.1,315.27,400903
2025-08-16T14:00:00+00:00,315.27,315.36,315.0,315.32,225263
2025-08-16T15:00:00+00:00,315.32,315.34,315.02,315.17,209694
2025-08-16T16:00:00+00:00,314.24,317.0,314.21,315.0,16255
2025-08-16T17:00:00+00:00,315.0,315.11,314.51,314.9,39138
2025-08-16T18:00:00+00:00,314.91,315.4,314.55,315.16,29107
2025-08-16T19:00:00+00:00,314.88,315.29,314.6,314.98,23502
2025-08-16T20:00:00+00:00,314.98,315.0,314.6,314.6,18717
2025-08-16T23:00:00+00:00,314.63,315.57,313.62,315.49,799
2025-08-17T00:00:00+00:00,315.49,315.5,315.0,315.0,726
2025-08-17T01:00:00+00:00,315.48,315.5,315.0,315.48,883
2025-08-17T02:00:00+00:00,315.48,315.5,315.04,315.15,5388
2025-08-17T03:00:00+00:00,315.47,316.0,314.88,314.92,12359
2025-08-17T04:00:00+00:00,315.0,315.94,315.0,315.59,3224
2025-08-17T05:00:00+00:00,315.59,315.64,315.16,315.63,6512
2025-08-17T06:00:00+00:00,315.63,315.63,315.11,315.5,13338
2025-08-17T07:00:00+00:00,315.54,315.8,315.1,315.11,319325
2025-08-17T08:00:00+00:00,315.13,315.14,314.8,314.99,195279
2025-08-17T09:00:00+00:00,315.0,315.25,314.95,315.02,99376
2025-08-17T10:00:00+00:00,315.02,315.04,314.94,314.98,59887
2025-08-17T11:00:00+00:00,314.98,315.17,314.92,315.17,88539
2025-08-17T12:00:00+00:00,315.18,315.28,315.0,315.1,305825
2025-08-17T13:00:00+00:00,315.1,315.21,314.85,314.98,356447
2025-08-17T14:00:00+00:00,314.98,315.08,314.92,314.97,141123
2025-08-17T15:00:00+00:00,314.92,315.1,314.8,314.97,330643
2025-08-17T16:00:00+00:00,314.85,315.99,313.73,314.81,13360
2025-08-17T17:00:00+00:00,314.99,314.99,314.52,314.93,19730
2025-08-17T18:00:00+00:00,314.93,314.95,314.53,314.95,16574
2025-08-17T19:00:00+00:00,314.95,314.96,314.56,314.93,8547
2025-08-17T20:00:00+00:00,314.93,315.56,314.55,315.56,31169
2025-08-18T03:00:00+00:00,315.01,315.01,315.01,315.01,15498
2025-08-18T04:00:00+00:00,315.06,316.97,314.97,316.57,1501604
2025-08-18T05:00:00+00:00,316.57,316.75,316.34,316.43,614043
2025-08-18T06:00:00+00:00,316.43,316.43,315.71,315.99,1054796
2025-08-18T07:00:00+00:00,315.99,317.35,314.3,316.0,9400233
2025-08-18T08:00:00+00:00,316.0,316.83,315.15,316.83,2146173
2025-08-18T09:00:00+00:00,316.82,317.75,316.82,317.35,2604579
2025-08-18T10:00:00+00:00,317.35,317.56,316.78,316.9,1501521
2025-08-18T11:00:00+00:00,316.89,317.27,316.56,317.11,1042107
2025-08-18T12:00:00+00:00,317.17,318.05,317.17,317.94,1964752
2025-08-18T13:00:00+00:00,317.94,318.29,317.54,317.87,1495477
2025-08-18T14:00:00+00:00,317.88,318.05,316.7,317.0,1861758
2025-08-18T15:00:00+00:00,317.0,317.0,316.03,316.89,1074720
2025-08-18T16:00:00+00:00,316.62,317.73,316.0,317.1,1305725
2025-08-18T17:00:00+00:00,317.11,318.06,316.6,317.0,1042477
2025-08-18T18:00:00+00:00,317.0,319.0,316.77,318.84,1466126
2025-08-18T19:00:00+00:00,318.83,319.89,317.86,318.56,4247884
2025-08-18T20:00:00+00:00,318.56,318.78,318.14,318.38,705168
2025-08-19T03:00:00+00:00,318.98,318.98,318.98,318.98,44821
2025-08-19T04:00:00+00:00,318.98,319.73,317.81,319.5,1398301
2025-08-19T05:00:00+00:00,319.5,319.51,318.52,318.65,788336
2025-08-19T06:00:00+00:00,318.65,319.32,318.4,318.73,1134194
2025-08-19T07:00:00+00:00,318.69,319.31,318.24,318.83,2233568
2025-08-19T08:00:00+00:00,318.81,319.48,318.71,319.2,2595536
2025-08-19T09:00:00+00:00,319.2,319.36,318.9,318.9,1688800
2025-08-19T10:00:00+00:00,318.9,318.97,318.21,318.34,1563476
2025-08-19T11:00:00+00:00,318.33,318.69,318.17,318.65,809576
2025-08-19T12:00:00+00:00,318.63,318.87,317.6,317.69,1449226
2025-08-19T13:00:00+00:00,317.72,318.78,317.31,318.75,1393747
2025-08-19T14:00:00+00:00,318.74,318.78,317.69,318.07,1706621
2025-08-19T15:00:00+00:00,318.05,318.24,317.0,317.0,2191745
2025-08-19T16:00:00+00:00,317.0,317.2,316.29,316.96,1199217
2025-08-19T17:00:00+00:00,316.96,317.73,316.4,317.36,1086521
2025-08-19T18:00:00+00:00,317.35,317.4,317.0,317.14,246984
2025-08-19T19:00:00+00:00,317.15,317.34,317.12,317.21,95362
2025-08-19T20:00:00+00:00,317.21,317.21,316.5,316.5,253545
2025-08-20T03:00:00+00:00,316.53,316.53,316.53,316.53,2277
2025-08-20T04:00:00+00:00,316.53,317.4,316.49,316.99,418356
2025-08-20T05:00:00+00:00,317.0,317.51,317.0,317.26,224546
2025-08-20T06:00:00+00:00,317.26,317.51,316.67,317.44,536330
2025-08-20T07:00:00+00:00,317.44,317.44,316.57,316.88,966216
2025-08-20T08:00:00+00:00,316.89,316.92,316.63,316.73,280129
2025-08-20T09:00:00+00:00,316.73,317.25,316.12,316.31,951067
2025-08-20T10:00:00+00:00,316.31,316.64,316.18,316.31,622198
2025-08-20T11:00:00+00:00,316.32,316.38,313.66,313.99,4648443
2025-08-20T12:00:00+00:00,313.99,314.5,313.5,314.5,2870711
2025-08-20T13:00:00+00:00,314.49,314.58,313.02,313.31,2354568
2025-08-20T14:00:00+00:00,313.28,313.88,313.12,313.83,1410703
2025-08-20T15:00:00+00:00,313.83,314.66,313.7,314.66,1140562
2025-08-20T16:00:00+00:00,314.59,314.59,313.52,313.75,794066
2025-08-20T17:00:00+00:00,313.75,313.85,313.5,313.62,364450
2025-08-20T18:00:00+00:00,313.63,314.23,313.56,314.04,477396
2025-08-20T19:00:00+00:00,314.05,314.29,314.0,314.12,223618
2025-08-20T20:00:00+00:00,314.12,314.47,314.11,314.17,367634
2025-08-21T03:00:00+00:00,314.17,314.17,314.17,314.17,4456
2025-08-21T04:00:00+00:00,314.17,314.83,314.11,314.8,311118
2025-08-21T05:00:00+00:00,314.8,314.8,313.71,314.1,366247
2025-08-21T06:00:00+00:00,314.09,314.48,313.59,313.62,362906
2025-08-21T07:00:00+00:00,313.62,313.83,312.8,312.91,1903606
2025-08-21T08:00:00+00:00,312.93,313.82,312.46,313.42,1896088
2025-08-21T09:00:00+00:00,313.43,315.1,312.77,314.89,2141027
2025-08-21T10:00:00+00:00,314.89,315.1,313.05,313.52,1724364
2025-08-21T11:00:00+00:00,313.53,315.04,313.5,314.57,1935428
2025-08-21T12:00:00+00:00,314.57,314.77,314.04,314.23,430597
2025-08-21T13:00:00+00:00,314.22,314.23,311.85,312.03,3297434
2025-08-21T14:00:00+00:00,312.02,312.02,309.81,311.2,10488934
2025-08-21T15:00:00+00:00,311.19,311.34,310.01,311.34,2154925
2025-08-21T16:00:00+00:00,310.9,311.25,310.39,310.93,1119046
2025-08-21T17:00:00+00:00,310.93,311.17,310.5,311.07,390592
2025-08-21T18:00:00+00:00,311.1,311.1,310.2,310.2,445200
2025-08-21T19:00:00+00:00,310.23,310.26,309.28,309.47,1248704
2025-08-21T20:00:00+00:00,309.47,310.0,309.46,309.98,594722
2025-08-22T03:00:00+00:00,310.11,310.11,310.11,310.11,5130
2025-08-22T04:00:00+00:00,310.14,310.83,309.75,309.94,541383
2025-08-22T05:00:00+00:00,309.94,310.84,309.93,310.75,627377
2025-08-22T06:00:00+00:00,310.74,311.8,310.2,310.55,1509846
2025-08-22T07:00:00+00:00,310.49,311.34,310.21,310.69,1666882
2025-08-22T08:00:00+00:00,310.69,311.46,310.58,311.16,1031311
2025-08-22T09:00:00+00:00,311.16,312.24,310.38,311.71,2071197
2025-08-22T10:00:00+00:00,311.7,312.49,311.6,311.79,1200905
2025-08-22T11:00:00+00:00,311.8,312.29,311.03,311.38,1203755
2025-08-22T12:00:00+00:00,311.38,311.46,310.15,310.33,962912
2025-08-22T13:00:00+00:00,310.32,311.72,310.29,311.46,766883
2025-08-22T14:00:00+00:00,311.46,312.1,311.17,311.21,1205280
2025-08-22T15:00:00+00:00,311.21,312.0,311.19,312.0,1074956
2025-08-22T16:00:00+00:00,311.86,312.15,311.37,311.7,386774
2025-08-22T17:00:00+00:00,311.7,312.0,311.28,311.81,447088
2025-08-22T18:00:00+00:00,311.8,311.95,311.65,311.91,199580
2025-08-22T19:00:00+00:00,311.86,311.99,311.8,311.97,206305
2025-08-22T20:00:00+00:00,311.97,312.09,311.7,312.05,388244
2025-08-22T23:00:00+00:00,313.68,313.68,311.56,312.35,1225
2025-08-23T00:00:00+00:00,312.35,312.48,312.01,312.34,1939
2025-08-23T01:00:00+00:00,312.49,312.76,312.35,312.36,1009
2025-08-23T02:00:00+00:00,312.37,312.55,312.04,312.4,706
2025-08-23T03:00:00+00:00,312.05,312.77,312.02,312.55,3384
2025-08-23T04:00:00+00:00,312.04,312.65,312.04,312.58,11216
2025-08-23T05:00:00+00:00,312.56,312.58,312.2,312.25,5068
2025-08-23T06:00:00+00:00,312.55,312.56,312.11,312.11,4861
2025-08-23T07:00:00+00:00,312.11,312.5,311.96,312.08,203555
2025-08-23T08:00:00+00:00,312.08,312.26,311.55,311.93,151607
2025-08-23T09:00:00+00:00,311.99,312.05,311.91,312.0,23840
2025-08-23T10:00:00+00:00,312.0,312.0,311.9,311.98,33918
2025-08-23T11:00:00+00:00,312.0,312.05,311.91,312.04,18883
2025-08-23T12:00:00+00:00,312.04,312.07,311.93,312.05,10950
2025-08-23T13:00:00+00:00,312.05,312.06,312.0,312.0,12762
2025-08-23T14:00:00+00:00,312.0,312.22,312.0,312.12,34447
2025-08-23T15:00:00+00:00,312.11,312.5,312.11,312.3,76336
2025-08-23T16:00:00+00:00,313.63,313.63,311.55,312.37,2656
2025-08-23T17:00:00+00:00,312.35,312.42,311.57,311.79,10285
2025-08-23T18:00:00+00:00,311.66,312.11,311.61,312.02,7043
2025-08-23T19:00:00+00:00,311.66,312.02,311.65,311.97,13494
2025-08-23T20:00:00+00:00,311.67,311.97,311.6,311.94,3473
2025-08-23T23:00:00+00:00,311.0,313.48,311.0,312.37,625
2025-08-24T00:00:00+00:00,312.34,312.47,311.92,312.34,467
2025-08-24T01:00:00+00:00,312.34,312.34,312.2,312.33,370
2025-08-24T02:00:00+00:00,312.33,312.33,311.69,311.69,2098
2025-08-24T03:00:00+00:00,312.09,312.3,311.67,312.01,1103
2025-08-24T04:00:00+00:00,311.84,312.29,311.84,312.27,1397
2025-08-24T05:00:00+00:00,312.27,312.33,312.01,312.29,2615
2025-08-24T06:00:00+00:00,312.29,312.39,312.0,312.3,6287
2025-08-24T07:00:00+00:00,312.32,312.45,311.5,311.66,258944
2025-08-24T08:00:00+00:00,311.66,311.7,311.57,311.69,75568
2025-08-24T09:00:00+00:00,311.69,311.92,311.66,311.8,84141
2025-08-24T10:00:00+00:00,311.78,311.93,311.66,311.7,68335
2025-08-24T11:00:00+00:00,311.73,311.85,311.65,311.77,50797
2025-08-24T12:00:00+00:00,311.77,311.78,311.65,311.71,39004
2025-08-24T13:00:00+00:00,311.71,311.82,311.65,311.74,24914
2025-08-24T14:00:00+00:00,311.73,311.84,311.65,311.8,42179
2025-08-24T15:00:00+00:00,311.8,311.87,311.65,311.84,83851
2025-08-24T16:00:00+00:00,313.0,313.74,311.15,312.07,58060
2025-08-24T17:00:00+00:00,312.07,312.4,312.0,312.33,8856
2025-08-24T18:00:00+00:00,312.03,312.35,311.3,311.98,16707
2025-08-24T19:00:00+00:00,311.6,311.99,311.4,311.86,4827
2025-08-24T20:00:00+00:00,311.85,312.2,311.51,311.9,9950
2025-08-25T03:00:00+00:00,311.84,311.84,311.84,311.84,1449
2025-08-25T04:00:00+00:00,311.84,312.3,310.45,310.69,380684
2025-08-25T05:00:00+00:00,310.69,311.4,310.62,311.13,269570
2025-08-25T06:00:00+00:00,311.21,311.37,310.27,310.64,787173
2025-08-25T07:00:00+00:00,310.61,311.18,310.33,310.41,798865
2025-08-25T08:00:00+00:00,310.41,310.42,309.5,309.91,2327794
2025-08-25T09:00:00+00:00,309.94,310.24,309.89,310.0,888770
2025-08-25T10:00:00+00:00,310.01,310.31,309.51,310.05,1061974
2025-08-25T11:00:00+00:00,310.05,310.26,309.51,309.65,839875
2025-08-25T12:00:00+00:00,309.65,310.04,308.75,308.99,1897535
2025-08-25T13:00:00+00:00,309.0,310.07,308.9,309.91,1343081
2025-08-25T14:00:00+00:00,309.91,310.91,309.9,310.84,1555252
2025-08-25T15:00:00+00:00,310.84,311.99,310.84,311.97,1618004
2025-08-25T16:00:00+00:00,311.97,312.1,311.51,311.88,869468
2025-08-25T17:00:00+00:00,311.88,311.88,311.46,311.73,251713
2025-08-25T18:00:00+00:00,311.73,311.75,311.51,311.55,100619
2025-08-25T19:00:00+00:00,311.55,311.55,311.44,311.47,76544
2025-08-25T20:00:00+00:00,311.45,311.46,311.24,311.42,230513
2025-08-26T03:00:00+00:00,311.11,311.11,311.11,311.11,14960
2025-08-26T04:00:00+00:00,311.3,312.2,311.12,312.14,254528
2025-08-26T05:00:00+00:00,312.13,312.15,311.9,312.1,136821
2025-08-26T06:00:00+00:00,312.0,313.6,311.6,313.6,1632933
2025-08-26T07:00:00+00:00,313.58,314.0,312.71,313.07,2029664
2025-08-26T08:00:00+00:00,313.08,313.55,312.88,313.03,634539
2025-08-26T09:00:00+00:00,313.03,313.05,312.0,312.34,987596
2025-08-26T10:00:00+00:00,312.34,313.11,312.34,313.11,559192
2025-08-26T11:00:00+00:00,313.11,313.52,313.02,313.03,426660
2025-08-26T12:00:00+00:00,313.02,313.02,312.18,312.5,640091
2025-08-26T13:00:00+00:00,312.5,312.5,310.68,311.06,1585888
2025-08-26T14:00:00+00:00,311.06,311.47,310.5,310.6,1019301
2025-08-26T15:00:00+00:00,310.6,311.39,310.52,311.21,351148
2025-08-26T16:00:00+00:00,311.24,311.49,310.7,311.22,177836
2025-08-26T17:00:00+00:00,311.2,311.69,311.03,311.42,370082
2025-08-26T18:00:00+00:00,311.42,311.87,311.35,311.78,198091
2025-08-26T19:00:00+00:00,311.78,311.78,311.36,311.65,142939
2025-08-26T20:00:00+00:00,311.63,311.79,311.53,311.79,134963
2025-08-27T03:00:00+00:00,312.0,312.0,312.0,312.0,5680
2025-08-27T04:00:00+00:00,311.99,312.78,311.9,312.19,382597
2025-08-27T05:00:00+00:00,312.15,312.2,311.72,311.88,123098
2025-08-27T06:00:00+00:00,311.88,312.09,311.4,311.4,521358
2025-08-27T07:00:00+00:00,311.4,312.36,311.06,312.2,1253392
2025-08-27T08:00:00+00:00,312.2,312.98,311.82,312.37,1072941
2025-08-27T09:00:00+00:00,312.37,312.5,312.0,312.11,319695
2025-08-27T10:00:00+00:00,312.12,312.36,311.63,312.08,508303
2025-08-27T11:00:00+00:00,312.07,312.47,311.78,312.03,1373734
2025-08-27T12:00:00+00:00,312.03,312.96,311.93,312.9,1237763
2025-08-27T13:00:00+00:00,312.9,313.49,312.6,313.32,1358002
2025-08-27T14:00:00+00:00,313.31,313.78,312.77,313.19,1199153
2025-08-27T15:00:00+00:00,313.19,313.36,312.31,312.99,720467
2025-08-27T16:00:00+00:00,312.62,313.46,312.59,313.19,575291
2025-08-27T17:00:00+00:00,313.19,313.45,313.1,313.34,373601
2025-08-27T18:00:00+00:00,313.34,313.42,313.06,313.12,195889
2025-08-27T19:00:00+00:00,313.13,313.13,312.68,312.91,228130
2025-08-27T20:00:00+00:00,312.91,312.92,312.5,312.78,243737
2025-08-28T03:00:00+00:00,313.03,313.03,313.03,313.03,1982
2025-08-28T04:00:00+00:00,313.03,313.32,312.1,312.69,587499
2025-08-28T05:00:00+00:00,312.69,312.88,312.52,312.88,125273
2025-08-28T06:00:00+00:00,312.88,312.91,312.22,312.43,290036
2025-08-28T07:00:00+00:00,312.42,312.42,311.74,311.87,1052384
2025-08-28T08:00:00+00:00,311.86,312.5,311.76,312.33,838907
2025-08-28T09:00:00+00:00,312.33,312.84,312.2,312.55,924526
2025-08-28T10:00:00+00:00,312.55,312.84,311.18,311.65,1157572
2025-08-28T11:00:00+00:00,311.65,311.73,311.11,311.52,848549
2025-08-28T12:00:00+00:00,311.52,311.9,311.5,311.85,512245
2025-08-28T13:00:00+00:00,311.85,312.36,311.83,311.86,505583
2025-08-28T14:00:00+00:00,311.86,312.58,311.86,312.46,612802
2025-08-28T15:00:00+00:00,312.46,314.5,312.45,314.5,3184626
2025-08-28T16:00:00+00:00,314.46,314.5,313.03,313.49,2114746
2025-08-28T17:00:00+00:00,313.49,313.62,310.5,311.41,4853815
2025-08-28T18:00:00+00:00,311.41,311.49,310.7,311.21,1034576
2025-08-28T19:00:00+00:00,311.2,311.2,310.12,310.28,1077236
2025-08-28T20:00:00+00:00,310.27,311.0,310.23,310.82,587090
2025-08-29T03:00:00+00:00,311.18,311.18,311.18,311.18,3869
2025-08-29T04:00:00+00:00,311.19,311.82,310.89,311.57,620414
2025-08-29T05:00:00+00:00,311.57,311.78,311.46,311.6,154487
2025-08-29T06:00:00+00:00,311.59,311.69,311.07,311.13,333549
2025-08-29T07:00:00+00:00,311.13,311.61,310.2,311.2,2294980
2025-08-29T08:00:00+00:00,311.2,311.23,310.71,311.09,573510
2025-08-29T09:00:00+00:00,311.08,311.42,310.6,310.64,944137
2025-08-29T10:00:00+00:00,310.62,311.12,310.12,310.22,1628259
2025-08-29T11:00:00+00:00,310.22,310.34,308.95,309.79,2866195
2025-08-29T12:00:00+00:00,309.78,310.0,309.45,309.72,810345
2025-08-29T13:00:00+00:00,309.72,309.72,309.42,309.47,609010
2025-08-29T14:00:00+00:00,309.48,311.28,309.47,311.18,1639547
2025-08-29T15:00:00+00:00,311.17,311.35,310.51,310.51,1258172
2025-08-29T16:00:00+00:00,310.52,310.83,310.11,310.2,298542
2025-08-29T17:00:00+00:00,310.21,310.5,310.14,310.29,175369
2025-08-29T18:00:00+00:00,310.29,310.39,310.13,310.3,221785
2025-08-29T19:00:00+00:00,310.3,310.35,310.1,310.33,168106
2025-08-29T20:00:00+00:00,310.32,310.4,310.04,310.04,255419
2025-08-29T23:00:00+00:00,308.97,310.47,308.97,310.31,4003
2025-08-30T00:00:00+00:00,310.31,310.52,309.91,310.49,2013
2025-08-30T01:00:00+00:00,310.4,310.49,309.95,310.49,1287
2025-08-30T02:00:00+00:00,310.49,310.49,309.96,310.39,1879
2025-08-30T03:00:00+00:00,310.37,310.49,309.96,310.45,2544
2025-08-30T04:00:00+00:00,310.3,310.86,310.22,310.86,7605
2025-08-30T05:00:00+00:00,310.86,310.99,309.08,309.55,86735
2025-08-30T06:00:00+00:00,310.04,310.04,309.5,309.99,23101
2025-08-30T07:00:00+00:00,309.99,310.46,309.95,310.45,96635
2025-08-30T08:00:00+00:00,310.45,310.45,310.24,310.26,83775
2025-08-30T09:00:00+00:00,310.26,310.4,310.04,310.33,32317
2025-08-30T10:00:00+00:00,310.38,310.43,310.12,310.26,43082
2025-08-30T11:00:00+00:00,310.26,310.54,310.06,310.4,126072
2025-08-30T12:00:00+00:00,310.44,310.44,310.19,310.23,36748
2025-08-30T13:00:00+00:00,310.29,310.29,310.04,310.11,40103
2025-08-30T14:00:00+00:00,310.15,310.15,309.83,309.91,165012
2025-08-30T15:00:00+00:00,309.91,310.09,309.71,309.92,146704
2025-08-30T16:00:00+00:00,310.02,311.26,309.62,310.42,11171
2025-08-30T17:00:00+00:00,310.29,310.43,310.02,310.36,5053
2025-08-30T18:00:00+00:00,310.11,310.37,309.62,310.13,11345
2025-08-30T19:00:00+00:00,310.12,310.4,309.66,309.68,10194
2025-08-30T20:00:00+00:00,310.02,310.48,309.62,309.73,17537
2025-08-30T23:00:00+00:00,310.82,310.82,309.58,310.64,1837
2025-08-31T00:00:00+00:00,310.04,310.69,310.03,310.07,1507
2025-08-31T01:00:00+00:00,310.66,310.66,310.09,310.13,373
2025-08-31T02:00:00+00:00,310.56,310.57,310.13,310.54,789
2025-08-31T03:00:00+00:00,310.54,310.54,310.31,310.32,1322
2025-08-31T04:00:00+00:00,310.33,310.48,310.32,310.48,2408
2025-08-31T05:00:00+00:00,310.45,310.49,310.32,310.38,8363
2025-08-31T06:00:00+00:00,310.48,310.49,309.61,309.92,20600
2025-08-31T07:00:00+00:00,310.0,310.89,309.93,310.69,258598
2025-08-31T08:00:00+00:00,310.67,311.24,310.61,311.09,246101
2025-08-31T09:00:00+00:00,311.09,311.13,310.62,310.73,129854
2025-08-31T10:00:00+00:00,310.71,310.95,310.56,310.57,83467
2025-08-31T11:00:00+00:00,310.57,310.64,310.52,310.55,58102
2025-08-31T12:00:00+00:00,310.55,310.69,310.34,310.55,74774
2025-08-31T13:00:00+00:00,310.55,310.59,310.5,310.58,59993
2025-08-31T14:00:00+00:00,310.55,310.94,310.55,310.83,45366
2025-08-31T15:00:00+00:00,310.83,311.19,310.77,310.99,131758
2025-08-31T16:00:00+00:00,310.2,312.53,310.07,311.36,55000
2025-08-31T17:00:00+00:00,311.36,311.36,310.59,310.68,5233
2025-08-31T18:00:00+00:00,310.99,311.26,310.5,310.6,7515
2025-08-31T19:00:00+00:00,310.91,310.99,310.57,310.91,6384
2025-08-31T20:00:00+00:00,310.99,311.3,310.91,311.17,12805
2025-09-01T03:00:00+00:00,310.86,310.86,310.86,310.86,9354
2025-09-01T04:00:00+00:00,310.86,311.48,310.51,311.48,215731
2025-09-01T05:00:00+00:00,311.47,311.97,311.36,311.8,542722
2025-09-01T06:00:00+00:00,311.72,312.17,311.47,312.15,994620
2025-09-01T07:00:00+00:00,312.15,312.5,311.23,311.27,898818
2025-09-01T08:00:00+00:00,311.26,311.26,310.52,310.66,1564465
2025-09-01T09:00:00+00:00,310.71,311.03,310.67,310.85,493918
2025-09-01T10:00:00+00:00,310.85,311.14,310.71,310.78,748128
2025-09-01T11:00:00+00:00,310.78,310.98,310.6,310.72,313729
2025-09-01T12:00:00+00:00,310.71,310.89,310.61,310.68,318289
2025-09-01T13:00:00+00:00,310.68,310.7,310.0,310.3,923937
2025-09-01T14:00:00+00:00,310.29,310.4,309.23,309.43,1310200
2025-09-01T15:00:00+00:00,309.44,309.44,308.88,308.88,1118044
2025-09-01T16:00:00+00:00,308.95,309.42,308.82,309.32,736652
2025-09-01T17:00:00+00:00,309.31,309.38,309.05,309.33,243395
2025-09-01T18:00:00+00:00,309.33,309.58,309.23,309.29,193098
2025-09-01T19:00:00+00:00,309.29,309.33,309.03,309.28,227570
2025-09-01T20:00:00+00:00,309.27,309.4,309.17,309.2,192417
2025-09-02T03:00:00+00:00,309.2,309.2,309.2,309.2,4513
2025-09-02T04:00:00+00:00,309.19,309.9,309.03,309.55,396108
2025-09-02T05:00:00+00:00,309.55,309.57,307.62,308.62,1746626
2025-09-02T06:00:00+00:00,308.62,308.99,308.15,308.73,1307871
2025-09-02T07:00:00+00:00,308.74,308.91,308.0,308.17,1655323
2025-09-02T08:00:00+00:00,308.17,308.8,307.54,308.55,1435561
2025-09-02T09:00:00+00:00,308.54,308.73,307.85,308.24,1339547
2025-09-02T10:00:00+00:00,308.23,308.4,308.0,308.35,550653
2025-09-02T11:00:00+00:00,308.32,309.39,308.26,309.2,1041300
2025-09-02T12:00:00+00:00,309.19,310.1,308.2,308.35,1664160
2025-09-02T13:00:00+00:00,308.35,308.67,307.77,308.66,1487218
2025-09-02T14:00:00+00:00,308.67,308.89,308.23,308.24,558564
2025-09-02T15:00:00+00:00,308.24,308.28,307.05,307.47,1740530
2025-09-02T16:00:00+00:00,307.47,307.85,307.32,307.44,634915
2025-09-02T17:00:00+00:00,307.42,307.58,307.11,307.24,563818
2025-09-02T18:00:00+00:00,307.25,308.29,307.2,308.12,515917
2025-09-02T19:00:00+00:00,308.11,308.74,307.96,308.41,538762
2025-09-02T20:00:00+00:00,308.41,308.63,308.35,308.44,226393
2025-09-03T03:00:00+00:00,308.45,308.45,308.45,308.45,3250
2025-09-03T04:00:00+00:00,308.47,308.71,307.81,308.13,246180
2025-09-03T05:00:00+00:00,308.13,308.5,307.96,308.42,177556
2025-09-03T06:00:00+00:00,308.45,308.86,308.0,308.67,511871
2025-09-03T07:00:00+00:00,308.68,309.3,307.35,307.92,1957137
2025-09-03T08:00:00+00:00,307.89,307.97,307.21,307.97,774950
2025-09-03T09:00:00+00:00,307.97,308.25,307.71,307.73,543801
2025-09-03T10:00:00+00:00,307.71,308.78,307.71,308.2,509477
2025-09-03T11:00:00+00:00,308.2,308.29,307.75,308.18,477359
2025-09-03T12:00:00+00:00,308.18,308.32,307.8,308.09,435152
2025-09-03T13:00:00+00:00,308.09,309.08,307.8,308.06,1109253
2025-09-03T14:00:00+00:00,308.09,309.0,308.09,308.92,552741
2025-09-03T15:00:00+00:00,308.92,309.54,308.63,308.9,1198733
2025-09-03T16:00:00+00:00,308.87,309.56,308.56,308.87,1025569
2025-09-03T17:00:00+00:00,308.87,309.4,308.83,309.14,204059
2025-09-03T18:00:00+00:00,309.19,309.49,309.0,309.46,169812
2025-09-03T19:00:00+00:00,309.47,309.68,309.35,309.59,333177
2025-09-03T20:00:00+00:00,309.58,309.59,309.27,309.49,252325
2025-09-04T03:00:00+00:00,309.6,309.6,309.6,309.6,3101
2025-09-04T04:00:00+00:00,309.62,310.29,309.3,309.9,441948
2025-09-04T05:00:00+00:00,309.94,310.2,309.82,310.11,287126
2025-09-04T06:00:00+00:00,310.09,310.11,309.46,310.11,533685
2025-09-04T07:00:00+00:00,310.12,310.8,310.05,310.3,2592853
2025-09-04T08:00:00+00:00,310.3,310.38,309.18,309.34,1250985
2025-09-04T09:00:00+00:00,309.36,310.2,309.21,309.8,1021615
2025-09-04T10:00:00+00:00,309.82,310.14,309.51,309.61,496965
2025-09-04T11:00:00+00:00,309.61,309.78,309.31,309.49,488868
2025-09-04T12:00:00+00:00,309.5,309.72,308.28,308.95,1082602
2025-09-04T13:00:00+00:00,308.94,309.49,308.76,309.2,449187
2025-09-04T14:00:00+00:00,309.19,309.23,307.5,307.9,1864587
2025-09-04T15:00:00+00:00,307.9,308.55,307.66,308.05,731306
2025-09-04T16:00:00+00:00,308.0,308.48,307.98,308.3,380074
2025-09-04T17:00:00+00:00,308.31,308.9,308.2,308.76,311963
2025-09-04T18:00:00+00:00,308.76,309.18,308.33,308.55,593546
2025-09-04T19:00:00+00:00,308.55,308.79,308.33,308.65,149947
2025-09-04T20:00:00+00:00,308.66,308.99,308.55,308.74,168479
2025-09-05T03:00:00+00:00,309.1,309.1,309.1,309.1,5208
2025-09-05T04:00:00+00:00,309.1,309.75,308.8,309.56,466261
2025-09-05T05:00:00+00:00,309.55,309.56,309.16,309.49,109425
2025-09-05T06:00:00+00:00,309.49,309.99,309.48,309.94,690586
2025-09-05T07:00:00+00:00,309.93,310.29,309.42,309.54,1700349
2025-09-05T08:00:00+00:00,309.53,310.54,309.3,310.48,1455201
2025-09-05T09:00:00+00:00,310.49,310.78,309.88,310.43,1135041
2025-09-05T10:00:00+00:00,310.43,310.5,309.45,309.74,717483
2025-09-05T11:00:00+00:00,309.73,310.1,309.54,309.94,358816
2025-09-05T12:00:00+00:00,309.94,310.2,309.75,310.19,519835
2025-09-05T13:00:00+00:00,310.18,310.5,310.0,310.5,572035
2025-09-05T14:00:00+00:00,310.5,311.16,310.5,310.73,1870051
2025-09-05T15:00:00+00:00,310.77,310.92,310.45,310.78,627492
2025-09-05T16:00:00+00:00,310.78,310.94,310.5,310.73,340350
2025-09-05T17:00:00+00:00,310.73,310.73,310.17,310.18,313253
2025-09-05T18:00:00+00:00,310.18,310.45,310.0,310.14,248530
2025-09-05T19:00:00+00:00,310.1,310.6,310.05,310.33,281853
2025-09-05T20:00:00+00:00,310.34,310.6,310.28,310.5,238784
2025-09-05T23:00:00+00:00,310.02,311.49,310.01,310.88,1778
2025-09-06T00:00:00+00:00,310.3,310.9,310.23,310.9,775
2025-09-06T01:00:00+00:00,310.3,310.89,310.3,310.37,927
2025-09-06T02:00:00+00:00,310.69,310.7,310.37,310.67,349
2025-09-06T03:00:00+00:00,310.67,310.68,310.31,310.68,3947
2025-09-06T04:00:00+00:00,310.5,310.7,310.3,310.4,3943
2025-09-06T05:00:00+00:00,310.4,310.7,310.38,310.7,4448
2025-09-06T06:00:00+00:00,310.55,310.7,310.5,310.5,8638
2025-09-06T07:00:00+00:00,310.45,310.9,310.21,310.45,117717
2025-09-06T08:00:00+00:00,310.33,310.35,310.28,310.35,104469
2025-09-06T09:00:00+00:00,310.35,310.57,310.33,310.42,39564
2025-09-06T10:00:00+00:00,310.41,310.52,310.4,310.5,23574
2025-09-06T11:00:00+00:00,310.5,310.52,310.4,310.49,19136
2025-09-06T12:00:00+00:00,310.49,310.5,310.28,310.4,53838
2025-09-06T13:00:00+00:00,310.4,310.42,310.3,310.32,33013
2025-09-06T14:00:00+00:00,310.32,310.37,310.1,310.18,137071
2025-09-06T15:00:00+00:00,310.13,310.51,310.1,310.13,123579
2025-09-06T16:00:00+00:00,311.0,311.0,308.83,310.3,8178
2025-09-06T17:00:00+00:00,310.01,310.5,309.65,310.32,12279
2025-09-06T18:00:00+00:00,310.32,310.32,309.75,310.27,2645
2025-09-06T19:00:00+00:00,310.13,310.42,309.94,310.42,4400
2025-09-06T20:00:00+00:00,310.42,310.42,309.91,310.07,7368
2025-09-06T23:00:00+00:00,307.8,310.89,307.8,310.41,703
2025-09-07T00:00:00+00:00,310.41,310.68,309.9,310.67,569
2025-09-07T01:00:00+00:00,309.98,310.67,309.98,310.62,936
2025-09-07T02:00:00+00:00,310.62,310.62,310.11,310.6,2713
2025-09-07T03:00:00+00:00,310.26,310.62,310.25,310.48,1667
2025-09-07T04:00:00+00:00,310.48,310.6,310.26,310.59,2469
2025-09-07T05:00:00+00:00,310.59,310.6,310.13,310.14,2124
2025-09-07T06:00:00+00:00,310.49,310.56,310.13,310.13,4005
2025-09-07T07:00:00+00:00,310.18,310.49,310.13,310.19,92318
2025-09-07T08:00:00+00:00,310.18,310.49,310.14,310.36,39100
2025-09-07T09:00:00+00:00,310.43,310.52,310.3,310.46,51268
2025-09-07T10:00:00+00:00,310.5,311.0,310.46,310.85,135307
2025-09-07T11:00:00+00:00,310.85,310.91,310.59,310.69,106410
2025-09-07T12:00:00+00:00,310.65,310.87,310.62,310.79,28935
2025-09-07T13:00:00+00:00,310.79,310.9,310.4,310.43,98315
2025-09-07T14:00:00+00:00,310.43,310.82,310.41,310.65,69487
2025-09-07T15:00:00+00:00,310.65,310.81,310.6,310.69,111752
2025-09-07T16:00:00+00:00,311.98,311.98,309.88,310.62,24586
2025-09-07T17:00:00+00:00,310.62,310.74,310.14,310.6,11374
2025-09-07T18:00:00+00:00,310.6,310.7,310.6,310.7,15994
2025-09-07T19:00:00+00:00,310.69,310.7,310.6,310.6,4833
2025-09-07T20:00:00+00:00,310.7,310.7,310.5,310.5,8384
2025-09-08T03:00:00+00:00,310.44,310.44,310.44,310.44,16806
2025-09-08T04:00:00+00:00,310.44,310.95,310.31,310.78,222248
2025-09-08T05:00:00+00:00,310.78,310.95,310.62,310.94,416695
2025-09-08T06:00:00+00:00,310.93,311.8,310.91,311.62,1284794
2025-09-08T07:00:00+00:00,311.64,312.45,311.55,312.25,2048587
2025-09-08T08:00:00+00:00,312.25,313.12,312.24,312.95,3004644
2025-09-08T09:00:00+00:00,312.98,313.11,312.78,312.86,1216035
2025-09-08T10:00:00+00:00,312.87,312.94,312.19,312.31,1379178
2025-09-08T11:00:00+00:00,312.31,312.79,312.06,312.71,655442
2025-09-08T12:00:00+00:00,312.72,312.78,312.1,312.19,644928
2025-09-08T13:00:00+00:00,312.19,312.45,311.55,311.69,1224178
2025-09-08T14:00:00+00:00,311.69,312.95,311.36,312.72,1663183
2025-09-08T15:00:00+00:00,312.73,313.0,312.34,312.86,1106375
2025-09-08T16:00:00+00:00,312.82,313.26,312.81,313.06,1011477
2025-09-08T17:00:00+00:00,313.06,313.07,312.6,312.81,461565
2025-09-08T18:00:00+00:00,312.82,313.11,312.8,313.09,247677
2025-09-08T19:00:00+00:00,313.08,313.1,312.7,312.87,191701
2025-09-08T20:00:00+00:00,312.87,312.98,312.65,312.83,168130
2025-09-09T03:00:00+00:00,313.0,313.0,313.0,313.0,3795
2025-09-09T04:00:00+00:00,313.0,313.5,312.77,313.19,461882
2025-09-09T05:00:00+00:00,313.2,313.23,312.99,313.1,223106
2025-09-09T06:00:00+00:00,313.1,313.49,313.0,313.49,547903
2025-09-09T07:00:00+00:00,313.49,314.0,313.48,313.96,2528606
2025-09-09T08:00:00+00:00,313.95,314.25,313.5,313.64,1975981
2025-09-09T09:00:00+00:00,313.65,313.7,312.86,312.86,1990324
2025-09-09T10:00:00+00:00,312.87,313.0,312.0,312.26,1467259
2025-09-09T11:00:00+00:00,312.26,312.87,312.05,312.36,760553
2025-09-09T12:00:00+00:00,312.35,312.4,311.82,312.1,1320268
2025-09-09T13:00:00+00:00,312.11,313.15,311.62,312.71,2144297
2025-09-09T14:00:00+00:00,312.71,313.25,312.41,313.23,1317505
2025-09-09T15:00:00+00:00,313.22,313.9,313.04,313.73,1138663
2025-09-09T16:00:00+00:00,313.62,313.77,313.01,313.21,405068
2025-09-09T17:00:00+00:00,313.21,313.49,312.7,313.02,362356
2025-09-09T18:00:00+00:00,313.02,313.25,312.99,313.14,230620
2025-09-09T19:00:00+00:00,313.13,313.29,313.0,313.08,122434
2025-09-09T20:00:00+00:00,313.08,313.13,312.93,313.06,116223
2025-09-10T03:00:00+00:00,313.65,313.65,313.65,313.65,11754
2025-09-10T04:00:00+00:00,313.63,313.63,311.93,312.41,510566
2025-09-10T05:00:00+00:00,312.41,312.67,312.06,312.38,397445
2025-09-10T06:00:00+00:00,312.38,312.78,311.18,311.75,1449957
2025-09-10T07:00:00+00:00,311.75,312.5,311.31,312.27,1947710
2025-09-10T08:00:00+00:00,312.27,312.53,311.74,311.75,1024734
2025-09-10T09:00:00+00:00,311.74,311.92,311.31,311.74,1703891
2025-09-10T10:00:00+00:00,311.76,311.78,310.82,311.03,1649748
2025-09-10T11:00:00+00:00,311.03,311.31,310.51,310.77,1683267
2025-09-10T12:00:00+00:00,310.76,311.56,310.53,311.26,904798
2025-09-10T13:00:00+00:00,311.27,311.55,310.94,310.95,829671
2025-09-10T14:00:00+00:00,310.94,311.19,310.57,310.86,1322670
2025-09-10T15:00:00+00:00,310.88,311.08,309.76,310.25,2151280
2025-09-10T16:00:00+00:00,310.0,310.0,309.0,309.5,1861255
2025-09-10T17:00:00+00:00,309.49,309.7,309.25,309.63,804440
2025-09-10T18:00:00+00:00,309.63,309.98,309.52,309.68,406159
2025-09-10T19:00:00+00:00,309.7,309.98,309.54,309.73,353790
2025-09-10T20:00:00+00:00,309.72,309.77,309.55,309.76,279437
2025-09-11T03:00:00+00:00,309.76,309.76,309.76,309.76,1382
2025-09-11T04:00:00+00:00,309.81,310.5,309.76,310.46,345074
2025-09-11T05:00:00+00:00,310.46,310.64,309.71,309.99,379130
2025-09-11T06:00:00+00:00,309.95,310.77,309.89,310.38,532688
2025-09-11T07:00:00+00:00,310.37,310.4,307.73,307.78,3808464
2025-09-11T08:00:00+00:00,307.78,308.49,307.68,308.22,2781847
2025-09-11T09:00:00+00:00,308.23,308.28,307.81,307.81,1650552
2025-09-11T10:00:00+00:00,307.81,307.82,307.02,307.2,2848368
2025-09-11T11:00:00+00:00,307.2,307.98,306.82,307.17,4261011
2025-09-11T12:00:00+00:00,307.14,307.49,306.02,306.34,2859751
2025-09-11T13:00:00+00:00,306.34,306.9,305.8,306.42,4520094
2025-09-11T14:00:00+00:00,306.41,307.77,306.39,307.54,2554635
2025-09-11T15:00:00+00:00,307.55,307.79,307.1,307.79,945026
2025-09-11T16:00:00+00:00,307.45,307.83,307.18,307.2,534344
2025-09-11T17:00:00+00:00,307.19,307.55,307.11,307.55,332153
2025-09-11T18:00:00+00:00,307.55,307.74,307.35,307.71,389764
2025-09-11T19:00:00+00:00,307.7,307.71,307.33,307.39,305336
2025-09-11T20:00:00+00:00,307.39,307.49,306.98,307.11,386728
2025-09-12T03:00:00+00:00,307.5,307.5,307.5,307.5,2614
2025-09-12T04:00:00+00:00,307.5,308.2,307.16,307.95,482527
2025-09-12T05:00:00+00:00,307.95,307.99,307.42,307.99,318362
2025-09-12T06:00:00+00:00,307.91,307.98,307.63,307.86,411989
2025-09-12T07:00:00+00:00,307.85,308.05,306.78,307.8,1611563
2025-09-12T08:00:00+00:00,307.8,308.72,307.54,308.43,2027493
2025-09-12T09:00:00+00:00,308.43,308.63,308.15,308.31,1005164
2025-09-12T10:00:00+00:00,308.31,308.58,305.1,305.9,9648447
2025-09-12T11:00:00+00:00,305.97,306.88,305.89,306.32,2751977
2025-09-12T12:00:00+00:00,306.32,306.48,303.05,304.03,8910541
2025-09-12T13:00:00+00:00,304.03,304.49,303.53,304.12,3678938
2025-09-12T14:00:00+00:00,304.12,304.27,303.08,303.08,2305517
2025-09-12T15:00:00+00:00,303.08,303.89,303.05,303.88,1285956
2025-09-12T16:00:00+00:00,303.9,303.91,302.53,303.0,2261637
2025-09-12T17:00:00+00:00,303.0,303.56,302.95,303.28,769959
2025-09-12T18:00:00+00:00,303.28,303.55,303.24,303.36,640258
2025-09-12T19:00:00+00:00,303.36,303.56,303.2,303.3,734966
2025-09-12T20:00:00+00:00,303.29,303.59,303.19,303.5,467395
2025-09-12T23:00:00+00:00,304.97,304.97,301.49,304.28,2714
2025-09-13T00:00:00+00:00,304.28,304.28,303.1,303.17,1693
2025-09-13T01:00:00+00:00,303.92,304.04,303.21,304.0,1981
2025-09-13T02:00:00+00:00,304.0,304.19,303.56,304.19,1693
2025-09-13T03:00:00+00:00,304.19,304.27,303.97,304.26,8587
2025-09-13T04:00:00+00:00,304.26,304.29,304.01,304.26,18715
2025-09-13T05:00:00+00:00,304.26,304.28,303.97,304.0,24095
2025-09-13T06:00:00+00:00,304.24,304.26,303.61,303.61,14618
2025-09-13T08:00:00+00:00,303.69,303.75,303.3,303.45,105936
2025-09-13T09:00:00+00:00,303.45,303.78,303.4,303.72,185223
2025-09-13T10:00:00+00:00,303.72,303.8,303.41,303.5,130298
2025-09-13T11:00:00+00:00,303.5,303.69,303.41,303.63,144131
2025-09-13T12:00:00+00:00,303.64,303.7,303.41,303.68,116902
2025-09-13T13:00:00+00:00,303.68,303.7,303.19,303.39,140262
2025-09-13T14:00:00+00:00,303.39,303.4,302.65,302.68,292679
2025-09-13T15:00:00+00:00,302.74,303.0,302.65,302.84,161748
2025-09-13T16:00:00+00:00,304.0,304.0,302.13,302.9,12822
2025-09-13T17:00:00+00:00,302.99,302.99,302.4,302.74,17898
2025-09-13T18:00:00+00:00,302.57,302.84,302.44,302.8,10920
2025-09-13T19:00:00+00:00,302.8,303.28,302.8,302.83,11531
2025-09-13T20:00:00+00:00,302.99,303.0,302.5,302.95,9559
2025-09-13T23:00:00+00:00,302.39,304.36,301.95,302.98,5882
2025-09-14T00:00:00+00:00,302.98,303.09,302.75,303.05,2794
2025-09-14T01:00:00+00:00,303.05,303.56,303.05,303.47,1479
2025-09-14T02:00:00+00:00,303.47,303.49,303.04,303.46,692
2025-09-14T03:00:00+00:00,303.46,303.5,303.09,303.49,1829
2025-09-14T04:00:00+00:00,303.47,303.49,303.0,303.39,11652
2025-09-14T05:00:00+00:00,303.15,303.78,303.05,303.74,53271
2025-09-14T06:00:00+00:00,303.73,303.73,303.18,303.18,10347
2025-09-14T07:00:00+00:00,303.18,303.18,302.72,302.89,190814
2025-09-14T08:00:00+00:00,302.9,302.96,302.8,302.88,75239
2025-09-14T09:00:00+00:00,302.85,302.91,302.75,302.84,82642
2025-09-14T10:00:00+00:00,302.84,303.4,302.78,303.37,174242
2025-09-14T11:00:00+00:00,303.37,303.6,303.33,303.56,154457
2025-09-14T12:00:00+00:00,303.57,304.25,303.56,304.09,413354
2025-09-14T13:00:00+00:00,304.09,304.23,303.88,304.09,201473
2025-09-14T14:00:00+00:00,304.09,304.23,303.86,303.9,114244
2025-09-14T15:00:00+00:00,303.9,304.09,303.58,303.97,157420
2025-09-14T16:00:00+00:00,303.51,305.08,302.04,304.0,33480
2025-09-14T17:00:00+00:00,304.22,304.23,303.88,304.22,28139
2025-09-14T18:00:00+00:00,304.22,304.73,304.0,304.45,10618
2025-09-14T19:00:00+00:00,304.45,304.45,303.69,304.32,24338
2025-09-14T20:00:00+00:00,304.31,304.37,303.94,304.3,4451
2025-09-15T03:00:00+00:00,304.0,304.0,304.0,304.0,5834
2025-09-15T04:00:00+00:00,304.02,304.75,303.77,304.04,615923
2025-09-15T05:00:00+00:00,304.04,304.5,303.87,303.98,531991
2025-09-15T06:00:00+00:00,303.98,304.19,303.0,303.7,1132705
2025-09-15T07:00:00+00:00,303.69,304.44,303.6,303.93,1786064
2025-09-15T08:00:00+00:00,303.92,303.99,302.18,302.58,2624168
2025-09-15T09:00:00+00:00,302.58,302.58,300.81,301.38,3662351
2025-09-15T10:00:00+00:00,301.39,301.98,300.82,300.83,1624370
2025-09-15T11:00:00+00:00,300.85,302.25,300.71,302.05,1413164
2025-09-15T12:00:00+00:00,302.06,303.17,302.05,302.47,2291640
2025-09-15T13:00:00+00:00,302.47,302.6,301.82,302.0,1213602
2025-09-15T14:00:00+00:00,302.0,303.5,301.1,303.0,2926655
2025-09-15T15:00:00+00:00,303.0,303.07,302.35,302.5,599629
2025-09-15T16:00:00+00:00,302.5,302.76,302.2,302.67,482975
2025-09-15T17:00:00+00:00,302.67,302.7,302.5,302.53,277546
2025-09-15T18:00:00+00:00,302.53,302.53,301.67,301.78,489204
2025-09-15T19:00:00+00:00,301.78,302.04,301.7,302.02,84990
2025-09-15T20:00:00+00:00,302.02,302.61,301.84,302.48,181075
2025-09-16T03:00:00+00:00,303.0,303.0,303.0,303.0,10284
2025-09-16T04:00:00+00:00,303.03,303.35,302.32,303.18,265134
2025-09-16T05:00:00+00:00,303.18,303.97,303.0,303.5,988069
2025-09-16T06:00:00+00:00,303.48,303.85,303.3,303.52,732850
2025-09-16T07:00:00+00:00,303.52,304.2,303.16,303.42,1895981
2025-09-16T08:00:00+00:00,303.42,303.62,301.61,302.11,2752526
2025-09-16T09:00:00+00:00,302.11,302.3,300.0,300.27,4881007
2025-09-16T10:00:00+00:00,300.27,300.86,299.7,300.84,3997837
2025-09-16T11:00:00+00:00,300.84,301.58,300.31,301.53,1510587
2025-09-16T12:00:00+00:00,301.53,301.8,300.48,300.67,1055205
2025-09-16T13:00:00+00:00,300.67,302.09,300.0,301.55,2524357
2025-09-16T14:00:00+00:00,301.55,302.69,301.53,302.1,2688677
2025-09-16T15:00:00+00:00,302.09,302.36,301.52,302.0,905658
2025-09-16T16:00:00+00:00,302.0,302.3,301.73,302.02,562713
2025-09-16T17:00:00+00:00,302.01,302.09,301.66,302.0,399607
2025-09-16T18:00:00+00:00,302.0,302.05,301.82,302.05,204092
2025-09-16T19:00:00+00:00,302.04,302.24,301.94,302.01,383794
2025-09-16T20:00:00+00:00,302.01,302.07,301.75,301.8,349672
2025-09-17T03:00:00+00:00,301.8,301.8,301.8,301.8,6498
2025-09-17T04:00:00+00:00,301.8,302.37,301.75,302.3,211072
2025-09-17T05:00:00+00:00,302.3,302.32,302.02,302.25,93518
2025-09-17T06:00:00+00:00,302.24,302.24,300.77,301.0,1038342
2025-09-17T07:00:00+00:00,301.01,301.7,300.73,301.41,1746999
2025-09-17T08:00:00+00:00,301.4,301.67,300.1,300.31,2129390
2025-09-17T09:00:00+00:00,300.32,300.76,299.8,299.92,1747911
2025-09-17T10:00:00+00:00,299.92,302.28,299.85,301.52,3316414
2025-09-17T11:00:00+00:00,301.54,302.01,301.16,301.58,1184007
2025-09-17T12:00:00+00:00,301.58,301.7,301.15,301.42,833685
2025-09-17T13:00:00+00:00,301.41,303.63,300.61,302.57,5177453
2025-09-17T14:00:00+00:00,302.57,305.92,302.57,305.27,7795373
2025-09-17T15:00:00+00:00,305.29,305.49,304.3,304.3,1950086
2025-09-17T16:00:00+00:00,304.2,305.0,303.95,303.98,2216102
2025-09-17T17:00:00+00:00,303.98,304.25,303.75,304.24,308145
2025-09-17T18:00:00+00:00,304.25,304.7,303.88,304.03,874776
2025-09-17T19:00:00+00:00,304.03,304.7,304.03,304.49,453960
2025-09-17T20:00:00+00:00,304.49,304.56,304.21,304.5,337800
2025-09-18T03:00:00+00:00,304.8,304.8,304.8,304.8,2512
2025-09-18T04:00:00+00:00,304.7,305.05,303.82,303.94,427974
2025-09-18T05:00:00+00:00,303.94,304.6,303.8,303.85,246107
2025-09-18T06:00:00+00:00,303.98,304.0,303.25,303.7,742203
2025-09-18T07:00:00+00:00,303.7,303.75,302.29,302.39,2335233
2025-09-18T08:00:00+00:00,302.38,303.38,302.12,303.0,1839000
2025-09-18T09:00:00+00:00,303.03,303.27,301.53,301.76,1853897
2025-09-18T10:00:00+00:00,301.75,302.3,301.26,301.64,2314379
2025-09-18T11:00:00+00:00,301.64,302.08,301.14,301.18,1551808
2025-09-18T12:00:00+00:00,301.18,301.89,300.66,301.25,8946880
2025-09-18T13:00:00+00:00,301.25,302.28,301.01,302.04,2361333
2025-09-18T14:00:00+00:00,302.04,302.42,301.7,302.04,1415492
2025-09-18T15:00:00+00:00,302.04,302.9,302.02,302.86,1259756
2025-09-18T16:00:00+00:00,302.75,302.85,302.15,302.21,693400
2025-09-18T17:00:00+00:00,302.2,302.27,301.38,301.51,585569
2025-09-18T18:00:00+00:00,301.52,301.88,301.36,301.8,408171
2025-09-18T19:00:00+00:00,301.8,301.8,301.55,301.74,202689
2025-09-18T20:00:00+00:00,301.8,302.0,301.53,301.68,350326
2025-09-19T03:00:00+00:00,301.6,301.6,301.6,301.6,3011
2025-09-19T04:00:00+00:00,301.6,302.34,301.23,302.03,229232
2025-09-19T05:00:00+00:00,302.02,302.06,301.4,301.54,297016
2025-09-19T06:00:00+00:00,301.65,302.86,301.65,302.81,1135723
2025-09-19T07:00:00+00:00,302.8,303.8,302.0,302.14,1932786
2025-09-19T08:00:00+00:00,302.14,302.14,301.0,301.17,2075388
2025-09-19T09:00:00+00:00,301.17,301.78,300.91,301.76,2375815
2025-09-19T10:00:00+00:00,301.76,302.1,300.0,300.11,4131108
2025-09-19T11:00:00+00:00,300.11,301.53,299.8,301.39,2844778
2025-09-19T12:00:00+00:00,301.4,301.4,300.14,300.52,1688256
2025-09-19T13:00:00+00:00,300.53,301.28,300.15,300.44,1469203
2025-09-19T14:00:00+00:00,300.44,300.44,298.1,298.18,5054619
2025-09-19T15:00:00+00:00,298.18,299.0,297.0,297.4,4687004
2025-09-19T16:00:00+00:00,297.4,297.63,295.65,296.24,4272939
2025-09-19T17:00:00+00:00,296.24,296.24,295.01,295.49,2714171
2025-09-19T18:00:00+00:00,295.49,295.8,295.3,295.35,1191221
2025-09-19T19:00:00+00:00,295.33,295.87,295.19,295.51,937357
2025-09-19T20:00:00+00:00,295.49,295.66,294.61,294.84,1880163
2025-09-19T23:00:00+00:00,296.04,297.74,292.65,296.13,21751
2025-09-20T00:00:00+00:00,296.13,296.39,293.12,294.0,83503
2025-09-20T01:00:00+00:00,293.99,294.24,293.32,294.0,10141
2025-09-20T02:00:00+00:00,294.11,294.61,293.58,294.6,7250
2025-09-20T03:00:00+00:00,294.6,294.84,294.03,294.84,24248
2025-09-20T04:00:00+00:00,294.84,295.48,294.59,294.98,16690
2025-09-20T05:00:00+00:00,294.98,294.98,294.2,294.83,22833
2025-09-20T06:00:00+00:00,294.81,294.84,294.2,294.71,21861
2025-09-20T07:00:00+00:00,294.74,294.92,294.32,294.9,38640
2025-09-20T08:00:00+00:00,294.9,294.95,294.63,294.9,28042
2025-09-20T09:00:00+00:00,294.95,295.0,294.65,294.98,19008
2025-09-20T10:00:00+00:00,295.0,295.0,294.63,294.86,55490
2025-09-20T11:00:00+00:00,294.93,295.0,294.56,294.93,18585
2025-09-20T12:00:00+00:00,294.92,294.94,294.56,294.94,14613
2025-09-20T13:00:00+00:00,294.94,294.99,294.57,294.98,15207
2025-09-20T14:00:00+00:00,294.9,294.99,294.59,294.6,17065
2025-09-20T15:00:00+00:00,294.96,295.0,294.56,294.9,43161
2025-09-20T16:00:00+00:00,294.93,295.0,294.58,294.99,13604
2025-09-20T17:00:00+00:00,294.99,294.99,294.6,294.94,8818
2025-09-20T18:00:00+00:00,294.61,294.93,294.57,294.61,9452
2025-09-20T19:00:00+00:00,294.61,294.88,294.57,294.84,12611
2025-09-20T20:00:00+00:00,294.84,294.88,294.58,294.79,6056
2025-09-20T23:00:00+00:00,296.19,296.19,293.21,295.24,1400
2025-09-21T00:00:00+00:00,295.24,295.82,294.8,295.82,2920
2025-09-21T01:00:00+00:00,295.82,295.95,295.17,295.42,1302
2025-09-21T02:00:00+00:00,295.31,295.93,295.01,295.3,1041
2025-09-21T03:00:00+00:00,295.3,295.3,294.8,295.23,2147
2025-09-21T04:00:00+00:00,295.23,295.5,294.86,295.35,3948
2025-09-21T05:00:00+00:00,295.35,295.6,294.79,295.6,10094
2025-09-21T06:00:00+00:00,295.6,295.79,295.01,295.77,17896
2025-09-21T07:00:00+00:00,295.77,295.77,294.9,295.28,10170
2025-09-21T08:00:00+00:00,295.28,295.38,295.0,295.04,6385
2025-09-21T09:00:00+00:00,295.3,295.64,294.92,295.43,23059
2025-09-21T10:00:00+00:00,295.43,295.44,294.98,295.1,17332
2025-09-21T11:00:00+00:00,295.1,295.1,294.9,295.09,18950
2025-09-21T12:00:00+00:00,294.9,295.1,294.85,294.97,20388
2025-09-21T13:00:00+00:00,295.0,295.0,294.85,295.0,8206
2025-09-21T14:00:00+00:00,295.0,295.0,294.7,294.93,12790
2025-09-21T15:00:00+00:00,294.93,294.93,294.59,294.9,10761
2025-09-21T16:00:00+00:00,294.89,294.9,294.48,294.9,18323
2025-09-21T17:00:00+00:00,294.9,294.9,294.04,294.89,13494
2025-09-21T18:00:00+00:00,294.89,294.96,294.5,294.93,8643
2025-09-21T19:00:00+00:00,294.93,295.0,294.3,294.89,13777
2025-09-21T20:00:00+00:00,294.89,295.1,294.52,295.09,13305
2025-09-22T03:00:00+00:00,295.86,295.86,295.86,295.86,16357
2025-09-22T04:00:00+00:00,295.76,295.88,294.03,295.55,1198457
2025-09-22T05:00:00+00:00,295.61,296.53,295.45,295.9,811715
2025-09-22T06:00:00+00:00,295.96,295.96,294.23,294.67,1442677
2025-09-22T07:00:00+00:00,294.66,295.63,292.6,293.74,5693839
2025-09-22T08:00:00+00:00,293.76,294.28,293.03,294.11,2133600
2025-09-22T09:00:00+00:00,294.1,294.56,292.16,292.82,4193434
2025-09-22T10:00:00+00:00,292.82,293.27,292.21,292.51,2910005
2025-09-22T11:00:00+00:00,292.51,295.61,292.3,294.66,4396817
2025-09-22T12:00:00+00:00,294.7,296.3,294.17,294.7,4749730
2025-09-22T13:00:00+00:00,294.7,294.72,293.55,293.78,2397464
2025-09-22T14:00:00+00:00,293.8,297.58,293.77,296.87,4090081
2025-09-22T15:00:00+00:00,296.87,298.39,296.87,298.01,3409455
2025-09-22T16:00:00+00:00,298.0,298.27,297.41,297.79,853689
2025-09-22T17:00:00+00:00,297.77,298.74,297.15,298.05,1057139
2025-09-22T18:00:00+00:00,298.05,299.3,298.02,299.05,1081271
2025-09-22T19:00:00+00:00,299.04,299.08,298.1,298.12,456368
2025-09-22T20:00:00+00:00,298.16,298.27,297.9,298.05,292541
2025-09-23T03:00:00+00:00,298.26,298.26,298.26,298.26,4682
2025-09-23T04:00:00+00:00,298.4,298.72,297.67,297.69,540672
2025-09-23T05:00:00+00:00,297.68,298.0,297.57,297.65,132041
2025-09-23T06:00:00+00:00,297.65,298.39,297.04,298.0,937895
2025-09-23T07:00:00+00:00,298.01,298.44,296.31,296.56,2397140
2025-09-23T08:00:00+00:00,296.57,297.38,295.15,297.13,3703834
2025-09-23T09:00:00+00:00,297.1,298.28,296.96,298.08,1826248
2025-09-23T10:00:00+00:00,298.08,298.35,296.82,297.84,865263
2025-09-23T11:00:00+00:00,297.83,298.8,297.64,298.45,951602
2025-09-23T12:00:00+00:00,298.45,298.93,297.81,298.1,1038724
2025-09-23T13:00:00+00:00,298.08,300.11,298.0,299.4,3060830
2025-09-23T14:00:00+00:00,299.4,299.62,298.06,298.94,1453142
2025-09-23T15:00:00+00:00,298.95,299.1,298.29,298.6,1052909
2025-09-23T16:00:00+00:00,298.52,298.76,296.89,296.89,1660640
2025-09-23T17:00:00+00:00,296.89,297.39,296.02,296.1,1027863
2025-09-23T18:00:00+00:00,296.07,296.88,295.45,295.45,1109360
2025-09-23T19:00:00+00:00,295.49,295.49,291.63,291.66,7009323
2025-09-23T20:00:00+00:00,291.65,292.45,290.39,291.6,5217151
2025-09-24T03:00:00+00:00,291.8,291.8,291.8,291.8,90816
2025-09-24T04:00:00+00:00,291.8,293.27,291.79,292.99,2084366
2025-09-24T05:00:00+00:00,293.0,293.31,291.81,292.11,1710204
2025-09-24T06:00:00+00:00,292.1,292.1,290.05,290.27,6098214
2025-09-24T07:00:00+00:00,290.27,291.39,288.4,291.36,9116297
2025-09-24T08:00:00+00:00,291.37,295.88,291.3,294.01,6056713
2025-09-24T09:00:00+00:00,294.0,294.88,293.27,294.07,3017979
2025-09-24T10:00:00+00:00,294.06,294.29,293.32,293.8,1531752
2025-09-24T11:00:00+00:00,293.83,296.08,292.71,295.79,3558608
2025-09-24T12:00:00+00:00,295.79,296.38,295.04,295.36,3430215
2025-09-24T13:00:00+00:00,295.39,296.64,294.42,296.03,4116283
2025-09-24T14:00:00+00:00,296.04,296.25,294.05,295.12,1921192
2025-09-24T15:00:00+00:00,295.11,295.74,293.5,293.53,1343868
2025-09-24T16:00:00+00:00,293.64,293.99,292.61,293.69,1470488
2025-09-24T17:00:00+00:00,293.7,294.39,293.1,293.11,847801
2025-09-24T18:00:00+00:00,293.11,293.37,292.5,292.87,730782
2025-09-24T19:00:00+00:00,292.87,293.16,292.86,293.11,353690
2025-09-24T20:00:00+00:00,293.11,293.43,293.03,293.31,365762
2025-09-25T03:00:00+00:00,293.87,293.87,293.87,293.87,858
2025-09-25T04:00:00+00:00,293.87,294.89,293.53,294.29,901755
2025-09-25T05:00:00+00:00,294.29,294.34,293.87,294.24,300981
2025-09-25T06:00:00+00:00,294.19,294.5,293.13,294.35,947164
2025-09-25T07:00:00+00:00,294.34,294.34,291.92,292.04,2219085
2025-09-25T08:00:00+00:00,292.02,293.15,291.5,292.99,2566069
2025-09-25T09:00:00+00:00,292.99,293.5,292.16,293.13,1196616
2025-09-25T10:00:00+00:00,293.13,293.15,292.29,292.84,951768
2025-09-25T11:00:00+00:00,292.81,293.92,292.78,293.75,1096220
2025-09-25T12:00:00+00:00,293.75,293.8,292.78,292.92,841361
2025-09-25T13:00:00+00:00,292.93,293.34,292.56,292.65,658979
2025-09-25T14:00:00+00:00,292.67,293.21,291.97,291.98,1581017
2025-09-25T15:00:00+00:00,291.98,292.1,290.17,290.97,2963751
2025-09-25T16:00:00+00:00,290.97,291.02,289.5,290.8,2790275
2025-09-25T17:00:00+00:00,290.79,290.82,289.87,289.9,595705
2025-09-25T18:00:00+00:00,289.91,290.05,289.55,290.03,528341
2025-09-25T19:00:00+00:00,290.02,290.2,289.77,290.0,319568
2025-09-25T20:00:00+00:00,290.01,290.17,289.5,289.9,538511
2025-09-26T03:00:00+00:00,290.2,290.2,290.2,290.2,6709
2025-09-26T04:00:00+00:00,290.2,291.03,289.05,289.31,907833
2025-09-26T05:00:00+00:00,289.31,290.7,289.3,289.94,597482
2025-09-26T06:00:00+00:00,289.95,291.0,289.94,290.11,1067827
2025-09-26T07:00:00+00:00,290.11,290.3,288.52,289.3,3634879
2025-09-26T08:00:00+00:00,289.31,290.0,288.7,288.72,1474648
2025-09-26T09:00:00+00:00,288.71,290.98,288.65,290.98,1784400
2025-09-26T10:00:00+00:00,290.98,291.86,290.55,291.1,1860328
2025-09-26T11:00:00+00:00,291.09,291.2,289.5,290.0,1102567
2025-09-26T12:00:00+00:00,289.99,290.62,289.03,290.34,1059077
2025-09-26T13:00:00+00:00,290.35,291.25,290.1,290.15,949649
2025-09-26T14:00:00+00:00,290.14,291.67,289.3,291.54,2422461
2025-09-26T15:00:00+00:00,291.58,292.47,291.3,291.98,2409000
2025-09-26T16:00:00+00:00,291.92,292.29,291.45,292.04,949139
2025-09-26T17:00:00+00:00,292.04,292.14,291.27,292.11,711330
2025-09-26T18:00:00+00:00,292.11,292.79,291.39,292.07,1003949
2025-09-26T19:00:00+00:00,292.05,292.22,291.39,291.49,381187
2025-09-26T20:00:00+00:00,291.48,291.79,291.32,291.33,320849
2025-09-26T23:00:00+00:00,289.95,291.99,289.95,291.97,808
2025-09-27T00:00:00+00:00,291.97,291.98,291.35,291.97,2518
2025-09-27T01:00:00+00:00,291.39,291.98,291.38,291.62,354
2025-09-27T02:00:00+00:00,291.62,291.98,291.6,291.97,2880
2025-09-27T03:00:00+00:00,291.61,291.97,291.6,291.94,2586
2025-09-27T04:00:00+00:00,291.94,291.97,291.6,291.62,2838
2025-09-27T05:00:00+00:00,291.96,291.97,291.6,291.9,4345
2025-09-27T06:00:00+00:00,291.9,291.98,291.03,291.03,8875
2025-09-27T07:00:00+00:00,291.05,292.0,291.05,291.34,251496
2025-09-27T08:00:00+00:00,291.38,291.65,291.34,291.6,60222
2025-09-27T09:00:00+00:00,291.6,291.79,291.51,291.78,38796
2025-09-27T10:00:00+00:00,291.79,291.79,291.5,291.55,52050
2025-09-27T11:00:00+00:00,291.55,291.89,291.25,291.85,75067
2025-09-27T12:00:00+00:00,291.82,291.86,291.61,291.65,21177
2025-09-27T13:00:00+00:00,291.65,291.65,291.15,291.47,68519
2025-09-27T14:00:00+00:00,291.49,291.75,291.46,291.58,117963
2025-09-27T15:00:00+00:00,291.58,291.7,291.54,291.69,34573
2025-09-27T16:00:00+00:00,292.0,292.0,291.32,291.7,6354
2025-09-27T17:00:00+00:00,291.7,291.75,291.52,291.52,5470
2025-09-27T18:00:00+00:00,291.64,291.72,291.52,291.54,3283
2025-09-27T19:00:00+00:00,291.71,291.72,291.03,291.38,8907
2025-09-27T20:00:00+00:00,291.3,291.7,291.3,291.3,6081
2025-09-27T23:00:00+00:00,292.0,292.0,289.0,291.68,849
2025-09-28T00:00:00+00:00,291.96,291.96,291.04,291.67,987
2025-09-28T01:00:00+00:00,291.65,291.69,291.2,291.69,209
2025-09-28T02:00:00+00:00,291.69,291.72,291.4,291.43,791
2025-09-28T03:00:00+00:00,291.72,291.93,291.43,291.93,1912
2025-09-28T04:00:00+00:00,291.93,291.93,291.49,291.72,1643
2025-09-28T05:00:00+00:00,291.71,291.78,291.4,291.6,2277
2025-09-28T06:00:00+00:00,291.6,291.69,291.4,291.69,13690
2025-09-28T07:00:00+00:00,291.7,291.85,291.26,291.43,73023
2025-09-28T08:00:00+00:00,291.49,291.8,291.38,291.5,103972
2025-09-28T09:00:00+00:00,291.51,291.61,291.31,291.6,48210
2025-09-28T10:00:00+00:00,291.6,291.6,291.4,291.58,24614
2025-09-28T11:00:00+00:00,291.58,291.63,291.44,291.59,40924
2025-09-28T12:00:00+00:00,291.6,291.6,291.4,291.49,25947
2025-09-28T13:00:00+00:00,291.46,291.49,291.31,291.41,39265
2025-09-28T14:00:00+00:00,291.41,291.46,291.17,291.19,77013
2025-09-28T15:00:00+00:00,291.19,291.3,290.95,291.08,153617
2025-09-28T16:00:00+00:00,290.02,291.75,290.02,290.58,22109
2025-09-28T17:00:00+00:00,290.77,291.29,290.58,291.01,27969
2025-09-28T18:00:00+00:00,291.01,291.25,290.78,291.14,9256
2025-09-28T19:00:00+00:00,291.14,291.3,290.87,291.25,3249
2025-09-28T20:00:00+00:00,291.25,291.4,290.96,291.35,12687
2025-09-29T03:00:00+00:00,291.4,291.4,291.4,291.4,1148
2025-09-29T04:00:00+00:00,291.44,291.86,291.0,291.34,393864
2025-09-29T05:00:00+00:00,291.34,291.52,290.1,290.68,278790
2025-09-29T06:00:00+00:00,290.68,290.9,289.85,290.0,1067653
2025-09-29T07:00:00+00:00,289.99,292.17,289.81,292.17,2379497
2025-09-29T08:00:00+00:00,292.17,293.9,292.16,293.06,4244477
2025-09-29T09:00:00+00:00,293.09,294.34,291.8,293.55,3648328
2025-09-29T10:00:00+00:00,293.58,294.98,293.46,294.74,2503205
2025-09-29T11:00:00+00:00,294.71,295.5,293.7,294.33,2142086
2025-09-29T12:00:00+00:00,294.36,294.56,293.6,294.01,804979
2025-09-29T13:00:00+00:00,294.01,294.46,292.03,292.15,1792034
2025-09-29T14:00:00+00:00,292.12,292.39,291.38,291.87,1798822
2025-09-29T15:00:00+00:00,291.87,291.88,287.61,287.71,6344594
2025-09-29T16:00:00+00:00,287.77,287.98,286.81,287.26,3995732
2025-09-29T17:00:00+00:00,287.26,287.26,286.5,286.99,1655449
2025-09-29T18:00:00+00:00,286.99,287.29,286.5,287.27,1000705
2025-09-29T19:00:00+00:00,287.27,287.7,286.97,287.49,499647
2025-09-29T20:00:00+00:00,287.49,287.64,287.3,287.57,399605
2025-09-30T03:00:00+00:00,287.67,287.67,287.67,287.67,2218
2025-09-30T04:00:00+00:00,287.7,288.45,287.57,288.37,728151
2025-09-30T05:00:00+00:00,288.38,288.73,288.19,288.49,510767
2025-09-30T06:00:00+00:00,288.49,289.0,287.16,287.57,1992972
2025-09-30T07:00:00+00:00,287.56,287.82,285.62,287.51,4612839
2025-09-30T08:00:00+00:00,287.47,288.38,286.9,286.97,2672638
2025-09-30T09:00:00+00:00,286.98,287.0,285.24,286.24,3371557
2025-09-30T10:00:00+00:00,286.25,287.88,285.95,287.44,2105375
2025-09-30T11:00:00+00:00,287.44,287.8,286.35,286.36,1589169
2025-09-30T12:00:00+00:00,286.36,287.47,285.82,286.5,1378962
2025-09-30T13:00:00+00:00,286.5,289.6,286.5,289.31,3125576
2025-09-30T14:00:00+00:00,289.31,289.56,287.99,288.9,2206542
2025-09-30T15:00:00+00:00,288.9,289.88,288.74,289.15,2544915
2025-09-30T16:00:00+00:00,289.34,289.44,288.65,288.65,772141
2025-09-30T17:00:00+00:00,288.66,288.66,287.2,287.87,1010846
2025-09-30T18:00:00+00:00,287.87,288.49,287.64,288.42,459628
2025-09-30T19:00:00+00:00,288.41,288.44,287.97,288.25,160426
2025-09-30T20:00:00+00:00,288.24,288.36,288.12,288.36,137646
2025-10-01T03:00:00+00:00,288.88,288.88,288.88,288.88,4617
2025-10-01T04:00:00+00:00,288.82,289.69,288.33,289.69,358471
2025-10-01T05:00:00+00:00,289.69,289.78,289.01,289.27,551110
2025-10-01T06:00:00+00:00,289.28,289.7,288.7,289.59,548318
2025-10-01T07:00:00+00:00,289.59,289.7,288.14,288.16,1466860
2025-10-01T08:00:00+00:00,288.15,289.4,287.9,288.8,1138956
2025-10-01T09:00:00+00:00,288.8,290.39,288.75,289.77,1594389
2025-10-01T10:00:00+00:00,289.77,289.8,287.55,288.07,1799255
2025-10-01T11:00:00+00:00,288.08,288.5,287.17,287.23,1085203
2025-10-01T12:00:00+00:00,287.23,287.23,285.31,286.25,4610869
2025-10-01T13:00:00+00:00,286.27,288.11,285.8,287.48,2341002
2025-10-01T14:00:00+00:00,287.44,287.49,285.11,286.31,2630906
2025-10-01T15:00:00+00:00,286.31,287.65,286.19,286.3,1743615
2025-10-01T16:00:00+00:00,286.29,286.49,285.63,285.88,1001223
2025-10-01T17:00:00+00:00,285.87,286.15,285.57,286.05,584077
2025-10-01T18:00:00+00:00,286.05,286.14,285.55,285.79,506746
2025-10-01T19:00:00+00:00,285.79,286.43,285.7,286.26,437824
2025-10-01T20:00:00+00:00,286.25,286.4,285.96,286.4,494264
2025-10-02T03:00:00+00:00,286.4,286.4,286.4,286.4,7983
2025-10-02T04:00:00+00:00,286.4,287.15,285.3,285.6,450053
2025-10-02T05:00:00+00:00,285.61,286.0,285.01,285.3,1172324
2025-10-02T06:00:00+00:00,285.32,285.94,283.36,284.07,3802702
2025-10-02T07:00:00+00:00,284.07,285.44,283.22,284.53,4827478
2025-10-02T08:00:00+00:00,284.54,285.34,283.44,283.74,3041445
2025-10-02T09:00:00+00:00,283.74,284.58,282.8,284.55,3251729
2025-10-02T10:00:00+00:00,284.55,285.25,284.14,284.35,1711531
2025-10-02T11:00:00+00:00,284.34,285.35,283.93,285.29,1163517
2025-10-02T12:00:00+00:00,285.29,285.51,284.61,284.88,1091269
2025-10-02T13:00:00+00:00,284.88,285.5,284.52,284.91,906207
2025-10-02T14:00:00+00:00,284.91,286.44,284.76,286.11,2425903
2025-10-02T15:00:00+00:00,286.1,286.38,284.32,285.05,1574098
2025-10-02T16:00:00+00:00,285.1,285.6,284.8,285.23,825737
2025-10-02T17:00:00+00:00,285.22,285.44,284.74,285.26,322394
2025-10-02T18:00:00+00:00,285.26,285.26,284.36,284.68,702428
2025-10-02T19:00:00+00:00,284.69,285.75,284.67,285.45,501240
2025-10-02T20:00:00+00:00,285.45,285.68,284.96,285.22,245402
2025-10-03T03:00:00+00:00,285.75,285.75,285.75,285.75,1251
2025-10-03T04:00:00+00:00,285.7,286.15,285.23,285.98,245854
2025-10-03T05:00:00+00:00,285.98,286.0,285.8,285.98,211099
2025-10-03T06:00:00+00:00,285.98,286.69,285.76,286.5,763598
2025-10-03T07:00:00+00:00,286.54,287.32,286.5,286.83,1837349
2025-10-03T08:00:00+00:00,286.82,287.12,286.02,286.2,1027057
2025-10-03T09:00:00+00:00,286.19,286.28,284.0,284.03,2330944
2025-10-03T10:00:00+00:00,284.03,284.56,283.52,284.42,1713384
2025-10-03T11:00:00+00:00,284.44,284.44,283.15,283.6,1272784
2025-10-03T12:00:00+00:00,283.6,284.71,283.59,284.69,1186493
2025-10-03T13:00:00+00:00,284.69,284.69,283.85,284.19,906603
2025-10-03T14:00:00+00:00,284.19,284.48,283.59,284.15,1121253
2025-10-03T15:00:00+00:00,284.14,284.25,283.7,283.7,707777
2025-10-03T16:00:00+00:00,283.99,284.06,282.58,282.72,1749760
2025-10-03T17:00:00+00:00,282.71,283.21,282.71,283.19,495870
2025-10-03T18:00:00+00:00,283.19,283.49,282.76,282.76,699882
2025-10-03T19:00:00+00:00,282.76,283.5,282.72,283.14,520815
2025-10-03T20:00:00+00:00,283.14,283.15,282.79,282.91,306802
2025-10-03T23:00:00+00:00,284.07,284.07,281.0,282.91,15248
2025-10-04T00:00:00+00:00,282.12,282.95,281.63,282.6,3050
2025-10-04T01:00:00+00:00,282.58,282.61,282.03,282.1,1425
2025-10-04T02:00:00+00:00,282.1,282.61,282.1,282.48,3579
2025-10-04T03:00:00+00:00,282.48,282.94,282.11,282.93,6767
2025-10-04T04:00:00+00:00,282.55,282.93,282.3,282.63,11869
2025-10-04T05:00:00+00:00,282.9,282.92,282.31,282.77,9854
2025-10-04T06:00:00+00:00,282.77,283.0,282.31,283.0,26024
2025-10-04T07:00:00+00:00,283.0,283.0,281.27,281.45,966995
2025-10-04T08:00:00+00:00,281.45,281.7,281.08,281.09,515485
2025-10-04T09:00:00+00:00,281.09,281.09,280.35,280.47,893231
2025-10-04T10:00:00+00:00,280.46,280.6,279.75,280.15,1132282
2025-10-04T11:00:00+00:00,280.16,280.47,279.39,280.35,987536
2025-10-04T12:00:00+00:00,280.34,280.6,280.12,280.56,349245
2025-10-04T13:00:00+00:00,280.56,280.57,279.9,280.44,255019
2025-10-04T14:00:00+00:00,280.44,280.56,279.6,280.27,321809
2025-10-04T15:00:00+00:00,280.26,280.51,280.02,280.4,207246
2025-10-04T16:00:00+00:00,279.24,280.8,279.23,280.14,18556
2025-10-04T17:00:00+00:00,280.41,280.47,280.11,280.26,15295
2025-10-04T18:00:00+00:00,280.27,280.41,280.08,280.4,10384
2025-10-04T19:00:00+00:00,280.35,280.43,280.03,280.41,14103
2025-10-04T20:00:00+00:00,280.41,281.0,280.3,280.64,36175
2025-10-04T23:00:00+00:00,281.47,281.47,279.81,280.4,2124
2025-10-05T00:00:00+00:00,280.8,280.87,280.0,280.4,2376
2025-10-05T01:00:00+00:00,279.96,280.43,279.95,280.38,990
2025-10-05T02:00:00+00:00,280.01,280.38,280.0,280.37,1299
2025-10-05T03:00:00+00:00,280.37,280.38,280.0,280.37,4721
2025-10-05T04:00:00+00:00,280.37,280.96,279.84,280.89,10809
2025-10-05T05:00:00+00:00,280.89,280.99,279.9,280.59,8232
2025-10-05T06:00:00+00:00,280.59,280.59,280.13,280.4,10229
2025-10-05T07:00:00+00:00,280.4,280.64,279.14,279.7,532902
2025-10-05T08:00:00+00:00,279.65,280.33,279.4,280.25,287705
2025-10-05T09:00:00+00:00,280.24,280.37,280.04,280.23,84197
2025-10-05T10:00:00+00:00,280.22,280.53,280.02,280.51,155852
2025-10-05T11:00:00+00:00,280.52,281.29,280.47,280.9,363859
2025-10-05T12:00:00+00:00,280.89,280.98,280.49,280.91,110288
2025-10-05T13:00:00+00:00,280.91,281.39,280.87,281.3,192081
2025-10-05T14:00:00+00:00,281.3,281.54,281.08,281.4,241808
2025-10-05T15:00:00+00:00,281.4,282.13,281.16,281.99,475655
2025-10-05T16:00:00+00:00,282.77,282.89,281.15,282.72,57649
2025-10-05T17:00:00+00:00,282.72,282.72,282.28,282.67,14246
2025-10-05T18:00:00+00:00,282.42,282.7,282.38,282.6,10724
2025-10-05T19:00:00+00:00,282.6,282.7,282.36,282.67,13887
2025-10-05T20:00:00+00:00,282.67,282.68,282.33,282.38,5755
2025-10-06T03:00:00+00:00,282.39,282.39,282.39,282.39,5431
2025-10-06T04:00:00+00:00,282.4,283.4,282.34,283.21,901284
2025-10-06T05:00:00+00:00,283.21,283.38,282.72,282.83,414029
2025-10-06T06:00:00+00:00,282.83,282.88,281.82,282.87,929210
2025-10-06T07:00:00+00:00,282.87,285.46,282.53,284.81,5717226
2025-10-06T08:00:00+00:00,284.81,285.12,284.4,284.84,1426416
2025-10-06T09:00:00+00:00,284.84,286.47,284.84,286.46,2695804
2025-10-06T10:00:00+00:00,286.46,286.85,285.75,286.12,2378153
2025-10-06T11:00:00+00:00,286.12,286.57,284.62,284.63,2263316
2025-10-06T12:00:00+00:00,284.62,285.0,283.31,284.27,3038106
2025-10-06T13:00:00+00:00,284.29,287.91,284.16,287.84,3979741
2025-10-06T14:00:00+00:00,287.83,289.69,287.65,289.0,5017387
2025-10-06T15:00:00+00:00,288.98,290.44,288.98,290.0,2697453
2025-10-06T16:00:00+00:00,289.98,290.95,289.57,290.64,2205803
2025-10-06T17:00:00+00:00,290.64,290.75,289.88,289.98,834873
2025-10-06T18:00:00+00:00,289.92,290.55,289.55,290.54,548949
2025-10-06T19:00:00+00:00,290.54,290.91,290.43,290.7,582082
2025-10-06T20:00:00+00:00,290.75,291.17,290.0,290.56,845600
2025-10-07T03:00:00+00:00,290.0,290.0,290.0,290.0,10016
2025-10-07T04:00:00+00:00,290.0,290.99,289.15,289.81,1085382
2025-10-07T05:00:00+00:00,289.84,291.49,289.72,291.35,742014
2025-10-07T06:00:00+00:00,291.36,291.49,289.08,289.7,1455675
2025-10-07T07:00:00+00:00,289.75,293.9,288.75,293.54,6383397
2025-10-07T08:00:00+00:00,293.54,295.87,293.44,295.0,10135970
2025-10-07T09:00:00+00:00,295.0,295.3,294.35,294.86,2611729
2025-10-07T10:00:00+00:00,294.86,295.16,294.05,294.99,2050385
2025-10-07T11:00:00+00:00,295.0,295.1,293.81,293.97,2023874
2025-10-07T12:00:00+00:00,293.97,294.37,293.19,294.15,2254017
2025-10-07T13:00:00+00:00,294.17,294.23,293.03,293.7,1514240
2025-10-07T14:00:00+00:00,293.7,293.74,292.6,293.63,1825449
2025-10-07T15:00:00+00:00,293.64,294.22,292.89,293.67,1666415
2025-10-07T16:00:00+00:00,293.67,293.86,292.0,292.22,1647643
2025-10-07T17:00:00+00:00,292.22,293.22,292.03,293.03,601892
2025-10-07T18:00:00+00:00,293.02,293.34,292.23,292.87,1024135
2025-10-07T19:00:00+00:00,292.87,293.74,292.7,293.67,485444
2025-10-07T20:00:00+00:00,293.68,294.03,293.6,293.89,376306
2025-10-08T03:00:00+00:00,293.93,293.93,293.93,293.93,4794
2025-10-08T04:00:00+00:00,293.95,294.83,293.81,294.5,657146
2025-10-08T05:00:00+00:00,294.49,294.5,293.7,294.2,483239
2025-10-08T06:00:00+00:00,294.19,294.23,293.32,294.07,671177
2025-10-08T07:00:00+00:00,294.07,295.0,291.22,291.61,4432807
2025-10-08T08:00:00+00:00,291.61,291.78,290.5,291.21,4183944
2025-10-08T09:00:00+00:00,291.2,291.21,288.11,288.57,6069991
2025-10-08T10:00:00+00:00,288.55,288.9,285.4,286.2,11434859
2025-10-08T11:00:00+00:00,286.24,287.61,285.65,286.03,4839106
2025-10-08T12:00:00+00:00,285.99,287.0,284.64,284.8,3753609
2025-10-08T13:00:00+00:00,284.84,285.68,283.93,284.13,5419470
2025-10-08T14:00:00+00:00,284.13,284.8,282.28,282.33,4653581
2025-10-08T15:00:00+00:00,282.32,283.51,278.0,280.22,10861768
2025-10-08T16:00:00+00:00,280.31,281.55,278.8,281.15,7131739
2025-10-08T17:00:00+00:00,281.16,282.56,280.95,281.57,4164981
2025-10-08T18:00:00+00:00,281.57,283.06,281.48,282.42,2988574
2025-10-08T19:00:00+00:00,282.37,282.4,281.43,281.98,2086328
2025-10-08T20:00:00+00:00,281.98,282.3,281.21,281.9,1385456
2025-10-09T03:00:00+00:00,282.8,282.8,282.8,282.8,40434
2025-10-09T04:00:00+00:00,282.7,283.49,281.0,283.42,1390169
2025-10-09T05:00:00+00:00,283.42,283.49,281.82,282.41,1481258
2025-10-09T06:00:00+00:00,282.43,284.43,280.53,284.27,6466679
2025-10-09T07:00:00+00:00,284.26,286.0,283.59,284.3,8868588
2025-10-09T08:00:00+00:00,284.3,284.98,278.75,284.57,15035822
2025-10-09T09:00:00+00:00,284.59,289.52,283.76,287.3,15491120
2025-10-09T10:00:00+00:00,287.3,289.2,286.61,286.82,6310579
2025-10-09T11:00:00+00:00,286.82,288.2,285.0,287.46,3157314
2025-10-09T12:00:00+00:00,287.46,289.16,286.69,287.68,2767271
2025-10-09T13:00:00+00:00,287.68,290.4,287.2,289.0,4365467
2025-10-09T14:00:00+00:00,289.0,289.9,288.05,289.75,3286316
2025-10-09T15:00:00+00:00,289.75,290.45,289.0,289.45,2180213
2025-10-09T16:00:00+00:00,289.44,289.8,288.17,288.17,1154930
2025-10-09T17:00:00+00:00,288.17,289.19,287.56,288.85,1818846
2025-10-09T18:00:00+00:00,288.85,289.47,288.53,289.04,517271
2025-10-09T19:00:00+00:00,289.05,290.0,288.85,290.0,1174815
2025-10-09T20:00:00+00:00,290.0,290.0,288.9,289.37,672166
2025-10-10T03:00:00+00:00,289.9,289.9,289.9,289.9,2150
2025-10-10T04:00:00+00:00,289.8,289.95,288.54,289.27,569835
2025-10-10T05:00:00+00:00,289.38,289.38,286.72,288.0,1585272
2025-10-10T06:00:00+00:00,288.0,289.5,287.23,289.28,1646252
2025-10-10T07:00:00+00:00,289.28,289.3,287.0,287.52,2979267
2025-10-10T08:00:00+00:00,287.52,289.57,286.56,289.28,3542523
2025-10-10T09:00:00+00:00,289.28,289.4,288.12,288.65,1512967
2025-10-10T10:00:00+00:00,288.62,289.1,286.7,287.48,3472736
2025-10-10T11:00:00+00:00,287.48,288.0,286.73,287.28,1422540
2025-10-10T12:00:00+00:00,287.22,287.98,286.15,286.54,2683496
2025-10-10T13:00:00+00:00,286.54,286.8,284.26,285.38,4467419
2025-10-10T14:00:00+00:00,285.37,287.94,284.32,285.58,4800351
2025-10-10T15:00:00+00:00,285.62,286.29,284.1,285.75,2247269
2025-10-10T16:00:00+00:00,285.81,286.44,285.14,286.2,1141736
2025-10-10T17:00:00+00:00,286.2,286.2,285.66,286.16,296449
2025-10-10T18:00:00+00:00,286.16,286.55,285.9,285.99,546870
2025-10-10T19:00:00+00:00,285.98,286.22,285.56,285.57,484658
2025-10-10T20:00:00+00:00,285.57,285.7,284.77,285.12,767006
2025-10-10T23:00:00+00:00,283.12,284.77,283.12,284.77,10382
2025-10-11T00:00:00+00:00,283.96,284.78,283.62,284.55,2918
2025-10-11T01:00:00+00:00,283.98,284.59,283.5,284.59,2314
2025-10-11T02:00:00+00:00,284.59,284.59,283.86,284.57,2873
2025-10-11T03:00:00+00:00,284.57,284.58,283.92,284.5,2780
2025-10-11T04:00:00+00:00,284.5,284.58,283.58,283.91,18787
2025-10-11T05:00:00+00:00,284.2,284.2,283.55,284.19,19285
2025-10-11T06:00:00+00:00,284.19,284.79,283.86,284.4,46120
2025-10-11T07:00:00+00:00,284.35,285.31,282.22,284.57,1130028
2025-10-11T08:00:00+00:00,284.56,284.82,284.08,284.64,425116
2025-10-11T09:00:00+00:00,284.63,284.83,284.19,284.83,118624
2025-10-11T10:00:00+00:00,284.79,285.23,284.78,285.11,211763
2025-10-11T11:00:00+00:00,285.11,285.11,284.37,284.43,77278
2025-10-11T12:00:00+00:00,284.44,284.88,284.35,284.85,54840
2025-10-11T13:00:00+00:00,284.85,285.04,284.5,284.59,145922
2025-10-11T14:00:00+00:00,284.54,284.89,284.5,284.76,39896
2025-10-11T15:00:00+00:00,284.81,285.25,284.76,285.16,169234
2025-10-11T16:00:00+00:00,285.33,285.33,283.9,285.29,4824
2025-10-11T17:00:00+00:00,285.1,285.32,284.75,285.25,9494
2025-10-11T18:00:00+00:00,285.25,285.3,284.9,285.3,14873
2025-10-11T19:00:00+00:00,285.32,286.0,285.3,285.38,21908
2025-10-11T20:00:00+00:00,285.8,285.8,285.1,285.69,7107
2025-10-11T23:00:00+00:00,284.59,286.78,284.0,285.91,2552
2025-10-12T00:00:00+00:00,286.53,286.53,285.13,286.3,423
2025-10-12T01:00:00+00:00,286.3,286.36,285.59,285.99,1475
2025-10-12T02:00:00+00:00,285.99,285.99,285.7,285.9,1046
2025-10-12T03:00:00+00:00,285.9,286.36,285.7,285.74,2102
2025-10-12T04:00:00+00:00,286.22,286.22,285.73,285.93,2396
2025-10-12T05:00:00+00:00,285.93,285.95,285.74,285.9,2297
2025-10-12T06:00:00+00:00,285.95,286.22,285.02,285.12,10109
2025-10-12T07:00:00+00:00,285.13,285.96,285.0,285.74,549508
2025-10-12T08:00:00+00:00,285.75,285.75,285.15,285.66,174131
2025-10-12T09:00:00+00:00,285.66,286.85,285.6,286.24,277608
2025-10-12T10:00:00+00:00,286.25,286.3,286.01,286.04,91803
2025-10-12T11:00:00+00:00,286.04,286.06,285.7,286.02,86476
2025-10-12T12:00:00+00:00,286.02,286.48,285.99,286.1,123912
2025-10-12T13:00:00+00:00,286.1,286.45,286.06,286.16,53549
2025-10-12T14:00:00+00:00,286.17,286.8,286.11,286.74,115334
2025-10-12T15:00:00+00:00,286.75,286.81,286.54,286.81,186414
2025-10-12T16:00:00+00:00,285.7,288.05,285.7,286.99,10723
2025-10-12T17:00:00+00:00,286.99,286.99,286.5,286.9,11303
2025-10-12T18:00:00+00:00,286.9,286.9,286.1,286.66,16304
2025-10-12T19:00:00+00:00,286.5,286.8,286.26,286.75,8975
2025-10-12T20:00:00+00:00,286.75,286.75,286.17,286.3,36495
2025-10-13T03:00:00+00:00,286.99,286.99,286.99,286.99,7784
2025-10-13T04:00:00+00:00,286.9,287.78,286.89,287.38,790664
2025-10-13T05:00:00+00:00,287.38,287.7,286.99,287.17,458435
2025-10-13T06:00:00+00:00,287.17,288.75,286.33,288.11,1689216
2025-10-13T07:00:00+00:00,288.11,288.55,283.62,283.71,5498260
2025-10-13T08:00:00+00:00,283.71,285.15,282.81,284.2,4247243
2025-10-13T09:00:00+00:00,284.2,284.59,282.85,284.16,2377580
2025-10-13T10:00:00+00:00,284.16,284.38,283.1,283.46,931218
2025-10-13T11:00:00+00:00,283.43,286.28,282.35,285.73,5156735
2025-10-13T12:00:00+00:00,285.73,288.06,285.64,287.15,4114882
2025-10-13T13:00:00+00:00,287.16,287.82,286.01,286.71,1832459
2025-10-13T14:00:00+00:00,286.71,286.76,283.61,284.43,2497337
2025-10-13T15:00:00+00:00,284.42,285.23,284.1,284.79,792162
2025-10-13T16:00:00+00:00,284.8,285.87,284.64,285.87,756538
2025-10-13T17:00:00+00:00,285.87,286.31,285.54,285.67,629964
2025-10-13T18:00:00+00:00,285.67,285.95,285.02,285.23,646640
2025-10-13T19:00:00+00:00,285.18,285.95,284.91,285.4,413610
2025-10-13T20:00:00+00:00,285.4,285.51,285.0,285.39,365683
2025-10-14T03:00:00+00:00,285.5,285.5,285.5,285.5,1499
2025-10-14T04:00:00+00:00,285.5,286.17,285.44,285.91,185082
2025-10-14T05:00:00+00:00,285.91,285.94,285.0,285.4,410766
2025-10-14T06:00:00+00:00,285.4,285.4,284.12,284.87,768134
2025-10-14T07:00:00+00:00,284.86,286.99,283.92,285.52,2858837
2025-10-14T08:00:00+00:00,285.54,285.99,283.66,284.48,2306882
2025-10-14T09:00:00+00:00,284.48,285.4,283.85,284.51,1207923
2025-10-14T10:00:00+00:00,284.51,285.19,284.12,284.9,600291
2025-10-14T11:00:00+00:00,284.9,285.25,284.2,284.97,1086745
2025-10-14T12:00:00+00:00,284.97,285.35,282.8,283.55,3308881
2025-10-14T13:00:00+00:00,283.55,283.55,282.05,282.95,3565633
2025-10-14T14:00:00+00:00,282.95,284.5,282.66,284.1,2037884
2025-10-14T15:00:00+00:00,284.1,284.59,283.28,283.28,1382605
2025-10-14T16:00:00+00:00,283.58,283.84,282.69,282.86,1001207
2025-10-14T17:00:00+00:00,282.86,283.5,282.8,282.85,394678
2025-10-14T18:00:00+00:00,282.85,283.15,282.65,283.12,386705
2025-10-14T19:00:00+00:00,283.11,283.14,282.7,283.08,331402
2025-10-14T20:00:00+00:00,283.08,283.66,282.94,283.3,469130
2025-10-15T03:00:00+00:00,283.93,283.93,283.93,283.93,1500
2025-10-15T04:00:00+00:00,283.93,283.98,282.85,283.38,276310
2025-10-15T05:00:00+00:00,283.38,284.1,283.1,284.02,404928
2025-10-15T06:00:00+00:00,284.02,284.02,282.74,283.52,699686
2025-10-15T07:00:00+00:00,283.52,284.0,282.0,282.38,3188346
2025-10-15T08:00:00+00:00,282.38,283.2,282.16,282.49,2227550
2025-10-15T09:00:00+00:00,282.48,283.97,282.37,283.0,2538312
2025-10-15T10:00:00+00:00,283.0,285.39,282.99,283.25,3398161
2025-10-15T11:00:00+00:00,283.29,284.43,282.86,283.48,1698196
2025-10-15T12:00:00+00:00,283.48,285.12,283.4,285.09,2157928
2025-10-15T13:00:00+00:00,285.09,285.23,283.41,283.77,1673273
2025-10-15T14:00:00+00:00,283.78,284.42,283.24,283.44,850528
2025-10-15T15:00:00+00:00,283.44,284.19,283.29,283.94,879367
2025-10-15T16:00:00+00:00,283.9,284.18,283.38,283.73,455641
2025-10-15T17:00:00+00:00,283.73,283.75,282.92,283.19,728618
2025-10-15T18:00:00+00:00,283.21,283.98,283.09,283.81,649202
2025-10-15T19:00:00+00:00,283.81,284.28,283.7,283.92,211002
2025-10-15T20:00:00+00:00,283.92,284.15,283.4,283.74,374145
2025-10-16T03:00:00+00:00,283.9,283.9,283.9,283.9,10980
2025-10-16T04:00:00+00:00,283.9,284.3,283.66,283.89,158866
2025-10-16T05:00:00+00:00,283.88,284.24,283.4,283.91,252871
2025-10-16T06:00:00+00:00,283.91,283.91,282.82,283.13,665743
2025-10-16T07:00:00+00:00,283.1,283.69,282.4,283.19,1585050
2025-10-16T08:00:00+00:00,283.18,284.13,282.77,283.4,1337166
2025-10-16T09:00:00+00:00,283.4,284.78,283.4,284.39,1798641
2025-10-16T10:00:00+00:00,284.38,284.72,284.06,284.44,1071279
2025-10-16T11:00:00+00:00,284.43,285.49,284.35,284.52,2128786
2025-10-16T12:00:00+00:00,284.51,286.44,284.51,286.1,2727180
2025-10-16T13:00:00+00:00,286.1,286.6,286.0,286.42,2661085
2025-10-16T14:00:00+00:00,286.42,292.38,286.25,290.88,13327880
2025-10-16T15:00:00+00:00,290.9,293.71,290.2,293.27,9176534
2025-10-16T16:00:00+00:00,293.2,293.2,288.65,290.26,5223762
2025-10-16T17:00:00+00:00,290.23,302.77,289.92,302.43,30401182
2025-10-16T18:00:00+00:00,302.43,304.0,299.24,300.41,15723111
2025-10-16T19:00:00+00:00,300.43,301.19,300.15,300.77,2080103
2025-10-16T20:00:00+00:00,300.76,303.07,300.76,302.91,3681282
2025-10-17T03:00:00+00:00,303.23,303.23,303.23,303.23,38704
2025-10-17T04:00:00+00:00,303.23,305.0,300.8,301.2,3307169
2025-10-17T05:00:00+00:00,301.2,302.03,300.3,301.2,1479265
2025-10-17T06:00:00+00:00,301.2,301.27,299.76,300.04,2954210
2025-10-17T07:00:00+00:00,300.03,304.08,299.8,301.5,8736797
2025-10-17T08:00:00+00:00,301.48,303.0,300.89,301.17,4303217
2025-10-17T09:00:00+00:00,301.17,301.8,299.98,301.2,2941257
2025-10-17T10:00:00+00:00,301.22,301.8,300.51,301.28,1554470
2025-10-17T11:00:00+00:00,301.28,303.7,301.13,301.63,4420331
2025-10-17T12:00:00+00:00,301.63,303.0,301.48,302.4,1827902
2025-10-17T13:00:00+00:00,302.4,302.65,300.57,301.64,2166704
2025-10-17T14:00:00+00:00,301.64,301.96,300.04,300.17,2410717
2025-10-17T15:00:00+00:00,300.19,301.49,300.0,301.27,1477249
2025-10-17T16:00:00+00:00,301.23,301.29,300.48,300.63,728620
2025-10-17T17:00:00+00:00,300.63,303.9,300.52,301.76,3247588
2025-10-17T18:00:00+00:00,301.8,302.3,300.1,301.14,2018797
2025-10-17T19:00:00+00:00,301.14,301.21,300.35,300.58,965762
2025-10-17T20:00:00+00:00,300.58,301.3,300.55,300.91,715135
2025-10-17T23:00:00+00:00,302.49,302.91,301.1,301.97,12629
2025-10-18T00:00:00+00:00,301.97,301.98,301.23,301.39,1359
2025-10-18T01:00:00+00:00,301.68,301.81,301.37,301.64,1861
2025-10-18T02:00:00+00:00,301.65,301.91,301.43,301.91,3206
2025-10-18T03:00:00+00:00,301.91,301.91,301.44,301.9,6594
2025-10-18T04:00:00+00:00,301.88,301.91,301.5,301.88,14359
2025-10-18T05:00:00+00:00,301.88,301.91,301.5,301.89,24008
2025-10-18T06:00:00+00:00,301.89,302.0,301.3,301.3,77409
2025-10-18T07:00:00+00:00,301.49,303.69,301.35,303.43,1904263
2025-10-18T08:00:00+00:00,303.43,304.8,303.31,304.16,1962983
2025-10-18T09:00:00+00:00,304.19,304.28,303.51,304.23,598533
2025-10-18T10:00:00+00:00,304.22,304.42,303.51,303.79,571156
2025-10-18T11:00:00+00:00,303.79,303.95,303.51,303.67,250964
2025-10-18T12:00:00+00:00,303.67,304.09,303.65,303.87,462616
2025-10-18T13:00:00+00:00,303.88,304.11,303.87,303.99,252069
2025-10-18T14:00:00+00:00,303.97,304.17,303.93,304.11,434699
2025-10-18T15:00:00+00:00,304.06,304.25,303.95,304.18,350223
2025-10-18T16:00:00+00:00,305.21,305.21,303.26,304.23,46431
2025-10-18T17:00:00+00:00,304.23,304.6,304.18,304.58,44567
2025-10-18T18:00:00+00:00,304.58,304.59,304.2,304.39,29717
2025-10-18T19:00:00+00:00,304.39,304.39,304.11,304.3,6963
2025-10-18T20:00:00+00:00,304.29,304.39,303.92,303.92,22401
2025-10-18T23:00:00+00:00,302.82,304.99,302.82,304.27,3128
2025-10-19T00:00:00+00:00,304.27,305.25,304.22,305.19,4457
2025-10-19T01:00:00+00:00,304.86,305.49,304.86,305.3,10146
2025-10-19T02:00:00+00:00,305.01,305.5,305.01,305.04,12034
2025-10-19T03:00:00+00:00,305.17,305.5,305.05,305.15,14939
2025-10-19T04:00:00+00:00,305.49,305.49,305.0,305.11,28569
2025-10-19T05:00:00+00:00,305.11,305.44,304.27,304.51,30743
2025-10-19T06:00:00+00:00,304.8,304.89,304.22,304.22,32398
2025-10-19T07:00:00+00:00,304.22,304.87,303.2,303.54,944358
2025-10-19T08:00:00+00:00,303.54,303.89,303.5,303.83,216126
2025-10-19T09:00:00+00:00,303.83,304.1,303.7,303.87,187864
2025-10-19T10:00:00+00:00,303.87,304.08,303.64,303.69,94743
2025-10-19T11:00:00+00:00,303.69,303.78,303.41,303.56,192478
2025-10-19T12:00:00+00:00,303.64,303.66,303.05,303.07,455942
2025-10-19T13:00:00+00:00,303.07,303.15,302.24,302.88,529705
2025-10-19T14:00:00+00:00,302.88,303.22,302.7,302.89,332546
2025-10-19T15:00:00+00:00,302.93,303.3,302.89,303.03,326565
2025-10-19T16:00:00+00:00,303.93,303.93,302.89,303.25,11530
2025-10-19T17:00:00+00:00,303.25,304.2,302.98,303.65,32463
2025-10-19T18:00:00+00:00,304.2,304.7,303.66,304.33,46537
2025-10-19T19:00:00+00:00,304.31,304.44,303.77,304.44,35642
2025-10-19T20:00:00+00:00,304.43,304.74,303.78,303.83,54752
2025-10-20T03:00:00+00:00,303.95,303.95,303.95,303.95,23260
2025-10-20T04:00:00+00:00,303.96,304.5,303.18,303.97,1046954
2025-10-20T05:00:00+00:00,303.97,304.49,303.39,303.5,737404
2025-10-20T06:00:00+00:00,303.49,303.94,303.09,303.44,1250817
2025-10-20T07:00:00+00:00,303.44,306.15,302.71,305.08,6109531
2025-10-20T08:00:00+00:00,305.08,305.4,304.3,304.89,2142742
2025-10-20T09:00:00+00:00,304.9,305.0,303.12,303.39,2648184
2025-10-20T10:00:00+00:00,303.38,303.84,302.99,303.55,1365044
2025-10-20T11:00:00+00:00,303.55,304.88,303.29,304.47,2388089
2025-10-20T12:00:00+00:00,304.47,305.48,304.35,305.48,1674833
2025-10-20T13:00:00+00:00,305.48,305.48,304.4,304.65,1179595
2025-10-20T14:00:00+00:00,304.64,305.43,304.41,304.95,1435192
2025-10-20T15:00:00+00:00,304.95,304.95,304.06,304.95,1115478
2025-10-20T16:00:00+00:00,304.9,304.9,303.64,304.07,596661
2025-10-20T17:00:00+00:00,304.08,304.27,303.99,304.19,247152
2025-10-20T18:00:00+00:00,304.19,304.49,303.96,304.18,261650
2025-10-20T19:00:00+00:00,304.17,304.34,304.09,304.23,145026
2025-10-20T20:00:00+00:00,304.23,304.42,303.9,304.0,300296
2025-10-21T03:00:00+00:00,304.1,304.1,304.1,304.1,4694
2025-10-21T04:00:00+00:00,304.15,304.43,299.4,301.21,5185161
2025-10-21T05:00:00+00:00,301.21,302.3,300.53,301.0,2491738
2025-10-21T06:00:00+00:00,300.99,301.12,299.11,300.4,5946153
2025-10-21T07:00:00+00:00,300.36,302.15,299.81,300.16,5396884
2025-10-21T08:00:00+00:00,300.18,300.8,299.75,300.57,3162107
2025-10-21T09:00:00+00:00,300.57,301.39,300.08,300.27,2309807
2025-10-21T10:00:00+00:00,300.28,302.29,300.2,301.99,2681491
2025-10-21T11:00:00+00:00,301.99,302.19,301.1,301.96,1208551
2025-10-21T12:00:00+00:00,301.95,302.0,300.73,300.91,1445814
2025-10-21T13:00:00+00:00,300.91,301.49,300.52,300.62,1257840
2025-10-21T14:00:00+00:00,300.62,300.62,297.51,297.66,5058093
2025-10-21T15:00:00+00:00,297.64,297.64,292.42,293.59,17951865
2025-10-21T16:00:00+00:00,293.57,297.0,292.13,295.85,6033302
2025-10-21T17:00:00+00:00,295.86,296.77,292.73,293.04,3365881
2025-10-21T18:00:00+00:00,293.09,293.8,292.81,292.86,2031028
2025-10-21T19:00:00+00:00,292.85,294.31,292.14,292.31,2022372
2025-10-21T20:00:00+00:00,292.3,295.8,290.5,295.47,3093479
2025-10-22T03:00:00+00:00,295.52,295.52,295.52,295.52,21270
2025-10-22T04:00:00+00:00,295.53,295.77,294.05,295.38,1075268
2025-10-22T05:00:00+00:00,295.39,295.7,294.77,295.23,653054
2025-10-22T06:00:00+00:00,295.2,295.2,294.03,294.57,816400
2025-10-22T07:00:00+00:00,294.48,294.9,293.2,294.14,2672883
2025-10-22T08:00:00+00:00,294.14,295.59,293.5,295.46,2641176
2025-10-22T09:00:00+00:00,295.45,295.45,293.91,294.5,2433901
2025-10-22T10:00:00+00:00,294.5,294.79,292.23,292.94,4917421
2025-10-22T11:00:00+00:00,292.95,292.95,292.0,292.69,2630072
2025-10-22T12:00:00+00:00,292.68,293.82,292.0,292.15,2208905
2025-10-22T13:00:00+00:00,292.15,294.82,291.63,294.4,2790808
2025-10-22T14:00:00+00:00,294.38,294.91,293.57,294.37,1185341
2025-10-22T15:00:00+00:00,294.36,294.83,294.0,294.01,582120
2025-10-22T16:00:00+00:00,294.1,294.37,293.71,294.0,853158
2025-10-22T17:00:00+00:00,294.0,294.13,293.2,294.03,872038
2025-10-22T18:00:00+00:00,294.01,294.07,293.5,293.88,343182
2025-10-22T19:00:00+00:00,293.85,293.9,288.34,289.52,9986964
2025-10-22T20:00:00+00:00,289.52,291.8,286.76,290.02,6479389
2025-10-23T03:00:00+00:00,286.93,286.93,286.93,286.93,553698
2025-10-23T04:00:00+00:00,286.93,287.79,286.0,286.47,3770512
2025-10-23T05:00:00+00:00,286.47,287.49,285.43,287.0,2521190
2025-10-23T06:00:00+00:00,287.0,288.18,285.21,285.51,2862028
2025-10-23T07:00:00+00:00,285.54,287.67,285.4,287.26,4062130
2025-10-23T08:00:00+00:00,287.25,287.99,285.23,285.8,4169383
2025-10-23T09:00:00+00:00,285.81,287.0,285.3,286.4,3123000
2025-10-23T10:00:00+00:00,286.41,287.49,286.4,287.0,1736616
2025-10-23T11:00:00+00:00,287.01,289.19,286.5,287.59,4919522
2025-10-23T12:00:00+00:00,287.63,289.58,287.63,288.65,2202968
2025-10-23T13:00:00+00:00,288.66,289.67,288.09,288.1,1081345
2025-10-23T14:00:00+00:00,288.1,289.65,287.46,289.3,1915135
2025-10-23T15:00:00+00:00,289.33,291.98,289.17,291.0,2720128
2025-10-23T16:00:00+00:00,290.93,291.67,290.04,290.64,1446561
2025-10-23T17:00:00+00:00,290.64,291.39,290.2,291.38,666454
2025-10-23T18:00:00+00:00,291.39,291.39,290.62,290.84,392577
2025-10-23T19:00:00+00:00,290.84,291.19,290.53,290.62,328481
2025-10-23T20:00:00+00:00,290.58,291.84,290.41,291.8,756717
2025-10-24T03:00:00+00:00,292.17,292.17,292.17,292.17,8427
2025-10-24T04:00:00+00:00,292.16,293.13,291.2,292.58,886107
2025-10-24T05:00:00+00:00,292.58,292.9,292.21,292.74,503686
2025-10-24T06:00:00+00:00,292.71,292.71,291.13,291.28,959741
2025-10-24T07:00:00+00:00,291.23,291.72,288.15,288.28,3743687
2025-10-24T08:00:00+00:00,288.28,289.5,287.59,289.38,4002806
2025-10-24T09:00:00+00:00,289.38,289.39,288.16,288.35,2304882
2025-10-24T10:00:00+00:00,288.35,294.93,287.0,287.5,18769654
2025-10-24T11:00:00+00:00,287.49,289.07,286.3,288.02,7109628
2025-10-24T12:00:00+00:00,288.02,289.4,287.11,289.0,3702577
2025-10-24T13:00:00+00:00,289.0,289.0,287.87,288.74,1024891
2025-10-24T14:00:00+00:00,288.74,289.29,288.06,288.35,1305669
2025-10-24T15:00:00+00:00,288.34,288.34,287.16,287.16,1361243
2025-10-24T16:00:00+00:00,287.18,287.8,287.0,287.63,541754
2025-10-24T17:00:00+00:00,287.63,288.09,287.42,287.74,573084
2025-10-24T18:00:00+00:00,287.74,287.77,287.36,287.63,337254
2025-10-24T19:00:00+00:00,287.63,288.1,287.52,287.99,379138
2025-10-24T20:00:00+00:00,287.99,288.1,287.5,287.55,390083
2025-10-24T23:00:00+00:00,288.99,295.0,287.51,288.46,12071
2025-10-25T00:00:00+00:00,287.9,288.44,287.8,288.42,1002
2025-10-25T01:00:00+00:00,288.42,288.54,287.76,288.27,5366
2025-10-25T02:00:00+00:00,288.26,288.36,287.77,288.23,1738
2025-10-25T03:00:00+00:00,287.84,288.32,287.84,288.29,1337
2025-10-25T04:00:00+00:00,288.06,288.35,288.0,288.29,4875
2025-10-25T05:00:00+00:00,288.01,288.3,287.85,288.0,17958
2025-10-25T06:00:00+00:00,288.1,288.27,287.78,287.87,12367
2025-10-25T07:00:00+00:00,288.19,288.25,287.55,287.77,10506
2025-10-25T08:00:00+00:00,287.78,288.08,287.49,287.8,34093
2025-10-25T09:00:00+00:00,287.8,287.92,287.15,287.73,20465
2025-10-25T10:00:00+00:00,287.73,287.8,287.12,287.2,19931
2025-10-25T11:00:00+00:00,287.25,287.89,287.1,287.89,22832
2025-10-25T12:00:00+00:00,287.89,287.89,287.17,287.22,6351
2025-10-25T13:00:00+00:00,287.49,287.77,287.13,287.49,7962
2025-10-25T14:00:00+00:00,287.49,287.5,287.13,287.18,16563
2025-10-25T15:00:00+00:00,287.45,287.95,287.14,287.77,18200
2025-10-25T16:00:00+00:00,287.76,287.76,287.24,287.58,4058
2025-10-25T17:00:00+00:00,287.58,287.59,287.14,287.21,6541
2025-10-25T18:00:00+00:00,287.49,287.52,286.36,286.73,43452
2025-10-25T19:00:00+00:00,287.0,287.16,286.13,286.79,10344
2025-10-25T20:00:00+00:00,286.79,287.38,285.58,287.19,70926
2025-10-25T23:00:00+00:00,288.03,288.03,286.92,287.8,1801
2025-10-26T00:00:00+00:00,287.2,287.76,286.33,287.03,1682
2025-10-26T01:00:00+00:00,287.71,287.72,286.68,287.69,620
2025-10-26T02:00:00+00:00,287.69,287.81,286.78,286.9,1555
2025-10-26T03:00:00+00:00,287.69,287.8,286.76,287.73,1884
2025-10-26T04:00:00+00:00,287.32,287.68,287.21,287.6,1304
2025-10-26T05:00:00+00:00,287.6,287.61,286.87,287.46,3625
2025-10-26T06:00:00+00:00,287.46,287.46,287.01,287.36,3926
2025-10-26T07:00:00+00:00,287.11,287.55,287.04,287.45,10798
2025-10-26T08:00:00+00:00,287.46,287.48,287.08,287.12,17045
2025-10-26T09:00:00+00:00,287.39,287.41,287.04,287.36,10436
2025-10-26T10:00:00+00:00,287.35,287.35,286.81,286.81,16010
2025-10-26T11:00:00+00:00,286.81,287.0,286.34,286.41,15323
2025-10-26T12:00:00+00:00,286.41,286.71,286.38,286.71,16137
2025-10-26T13:00:00+00:00,286.51,287.0,286.51,286.98,16058
2025-10-26T14:00:00+00:00,286.98,286.98,286.72,286.95,9419
2025-10-26T15:00:00+00:00,286.79,286.98,286.78,286.98,9505
2025-10-26T16:00:00+00:00,286.98,286.98,286.51,286.87,8598
2025-10-26T17:00:00+00:00,286.87,286.87,286.6,286.81,4102
2025-10-26T18:00:00+00:00,286.86,286.98,286.62,286.98,18615
2025-10-26T19:00:00+00:00,286.9,287.1,286.7,287.1,13192
2025-10-26T20:00:00+00:00,287.1,287.17,286.74,287.17,5290
2025-10-27T03:00:00+00:00,287.47,287.47,287.47,287.47,17176
2025-10-27T04:00:00+00:00,287.47,287.99,285.35,285.72,1607488
2025-10-27T05:00:00+00:00,285.72,285.97,284.75,285.64,1608633
2025-10-27T06:00:00+00:00,285.64,285.64,283.45,283.74,4113408
2025-10-27T07:00:00+00:00,283.72,284.98,282.88,284.7,4393135
2025-10-27T08:00:00+00:00,284.7,285.47,283.91,284.15,2377367
2025-10-27T09:00:00+00:00,284.15,286.22,284.13,285.7,2014368
2025-10-27T10:00:00+00:00,285.69,285.84,283.55,284.31,2107261
2025-10-27T11:00:00+00:00,284.31,284.73,282.56,283.45,3715162
2025-10-27T12:00:00+00:00,283.45,284.35,282.94,284.01,2515747
2025-10-27T13:00:00+00:00,284.02,284.2,282.46,283.2,2454275
2025-10-27T14:00:00+00:00,283.2,285.42,282.94,284.71,2800158
2025-10-27T15:00:00+00:00,284.75,285.2,284.12,284.4,1272548
2025-10-27T16:00:00+00:00,284.4,284.79,284.28,284.63,689592
2025-10-27T17:00:00+00:00,284.64,284.64,283.9,284.35,573544
2025-10-27T18:00:00+00:00,284.36,284.4,283.7,284.23,802362
2025-10-27T19:00:00+00:00,284.23,284.39,283.0,284.04,756973
2025-10-27T20:00:00+00:00,284.04,284.04,282.47,283.17,1342836
2025-10-28T03:00:00+00:00,283.22,283.22,283.22,283.22,2778
2025-10-28T04:00:00+00:00,283.22,283.7,281.0,283.4,2436169
2025-10-28T05:00:00+00:00,283.48,284.7,283.3,284.52,1335115
2025-10-28T06:00:00+00:00,284.52,286.5,284.52,285.95,3657464
2025-10-28T07:00:00+00:00,286.0,286.85,285.4,286.25,2756219
2025-10-28T08:00:00+00:00,286.25,288.74,286.25,288.69,5794904
2025-10-28T09:00:00+00:00,288.7,289.29,288.24,288.66,3563520
2025-10-28T10:00:00+00:00,288.66,288.99,287.96,288.05,1571878
2025-10-28T11:00:00+00:00,288.09,289.68,288.04,289.5,3247528
2025-10-28T12:00:00+00:00,289.5,290.0,288.13,288.2,1955819
2025-10-28T13:00:00+00:00,288.2,289.15,287.27,289.15,3138267
2025-10-28T14:00:00+00:00,289.15,290.0,288.7,289.25,1968730
2025-10-28T15:00:00+00:00,289.25,289.72,288.5,288.95,1079463
2025-10-28T16:00:00+00:00,288.93,289.86,288.53,289.8,1049405
2025-10-28T17:00:00+00:00,289.81,290.62,289.73,290.62,1507410
2025-10-28T18:00:00+00:00,290.62,290.7,289.33,289.79,875328
2025-10-28T19:00:00+00:00,289.8,290.4,289.37,289.72,487557
2025-10-28T20:00:00+00:00,289.72,289.99,288.67,289.46,539205
2025-10-29T03:00:00+00:00,290.45,290.45,290.45,290.45,38209
2025-10-29T04:00:00+00:00,290.49,290.79,289.1,290.3,842490
2025-10-29T05:00:00+00:00,290.37,290.7,289.65,290.09,476961
2025-10-29T06:00:00+00:00,290.04,290.04,288.15,288.5,1515323
2025-10-29T07:00:00+00:00,288.5,290.46,288.16,290.08,3212900
2025-10-29T08:00:00+00:00,290.12,290.55,289.04,289.89,1900840
2025-10-29T09:00:00+00:00,289.86,290.06,289.04,289.73,1119164
2025-10-29T10:00:00+00:00,289.72,290.0,289.18,289.54,921172
2025-10-29T11:00:00+00:00,289.54,290.56,289.04,289.48,1664144
2025-10-29T12:00:00+00:00,289.49,289.96,288.75,289.43,1459931
2025-10-29T13:00:00+00:00,289.39,289.69,288.78,289.53,1687177
2025-10-29T14:00:00+00:00,289.52,289.84,288.96,289.51,1130236
2025-10-29T15:00:00+00:00,289.51,291.4,289.5,291.4,2754452
2025-10-29T16:00:00+00:00,291.33,291.51,290.7,291.0,1117838
2025-10-29T17:00:00+00:00,291.0,291.04,290.24,290.34,488262
2025-10-29T18:00:00+00:00,290.35,290.48,289.74,289.93,860037
2025-10-29T19:00:00+00:00,289.93,290.5,289.86,290.41,320839
2025-10-29T20:00:00+00:00,290.41,290.5,290.3,290.5,274303
2025-10-30T03:00:00+00:00,290.49,290.49,290.49,290.49,920
2025-10-30T04:00:00+00:00,290.49,290.49,289.13,290.0,616537
2025-10-30T05:00:00+00:00,290.0,290.42,289.5,289.89,246428
2025-10-30T06:00:00+00:00,289.89,292.64,289.82,292.25,2332263
2025-10-30T07:00:00+00:00,292.25,294.39,291.97,294.1,6186188
2025-10-30T08:00:00+00:00,294.1,296.0,293.67,295.29,8323704
2025-10-30T09:00:00+00:00,295.29,296.48,295.28,296.01,4422272
2025-10-30T10:00:00+00:00,296.02,296.16,295.02,295.23,2196305
2025-10-30T11:00:00+00:00,295.23,296.23,295.11,295.95,1770628
2025-10-30T12:00:00+00:00,295.95,296.5,295.46,296.14,2072808
2025-10-30T13:00:00+00:00,296.14,297.99,295.83,297.93,3075983
2025-10-30T14:00:00+00:00,297.96,298.0,296.13,296.34,2221330
2025-10-30T15:00:00+00:00,296.34,296.96,296.24,296.88,1102597
2025-10-30T16:00:00+00:00,296.72,297.44,296.53,297.14,1059988
2025-10-30T17:00:00+00:00,297.15,297.19,296.25,296.61,570622
2025-10-30T18:00:00+00:00,296.63,296.89,296.32,296.73,551446
2025-10-30T19:00:00+00:00,296.73,296.79,296.21,296.72,500441
2025-10-30T20:00:00+00:00,296.71,296.71,296.03,296.12,516288
2025-10-31T03:00:00+00:00,296.04,296.04,296.04,296.04,3158
2025-10-31T04:00:00+00:00,296.04,297.97,295.08,297.77,1324444
2025-10-31T05:00:00+00:00,297.74,297.9,297.07,297.8,757480
2025-10-31T06:00:00+00:00,297.8,297.8,295.5,296.1,2145124
2025-10-31T07:00:00+00:00,296.1,296.19,294.61,295.18,4279198
2025-10-31T08:00:00+00:00,295.16,295.87,293.6,293.98,3169952
2025-10-31T09:00:00+00:00,293.97,294.94,293.73,294.89,1626288
2025-10-31T10:00:00+00:00,294.88,294.9,293.75,293.83,1544887
2025-10-31T11:00:00+00:00,293.83,294.35,292.93,293.73,2746233
2025-10-31T12:00:00+00:00,293.73,293.97,293.37,293.53,1074465
2025-10-31T13:00:00+00:00,293.54,293.61,292.26,292.49,2816395
2025-10-31T14:00:00+00:00,292.48,293.59,292.3,292.98,1760446
2025-10-31T15:00:00+00:00,292.99,293.01,292.21,292.4,1284204
2025-10-31T16:00:00+00:00,292.45,292.9,291.52,292.13,1359753
2025-10-31T17:00:00+00:00,292.1,292.12,290.0,290.8,3993510
2025-10-31T18:00:00+00:00,290.78,291.38,290.41,291.0,657325
2025-10-31T19:00:00+00:00,290.99,291.24,290.65,290.86,395289
2025-10-31T20:00:00+00:00,290.85,292.3,290.79,291.89,737525
2025-11-01T03:00:00+00:00,292.0,292.0,292.0,292.0,1068
2025-11-01T04:00:00+00:00,292.02,293.3,290.35,293.26,824615
2025-11-01T05:00:00+00:00,293.26,294.42,292.94,293.6,1685607
2025-11-01T06:00:00+00:00,293.59,293.83,292.62,293.26,1091774
2025-11-01T07:00:00+00:00,293.27,294.22,293.27,294.19,1373114
2025-11-01T08:00:00+00:00,294.19,294.28,293.71,294.05,1741671
2025-11-01T09:00:00+00:00,294.05,294.42,293.56,293.75,719687
2025-11-01T10:00:00+00:00,293.75,293.87,293.12,293.53,676714
2025-11-01T11:00:00+00:00,293.5,293.65,292.8,292.87,518790
2025-11-01T12:00:00+00:00,292.87,293.26,292.44,293.05,838550
2025-11-01T13:00:00+00:00,293.05,293.77,293.03,293.67,740236
2025-11-01T14:00:00+00:00,293.66,293.68,293.29,293.47,488808
2025-11-01T15:00:00+00:00,293.47,294.09,293.32,294.08,838735
2025-11-01T16:00:00+00:00,294.0,294.05,292.81,293.46,390141
2025-11-01T17:00:00+00:00,293.47,293.58,293.43,293.55,106010
2025-11-01T18:00:00+00:00,293.55,293.57,293.24,293.26,112807
2025-11-01T19:00:00+00:00,293.26,293.6,293.23,293.56,194342
2025-11-01T20:00:00+00:00,293.57,293.86,293.3,293.7,480068
2025-11-01T23:00:00+00:00,294.4,294.4,293.1,294.07,6484
2025-11-02T00:00:00+00:00,294.07,294.07,293.7,293.74,1479
2025-11-02T01:00:00+00:00,294.01,294.01,293.55,293.55,554
2025-11-02T02:00:00+00:00,293.55,294.0,293.46,293.99,1005
2025-11-02T03:00:00+00:00,293.7,294.04,293.7,293.99,2410
2025-11-02T04:00:00+00:00,293.99,293.99,293.6,293.89,2531
2025-11-02T05:00:00+00:00,293.89,293.94,293.6,293.87,4941
2025-11-02T06:00:00+00:00,293.87,293.88,293.02,293.74,8742
2025-11-02T07:00:00+00:00,293.74,293.74,293.33,293.69,8847
2025-11-02T08:00:00+00:00,293.69,293.69,293.38,293.67,6219
2025-11-02T09:00:00+00:00,293.67,293.71,293.38,293.4,8045
2025-11-02T10:00:00+00:00,293.69,293.69,293.4,293.41,6377
2025-11-02T11:00:00+00:00,293.41,293.69,293.38,293.68,11436
2025-11-02T12:00:00+00:00,293.68,293.69,293.36,293.68,6200
2025-11-02T13:00:00+00:00,293.68,293.69,293.37,293.4,6156
2025-11-02T14:00:00+00:00,293.65,293.67,293.36,293.67,6821
2025-11-02T15:00:00+00:00,293.67,293.68,293.37,293.63,5322
2025-11-02T16:00:00+00:00,293.63,293.63,293.38,293.59,3335
2025-11-02T17:00:00+00:00,293.59,293.7,293.36,293.67,52267
2025-11-02T18:00:00+00:00,293.67,293.7,293.4,293.42,4279
2025-11-02T19:00:00+00:00,293.69,294.0,293.4,293.99,18698
2025-11-02T20:00:00+00:00,293.98,294.0,293.52,293.94,6478
2025-11-03T03:00:00+00:00,294.19,294.19,294.19,294.19,8787
2025-11-03T04:00:00+00:00,294.2,295.68,294.2,295.46,1064763
2025-11-03T05:00:00+00:00,295.46,295.5,295.07,295.5,445755
2025-11-03T06:00:00+00:00,295.47,297.44,295.45,296.9,2420881
2025-11-03T07:00:00+00:00,296.9,300.0,296.9,299.11,4482057
2025-11-03T08:00:00+00:00,299.1,299.29,297.41,298.05,2673403
2025-11-03T09:00:00+00:00,298.05,298.16,297.18,297.32,1430297
2025-11-03T10:00:00+00:00,297.33,297.9,297.12,297.52,690128
2025-11-03T11:00:00+00:00,297.52,298.63,297.45,298.15,1024514
2025-11-03T12:00:00+00:00,298.17,298.59,298.1,298.12,347232
2025-11-03T13:00:00+00:00,298.11,298.23,297.57,297.72,556145
2025-11-03T14:00:00+00:00,297.73,298.21,297.6,298.08,815147
2025-11-03T15:00:00+00:00,298.08,298.22,297.49,297.55,582467
2025-11-03T16:00:00+00:00,297.55,298.15,297.49,298.0,253491
2025-11-03T17:00:00+00:00,298.02,298.02,297.8,297.86,120818
2025-11-03T18:00:00+00:00,297.87,297.91,297.73,297.74,283256
2025-11-03T19:00:00+00:00,297.74,297.81,297.73,297.77,207711
2025-11-03T20:00:00+00:00,297.76,298.05,297.66,298.04,563510
2025-11-03T23:00:00+00:00,299.17,299.17,296.67,298.25,1345
2025-11-04T00:00:00+00:00,298.25,298.33,297.78,298.33,1139
2025-11-04T01:00:00+00:00,298.33,298.48,298.07,298.08,305
2025-11-04T02:00:00+00:00,298.46,298.58,298.08,298.55,486
2025-11-04T03:00:00+00:00,298.55,298.55,297.31,297.7,7320
2025-11-04T04:00:00+00:00,297.6,298.16,297.48,297.99,2231
2025-11-04T05:00:00+00:00,297.7,297.99,297.17,297.4,52581
2025-11-04T06:00:00+00:00,297.2,299.25,297.2,298.38,86280
2025-11-04T07:00:00+00:00,298.38,298.38,297.64,297.94,5769
2025-11-04T08:00:00+00:00,297.74,298.22,297.72,298.2,12235
2025-11-04T09:00:00+00:00,298.2,298.26,297.72,298.04,18711
2025-11-04T10:00:00+00:00,298.0,298.04,297.55,297.94,16128
2025-11-04T11:00:00+00:00,297.59,298.03,297.59,298.0,8178
2025-11-04T12:00:00+00:00,298.0,298.04,297.75,297.84,8195
2025-11-04T13:00:00+00:00,298.04,298.17,297.83,297.9,14457
2025-11-04T14:00:00+00:00,298.16,298.17,297.9,297.91,12335
2025-11-04T15:00:00+00:00,298.04,298.17,297.91,297.92,11340
2025-11-04T16:00:00+00:00,298.05,298.16,297.92,298.13,6104
2025-11-04T17:00:00+00:00,298.13,298.25,297.89,297.89,19998
2025-11-04T18:00:00+00:00,297.89,298.0,297.63,297.99,21812
2025-11-04T19:00:00+00:00,297.99,298.0,297.68,297.68,8268
2025-11-04T20:00:00+00:00,297.68,298.0,297.55,297.7,17399
2025-11-05T03:00:00+00:00,297.64,297.64,297.64,297.64,40865
2025-11-05T04:00:00+00:00,297.65,298.26,295.42,296.07,1874215
2025-11-05T05:00:00+00:00,295.97,297.43,295.91,296.77,812287
2025-11-05T06:00:00+00:00,296.76,297.14,295.9,296.23,1632939
2025-11-05T07:00:00+00:00,296.23,296.42,294.99,295.6,3014130
2025-11-05T08:00:00+00:00,295.56,296.87,295.42,296.67,1928598
2025-11-05T09:00:00+00:00,296.7,297.49,296.35,296.92,1385316
2025-11-05T10:00:00+00:00,296.92,298.82,296.92,298.34,3063316
2025-11-05T11:00:00+00:00,298.36,298.65,298.07,298.28,1569422
2025-11-05T12:00:00+00:00,298.34,298.55,297.59,297.78,1198526
2025-11-05T13:00:00+00:00,297.76,298.68,296.07,296.15,2905324
2025-11-05T14:00:00+00:00,296.15,297.07,294.06,294.15,8448259
2025-11-05T15:00:00+00:00,294.15,295.44,293.88,294.9,2888303
2025-11-05T16:00:00+00:00,294.93,296.24,294.36,295.78,1556439
2025-11-05T17:00:00+00:00,295.78,295.88,295.39,295.56,282040
2025-11-05T18:00:00+00:00,295.55,295.98,295.23,295.72,446765
2025-11-05T19:00:00+00:00,295.73,295.9,295.69,295.82,188109
2025-11-05T20:00:00+00:00,295.81,295.98,295.41,295.7,502591
2025-11-06T03:00:00+00:00,295.73,295.73,295.73,295.73,11435
2025-11-06T04:00:00+00:00,295.73,296.93,295.73,296.44,549965
2025-11-06T05:00:00+00:00,296.42,296.83,295.91,296.27,546847
2025-11-06T06:00:00+00:00,296.27,296.75,296.16,296.61,696006
2025-11-06T07:00:00+00:00,296.65,296.85,294.32,294.52,3271558
2025-11-06T08:00:00+00:00,294.51,295.26,294.1,294.99,2109359
2025-11-06T09:00:00+00:00,294.98,294.98,293.89,294.38,1769440
2025-11-06T10:00:00+00:00,294.38,294.47,292.01,292.84,5445855
2025-11-06T11:00:00+00:00,292.84,293.51,292.1,293.5,2301466
2025-11-06T12:00:00+00:00,293.51,294.18,293.23,293.61,1449824
2025-11-06T13:00:00+00:00,293.61,293.61,292.51,292.72,1199564
2025-11-06T14:00:00+00:00,292.72,294.04,292.58,293.59,1036680
2025-11-06T15:00:00+00:00,293.6,294.42,293.12,294.4,1068608
2025-11-06T16:00:00+00:00,294.41,294.41,293.89,293.92,457396
2025-11-06T17:00:00+00:00,293.92,294.7,293.74,294.58,922198
2025-11-06T18:00:00+00:00,294.57,294.73,294.2,294.35,371681
2025-11-06T19:00:00+00:00,294.35,294.5,294.15,294.37,412559
2025-11-06T20:00:00+00:00,294.36,294.67,294.06,294.27,404727
2025-11-07T03:00:00+00:00,293.5,293.5,293.5,293.5,32939
2025-11-07T04:00:00+00:00,293.72,295.2,292.52,294.56,1125867
2025-11-07T05:00:00+00:00,294.68,295.7,294.3,294.68,1029083
2025-11-07T06:00:00+00:00,294.67,295.5,294.5,295.28,1649137
2025-11-07T07:00:00+00:00,295.28,296.65,295.2,296.11,3816019
2025-11-07T08:00:00+00:00,296.13,296.48,295.74,296.32,1121595
2025-11-07T09:00:00+00:00,296.32,297.75,296.32,297.05,2398625
2025-11-07T10:00:00+00:00,297.05,297.81,296.85,296.89,1413210
2025-11-07T11:00:00+00:00,296.89,297.42,296.62,296.79,983207
2025-11-07T12:00:00+00:00,296.79,296.95,296.04,296.15,1309173
2025-11-07T13:00:00+00:00,296.14,296.78,295.8,296.45,1232200
2025-11-07T14:00:00+00:00,296.45,297.5,296.44,297.49,1332194
2025-11-07T15:00:00+00:00,297.5,297.72,296.77,297.02,1011752
2025-11-07T16:00:00+00:00,297.0,297.46,296.77,296.84,454366
2025-11-07T17:00:00+00:00,296.8,298.09,296.74,296.89,1200576
2025-11-07T18:00:00+00:00,296.89,296.89,296.0,296.45,1156909
2025-11-07T19:00:00+00:00,296.43,296.7,296.16,296.69,395559
2025-11-07T20:00:00+00:00,296.69,296.93,296.48,296.84,407064
2025-11-07T23:00:00+00:00,296.8,298.0,295.85,297.98,11103
2025-11-08T00:00:00+00:00,297.62,300.0,296.81,298.26,28158
2025-11-08T01:00:00+00:00,298.0,299.29,297.81,297.95,5642
2025-11-08T02:00:00+00:00,297.95,299.05,297.56,297.7,19143
2025-11-08T03:00:00+00:00,297.71,298.28,297.71,297.78,3930
2025-11-08T04:00:00+00:00,297.78,298.47,297.71,298.13,10753
2025-11-08T05:00:00+00:00,298.13,298.14,297.56,297.75,9413
2025-11-08T06:00:00+00:00,297.57,297.75,297.23,297.27,17341
2025-11-08T07:00:00+00:00,297.27,298.27,296.89,297.39,570696
2025-11-08T08:00:00+00:00,297.39,297.39,296.8,296.91,246105
2025-11-08T09:00:00+00:00,296.88,297.04,296.86,296.92,102936
2025-11-08T10:00:00+00:00,296.97,297.08,296.7,296.8,310418
2025-11-08T11:00:00+00:00,296.8,297.67,296.74,297.64,538442
2025-11-08T12:00:00+00:00,297.64,298.44,297.63,297.9,727587
2025-11-08T13:00:00+00:00,297.88,297.94,297.51,297.81,163898
2025-11-08T14:00:00+00:00,297.82,298.44,297.63,298.01,418815
2025-11-08T15:00:00+00:00,298.01,298.04,297.71,297.93,111693
2025-11-08T16:00:00+00:00,298.11,298.11,297.06,297.6,5571
2025-11-08T17:00:00+00:00,297.6,297.92,297.5,297.85,7902
2025-11-08T18:00:00+00:00,297.57,297.92,297.51,297.55,9221
2025-11-08T19:00:00+00:00,297.55,297.92,297.53,297.9,5540
2025-11-08T20:00:00+00:00,297.9,297.9,297.56,297.9,11033
2025-11-08T23:00:00+00:00,299.36,299.36,296.6,297.38,1488
2025-11-09T00:00:00+00:00,297.97,298.13,297.4,298.09,1459
2025-11-09T01:00:00+00:00,298.09,298.12,297.43,298.11,676
2025-11-09T02:00:00+00:00,297.56,298.18,297.56,298.16,900
2025-11-09T03:00:00+00:00,298.16,298.59,297.66,298.22,3949
2025-11-09T04:00:00+00:00,297.85,299.0,297.42,298.14,45516
2025-11-09T05:00:00+00:00,298.71,298.75,297.63,298.49,18063
2025-11-09T06:00:00+00:00,298.49,298.51,297.93,297.93,4319
2025-11-09T07:00:00+00:00,297.93,298.35,297.66,297.77,106948
2025-11-09T08:00:00+00:00,297.78,297.94,297.59,297.85,62999
2025-11-09T09:00:00+00:00,297.84,297.94,297.72,297.87,28487
2025-11-09T10:00:00+00:00,297.88,297.98,297.8,297.9,51252
2025-11-09T11:00:00+00:00,297.94,298.0,297.8,297.99,37370
2025-11-09T12:00:00+00:00,297.98,298.0,297.7,297.92,67985
2025-11-09T13:00:00+00:00,297.92,297.98,297.78,297.85,30618
2025-11-09T14:00:00+00:00,297.87,297.98,297.77,297.94,35719
2025-11-09T15:00:00+00:00,297.94,298.0,297.81,297.97,182179
2025-11-09T16:00:00+00:00,298.12,298.21,297.54,298.08,7972
2025-11-09T17:00:00+00:00,298.08,298.09,297.8,298.08,4854
2025-11-09T18:00:00+00:00,298.08,298.09,297.8,297.82,9868
2025-11-09T19:00:00+00:00,297.83,298.1,297.82,297.93,7890
2025-11-09T20:00:00+00:00,298.1,298.1,297.94,298.1,7697
2025-11-10T03:00:00+00:00,297.97,297.97,297.97,297.97,9872
2025-11-10T04:00:00+00:00,297.95,299.37,297.36,298.89,1042403
2025-11-10T05:00:00+00:00,298.89,299.43,298.53,298.76,558338
2025-11-10T06:00:00+00:00,298.77,299.3,298.2,299.06,1206560
2025-11-10T07:00:00+00:00,299.06,302.48,298.73,302.48,9902645
2025-11-10T08:00:00+00:00,302.46,302.57,301.67,301.73,4287686
2025-11-10T09:00:00+00:00,301.73,302.79,301.69,301.83,3087336
2025-11-10T10:00:00+00:00,301.82,302.3,301.37,302.2,2159935
2025-11-10T11:00:00+00:00,302.22,302.4,301.41,301.7,2364317
2025-11-10T12:00:00+00:00,301.7,301.9,300.77,301.35,3716375
2025-11-10T13:00:00+00:00,301.35,301.39,300.1,300.72,2962354
2025-11-10T14:00:00+00:00,300.73,300.96,299.33,299.59,2874168
2025-11-10T15:00:00+00:00,299.58,300.0,298.82,299.9,2028398
2025-11-10T16:00:00+00:00,299.9,300.25,299.33,299.93,720318
2025-11-10T17:00:00+00:00,299.93,301.2,299.75,301.04,1114468
2025-11-10T18:00:00+00:00,301.04,301.04,300.09,300.79,532713
2025-11-10T19:00:00+00:00,300.78,300.9,300.26,300.37,279111
2025-11-10T20:00:00+00:00,300.36,300.63,300.07,300.46,332842
2025-11-11T03:00:00+00:00,300.86,300.86,300.86,300.86,5099
2025-11-11T04:00:00+00:00,300.86,301.2,299.12,299.98,1034449
2025-11-11T05:00:00+00:00,299.98,301.4,299.82,300.7,632254
2025-11-11T06:00:00+00:00,300.68,301.05,299.98,300.64,690956
2025-11-11T07:00:00+00:00,300.64,301.63,298.75,299.0,4440946
2025-11-11T08:00:00+00:00,299.0,299.8,298.95,299.09,1254037
2025-11-11T09:00:00+00:00,299.09,299.77,298.06,299.52,1938394
2025-11-11T10:00:00+00:00,299.52,299.72,298.95,299.48,1130552
2025-11-11T11:00:00+00:00,299.48,301.87,299.31,301.15,2728472
2025-11-11T12:00:00+00:00,301.15,301.48,299.94,300.74,2583857
2025-11-11T13:00:00+00:00,300.75,301.3,300.62,301.2,1340948
2025-11-11T14:00:00+00:00,301.27,301.5,300.79,300.88,985008
2025-11-11T15:00:00+00:00,300.88,300.9,299.99,300.0,928280
2025-11-11T16:00:00+00:00,300.15,300.73,300.02,300.5,373175
2025-11-11T17:00:00+00:00,300.5,301.4,300.4,301.4,682071
2025-11-11T18:00:00+00:00,301.4,301.42,300.96,301.05,295909
2025-11-11T19:00:00+00:00,301.06,301.19,300.96,301.08,155172
2025-11-11T20:00:00+00:00,301.08,301.15,300.96,301.12,289522
2025-11-12T03:00:00+00:00,301.15,301.15,301.15,301.15,7412
2025-11-12T04:00:00+00:00,301.2,301.5,300.88,301.0,277604
2025-11-12T05:00:00+00:00,301.04,301.3,300.8,301.29,227983
2025-11-12T06:00:00+00:00,301.28,301.69,300.69,301.39,1123544
2025-11-12T07:00:00+00:00,301.41,301.89,300.17,300.51,2487265
2025-11-12T08:00:00+00:00,300.5,300.74,299.51,300.4,1975714
2025-11-12T09:00:00+00:00,300.39,300.94,300.0,300.57,1194736
2025-11-12T10:00:00+00:00,300.57,300.6,299.06,299.33,1695536
2025-11-12T11:00:00+00:00,299.28,299.94,299.1,299.48,1351976
2025-11-12T12:00:00+00:00,299.49,299.49,298.33,299.11,3578842
2025-11-12T13:00:00+00:00,299.11,299.27,298.41,298.5,1116828
2025-11-12T14:00:00+00:00,298.5,298.61,297.1,297.87,4025042
2025-11-12T15:00:00+00:00,297.88,298.36,297.5,297.66,1134414
2025-11-12T16:00:00+00:00,297.66,298.07,296.81,297.98,1551518
2025-11-12T17:00:00+00:00,297.98,298.07,297.75,298.01,424334
2025-11-12T18:00:00+00:00,298.0,298.9,297.99,298.81,1204520
2025-11-12T19:00:00+00:00,298.8,299.2,298.8,298.93,640467
2025-11-12T20:00:00+00:00,298.92,299.1,298.66,299.09,311427
2025-11-13T03:00:00+00:00,299.0,299.0,299.0,299.0,5070
2025-11-13T04:00:00+00:00,299.0,299.32,298.4,298.95,306103
2025-11-13T05:00:00+00:00,299.0,299.3,298.89,299.3,197405
2025-11-13T06:00:00+00:00,299.23,300.33,299.14,299.42,968539
2025-11-13T07:00:00+00:00,299.49,299.85,298.14,299.09,2177167
2025-11-13T08:00:00+00:00,299.1,301.53,298.84,300.72,4018572
2025-11-13T09:00:00+00:00,300.72,300.93,299.92,300.0,1676427
2025-11-13T10:00:00+00:00,300.0,300.31,299.14,299.58,1287875
2025-11-13T11:00:00+00:00,299.58,299.6,298.91,299.27,809296
2025-11-13T12:00:00+00:00,299.27,299.88,299.06,299.36,979240
2025-11-13T13:00:00+00:00,299.36,299.59,298.56,299.0,689906
2025-11-13T14:00:00+00:00,298.99,299.25,297.67,298.31,1591709
2025-11-13T15:00:00+00:00,298.32,299.25,297.97,299.25,477671
2025-11-13T16:00:00+00:00,299.26,299.38,298.85,299.2,327299
2025-11-13T17:00:00+00:00,299.2,299.55,298.95,299.54,368604
2025-11-13T18:00:00+00:00,299.54,299.96,299.24,299.36,462855
2025-11-13T19:00:00+00:00,299.42,299.46,299.01,299.22,126128
2025-11-13T20:00:00+00:00,299.22,299.29,298.4,299.09,383617
2025-11-14T03:00:00+00:00,299.09,299.09,299.09,299.09,598
2025-11-14T04:00:00+00:00,299.09,299.54,298.53,299.19,143973
2025-11-14T05:00:00+00:00,299.19,299.23,298.82,299.22,142908
2025-11-14T06:00:00+00:00,299.21,299.29,298.51,298.97,581411
2025-11-14T07:00:00+00:00,298.99,299.7,297.9,297.99,1446705
2025-11-14T08:00:00+00:00,297.99,298.0,296.85,296.87,4014495
2025-11-14T09:00:00+00:00,296.86,297.2,296.32,296.93,2574271
2025-11-14T10:00:00+00:00,296.93,297.47,296.4,296.7,1262213
2025-11-14T11:00:00+00:00,296.69,296.91,295.89,296.1,1872604
2025-11-14T12:00:00+00:00,296.1,297.19,295.5,296.85,2102067
2025-11-14T13:00:00+00:00,296.82,297.08,295.8,296.17,821685
2025-11-14T14:00:00+00:00,296.16,296.89,296.0,296.37,1235346
2025-11-14T15:00:00+00:00,296.37,297.1,296.3,297.0,678497
2025-11-14T16:00:00+00:00,297.01,297.2,296.68,296.97,549273
2025-11-14T17:00:00+00:00,296.99,297.15,296.9,297.01,395297
2025-11-14T18:00:00+00:00,297.02,297.02,296.81,296.88,150152
2025-11-14T19:00:00+00:00,296.89,297.31,296.75,297.15,712700
2025-11-14T20:00:00+00:00,297.15,297.45,296.67,297.44,966900
2025-11-14T23:00:00+00:00,297.01,298.59,296.8,297.21,1456
2025-11-15T00:00:00+00:00,297.21,297.9,297.2,297.89,1564
2025-11-15T01:00:00+00:00,297.46,297.89,297.44,297.88,1072
2025-11-15T02:00:00+00:00,297.87,297.89,297.44,297.86,552
2025-11-15T03:00:00+00:00,297.86,297.89,297.23,297.85,4919
2025-11-15T04:00:00+00:00,297.32,297.85,297.23,297.34,2349
2025-11-15T05:00:00+00:00,297.34,297.73,297.33,297.68,4590
2025-11-15T06:00:00+00:00,297.68,297.68,297.23,297.44,5475
2025-11-15T07:00:00+00:00,297.46,297.89,296.8,297.0,213299
2025-11-15T08:00:00+00:00,297.0,297.2,296.85,297.1,96909
2025-11-15T09:00:00+00:00,297.07,297.2,297.01,297.19,50736
2025-11-15T10:00:00+00:00,297.19,297.28,297.03,297.24,59488
2025-11-15T11:00:00+00:00,297.25,297.28,297.01,297.14,33374
2025-11-15T12:00:00+00:00,297.14,297.35,297.09,297.28,43143
2025-11-15T13:00:00+00:00,297.28,297.43,297.24,297.3,42576
2025-11-15T14:00:00+00:00,297.3,297.37,297.12,297.14,54882
2025-11-15T15:00:00+00:00,297.14,297.43,297.09,297.17,69188
2025-11-15T16:00:00+00:00,296.37,297.63,295.35,296.47,18091
2025-11-15T17:00:00+00:00,296.55,296.75,296.25,296.6,16621
2025-11-15T18:00:00+00:00,296.32,296.6,296.25,296.32,13918
2025-11-15T19:00:00+00:00,296.32,296.6,296.32,296.6,2126
2025-11-15T20:00:00+00:00,296.6,297.17,296.37,297.17,12313
2025-11-15T23:00:00+00:00,298.4,298.4,295.68,297.29,7463
2025-11-16T00:00:00+00:00,297.29,297.29,296.41,297.22,621
2025-11-16T01:00:00+00:00,296.61,297.22,296.37,297.17,1001
2025-11-16T02:00:00+00:00,297.17,297.17,296.4,296.51,385
2025-11-16T03:00:00+00:00,297.09,297.1,296.36,296.96,2035
2025-11-16T04:00:00+00:00,296.5,296.99,296.18,296.9,6829
2025-11-16T05:00:00+00:00,296.42,296.89,296.41,296.48,1874
2025-11-16T06:00:00+00:00,296.48,297.1,296.48,297.1,6039
2025-11-16T07:00:00+00:00,297.09,297.15,296.71,296.9,133448
2025-11-16T08:00:00+00:00,296.89,297.2,296.73,297.16,67273
2025-11-16T09:00:00+00:00,297.11,297.17,296.66,296.84,95706
2025-11-16T10:00:00+00:00,296.84,297.03,296.82,297.01,34969
2025-11-16T11:00:00+00:00,297.02,297.03,297.0,297.02,15425
2025-11-16T12:00:00+00:00,297.02,297.05,296.83,297.04,29561
2025-11-16T13:00:00+00:00,297.04,297.17,296.89,297.12,40240
2025-11-16T14:00:00+00:00,297.08,297.15,296.93,297.15,35061
2025-11-16T15:00:00+00:00,297.15,297.19,296.88,297.0,72813
2025-11-16T16:00:00+00:00,298.38,298.38,296.0,297.2,9825
2025-11-16T17:00:00+00:00,297.2,297.46,296.91,297.05,3862
2025-11-16T18:00:00+00:00,297.05,297.44,296.73,297.15,5274
2025-11-16T19:00:00+00:00,297.15,297.32,296.74,296.94,3415
2025-11-16T20:00:00+00:00,297.2,297.29,296.94,297.28,2904
2025-11-17T03:00:00+00:00,296.02,296.02,296.02,296.02,30063
2025-11-17T04:00:00+00:00,296.28,296.55,295.05,295.98,1040878
2025-11-17T05:00:00+00:00,295.97,296.15,295.93,295.95,283654
2025-11-17T06:00:00+00:00,295.95,296.08,295.3,295.49,1110474
2025-11-17T07:00:00+00:00,295.5,295.5,293.64,294.35,5632091
2025-11-17T08:00:00+00:00,294.36,295.29,294.2,295.15,1582991
2025-11-17T09:00:00+00:00,295.15,296.27,295.07,295.88,2140740
2025-11-17T10:00:00+00:00,295.81,296.05,294.72,295.02,956248
2025-11-17T11:00:00+00:00,295.06,296.0,294.22,295.18,1651158
2025-11-17T12:00:00+00:00,295.17,295.26,294.58,294.66,603615
2025-11-17T13:00:00+00:00,294.66,294.79,293.81,294.67,1736360
2025-11-17T14:00:00+00:00,294.67,295.89,294.52,295.31,1869760
2025-11-17T15:00:00+00:00,295.3,296.2,295.26,295.4,793909
2025-11-17T16:00:00+00:00,295.69,295.98,295.4,295.54,393835
2025-11-17T17:00:00+00:00,295.54,295.63,295.25,295.3,179663
2025-11-17T18:00:00+00:00,295.29,295.29,294.5,294.64,563632
2025-11-17T19:00:00+00:00,294.65,295.38,294.5,294.73,530111
2025-11-17T20:00:00+00:00,294.73,294.96,294.53,294.68,263889
2025-11-18T03:00:00+00:00,294.68,294.68,294.68,294.68,1494
2025-11-18T04:00:00+00:00,294.68,295.38,294.1,295.22,418210
2025-11-18T05:00:00+00:00,295.12,295.3,294.6,294.79,122918
2025-11-18T06:00:00+00:00,294.76,295.0,294.4,294.57,683845
2025-11-18T07:00:00+00:00,294.56,298.71,293.33,297.37,12009867
2025-11-18T08:00:00+00:00,297.37,302.0,296.68,301.68,12312143
2025-11-18T09:00:00+00:00,301.65,302.86,300.74,301.05,7299097
2025-11-18T10:00:00+00:00,301.05,301.45,300.0,300.86,2199994
2025-11-18T11:00:00+00:00,300.86,301.7,300.06,301.0,1889621
2025-11-18T12:00:00+00:00,300.99,301.38,299.43,300.01,3078569
2025-11-18T13:00:00+00:00,300.01,300.8,299.71,299.9,1237964
2025-11-18T14:00:00+00:00,299.9,301.29,299.7,300.02,1329582
2025-11-18T15:00:00+00:00,300.01,300.5,299.82,300.43,512644
2025-11-18T16:00:00+00:00,300.37,300.5,299.77,300.22,624631
2025-11-18T17:00:00+00:00,300.22,300.4,299.99,300.25,298544
2025-11-18T18:00:00+00:00,300.24,300.48,300.06,300.31,364766
2025-11-18T19:00:00+00:00,300.32,301.5,300.32,301.07,1145941
2025-11-18T20:00:00+00:00,301.07,301.13,298.51,299.44,1730315
2025-11-19T03:00:00+00:00,300.0,300.0,300.0,300.0,6603
2025-11-19T04:00:00+00:00,300.0,301.4,299.1,301.36,1377744
2025-11-19T05:00:00+00:00,301.34,301.69,300.95,301.54,672751
2025-11-19T06:00:00+00:00,301.53,302.0,301.0,301.59,846788
2025-11-19T07:00:00+00:00,301.59,302.0,300.87,301.6,2093611
2025-11-19T08:00:00+00:00,301.6,301.72,299.5,300.15,3779775
2025-11-19T09:00:00+00:00,300.14,300.14,298.66,299.22,1674807
2025-11-19T10:00:00+00:00,299.22,300.14,299.03,299.86,785877
2025-11-19T11:00:00+00:00,299.9,303.36,299.51,303.12,7361435
2025-11-19T12:00:00+00:00,303.12,304.14,302.65,303.71,6372388
2025-11-19T13:00:00+00:00,303.72,309.9,303.72,308.7,15238657
2025-11-19T14:00:00+00:00,308.7,309.0,306.02,306.81,5832247
2025-11-19T15:00:00+00:00,306.82,306.9,305.19,305.97,2410441
2025-11-19T16:00:00+00:00,305.79,308.3,304.86,307.83,3576904
2025-11-19T17:00:00+00:00,307.84,307.89,306.5,307.32,1845486
2025-11-19T18:00:00+00:00,307.31,307.87,304.22,305.37,3843267
2025-11-19T19:00:00+00:00,305.35,305.43,304.04,304.7,1726858
2025-11-19T20:00:00+00:00,304.7,305.08,304.22,304.75,686926
2025-11-20T03:00:00+00:00,304.76,304.76,304.76,304.76,3315
2025-11-20T04:00:00+00:00,304.76,306.98,304.75,306.46,1365766
2025-11-20T05:00:00+00:00,306.46,307.24,305.72,306.58,732567
2025-11-20T06:00:00+00:00,306.57,306.57,305.11,305.48,1107665
2025-11-20T07:00:00+00:00,305.48,306.05,303.33,304.19,2885431
2025-11-20T08:00:00+00:00,304.2,304.64,303.0,304.53,2176408
2025-11-20T09:00:00+00:00,304.5,306.2,303.78,305.19,3104696
2025-11-20T10:00:00+00:00,305.18,305.84,304.15,304.77,1518894
2025-11-20T11:00:00+00:00,304.76,304.79,303.6,303.98,1115455
2025-11-20T12:00:00+00:00,303.98,303.98,302.75,303.85,2295758
2025-11-20T13:00:00+00:00,303.85,304.17,302.25,302.36,1676362
2025-11-20T14:00:00+00:00,302.36,303.32,302.0,302.06,1870461
2025-11-20T15:00:00+00:00,302.06,302.83,301.78,302.83,1157753
2025-11-20T16:00:00+00:00,302.7,303.85,302.38,302.49,1262475
2025-11-20T17:00:00+00:00,302.49,308.88,302.24,307.5,5762927
2025-11-20T18:00:00+00:00,307.5,308.8,304.53,306.23,9285910
2025-11-20T19:00:00+00:00,306.23,307.4,305.32,306.76,2366376
2025-11-20T20:00:00+00:00,306.73,308.3,306.73,307.89,2663914
2025-11-21T03:00:00+00:00,308.5,308.5,308.5,308.5,33404
2025-11-21T04:00:00+00:00,308.4,309.23,306.5,309.0,3058521
2025-11-21T05:00:00+00:00,309.01,309.2,306.8,307.13,1879010
2025-11-21T06:00:00+00:00,307.14,307.69,306.61,306.95,1585329
2025-11-21T07:00:00+00:00,306.95,307.98,305.8,306.98,4272917
2025-11-21T08:00:00+00:00,306.98,307.29,305.6,305.91,2602386
2025-11-21T09:00:00+00:00,305.91,306.5,305.8,306.23,862005
2025-11-21T10:00:00+00:00,306.25,306.25,304.9,305.47,1292168
2025-11-21T11:00:00+00:00,305.51,305.82,304.8,304.96,1354562
2025-11-21T12:00:00+00:00,304.99,306.84,304.63,305.75,2728915
2025-11-21T13:00:00+00:00,305.74,305.86,304.22,304.39,1860465
2025-11-21T14:00:00+00:00,304.38,307.9,304.27,307.06,3781542
2025-11-21T15:00:00+00:00,307.05,307.48,306.84,306.85,1891144
2025-11-21T16:00:00+00:00,306.85,307.38,306.3,307.07,1215467
2025-11-21T17:00:00+00:00,307.1,308.38,307.0,307.82,2544145
2025-11-21T18:00:00+00:00,307.79,307.82,307.01,307.35,635220
2025-11-21T19:00:00+00:00,307.38,307.6,307.01,307.43,268300
2025-11-21T20:00:00+00:00,307.44,307.5,306.61,306.7,471010
2025-11-21T23:00:00+00:00,307.98,307.98,306.3,307.68,5236
2025-11-22T00:00:00+00:00,307.66,317.05,307.13,310.68,245650
2025-11-22T01:00:00+00:00,310.7,311.06,308.74,309.17,93794
2025-11-22T02:00:00+00:00,309.29,309.98,309.06,309.22,30096
2025-11-22T03:00:00+00:00,309.22,309.59,309.07,309.42,14482
2025-11-22T04:00:00+00:00,309.42,309.57,307.87,308.54,73669
2025-11-22T05:00:00+00:00,308.54,308.6,307.47,308.25,23328
2025-11-22T06:00:00+00:00,308.25,309.2,307.87,308.92,36362
2025-11-22T07:00:00+00:00,308.93,309.3,308.43,309.0,63986
2025-11-22T08:00:00+00:00,309.08,309.09,308.73,308.78,24836
2025-11-22T09:00:00+00:00,309.08,309.1,308.51,308.98,33175
2025-11-22T10:00:00+00:00,308.98,309.02,308.5,308.54,22216
2025-11-22T11:00:00+00:00,308.98,311.0,308.55,310.85,269029
2025-11-22T12:00:00+00:00,310.85,310.85,309.5,309.97,85751
2025-11-22T13:00:00+00:00,309.97,310.0,309.5,309.83,37328
2025-11-22T14:00:00+00:00,309.83,309.85,309.0,309.23,46041
2025-11-22T15:00:00+00:00,309.22,309.81,308.75,309.38,28432
2025-11-22T16:00:00+00:00,309.08,309.75,308.98,309.4,22453
2025-11-22T17:00:00+00:00,309.05,309.4,308.5,308.67,44401
2025-11-22T18:00:00+00:00,308.67,309.29,308.2,308.21,45036
2025-11-22T19:00:00+00:00,308.22,308.93,308.21,308.92,22516
2025-11-22T20:00:00+00:00,308.92,308.93,308.48,308.6,14344
2025-11-22T23:00:00+00:00,309.2,309.91,308.27,309.17,7096
2025-11-23T00:00:00+00:00,309.17,309.55,309.0,309.49,1558
2025-11-23T01:00:00+00:00,309.49,309.5,308.67,309.42,3415
2025-11-23T02:00:00+00:00,309.42,309.42,308.8,309.36,1221
2025-11-23T03:00:00+00:00,309.02,309.36,308.79,308.79,1603
2025-11-23T04:00:00+00:00,308.79,310.1,308.51,309.34,35369
2025-11-23T05:00:00+00:00,309.35,309.78,309.09,309.26,3598
2025-11-23T06:00:00+00:00,309.28,309.54,308.5,308.84,35689
2025-11-23T07:00:00+00:00,308.63,309.44,308.62,309.3,26436
2025-11-23T08:00:00+00:00,309.3,309.31,308.72,308.75,19302
2025-11-23T09:00:00+00:00,308.75,309.31,308.75,309.22,9976
2025-11-23T10:00:00+00:00,309.22,309.27,308.75,309.0,15125
2025-11-23T11:00:00+00:00,309.0,309.53,308.69,308.97,37934
2025-11-23T12:00:00+00:00,308.97,309.0,308.6,308.99,52848
2025-11-23T13:00:00+00:00,308.99,308.99,308.6,308.61,20071
2025-11-23T14:00:00+00:00,308.87,309.0,308.61,308.95,12803
2025-11-23T15:00:00+00:00,308.95,308.96,308.61,308.8,17143
2025-11-23T16:00:00+00:00,308.8,309.22,308.64,309.11,19419
2025-11-23T17:00:00+00:00,309.18,309.5,308.8,309.48,54980
2025-11-23T18:00:00+00:00,309.1,309.49,308.88,308.9,24451
2025-11-23T19:00:00+00:00,308.91,309.46,308.88,309.37,34196
2025-11-23T20:00:00+00:00,309.37,309.44,308.89,309.36,52111
2025-11-24T03:00:00+00:00,308.67,308.67,308.67,308.67,62289
2025-11-24T04:00:00+00:00,308.67,309.95,308.18,308.98,2420436
2025-11-24T05:00:00+00:00,308.98,309.2,308.5,308.97,772664
2025-11-24T06:00:00+00:00,308.92,308.94,308.35,308.52,1611136
2025-11-24T07:00:00+00:00,308.53,309.5,307.57,307.77,3258033
2025-11-24T08:00:00+00:00,307.77,307.8,304.63,304.81,3341626
2025-11-24T09:00:00+00:00,304.78,306.42,304.6,304.92,2607330
2025-11-24T10:00:00+00:00,304.92,305.32,303.7,305.14,3309720
2025-11-24T11:00:00+00:00,305.14,305.75,304.59,305.57,1229440
2025-11-24T12:00:00+00:00,305.58,305.68,304.54,304.81,1051925
2025-11-24T13:00:00+00:00,304.8,306.22,304.6,305.31,1620918
2025-11-24T14:00:00+00:00,305.32,305.48,304.02,304.95,1972739
2025-11-24T15:00:00+00:00,304.95,305.42,304.85,305.03,548505
2025-11-24T16:00:00+00:00,305.09,305.47,304.12,304.91,1152379
2025-11-24T17:00:00+00:00,304.87,305.25,304.76,305.04,254798
2025-11-24T18:00:00+00:00,305.07,305.22,304.71,304.89,326630
2025-11-24T19:00:00+00:00,304.89,305.19,304.76,304.86,405735
2025-11-24T20:00:00+00:00,304.89,305.98,304.86,305.87,595669
2025-11-25T03:00:00+00:00,306.0,306.0,306.0,306.0,3130
2025-11-25T04:00:00+00:00,306.0,306.39,305.36,306.18,411976
2025-11-25T05:00:00+00:00,306.19,306.49,305.76,305.77,300380
2025-11-25T06:00:00+00:00,305.77,306.63,304.84,305.91,1361078
2025-11-25T07:00:00+00:00,305.92,307.0,305.67,306.12,1494897
2025-11-25T08:00:00+00:00,306.12,306.29,303.91,304.34,2070287
2025-11-25T09:00:00+00:00,304.35,305.0,303.0,304.29,3124508
2025-11-25T10:00:00+00:00,304.28,304.8,304.24,304.61,841512
2025-11-25T11:00:00+00:00,304.61,305.8,304.05,304.22,1427109
2025-11-25T12:00:00+00:00,304.22,307.97,303.8,305.7,6462378
2025-11-25T13:00:00+00:00,305.7,306.95,305.59,306.91,2195208
2025-11-25T14:00:00+00:00,306.87,307.5,305.76,307.32,3108316
2025-11-25T15:00:00+00:00,307.31,307.33,306.41,307.0,1207374
2025-11-25T16:00:00+00:00,307.01,307.63,306.68,307.25,1975674
2025-11-25T17:00:00+00:00,307.25,307.43,306.3,306.85,1230197
2025-11-25T18:00:00+00:00,306.86,307.0,306.27,306.72,557281
2025-11-25T19:00:00+00:00,306.72,307.6,306.51,306.89,1290092
2025-11-25T20:00:00+00:00,306.88,307.5,306.41,306.6,373503
2025-11-26T03:00:00+00:00,306.48,306.48,306.48,306.48,18460
2025-11-26T04:00:00+00:00,306.48,306.87,304.88,305.33,1240295
2025-11-26T05:00:00+00:00,305.33,306.32,305.28,306.01,621676
2025-11-26T06:00:00+00:00,306.01,306.32,305.54,305.83,587071
2025-11-26T07:00:00+00:00,305.83,305.88,305.11,305.18,833639
2025-11-26T08:00:00+00:00,305.18,305.52,304.0,304.37,2283438
2025-11-26T09:00:00+00:00,304.36,304.71,304.02,304.21,1195684
2025-11-26T10:00:00+00:00,304.2,305.29,304.0,305.17,1350298
2025-11-26T11:00:00+00:00,305.16,305.68,304.62,304.72,1047809
2025-11-26T12:00:00+00:00,304.7,305.35,304.41,304.96,762452
2025-11-26T13:00:00+00:00,304.96,305.11,304.17,304.6,616730
2025-11-26T14:00:00+00:00,304.61,305.0,304.47,304.67,459632
2025-11-26T15:00:00+00:00,304.67,305.37,304.66,304.94,476940
2025-11-26T16:00:00+00:00,304.8,304.94,304.5,304.55,196899
2025-11-26T17:00:00+00:00,304.55,305.13,304.55,304.93,253233
2025-11-26T18:00:00+00:00,304.93,304.93,304.4,304.66,281492
2025-11-26T19:00:00+00:00,304.66,304.78,304.56,304.67,172108
2025-11-26T20:00:00+00:00,304.63,305.25,304.31,304.96,544662
2025-11-27T03:00:00+00:00,305.47,305.47,305.47,305.47,3021
2025-11-27T04:00:00+00:00,305.46,305.5,304.5,304.81,285342
2025-11-27T05:00:00+00:00,304.8,305.49,304.6,305.39,265686
2025-11-27T06:00:00+00:00,305.39,306.25,305.39,305.42,610463
2025-11-27T07:00:00+00:00,305.41,305.58,303.51,303.87,1868043
2025-11-27T08:00:00+00:00,303.9,304.62,303.33,304.55,1758662
2025-11-27T09:00:00+00:00,304.56,304.9,303.87,304.57,990661
2025-11-27T10:00:00+00:00,304.58,304.58,303.82,304.15,589681
2025-11-27T11:00:00+00:00,304.15,304.58,303.8,303.92,580320
2025-11-27T12:00:00+00:00,303.9,303.98,302.18,302.52,3587433
2025-11-27T13:00:00+00:00,302.51,303.61,301.8,302.75,3332684
2025-11-27T14:00:00+00:00,302.75,302.91,297.33,299.44,14900846
2025-11-27T15:00:00+00:00,299.33,300.0,298.68,299.5,2559196
2025-11-27T16:00:00+00:00,299.69,300.57,299.33,300.0,1489941
2025-11-27T17:00:00+00:00,300.01,300.1,299.71,300.05,357112
2025-11-27T18:00:00+00:00,300.04,300.21,299.92,300.18,394330
2025-11-27T19:00:00+00:00,300.18,300.2,299.62,299.64,568208
2025-11-27T20:00:00+00:00,299.64,299.83,299.33,299.53,376281
2025-11-28T03:00:00+00:00,300.86,300.86,300.86,300.86,110110
2025-11-28T04:00:00+00:00,300.82,300.82,299.05,300.2,615266
2025-11-28T05:00:00+00:00,300.21,300.33,299.55,300.12,336423
2025-11-28T06:00:00+00:00,300.11,301.16,299.71,300.85,1070114
2025-11-28T07:00:00+00:00,300.85,301.2,300.0,300.33,1349795
2025-11-28T08:00:00+00:00,300.33,300.93,299.5,300.75,1159287
2025-11-28T09:00:00+00:00,300.75,301.79,300.31,301.62,2092632
2025-11-28T10:00:00+00:00,301.64,302.1,301.31,301.81,1423758
2025-11-28T11:00:00+00:00,301.82,302.58,300.7,301.05,1701768
2025-11-28T12:00:00+00:00,301.05,301.28,300.06,300.73,1093446
2025-11-28T13:00:00+00:00,300.74,302.4,300.59,301.92,2699349
2025-11-28T14:00:00+00:00,301.94,304.22,301.85,303.74,4648910
2025-11-28T15:00:00+00:00,303.75,305.26,303.72,304.72,3620883
2025-11-28T16:00:00+00:00,304.69,304.88,303.91,304.12,1084705
2025-11-28T17:00:00+00:00,304.14,304.53,303.9,304.01,471187
2025-11-28T18:00:00+00:00,304.03,304.7,304.03,304.3,520093
2025-11-28T19:00:00+00:00,304.31,304.45,304.06,304.12,279891
2025-11-28T20:00:00+00:00,304.12,304.38,304.08,304.17,585790
2025-11-28T23:00:00+00:00,305.15,305.15,303.01,304.6,4225
2025-11-29T00:00:00+00:00,304.6,304.61,304.1,304.49,2232
2025-11-29T01:00:00+00:00,304.5,304.6,304.12,304.33,2439
2025-11-29T02:00:00+00:00,304.33,304.55,304.1,304.54,1182
2025-11-29T03:00:00+00:00,304.54,304.54,304.17,304.18,2322
2025-11-29T04:00:00+00:00,304.48,304.56,304.17,304.54,4960
2025-11-29T05:00:00+00:00,304.19,304.54,304.17,304.37,7198
2025-11-29T06:00:00+00:00,304.25,304.37,303.92,304.32,11569
2025-11-29T07:00:00+00:00,304.32,304.97,304.2,304.27,230810
2025-11-29T08:00:00+00:00,304.27,304.27,303.81,304.01,181597
2025-11-29T09:00:00+00:00,304.01,304.2,303.9,304.12,89497
2025-11-29T10:00:00+00:00,304.12,304.26,303.96,304.09,63532
2025-11-29T11:00:00+00:00,304.06,304.15,303.85,303.88,107099
2025-11-29T12:00:00+00:00,303.98,304.22,303.88,304.01,79012
2025-11-29T13:00:00+00:00,304.0,304.09,303.8,303.84,112217
2025-11-29T14:00:00+00:00,303.84,303.92,303.79,303.88,53352
2025-11-29T15:00:00+00:00,303.88,303.92,303.76,303.88,46800
2025-11-29T16:00:00+00:00,304.13,304.53,303.0,303.63,9981
2025-11-29T17:00:00+00:00,303.85,303.89,303.61,303.79,7748
2025-11-29T18:00:00+00:00,303.79,304.0,303.78,304.0,3999
2025-11-29T19:00:00+00:00,303.81,304.0,303.5,303.98,3516
2025-11-29T20:00:00+00:00,303.98,304.29,303.63,303.71,6381
2025-11-29T23:00:00+00:00,302.44,304.88,302.44,304.19,1459
2025-11-30T00:00:00+00:00,303.88,304.19,303.63,304.17,683
2025-11-30T01:00:00+00:00,304.0,304.23,303.88,303.89,1114
2025-11-30T02:00:00+00:00,303.89,304.23,303.62,303.92,1341
2025-11-30T03:00:00+00:00,303.92,304.26,303.91,304.25,1212
2025-11-30T04:00:00+00:00,304.25,304.26,303.8,304.08,3048
2025-11-30T05:00:00+00:00,304.08,304.1,303.61,304.1,1884
2025-11-30T06:00:00+00:00,304.1,304.1,303.61,303.86,4883
2025-11-30T07:00:00+00:00,303.86,304.25,303.6,304.25,86525
2025-11-30T08:00:00+00:00,304.25,304.89,304.18,304.67,258590
2025-11-30T09:00:00+00:00,304.66,304.93,304.56,304.59,150597
2025-11-30T10:00:00+00:00,304.6,304.88,304.57,304.88,86507
2025-11-30T11:00:00+00:00,304.88,304.88,304.65,304.79,59698
2025-11-30T12:00:00+00:00,304.78,304.8,304.65,304.8,260913
2025-11-30T13:00:00+00:00,304.79,305.19,304.75,304.96,272668
2025-11-30T14:00:00+00:00,304.96,305.4,304.74,305.36,461201
2025-11-30T15:00:00+00:00,305.35,305.43,304.56,305.23,341136
2025-11-30T16:00:00+00:00,305.84,306.2,304.67,305.3,14387
2025-11-30T17:00:00+00:00,305.3,307.34,304.95,306.79,93548
2025-11-30T18:00:00+00:00,306.78,306.79,305.51,305.91,53940
2025-11-30T19:00:00+00:00,305.91,306.34,304.89,305.5,90155
2025-11-30T20:00:00+00:00,305.5,306.15,304.9,305.47,18697
2025-12-01T03:00:00+00:00,305.48,305.48,305.48,305.48,19591
2025-12-01T04:00:00+00:00,305.45,305.47,304.55,304.7,608626
2025-12-01T05:00:00+00:00,304.67,304.99,304.07,304.95,386150
2025-12-01T06:00:00+00:00,304.91,304.94,303.11,304.2,1777031
2025-12-01T07:00:00+00:00,304.2,304.45,303.01,303.71,2156404
2025-12-01T08:00:00+00:00,303.71,304.99,303.48,304.4,2270349
2025-12-01T09:00:00+00:00,304.4,306.48,304.35,305.4,3986368
2025-12-01T10:00:00+00:00,305.38,305.93,304.21,305.2,2173545
2025-12-01T11:00:00+00:00,305.2,305.65,304.55,304.83,808337
2025-12-01T12:00:00+00:00,304.83,305.7,304.8,305.07,953051
2025-12-01T13:00:00+00:00,305.06,306.06,305.05,306.05,1128546
2025-12-01T14:00:00+00:00,306.05,306.23,305.77,306.05,1391606
2025-12-01T15:00:00+00:00,306.06,306.14,305.41,305.7,655709
2025-12-01T16:00:00+00:00,305.6,306.2,305.43,305.92,664214
2025-12-01T17:00:00+00:00,305.91,306.0,305.65,305.74,232095
2025-12-01T18:00:00+00:00,305.74,305.93,305.65,305.9,162096
2025-12-01T19:00:00+00:00,305.89,305.93,304.84,304.88,515789
2025-12-01T20:00:00+00:00,304.9,305.24,304.44,305.2,901615
2025-12-02T03:00:00+00:00,305.6,305.6,305.6,305.6,487
2025-12-02T04:00:00+00:00,305.6,305.61,304.85,304.88,297914
2025-12-02T05:00:00+00:00,304.88,305.1,304.52,304.91,312564
2025-12-02T06:00:00+00:00,304.92,305.92,304.82,305.26,653334
2025-12-02T07:00:00+00:00,305.26,305.3,303.69,303.69,2228491
2025-12-02T08:00:00+00:00,303.7,304.77,303.51,304.39,1701483
2025-12-02T09:00:00+00:00,304.39,304.49,303.88,304.2,788033
2025-12-02T10:00:00+00:00,304.2,304.5,303.57,304.42,1013244
2025-12-02T11:00:00+00:00,304.42,305.0,304.38,304.8,832843
2025-12-02T12:00:00+00:00,304.78,305.48,304.2,305.13,1301401
2025-12-02T13:00:00+00:00,305.13,305.48,304.79,305.36,1260755
2025-12-02T14:00:00+00:00,305.36,305.4,304.25,304.74,1279361
2025-12-02T15:00:00+00:00,304.74,304.99,301.46,303.3,4403953
2025-12-02T16:00:00+00:00,303.33,305.0,303.3,304.15,1102848
2025-12-02T17:00:00+00:00,304.16,304.7,303.65,303.81,533036
2025-12-02T18:00:00+00:00,303.82,305.49,303.71,304.88,1263956
2025-12-02T19:00:00+00:00,304.88,304.92,303.8,304.35,502815
2025-12-02T20:00:00+00:00,304.33,304.74,303.75,303.77,407221
2025-12-03T03:00:00+00:00,301.1,301.1,301.1,301.1,140854
2025-12-03T04:00:00+00:00,301.08,302.2,300.5,301.82,2074379
2025-12-03T05:00:00+00:00,301.82,302.4,301.52,301.73,820412
2025-12-03T06:00:00+00:00,301.73,301.99,301.5,301.7,762023
2025-12-03T07:00:00+00:00,301.69,301.69,300.13,300.38,2859106
2025-12-03T08:00:00+00:00,300.38,300.38,299.4,299.4,4859085
2025-12-03T09:00:00+00:00,299.4,300.39,299.1,300.33,2301558
2025-12-03T10:00:00+00:00,300.32,300.66,299.93,300.07,1737151
2025-12-03T11:00:00+00:00,300.07,300.56,299.8,300.33,1003294
2025-12-03T12:00:00+00:00,300.33,300.53,299.88,300.21,754076
2025-12-03T13:00:00+00:00,300.22,300.36,299.8,300.18,1286714
2025-12-03T14:00:00+00:00,300.19,301.47,300.11,301.14,2139430
2025-12-03T15:00:00+00:00,301.14,303.36,300.83,303.36,3345145
2025-12-03T16:00:00+00:00,303.34,303.76,302.76,303.05,3038311
2025-12-03T17:00:00+00:00,303.05,303.26,302.52,302.64,662665
2025-12-03T18:00:00+00:00,302.65,302.81,302.24,302.76,443196
2025-12-03T19:00:00+00:00,302.77,303.0,302.56,302.6,340465
2025-12-03T20:00:00+00:00,302.61,302.89,302.31,302.85,333494
2025-12-04T03:00:00+00:00,303.25,303.25,303.25,303.25,16776
2025-12-04T04:00:00+00:00,303.26,304.58,303.25,304.31,1586391
2025-12-04T05:00:00+00:00,304.3,304.31,303.6,303.71,460933
2025-12-04T06:00:00+00:00,303.71,304.25,303.41,303.72,1073980
2025-12-04T07:00:00+00:00,303.73,303.9,303.0,303.33,1200392
2025-12-04T08:00:00+00:00,303.32,303.51,302.75,302.85,1534328
2025-12-04T09:00:00+00:00,302.89,303.12,302.42,302.98,1202081
2025-12-04T10:00:00+00:00,302.97,303.08,301.65,302.4,1862080
2025-12-04T11:00:00+00:00,302.38,302.83,302.1,302.74,823273
2025-12-04T12:00:00+00:00,302.74,302.99,302.41,302.72,1531918
2025-12-04T13:00:00+00:00,302.73,302.96,301.8,302.09,1480334
2025-12-04T14:00:00+00:00,302.1,302.22,301.51,301.66,1456199
2025-12-04T15:00:00+00:00,301.66,302.07,301.4,301.95,884558
2025-12-04T16:00:00+00:00,301.99,302.28,301.77,302.23,489047
2025-12-04T17:00:00+00:00,302.22,302.27,301.76,301.86,355736
2025-12-04T18:00:00+00:00,301.86,302.06,301.69,301.78,288710
2025-12-04T19:00:00+00:00,301.79,301.9,301.65,301.75,167337
2025-12-04T20:00:00+00:00,301.74,301.98,301.61,301.76,202162
2025-12-05T03:00:00+00:00,301.76,301.76,301.76,301.76,1060
2025-12-05T04:00:00+00:00,301.76,302.5,301.66,302.44,706306
2025-12-05T05:00:00+00:00,302.44,302.49,302.3,302.33,212505
2025-12-05T06:00:00+00:00,302.33,302.6,301.94,302.36,768065
2025-12-05T07:00:00+00:00,302.36,303.67,302.06,303.32,3299730
2025-12-05T08:00:00+00:00,303.31,305.0,303.01,304.37,5579114
2025-12-05T09:00:00+00:00,304.38,306.2,304.3,305.34,4187942
2025-12-05T10:00:00+00:00,305.34,305.56,304.6,305.11,1663448
2025-12-05T11:00:00+00:00,305.11,307.36,304.7,307.35,5793815
2025-12-05T12:00:00+00:00,307.34,307.92,306.56,306.64,3269612
2025-12-05T13:00:00+00:00,306.61,307.5,306.58,307.37,1956001
2025-12-05T14:00:00+00:00,307.37,307.67,306.84,307.28,2400676
2025-12-05T15:00:00+00:00,307.33,307.42,306.3,306.98,1814749
2025-12-05T16:00:00+00:00,306.96,306.96,306.35,306.85,684894
2025-12-05T17:00:00+00:00,306.85,306.9,306.54,306.57,209920
2025-12-05T18:00:00+00:00,306.57,306.75,306.38,306.72,484829
2025-12-05T19:00:00+00:00,306.73,306.95,306.51,306.93,562751
2025-12-05T20:00:00+00:00,306.92,307.24,306.79,307.22,608301
2025-12-05T23:00:00+00:00,306.52,307.88,306.47,307.11,3044
2025-12-06T00:00:00+00:00,306.68,307.11,306.62,307.07,1444
2025-12-06T01:00:00+00:00,307.07,307.07,306.64,306.67,613
2025-12-06T02:00:00+00:00,307.04,307.06,306.66,307.0,1235
2025-12-06T03:00:00+00:00,307.0,307.05,306.66,307.0,1249
2025-12-06T04:00:00+00:00,307.04,307.21,307.0,307.0,3775
2025-12-06T05:00:00+00:00,307.2,307.42,307.0,307.05,5234
2025-12-06T06:00:00+00:00,307.06,307.51,307.02,307.32,12298
2025-12-06T07:00:00+00:00,307.32,307.33,307.05,307.25,11276
2025-12-06T08:00:00+00:00,307.25,307.32,306.8,306.87,9204
2025-12-06T09:00:00+00:00,306.9,307.31,306.89,307.19,15007
2025-12-06T10:00:00+00:00,307.2,307.2,306.76,307.18,8116
2025-12-06T11:00:00+00:00,307.18,307.18,306.66,306.98,6594
2025-12-06T12:00:00+00:00,306.98,307.19,306.68,307.09,8811
2025-12-06T13:00:00+00:00,306.79,307.2,306.74,306.89,12315
2025-12-06T14:00:00+00:00,307.19,307.2,306.73,306.96,24593
2025-12-06T15:00:00+00:00,306.96,307.0,306.66,306.99,9127
2025-12-06T16:00:00+00:00,306.71,307.2,306.67,307.17,15089
2025-12-06T17:00:00+00:00,307.14,307.2,306.72,306.98,3229
2025-12-06T18:00:00+00:00,306.98,307.0,306.67,306.67,7981
2025-12-06T19:00:00+00:00,306.98,307.15,306.67,306.75,8888
2025-12-06T20:00:00+00:00,307.05,307.05,306.66,307.05,7703
2025-12-06T23:00:00+00:00,306.56,307.86,306.56,307.1,5669
2025-12-07T00:00:00+00:00,306.89,307.21,306.89,307.21,688
2025-12-07T01:00:00+00:00,307.2,307.21,306.89,307.2,1115
2025-12-07T02:00:00+00:00,307.19,307.22,306.87,306.92,2137
2025-12-07T03:00:00+00:00,307.21,307.22,306.89,307.2,1212
2025-12-07T04:00:00+00:00,307.2,307.21,306.89,307.2,1542
2025-12-07T05:00:00+00:00,306.9,307.21,306.89,307.0,2344
2025-12-07T06:00:00+00:00,307.2,307.48,307.2,307.25,22167
2025-12-07T07:00:00+00:00,307.43,307.44,307.2,307.23,8508
2025-12-07T08:00:00+00:00,307.23,307.53,307.22,307.5,12878
2025-12-07T09:00:00+00:00,307.53,307.55,307.31,307.53,16140
2025-12-07T10:00:00+00:00,307.53,307.54,307.0,307.34,8076
2025-12-07T11:00:00+00:00,307.22,307.5,306.91,307.0,9943
2025-12-07T12:00:00+00:00,307.0,307.22,307.0,307.1,4497
2025-12-07T13:00:00+00:00,307.1,307.22,306.92,307.21,7709
2025-12-07T14:00:00+00:00,307.21,307.21,306.91,306.92,5815
2025-12-07T15:00:00+00:00,307.04,307.22,306.95,307.2,9243
2025-12-07T16:00:00+00:00,307.06,307.55,306.91,306.93,84980
2025-12-07T17:00:00+00:00,306.93,307.27,306.83,306.86,25529
2025-12-07T18:00:00+00:00,306.86,307.07,306.73,306.77,31072
2025-12-07T19:00:00+00:00,306.77,307.1,306.76,306.76,10613
2025-12-07T20:00:00+00:00,306.77,307.08,306.7,307.05,9255
2025-12-08T03:00:00+00:00,307.53,307.53,307.53,307.53,30832
2025-12-08T04:00:00+00:00,307.55,308.48,306.88,308.12,1630962
2025-12-08T05:00:00+00:00,308.11,308.14,307.53,307.9,960752
2025-12-08T06:00:00+00:00,307.9,307.9,307.05,307.2,1493200
2025-12-08T07:00:00+00:00,307.19,307.69,306.71,307.27,2588787
2025-12-08T08:00:00+00:00,307.27,307.7,306.51,306.65,2251403
2025-12-08T09:00:00+00:00,306.66,306.66,305.78,306.3,2892984
2025-12-08T10:00:00+00:00,306.33,306.55,305.5,306.31,2914014
2025-12-08T11:00:00+00:00,306.31,306.88,305.78,305.9,1796671
2025-12-08T12:00:00+00:00,305.91,306.1,305.21,306.0,2140646
2025-12-08T13:00:00+00:00,305.99,306.58,305.64,306.08,1464475
2025-12-08T14:00:00+00:00,306.06,306.54,305.54,305.83,1388161
2025-12-08T15:00:00+00:00,305.82,306.12,305.26,305.79,927656
2025-12-08T16:00:00+00:00,305.78,305.92,305.35,305.79,515766
2025-12-08T17:00:00+00:00,305.78,306.17,305.01,305.2,1294530
2025-12-08T18:00:00+00:00,305.2,305.63,304.2,304.79,2338813
2025-12-08T19:00:00+00:00,304.8,305.3,304.56,305.29,358754
2025-12-08T20:00:00+00:00,305.29,305.46,304.58,304.95,645998
2025-12-09T03:00:00+00:00,305.0,305.0,305.0,305.0,6066
2025-12-09T04:00:00+00:00,305.0,305.63,304.9,305.4,637857
2025-12-09T05:00:00+00:00,305.39,305.39,304.7,305.15,506342
2025-12-09T06:00:00+00:00,305.14,305.3,304.5,305.3,854379
2025-12-09T07:00:00+00:00,305.3,306.15,304.7,305.1,1929772
2025-12-09T08:00:00+00:00,305.1,305.77,305.0,305.45,808548
2025-12-09T09:00:00+00:00,305.45,305.98,305.09,305.27,1127939
2025-12-09T10:00:00+00:00,305.27,305.77,305.26,305.64,592046
2025-12-09T11:00:00+00:00,305.64,307.2,305.52,306.81,3436054
2025-12-09T12:00:00+00:00,306.81,306.99,306.39,306.5,1246346
2025-12-09T13:00:00+00:00,306.52,306.99,306.26,306.94,1103642
2025-12-09T14:00:00+00:00,306.94,307.11,305.12,305.13,3083577
2025-12-09T15:00:00+00:00,305.16,305.78,304.82,305.78,1315771
2025-12-09T16:00:00+00:00,305.78,305.82,305.4,305.62,424402
2025-12-09T17:00:00+00:00,305.62,305.95,305.37,305.76,279335
2025-12-09T18:00:00+00:00,305.75,306.61,305.72,306.61,560004
2025-12-09T19:00:00+00:00,306.61,307.7,306.61,307.2,3846566
2025-12-09T20:00:00+00:00,307.19,307.3,306.16,306.39,1228091
2025-12-10T03:00:00+00:00,307.0,307.0,307.0,307.0,20712
2025-12-10T04:00:00+00:00,307.16,307.26,306.59,306.92,962652
2025-12-10T05:00:00+00:00,306.92,307.21,306.91,306.95,467689
2025-12-10T06:00:00+00:00,306.94,307.2,306.4,307.09,1078030
2025-12-10T07:00:00+00:00,307.09,307.68,306.38,306.42,1928702
2025-12-10T08:00:00+00:00,306.41,307.08,306.28,306.78,1647847
2025-12-10T09:00:00+00:00,306.77,307.39,306.54,306.69,1192798
2025-12-10T10:00:00+00:00,306.68,306.71,306.03,306.38,1066302
2025-12-10T11:00:00+00:00,306.39,307.0,306.1,306.5,1287429
2025-12-10T12:00:00+00:00,306.49,306.64,306.3,306.56,528882
2025-12-10T13:00:00+00:00,306.56,306.63,306.16,306.5,857086
2025-12-10T14:00:00+00:00,306.5,306.89,306.0,306.16,1113210
2025-12-10T15:00:00+00:00,306.14,306.73,306.11,306.73,731712
2025-12-10T16:00:00+00:00,306.7,306.83,306.41,306.62,293908
2025-12-10T17:00:00+00:00,306.63,306.75,306.46,306.51,176230
2025-12-10T18:00:00+00:00,306.5,306.65,306.41,306.56,169761
2025-12-10T19:00:00+00:00,306.57,306.72,306.47,306.53,396480
2025-12-10T20:00:00+00:00,306.58,306.82,306.5,306.73,680041
2025-12-11T03:00:00+00:00,306.84,306.84,306.84,306.84,534
2025-12-11T04:00:00+00:00,306.85,306.96,306.64,306.96,465094
2025-12-11T05:00:00+00:00,306.96,307.3,306.82,306.99,629419
2025-12-11T06:00:00+00:00,306.98,306.99,306.45,306.7,794380
2025-12-11T07:00:00+00:00,306.7,307.49,306.64,307.03,3028280
2025-12-11T08:00:00+00:00,307.03,309.0,307.01,308.93,7792629
2025-12-11T09:00:00+00:00,308.93,309.41,308.12,308.27,3669977
2025-12-11T10:00:00+00:00,308.26,308.3,307.25,307.79,3047882
2025-12-11T11:00:00+00:00,307.79,308.63,307.4,307.82,2676759
2025-12-11T12:00:00+00:00,307.82,308.44,307.81,307.99,1602889
2025-12-11T13:00:00+00:00,307.99,308.05,307.45,307.86,1351421
2025-12-11T14:00:00+00:00,307.86,308.59,307.1,307.14,2088840
2025-12-11T15:00:00+00:00,307.14,307.66,305.2,306.19,7218199
2025-12-11T16:00:00+00:00,306.2,309.19,306.18,308.01,6839788
2025-12-11T17:00:00+00:00,308.0,308.17,307.54,307.76,492578
2025-12-11T18:00:00+00:00,307.77,307.9,306.8,307.14,987718
2025-12-11T19:00:00+00:00,307.15,307.37,306.98,307.24,832517
2025-12-11T20:00:00+00:00,307.24,307.29,306.82,307.19,544207
2025-12-12T03:00:00+00:00,307.21,307.21,307.21,307.21,1628
2025-12-12T04:00:00+00:00,307.25,307.92,306.89,307.79,908586
2025-12-12T05:00:00+00:00,307.79,307.85,307.36,307.5,290619
2025-12-12T06:00:00+00:00,307.48,307.5,306.53,307.26,1343424
2025-12-12T07:00:00+00:00,307.3,307.3,306.2,306.45,1468955
2025-12-12T08:00:00+00:00,306.46,307.0,306.4,306.69,2209557
2025-12-12T09:00:00+00:00,306.68,306.7,306.4,306.5,1874499
2025-12-12T10:00:00+00:00,306.49,307.5,306.48,306.64,2085218
2025-12-12T11:00:00+00:00,306.64,306.9,305.5,306.1,2931820
2025-12-12T12:00:00+00:00,306.1,306.18,305.09,305.13,2601801
2025-12-12T13:00:00+00:00,305.13,305.49,304.56,305.16,4730227
2025-12-12T14:00:00+00:00,305.15,305.55,304.75,305.01,2081783
2025-12-12T15:00:00+00:00,305.01,305.48,304.64,305.02,1816292
2025-12-12T16:00:00+00:00,305.0,305.02,304.32,304.82,1928648
2025-12-12T17:00:00+00:00,304.81,304.9,304.22,304.27,1516412
2025-12-12T18:00:00+00:00,304.3,304.56,303.66,303.72,2512192
2025-12-12T19:00:00+00:00,303.72,303.97,303.61,303.91,636239
2025-12-12T20:00:00+00:00,303.93,304.38,303.8,303.86,876359
2025-12-12T23:00:00+00:00,303.61,304.72,303.61,304.69,3265
2025-12-13T00:00:00+00:00,304.69,304.77,304.2,304.75,1610
2025-12-13T01:00:00+00:00,304.75,305.0,304.2,304.23,6803
2025-12-13T02:00:00+00:00,304.45,304.87,304.22,304.62,690
2025-12-13T03:00:00+00:00,304.26,305.33,304.26,304.67,4731
2025-12-13T04:00:00+00:00,305.32,305.32,304.42,305.31,8191
2025-12-13T05:00:00+00:00,304.87,305.32,304.62,305.23,7345
2025-12-13T06:00:00+00:00,305.22,305.23,304.32,304.32,14317
2025-12-13T07:00:00+00:00,304.37,305.34,304.33,304.86,878297
2025-12-13T08:00:00+00:00,304.86,305.02,304.8,304.94,189767
2025-12-13T09:00:00+00:00,304.93,305.0,304.6,304.83,198230
2025-12-13T10:00:00+00:00,304.84,304.9,304.56,304.8,98033
2025-12-13T11:00:00+00:00,304.89,304.9,304.43,304.65,179405
2025-12-13T12:00:00+00:00,304.75,304.79,304.45,304.79,152488
2025-12-13T13:00:00+00:00,304.79,304.84,304.51,304.79,143022
2025-12-13T14:00:00+00:00,304.79,304.93,304.7,304.93,59544
2025-12-13T15:00:00+00:00,304.93,304.95,304.68,304.77,119505
2025-12-13T16:00:00+00:00,303.77,306.9,303.77,304.98,14164
2025-12-13T17:00:00+00:00,304.98,304.98,304.62,304.95,5208
2025-12-13T18:00:00+00:00,304.95,304.96,304.6,304.62,9818
2025-12-13T19:00:00+00:00,304.75,304.76,304.56,304.57,4288
2025-12-13T20:00:00+00:00,304.57,304.76,304.43,304.75,17188
2025-12-13T23:00:00+00:00,305.28,305.9,304.67,305.42,3341
2025-12-14T00:00:00+00:00,305.41,305.41,304.81,305.36,209
2025-12-14T01:00:00+00:00,305.33,305.33,304.8,305.18,450
2025-12-14T02:00:00+00:00,305.18,305.2,304.83,305.1,288
2025-12-14T03:00:00+00:00,304.86,305.1,304.81,305.05,2542
2025-12-14T04:00:00+00:00,305.05,305.05,304.76,304.99,1291
2025-12-14T05:00:00+00:00,304.99,305.0,304.44,304.8,3491
2025-12-14T06:00:00+00:00,304.8,304.8,304.77,304.77,4609
2025-12-14T07:00:00+00:00,304.78,304.95,304.46,304.7,167641
2025-12-14T08:00:00+00:00,304.7,304.75,304.14,304.15,204581
2025-12-14T09:00:00+00:00,304.18,304.47,304.05,304.2,221507
2025-12-14T10:00:00+00:00,304.23,304.55,304.16,304.54,74934
2025-12-14T11:00:00+00:00,304.54,304.6,304.39,304.51,101134
2025-12-14T12:00:00+00:00,304.52,304.57,304.15,304.49,140346
2025-12-14T13:00:00+00:00,304.48,304.48,304.19,304.31,106822
2025-12-14T14:00:00+00:00,304.27,304.48,304.06,304.41,434978
2025-12-14T15:00:00+00:00,304.41,304.58,304.21,304.39,104460
2025-12-14T16:00:00+00:00,303.02,304.88,303.02,304.82,11095
2025-12-14T17:00:00+00:00,304.82,304.86,304.08,304.11,4937
2025-12-14T18:00:00+00:00,304.37,304.69,304.11,304.6,3061
2025-12-14T19:00:00+00:00,304.27,304.69,304.25,304.69,8469
2025-12-14T20:00:00+00:00,304.69,304.69,304.3,304.49,7173
2025-12-15T03:00:00+00:00,304.58,304.58,304.58,304.58,5020
2025-12-15T04:00:00+00:00,304.58,305.28,304.51,305.03,547469
2025-12-15T05:00:00+00:00,304.92,305.8,304.87,305.43,749659
2025-12-15T06:00:00+00:00,305.37,305.74,304.7,305.0,1303284
2025-12-15T07:00:00+00:00,305.0,305.07,303.56,303.89,3815152
2025-12-15T08:00:00+00:00,303.89,304.28,303.2,303.99,3227968
2025-12-15T09:00:00+00:00,303.99,305.22,303.96,304.42,1676650
2025-12-15T10:00:00+00:00,304.42,305.04,304.35,304.4,1283044
2025-12-15T11:00:00+00:00,304.4,305.2,304.26,305.0,1890279
2025-12-15T12:00:00+00:00,305.0,305.34,303.55,303.9,2357173
2025-12-15T13:00:00+00:00,303.89,304.2,303.07,303.87,3501744
2025-12-15T14:00:00+00:00,303.91,304.98,303.75,304.81,1938025
2025-12-15T15:00:00+00:00,304.82,305.01,304.58,304.99,1200020
2025-12-15T16:00:00+00:00,304.99,305.45,304.15,304.56,1821304
2025-12-15T17:00:00+00:00,304.55,305.09,304.33,304.8,493681
2025-12-15T18:00:00+00:00,304.83,304.93,304.63,304.75,464704
2025-12-15T19:00:00+00:00,304.74,305.15,304.68,304.78,360789
2025-12-15T20:00:00+00:00,304.83,305.1,304.65,305.08,740120
2025-12-16T03:00:00+00:00,305.07,305.07,305.07,305.07,7537
2025-12-16T04:00:00+00:00,305.07,305.65,304.68,305.08,624901
2025-12-16T05:00:00+00:00,305.07,305.27,304.77,305.15,165394
2025-12-16T06:00:00+00:00,305.14,305.14,304.55,304.72,598763
2025-12-16T07:00:00+00:00,304.71,305.88,304.5,305.8,2882715
2025-12-16T08:00:00+00:00,305.8,306.0,305.4,305.8,2723190
2025-12-16T09:00:00+00:00,305.8,306.2,305.27,305.47,2181440
2025-12-16T10:00:00+00:00,305.52,305.61,304.81,304.93,1861238
2025-12-16T11:00:00+00:00,304.95,305.2,303.53,304.42,5210055
2025-12-16T12:00:00+00:00,304.42,305.37,303.84,305.12,3620971
2025-12-16T13:00:00+00:00,305.11,305.2,304.71,304.95,1320287
2025-12-16T14:00:00+00:00,304.95,305.48,304.82,305.18,1203556
2025-12-16T15:00:00+00:00,305.18,305.2,304.96,305.08,647407
2025-12-16T16:00:00+00:00,305.07,305.15,304.71,304.84,514935
2025-12-16T17:00:00+00:00,304.84,305.09,304.6,304.83,290957
2025-12-16T18:00:00+00:00,304.84,304.96,304.76,304.93,273729
2025-12-16T19:00:00+00:00,304.93,305.05,304.79,305.05,293177
2025-12-16T20:00:00+00:00,305.04,305.06,304.5,304.78,404465
2025-12-17T03:00:00+00:00,304.79,304.79,304.79,304.79,1239
2025-12-17T04:00:00+00:00,304.8,305.75,304.8,305.74,552669
2025-12-17T05:00:00+00:00,305.73,305.88,305.1,305.29,769384
2025-12-17T06:00:00+00:00,305.28,305.5,304.82,304.85,1502630
2025-12-17T07:00:00+00:00,304.88,305.0,303.79,304.27,3820233
2025-12-17T08:00:00+00:00,304.27,304.95,304.2,304.38,1628410
2025-12-17T09:00:00+00:00,304.38,304.39,303.0,303.4,4029970
2025-12-17T10:00:00+00:00,303.4,303.8,303.18,303.5,2153636
2025-12-17T11:00:00+00:00,303.5,303.5,302.65,303.4,2454820
2025-12-17T12:00:00+00:00,303.37,303.4,302.57,303.01,2085366
2025-12-17T13:00:00+00:00,303.01,303.24,302.6,302.76,1552029
2025-12-17T14:00:00+00:00,302.79,302.79,301.78,302.56,4534318
2025-12-17T15:00:00+00:00,302.55,303.47,302.3,303.47,1389606
2025-12-17T16:00:00+00:00,303.48,303.95,303.13,303.35,1667010
2025-12-17T17:00:00+00:00,303.38,303.47,303.08,303.29,563051
2025-12-17T18:00:00+00:00,303.3,303.42,303.11,303.17,184391
2025-12-17T19:00:00+00:00,303.17,303.69,302.74,303.4,982736
2025-12-17T20:00:00+00:00,303.39,303.64,303.39,303.5,451408
2025-12-18T03:00:00+00:00,303.38,303.38,303.38,303.38,5617
2025-12-18T04:00:00+00:00,303.39,304.27,303.39,303.86,702271
2025-12-18T05:00:00+00:00,303.86,304.0,303.49,303.73,286590
2025-12-18T06:00:00+00:00,303.73,303.8,303.01,303.45,589339
2025-12-18T07:00:00+00:00,303.45,303.68,302.86,303.24,2201579
2025-12-18T08:00:00+00:00,303.25,303.25,302.32,302.93,2588257
2025-12-18T09:00:00+00:00,302.92,303.0,301.64,302.16,4959004
2025-12-18T10:00:00+00:00,302.13,302.26,301.63,301.83,3272839
2025-12-18T11:00:00+00:00,301.84,301.84,300.47,300.94,5659226
2025-12-18T12:00:00+00:00,300.94,302.17,300.85,301.95,5849198
2025-12-18T13:00:00+00:00,301.92,301.95,300.61,300.81,3789945
2025-12-18T14:00:00+00:00,300.81,301.48,300.69,301.31,2448404
2025-12-18T15:00:00+00:00,301.3,301.3,300.57,300.71,2249345
2025-12-18T16:00:00+00:00,300.81,301.79,300.71,301.76,1322235
2025-12-18T17:00:00+00:00,301.77,301.99,301.45,301.98,554507
2025-12-18T18:00:00+00:00,301.98,301.99,301.65,301.79,923512
2025-12-18T19:00:00+00:00,301.78,302.14,301.73,301.93,546342
2025-12-18T20:00:00+00:00,301.93,302.06,301.9,301.96,477288
2025-12-19T03:00:00+00:00,302.3,302.3,302.3,302.3,4578
2025-12-19T04:00:00+00:00,302.3,302.64,302.03,302.57,751210
2025-12-19T05:00:00+00:00,302.56,302.7,302.25,302.55,698775
2025-12-19T06:00:00+00:00,302.53,302.86,302.42,302.72,1256598
2025-12-19T07:00:00+00:00,302.72,303.25,302.31,302.48,4933816
2025-12-19T08:00:00+00:00,302.49,302.53,301.8,302.11,2837145
2025-12-19T09:00:00+00:00,302.11,302.5,301.7,302.28,3430915
2025-12-19T10:00:00+00:00,302.3,303.0,299.0,301.15,14108578
2025-12-19T11:00:00+00:00,301.15,301.4,300.57,301.15,3318244
2025-12-19T12:00:00+00:00,301.16,301.3,299.6,299.66,3497951
2025-12-19T13:00:00+00:00,299.65,300.38,299.05,299.88,5476493
2025-12-19T14:00:00+00:00,299.88,299.94,298.51,298.7,4582647
2025-12-19T15:00:00+00:00,298.71,299.86,298.58,299.6,3230553
2025-12-19T16:00:00+00:00,299.6,299.77,299.39,299.74,764703
2025-12-19T17:00:00+00:00,299.74,300.12,299.53,300.06,749630
2025-12-19T18:00:00+00:00,300.06,300.14,299.69,299.9,686765
2025-12-19T19:00:00+00:00,299.91,299.98,299.67,299.88,749176
2025-12-19T20:00:00+00:00,299.88,299.88,299.63,299.87,668948
2025-12-19T23:00:00+00:00,300.95,300.95,299.75,300.38,2741
2025-12-20T00:00:00+00:00,300.15,300.3,299.23,299.9,3843
2025-12-20T01:00:00+00:00,299.9,300.35,299.88,300.0,1891
2025-12-20T02:00:00+00:00,300.3,300.34,299.89,300.34,971
2025-12-20T03:00:00+00:00,300.34,300.39,300.0,300.38,3422
2025-12-20T04:00:00+00:00,300.38,300.43,300.06,300.4,8380
2025-12-20T05:00:00+00:00,300.4,300.4,300.07,300.21,16021
2025-12-20T06:00:00+00:00,300.21,300.34,300.01,300.01,12672
2025-12-20T07:00:00+00:00,300.05,300.65,300.01,300.35,411594
2025-12-20T08:00:00+00:00,300.35,300.4,299.92,300.1,497061
2025-12-20T09:00:00+00:00,300.1,300.15,299.92,300.13,98190
2025-12-20T10:00:00+00:00,300.09,300.27,300.02,300.11,171139
2025-12-20T11:00:00+00:00,300.11,300.36,300.05,300.2,119775
2025-12-20T12:00:00+00:00,300.2,300.32,300.11,300.13,77870
2025-12-20T13:00:00+00:00,300.18,300.43,300.13,300.36,141750
2025-12-20T14:00:00+00:00,300.37,300.39,300.26,300.34,62401
2025-12-20T15:00:00+00:00,300.34,300.37,300.12,300.26,157393
2025-12-20T16:00:00+00:00,299.87,300.56,299.0,300.35,55128
2025-12-20T17:00:00+00:00,300.34,300.35,299.99,300.04,17364
2025-12-20T18:00:00+00:00,300.22,300.29,300.04,300.29,8023
2025-12-20T19:00:00+00:00,300.27,300.3,300.26,300.29,20127
2025-12-20T20:00:00+00:00,300.29,300.3,300.26,300.3,24343
2025-12-20T23:00:00+00:00,301.0,302.13,300.0,300.43,1540
2025-12-21T00:00:00+00:00,300.43,300.58,300.26,300.3,1214
2025-12-21T01:00:00+00:00,300.3,300.57,300.3,300.54,315
2025-12-21T02:00:00+00:00,300.54,300.54,300.32,300.34,786
2025-12-21T03:00:00+00:00,300.53,300.53,300.34,300.47,561
2025-12-21T04:00:00+00:00,300.47,300.53,300.26,300.48,2604
2025-12-21T05:00:00+00:00,300.27,300.5,300.26,300.49,7569
2025-12-21T06:00:00+00:00,300.49,300.5,300.26,300.3,4431
2025-12-21T07:00:00+00:00,300.34,300.49,300.04,300.14,254842
2025-12-21T08:00:00+00:00,300.12,300.29,300.03,300.22,56713
2025-12-21T09:00:00+00:00,300.26,300.28,300.03,300.15,127811
2025-12-21T10:00:00+00:00,300.19,300.27,299.97,300.08,432400
2025-12-21T11:00:00+00:00,300.08,300.1,299.95,300.0,87310
2025-12-21T12:00:00+00:00,300.0,300.1,299.93,300.08,78977
2025-12-21T13:00:00+00:00,300.09,300.28,299.85,299.9,360165
2025-12-21T14:00:00+00:00,299.9,299.99,299.49,299.84,875176
2025-12-21T15:00:00+00:00,299.84,300.0,299.77,299.92,220471
2025-12-21T16:00:00+00:00,300.12,300.32,299.11,300.2,8216
2025-12-21T17:00:00+00:00,300.0,300.29,299.92,300.22,17503
2025-12-21T18:00:00+00:00,300.21,300.21,299.94,300.19,7037
2025-12-21T19:00:00+00:00,300.19,300.2,299.93,300.2,9506
2025-12-21T20:00:00+00:00,300.15,300.2,299.92,300.2,23132
2025-12-22T03:00:00+00:00,300.38,300.38,300.38,300.38,5047
2025-12-22T04:00:00+00:00,300.35,300.48,299.5,300.2,500080
2025-12-22T05:00:00+00:00,300.2,300.4,299.52,299.89,342176
2025-12-22T06:00:00+00:00,299.89,299.89,298.72,299.43,1415657
2025-12-22T07:00:00+00:00,299.43,299.5,297.6,297.65,3510534
2025-12-22T08:00:00+00:00,297.64,298.48,296.84,298.03,7302497
2025-12-22T09:00:00+00:00,298.03,298.79,297.79,298.53,1991396
2025-12-22T10:00:00+00:00,298.53,299.02,298.5,298.86,1066850
2025-12-22T11:00:00+00:00,298.87,298.99,298.2,298.61,1038474
2025-12-22T12:00:00+00:00,298.61,298.62,298.04,298.32,1085658
2025-12-22T13:00:00+00:00,298.33,298.8,298.0,298.12,1188681
2025-12-22T14:00:00+00:00,298.12,298.25,297.68,297.93,1170088
2025-12-22T15:00:00+00:00,297.94,298.02,297.52,298.02,1192824
2025-12-22T16:00:00+00:00,298.03,298.24,297.9,297.99,424036
2025-12-22T17:00:00+00:00,297.99,298.07,297.8,297.95,188688
2025-12-22T18:00:00+00:00,297.95,298.0,297.55,297.62,471094
2025-12-22T19:00:00+00:00,297.62,297.65,297.45,297.46,356330
2025-12-22T20:00:00+00:00,297.45,297.85,297.23,297.72,346477
2025-12-23T03:00:00+00:00,298.03,298.03,298.03,298.03,13215
2025-12-23T04:00:00+00:00,298.02,298.7,297.9,298.34,528660
2025-12-23T05:00:00+00:00,298.34,298.35,298.06,298.25,216046
2025-12-23T06:00:00+00:00,298.24,298.27,297.47,298.13,473132
2025-12-23T07:00:00+00:00,298.13,299.25,297.92,298.83,1666844
2025-12-23T08:00:00+00:00,298.83,299.1,297.32,298.15,1666548
2025-12-23T09:00:00+00:00,298.15,298.3,297.64,298.14,1340382
2025-12-23T10:00:00+00:00,298.14,298.77,297.9,298.42,626937
2025-12-23T11:00:00+00:00,298.43,300.14,298.2,300.11,2031342
2025-12-23T12:00:00+00:00,300.09,300.7,299.73,300.24,2878175
2025-12-23T13:00:00+00:00,300.23,301.42,300.2,301.32,2667701
2025-12-23T14:00:00+00:00,301.33,301.68,300.85,301.18,1891710
2025-12-23T15:00:00+00:00,301.18,301.39,300.89,301.05,980012
2025-12-23T16:00:00+00:00,301.06,301.33,300.63,300.64,578600
2025-12-23T17:00:00+00:00,300.65,300.76,300.51,300.69,200997
2025-12-23T18:00:00+00:00,300.7,300.97,300.69,300.91,268220
2025-12-23T19:00:00+00:00,300.9,301.08,300.8,300.9,273112
2025-12-23T20:00:00+00:00,300.9,300.93,300.55,300.65,175239
2025-12-24T03:00:00+00:00,300.66,300.66,300.66,300.66,2781
2025-12-24T04:00:00+00:00,300.84,301.3,300.67,300.99,259282
2025-12-24T05:00:00+00:00,300.98,301.25,300.5,300.67,323918
2025-12-24T06:00:00+00:00,300.66,300.72,300.06,300.36,735619
2025-12-24T07:00:00+00:00,300.35,300.88,300.0,300.31,1402777
2025-12-24T08:00:00+00:00,300.31,300.68,299.32,300.02,1695489
2025-12-24T09:00:00+00:00,300.0,300.71,299.67,300.39,656503
2025-12-24T10:00:00+00:00,300.4,301.44,300.39,301.41,1009178
2025-12-24T11:00:00+00:00,301.4,303.0,301.17,302.77,4902624
2025-12-24T12:00:00+00:00,302.77,303.15,302.49,302.92,2075289
2025-12-24T13:00:00+00:00,302.92,303.07,302.74,303.06,2371061
2025-12-24T14:00:00+00:00,303.06,303.13,302.6,302.73,2204213
2025-12-24T15:00:00+00:00,302.73,302.8,301.73,302.1,1462071
2025-12-24T16:00:00+00:00,302.08,302.3,301.6,301.9,809957
2025-12-24T17:00:00+00:00,301.92,302.1,301.84,302.08,173381
2025-12-24T18:00:00+00:00,302.09,302.11,301.81,301.98,169096
2025-12-24T19:00:00+00:00,302.0,302.18,301.98,302.13,134876
2025-12-24T20:00:00+00:00,302.13,302.3,301.98,302.03,243723
2025-12-25T03:00:00+00:00,302.31,302.31,302.31,302.31,786
2025-12-25T04:00:00+00:00,302.31,302.72,302.11,302.38,284171
2025-12-25T05:00:00+00:00,302.38,302.38,301.82,302.09,239429
2025-12-25T06:00:00+00:00,302.07,302.17,301.44,301.88,678451
2025-12-25T07:00:00+00:00,301.88,301.88,300.62,300.62,1389278
2025-12-25T08:00:00+00:00,300.63,301.51,300.36,301.41,1734000
2025-12-25T09:00:00+00:00,301.41,301.41,300.94,300.96,711505
2025-12-25T10:00:00+00:00,300.95,301.08,300.37,300.5,865441
2025-12-25T11:00:00+00:00,300.49,300.73,300.16,300.54,769482
2025-12-25T12:00:00+00:00,300.54,300.88,300.17,300.48,574112
2025-12-25T13:00:00+00:00,300.48,300.9,300.25,300.34,785958
2025-12-25T14:00:00+00:00,300.35,300.58,300.11,300.52,696893
2025-12-25T15:00:00+00:00,300.5,300.68,300.36,300.51,646905
2025-12-25T16:00:00+00:00,300.55,301.25,300.5,300.78,858883
2025-12-25T17:00:00+00:00,300.78,300.95,300.36,300.43,351632
2025-12-25T18:00:00+00:00,300.44,300.56,300.29,300.55,229314
2025-12-25T19:00:00+00:00,300.55,300.97,300.48,300.74,373634
2025-12-25T20:00:00+00:00,300.75,300.75,300.07,300.26,469529
2025-12-26T03:00:00+00:00,300.26,300.26,300.26,300.26,1402
2025-12-26T04:00:00+00:00,300.28,300.92,300.02,300.5,390188
2025-12-26T05:00:00+00:00,300.5,300.55,300.3,300.42,143701
2025-12-26T06:00:00+00:00,300.42,301.82,300.42,301.62,2376496
2025-12-26T07:00:00+00:00,301.63,302.07,301.17,301.33,2788720
2025-12-26T08:00:00+00:00,301.33,301.73,301.17,301.47,2433786
2025-12-26T09:00:00+00:00,301.47,301.66,300.86,301.25,1558166
2025-12-26T10:00:00+00:00,301.27,301.59,301.21,301.59,1243280
2025-12-26T11:00:00+00:00,301.59,301.96,301.3,301.94,2180406
2025-12-26T12:00:00+00:00,301.92,302.49,301.6,302.35,2530393
2025-12-26T13:00:00+00:00,302.35,302.5,301.05,302.32,3048618
2025-12-26T14:00:00+00:00,302.32,302.46,301.93,302.02,2067984
2025-12-26T15:00:00+00:00,302.01,302.18,301.77,302.0,796369
2025-12-26T16:00:00+00:00,302.02,302.32,301.88,301.94,549192
2025-12-26T17:00:00+00:00,301.92,302.32,301.9,302.22,596066
2025-12-26T18:00:00+00:00,302.23,302.25,301.9,301.91,573642
2025-12-26T19:00:00+00:00,301.91,302.2,301.9,302.19,547958
2025-12-26T20:00:00+00:00,302.19,302.6,302.07,302.51,933940
2025-12-26T23:00:00+00:00,307.87,307.87,302.19,303.1,12392
2025-12-27T00:00:00+00:00,302.52,303.0,302.51,302.55,1192
2025-12-27T01:00:00+00:00,302.92,302.97,302.51,302.9,1874
2025-12-27T02:00:00+00:00,302.93,302.94,302.51,302.53,687
2025-12-27T03:00:00+00:00,302.91,302.93,302.53,302.91,4240
2025-12-27T04:00:00+00:00,302.56,302.94,302.55,302.9,8556
2025-12-27T05:00:00+00:00,302.9,302.9,302.62,302.9,7231
2025-12-27T06:00:00+00:00,302.8,302.9,302.6,302.66,10207
2025-12-27T07:00:00+00:00,302.66,303.2,302.56,303.01,793618
2025-12-27T08:00:00+00:00,303.01,303.03,302.71,302.78,220164
2025-12-27T09:00:00+00:00,302.78,303.01,302.74,302.91,149058
2025-12-27T10:00:00+00:00,302.91,302.98,302.77,302.83,105843
2025-12-27T11:00:00+00:00,302.8,302.91,302.65,302.86,133322
2025-12-27T12:00:00+00:00,302.86,302.98,302.68,302.96,99299
2025-12-27T13:00:00+00:00,302.96,302.98,302.74,302.82,142425
2025-12-27T14:00:00+00:00,302.82,302.85,302.65,302.8,68348
2025-12-27T15:00:00+00:00,302.8,302.85,302.51,302.63,113419
2025-12-27T16:00:00+00:00,302.93,303.33,301.21,302.77,7526
2025-12-27T17:00:00+00:00,302.77,302.9,302.41,302.44,10765
2025-12-27T18:00:00+00:00,302.45,302.77,302.44,302.62,7137
2025-12-27T19:00:00+00:00,302.48,302.8,302.44,302.7,6131
2025-12-27T20:00:00+00:00,302.51,302.9,302.49,302.63,12325
2025-12-27T23:00:00+00:00,306.14,306.14,302.03,303.3,6079
2025-12-28T00:00:00+00:00,303.3,303.3,302.52,303.27,1057
2025-12-28T01:00:00+00:00,302.69,303.26,302.53,302.65,229
2025-12-28T02:00:00+00:00,303.19,303.21,302.52,302.99,560
2025-12-28T03:00:00+00:00,302.53,303.11,302.53,302.53,964
2025-12-28T04:00:00+00:00,302.62,303.1,302.53,302.63,2467
2025-12-28T05:00:00+00:00,302.93,303.0,302.63,302.9,2022
2025-12-28T06:00:00+00:00,302.9,302.9,302.6,302.6,7342
2025-12-28T07:00:00+00:00,302.61,302.63,301.52,301.63,758179
2025-12-28T08:00:00+00:00,301.63,302.1,301.37,301.88,657314
2025-12-28T09:00:00+00:00,301.88,302.1,301.84,301.97,113423
2025-12-28T10:00:00+00:00,301.97,302.17,301.72,301.92,218915
2025-12-28T11:00:00+00:00,301.92,302.19,301.8,302.19,197894
2025-12-28T12:00:00+00:00,302.19,302.5,302.16,302.21,232582
2025-12-28T13:00:00+00:00,302.21,302.51,302.15,302.42,518244
2025-12-28T14:00:00+00:00,302.48,302.83,302.41,302.79,184704
2025-12-28T15:00:00+00:00,302.78,302.8,302.5,302.55,227852
2025-12-28T16:00:00+00:00,302.73,308.3,302.56,303.28,76648
2025-12-28T17:00:00+00:00,303.69,303.79,303.0,303.5,61856
2025-12-28T18:00:00+00:00,303.5,304.0,303.01,303.8,106125
2025-12-28T19:00:00+00:00,304.0,304.11,303.8,303.9,70813
2025-12-28T20:00:00+00:00,303.9,303.99,303.0,303.85,33864
2025-12-29T03:00:00+00:00,303.0,303.0,303.0,303.0,17275
2025-12-29T04:00:00+00:00,302.99,303.0,302.0,302.63,972172
2025-12-29T05:00:00+00:00,302.62,302.9,302.31,302.65,475042
2025-12-29T06:00:00+00:00,302.65,302.82,301.88,302.36,1241778
2025-12-29T07:00:00+00:00,302.33,302.67,301.84,302.42,1523147
2025-12-29T08:00:00+00:00,302.41,305.9,302.25,305.86,6897337
2025-12-29T09:00:00+00:00,305.84,306.2,303.81,304.32,7993224
2025-12-29T10:00:00+00:00,304.29,304.67,304.01,304.18,1642674
2025-12-29T11:00:00+00:00,304.18,304.39,303.75,304.08,1571913
2025-12-29T12:00:00+00:00,304.11,304.53,303.49,303.62,1476880
2025-12-29T13:00:00+00:00,303.67,303.68,300.44,300.68,7121275
2025-12-29T14:00:00+00:00,300.71,301.5,300.5,300.79,4602535
2025-12-29T15:00:00+00:00,300.8,300.91,298.5,299.2,9175587
2025-12-29T16:00:00+00:00,299.2,300.71,298.99,300.03,3932519
2025-12-29T17:00:00+00:00,300.02,300.29,299.85,299.88,1063289
2025-12-29T18:00:00+00:00,299.89,300.39,299.67,300.15,1060832
2025-12-29T19:00:00+00:00,300.15,300.26,299.91,300.0,550963
2025-12-29T20:00:00+00:00,300.01,300.02,299.69,299.7,608636
2025-12-30T03:00:00+00:00,300.5,300.5,300.5,300.5,22815
2025-12-30T04:00:00+00:00,300.51,300.99,300.06,300.65,682965
2025-12-30T05:00:00+00:00,300.62,300.89,300.28,300.68,327433
2025-12-30T06:00:00+00:00,300.64,300.65,299.8,300.05,1088946
2025-12-30T07:00:00+00:00,300.06,300.06,299.11,299.77,2025703
2025-12-30T08:00:00+00:00,299.77,300.26,299.5,300.03,1486393
2025-12-30T09:00:00+00:00,300.06,300.25,299.08,299.87,3038023
2025-12-30T10:00:00+00:00,299.86,300.05,299.57,299.88,3031326
2025-12-30T11:00:00+00:00,299.88,300.05,299.33,299.96,981580
2025-12-30T12:00:00+00:00,299.96,300.24,299.87,300.22,926798
2025-12-30T13:00:00+00:00,300.22,300.55,299.96,300.19,1368412
2025-12-30T14:00:00+00:00,300.18,300.47,300.05,300.09,1388569
2025-12-30T15:00:00+00:00,300.1,300.28,299.61,300.28,1038330
2025-12-30T16:00:00+00:00,300.23,300.33,300.0,300.23,579303
2025-12-30T17:00:00+00:00,300.22,300.25,299.95,300.04,277817
2025-12-30T18:00:00+00:00,300.03,300.17,300.02,300.13,351909
2025-12-30T19:00:00+00:00,300.13,300.15,299.99,300.0,782302
2025-12-30T20:00:00+00:00,300.0,300.28,299.63,299.9,588355
2025-12-30T23:00:00+00:00,301.45,301.45,299.61,300.32,3195
2025-12-31T00:00:00+00:00,300.32,300.32,299.8,300.31,2663
2025-12-31T01:00:00+00:00,299.9,300.32,299.8,300.0,2267
2025-12-31T02:00:00+00:00,299.9,300.0,299.61,300.0,2526
2025-12-31T03:00:00+00:00,300.0,300.32,299.9,300.32,12614
2025-12-31T04:00:00+00:00,300.32,300.4,299.51,300.36,11474
2025-12-31T05:00:00+00:00,299.76,300.36,299.74,300.31,5535
2025-12-31T06:00:00+00:00,300.31,300.31,299.0,300.0,26193
2025-12-31T07:00:00+00:00,300.3,300.31,299.6,300.0,16664
2025-12-31T08:00:00+00:00,300.0,300.0,299.61,300.0,15064
2025-12-31T09:00:00+00:00,300.0,300.28,299.8,300.19,20273
2025-12-31T10:00:00+00:00,300.26,300.26,299.9,299.97,15149
2025-12-31T11:00:00+00:00,299.97,300.2,299.9,299.95,21672
2025-12-31T12:00:00+00:00,299.95,300.19,299.95,300.19,9893
2025-12-31T13:00:00+00:00,300.19,300.19,299.95,300.0,18623
2025-12-31T14:00:00+00:00,300.0,300.2,299.91,300.19,20954
2025-12-31T15:00:00+00:00,300.19,300.19,299.9,300.13,13118
2025-12-31T16:00:00+00:00,300.0,300.13,299.9,299.93,14756
2025-12-31T17:00:00+00:00,299.93,300.12,299.93,300.0,3588
2025-12-31T18:00:00+00:00,300.0,300.12,299.8,299.8,11038
2025-12-31T19:00:00+00:00,299.8,299.99,299.77,299.77,4902
2025-12-31T20:00:00+00:00,299.85,300.0,299.65,299.9,10276
2026-01-01T23:00:00+00:00,300.53,300.53,299.9,300.0,9240
2026-01-02T00:00:00+00:00,300.1,300.37,300.0,300.24,1042
2026-01-02T01:00:00+00:00,300.23,300.35,300.01,300.34,1453
2026-01-02T02:00:00+00:00,300.07,300.34,300.06,300.34,1107
2026-01-02T03:00:00+00:00,300.08,300.34,300.07,300.29,1167
2026-01-02T04:00:00+00:00,300.07,300.37,299.91,300.37,9666
2026-01-02T05:00:00+00:00,300.08,300.42,299.91,300.04,5407
2026-01-02T06:00:00+00:00,300.35,300.42,300.0,300.39,19374
2026-01-02T07:00:00+00:00,300.39,300.42,300.0,300.05,15752
2026-01-02T08:00:00+00:00,300.37,300.39,300.03,300.38,13770
2026-01-02T09:00:00+00:00,300.38,300.39,300.11,300.11,8796
2026-01-02T10:00:00+00:00,300.32,300.34,300.0,300.31,15092
2026-01-02T11:00:00+00:00,300.33,300.33,300.01,300.26,14827
2026-01-02T12:00:00+00:00,300.26,300.33,300.03,300.33,9430
2026-01-02T13:00:00+00:00,300.04,300.33,300.01,300.28,9968
2026-01-02T14:00:00+00:00,300.28,300.33,300.0,300.31,6515
2026-01-02T15:00:00+00:00,300.12,300.32,300.01,300.32,5014
2026-01-02T16:00:00+00:00,300.32,300.33,300.0,300.2,5885
2026-01-02T17:00:00+00:00,300.2,300.31,300.0,300.29,6444
2026-01-02T18:00:00+00:00,300.29,300.3,300.0,300.29,12237
2026-01-02T19:00:00+00:00,300.29,300.29,300.05,300.26,3955
2026-01-02T20:00:00+00:00,300.26,300.27,300.07,300.25,3724
2026-01-02T23:00:00+00:00,300.59,300.59,299.9,300.18,1160
2026-01-03T00:00:00+00:00,300.41,300.42,299.97,300.4,1774
2026-01-03T01:00:00+00:00,300.39,300.39,300.0,300.35,299
2026-01-03T02:00:00+00:00,300.05,300.36,300.03,300.36,1312
2026-01-03T03:00:00+00:00,300.36,300.36,300.06,300.3,1360
2026-01-03T04:00:00+00:00,300.3,300.3,300.03,300.29,2029
2026-01-03T05:00:00+00:00,300.29,300.36,300.03,300.35,3622
2026-01-03T06:00:00+00:00,300.35,300.36,300.01,300.35,6596
2026-01-03T07:00:00+00:00,300.34,300.36,299.93,300.28,15604
2026-01-03T08:00:00+00:00,300.28,300.3,299.99,300.26,16576
2026-01-03T09:00:00+00:00,300.26,300.27,299.96,299.99,12029
2026-01-03T10:00:00+00:00,299.96,300.26,299.95,300.26,11577
2026-01-03T11:00:00+00:00,300.26,300.26,299.99,300.25,8693
2026-01-03T12:00:00+00:00,300.01,300.26,299.95,300.24,8555
2026-01-03T13:00:00+00:00,300.24,300.26,299.95,300.24,6312
2026-01-03T14:00:00+00:00,300.24,300.26,299.96,300.25,5324
2026-01-03T15:00:00+00:00,300.25,300.26,299.95,300.25,6879
2026-01-03T16:00:00+00:00,300.25,300.25,299.96,300.01,5643
2026-01-03T17:00:00+00:00,300.01,300.25,299.94,300.22,10054
2026-01-03T18:00:00+00:00,300.22,300.22,299.8,300.1,12869
2026-01-03T19:00:00+00:00,300.0,300.1,299.7,299.78,7040
2026-01-03T20:00:00+00:00,299.78,300.25,299.78,300.24,17779
2026-01-03T23:00:00+00:00,301.99,301.99,299.15,300.25,1989
2026-01-04T00:00:00+00:00,299.93,300.3,299.73,300.02,604
2026-01-04T01:00:00+00:00,300.27,300.3,300.0,300.29,640
2026-01-04T02:00:00+00:00,300.26,300.3,300.0,300.02,440
2026-01-04T03:00:00+00:00,300.28,300.3,300.0,300.0,667
2026-01-04T04:00:00+00:00,300.0,300.3,299.9,299.9,2032
2026-01-04T05:00:00+00:00,300.0,300.0,299.78,299.9,3430
2026-01-04T06:00:00+00:00,299.9,300.0,299.78,299.9,7160
2026-01-04T07:00:00+00:00,299.8,300.0,299.79,299.99,5432
2026-01-04T08:00:00+00:00,299.9,299.99,299.72,299.96,9444
2026-01-04T09:00:00+00:00,299.96,299.99,299.72,299.8,6008
2026-01-04T10:00:00+00:00,299.99,300.0,299.77,299.8,5937
2026-01-04T11:00:00+00:00,299.8,300.0,299.7,299.99,11694
2026-01-04T12:00:00+00:00,299.99,300.0,299.71,299.99,3734
2026-01-04T13:00:00+00:00,299.99,300.0,299.71,299.99,5311
2026-01-04T14:00:00+00:00,299.99,300.0,299.72,299.98,3502
2026-01-04T15:00:00+00:00,299.9,300.0,299.72,299.9,6185
2026-01-04T16:00:00+00:00,299.9,299.99,299.72,299.99,3557
2026-01-04T17:00:00+00:00,299.99,300.0,299.71,299.9,10277
2026-01-04T18:00:00+00:00,299.98,299.98,299.71,299.93,2669
2026-01-04T19:00:00+00:00,299.96,299.98,299.9,299.97,2642
2026-01-04T20:00:00+00:00,299.98,299.98,299.8,299.9,2385
2026-01-05T03:00:00+00:00,300.0,300.0,300.0,300.0,72682
2026-01-05T04:00:00+00:00,299.99,300.12,298.51,298.65,1093930
2026-01-05T05:00:00+00:00,298.65,299.18,298.56,298.99,546083
2026-01-05T06:00:00+00:00,298.98,299.0,297.21,297.67,2504024
2026-01-05T07:00:00+00:00,297.67,297.89,296.21,297.7,2517404
2026-01-05T08:00:00+00:00,297.71,297.77,297.0,297.53,2208862
2026-01-05T09:00:00+00:00,297.53,297.97,297.27,297.9,1006558
2026-01-05T10:00:00+00:00,297.9,298.33,297.6,298.06,590164
2026-01-05T11:00:00+00:00,298.06,298.46,297.75,298.31,495860
2026-01-05T12:00:00+00:00,298.3,298.42,297.93,298.27,354782
2026-01-05T13:00:00+00:00,298.27,298.5,298.12,298.4,587491
2026-01-05T14:00:00+00:00,298.4,299.28,298.38,299.05,775569
2026-01-05T15:00:00+00:00,299.04,299.31,298.95,299.0,519410
2026-01-05T16:00:00+00:00,298.99,299.27,298.78,298.9,671029
2026-01-05T17:00:00+00:00,298.9,298.99,298.67,298.77,335074
2026-01-05T18:00:00+00:00,298.76,299.03,298.68,298.89,262403
2026-01-05T19:00:00+00:00,298.89,298.93,298.62,298.72,582493
2026-01-05T20:00:00+00:00,298.71,298.91,298.57,298.78,312600
2026-01-06T03:00:00+00:00,298.86,298.86,298.86,298.86,266
2026-01-06T04:00:00+00:00,298.92,299.67,298.9,299.48,364077
2026-01-06T05:00:00+00:00,299.45,299.65,299.12,299.25,152319
2026-01-06T06:00:00+00:00,299.25,299.77,298.97,299.62,493416
2026-01-06T07:00:00+00:00,299.62,299.62,299.05,299.31,778760
2026-01-06T08:00:00+00:00,299.31,299.73,299.12,299.72,469371
2026-01-06T09:00:00+00:00,299.71,299.94,299.44,299.46,381944
2026-01-06T10:00:00+00:00,299.46,299.63,299.3,299.5,229256
2026-01-06T11:00:00+00:00,299.5,299.56,299.01,299.14,366001
2026-01-06T12:00:00+00:00,299.13,299.31,298.63,299.21,748923
2026-01-06T13:00:00+00:00,299.21,299.26,298.5,298.57,341981
2026-01-06T14:00:00+00:00,298.57,298.73,298.2,298.59,688201
2026-01-06T15:00:00+00:00,298.58,299.14,298.58,299.13,439089
2026-01-06T16:00:00+00:00,299.12,299.13,298.78,299.02,308977
2026-01-06T17:00:00+00:00,299.03,299.1,298.75,298.9,212253
2026-01-06T18:00:00+00:00,298.9,299.0,298.7,298.89,237531
2026-01-06T19:00:00+00:00,298.89,298.99,298.44,298.86,448056
2026-01-06T20:00:00+00:00,298.86,299.17,298.81,299.08,304287
2026-01-06T23:00:00+00:00,300.59,300.59,298.95,298.95,2331
2026-01-07T00:00:00+00:00,299.36,299.39,298.88,299.36,1538
2026-01-07T01:00:00+00:00,299.32,299.39,298.5,299.06,1329
2026-01-07T02:00:00+00:00,299.06,299.37,298.7,299.36,1307
2026-01-07T03:00:00+00:00,299.35,299.37,298.7,299.35,829
2026-01-07T04:00:00+00:00,298.78,299.35,298.78,299.09,1651
2026-01-07T05:00:00+00:00,299.32,299.37,298.9,299.36,2512
2026-01-07T06:00:00+00:00,299.36,299.37,298.71,299.3,5574
2026-01-07T07:00:00+00:00,299.29,299.34,298.72,299.08,7806
2026-01-07T08:00:00+00:00,299.08,299.08,298.72,299.01,8785
2026-01-07T09:00:00+00:00,299.01,299.01,298.73,298.98,11520
2026-01-07T10:00:00+00:00,298.98,299.01,298.75,299.01,10045
2026-01-07T11:00:00+00:00,299.01,299.01,298.75,299.0,16968
2026-01-07T12:00:00+00:00,298.76,299.01,298.58,298.62,20238
2026-01-07T13:00:00+00:00,299.0,299.01,298.13,298.13,31317
2026-01-07T14:00:00+00:00,298.14,298.58,298.12,298.44,13385
2026-01-07T15:00:00+00:00,298.14,298.45,297.13,297.89,66407
2026-01-07T16:00:00+00:00,297.89,298.1,297.27,297.29,27948
2026-01-07T17:00:00+00:00,297.88,298.44,297.29,297.35,28620
2026-01-07T18:00:00+00:00,297.35,298.4,297.35,298.33,5601
2026-01-07T19:00:00+00:00,298.33,298.33,297.6,298.2,5832
2026-01-07T20:00:00+00:00,298.01,298.2,297.6,298.17,4760
2026-01-08T03:00:00+00:00,296.85,296.85,296.85,296.85,98661
2026-01-08T04:00:00+00:00,296.85,297.67,296.35,297.17,1282509
2026-01-08T05:00:00+00:00,297.17,297.75,297.15,297.44,349849
2026-01-08T06:00:00+00:00,297.47,298.11,297.25,297.95,713674
2026-01-08T07:00:00+00:00,297.93,298.25,297.49,298.02,1308213
2026-01-08T08:00:00+00:00,298.02,298.19,297.77,298.11,331752
2026-01-08T09:00:00+00:00,298.11,298.5,298.05,298.42,519942
2026-01-08T10:00:00+00:00,298.42,298.44,297.2,297.8,1233304
2026-01-08T11:00:00+00:00,297.8,297.98,297.7,297.71,232209
2026-01-08T12:00:00+00:00,297.7,297.8,296.76,296.85,1576602
2026-01-08T13:00:00+00:00,296.82,297.45,296.64,297.4,764838
2026-01-08T14:00:00+00:00,297.4,297.87,297.2,297.73,592181
2026-01-08T15:00:00+00:00,297.74,298.29,297.69,298.22,461604
2026-01-08T16:00:00+00:00,298.18,298.25,297.89,298.16,241059
2026-01-08T17:00:00+00:00,298.16,298.17,297.84,297.97,128763
2026-01-08T18:00:00+00:00,297.98,298.49,297.96,298.47,214935
2026-01-08T19:00:00+00:00,298.47,298.5,297.95,298.15,169076
2026-01-08T20:00:00+00:00,298.15,298.18,297.75,298.0,150723
2026-01-09T03:00:00+00:00,298.07,298.07,298.07,298.07,3319
2026-01-09T04:00:00+00:00,298.07,299.39,297.98,298.9,836206
2026-01-09T05:00:00+00:00,298.91,299.03,298.51,298.78,211843
2026-01-09T06:00:00+00:00,298.7,298.93,297.82,298.59,624478
2026-01-09T07:00:00+00:00,298.58,298.75,298.08,298.1,512253
2026-01-09T08:00:00+00:00,298.1,298.77,297.85,298.7,624860
2026-01-09T09:00:00+00:00,298.71,298.73,298.23,298.55,275364
2026-01-09T10:00:00+00:00,298.56,298.56,298.11,298.37,449897
2026-01-09T11:00:00+00:00,298.37,299.1,298.37,298.93,988050
2026-01-09T12:00:00+00:00,298.93,299.0,298.6,298.68,177069
2026-01-09T13:00:00+00:00,298.67,298.81,298.49,298.72,247503
2026-01-09T14:00:00+00:00,298.73,299.28,298.73,299.22,514570
2026-01-09T15:00:00+00:00,299.22,299.29,298.98,299.19,648437
2026-01-09T16:00:00+00:00,299.19,299.3,298.92,299.05,614452
2026-01-09T17:00:00+00:00,299.06,299.29,298.94,299.11,168392
2026-01-09T18:00:00+00:00,299.1,299.12,298.94,298.96,186542
2026-01-09T19:00:00+00:00,298.96,299.13,298.96,299.04,122073
2026-01-09T20:00:00+00:00,299.04,299.09,298.8,299.04,402165
2026-01-09T23:00:00+00:00,300.51,300.51,298.58,298.98,3893
2026-01-10T00:00:00+00:00,298.94,298.95,298.47,298.85,771
2026-01-10T01:00:00+00:00,298.85,298.85,298.51,298.53,562
2026-01-10T02:00:00+00:00,298.53,298.97,298.53,298.53,669
2026-01-10T03:00:00+00:00,298.97,299.04,298.53,298.61,2290
2026-01-10T04:00:00+00:00,298.61,299.25,298.56,299.04,1726
2026-01-10T05:00:00+00:00,299.19,299.2,298.59,299.02,1735
2026-01-10T06:00:00+00:00,299.02,299.04,298.61,298.95,2200
2026-01-10T07:00:00+00:00,298.75,299.0,298.65,298.9,11313
2026-01-10T08:00:00+00:00,298.91,299.0,298.7,298.99,14811
2026-01-10T09:00:00+00:00,298.73,299.0,298.29,298.88,25925
2026-01-10T10:00:00+00:00,298.88,298.99,298.54,298.65,8537
2026-01-10T11:00:00+00:00,298.92,298.95,298.6,298.9,18740
2026-01-10T12:00:00+00:00,298.62,298.95,298.54,298.95,8840
2026-01-10T13:00:00+00:00,298.94,298.95,298.56,298.94,7063
2026-01-10T14:00:00+00:00,298.94,298.95,298.6,298.62,5385
2026-01-10T15:00:00+00:00,298.94,298.95,298.5,298.84,13161
2026-01-10T16:00:00+00:00,298.84,298.89,298.51,298.89,3837
2026-01-10T17:00:00+00:00,298.57,298.94,298.53,298.9,4903
2026-01-10T18:00:00+00:00,298.9,298.95,298.65,298.92,4261
2026-01-10T19:00:00+00:00,298.92,298.94,298.66,298.94,6247
2026-01-10T20:00:00+00:00,298.94,298.95,298.65,298.94,8467
2026-01-10T23:00:00+00:00,300.64,300.64,298.64,298.74,1497
2026-01-11T00:00:00+00:00,299.0,299.29,297.87,298.04,3550
2026-01-11T01:00:00+00:00,299.04,299.06,298.0,298.73,895
2026-01-11T02:00:00+00:00,298.73,299.27,298.13,299.04,1635
2026-01-11T03:00:00+00:00,299.01,299.27,299.0,299.0,914
2026-01-11T04:00:00+00:00,299.18,299.18,299.0,299.15,1968
2026-01-11T05:00:00+00:00,299.15,299.2,299.01,299.01,4585
2026-01-11T06:00:00+00:00,299.01,299.04,298.16,299.02,7112
2026-01-11T07:00:00+00:00,299.02,299.03,298.61,298.9,4722
2026-01-11T08:00:00+00:00,298.62,298.9,298.51,298.85,4333
2026-01-11T09:00:00+00:00,298.52,298.96,298.52,298.96,5118
2026-01-11T10:00:00+00:00,298.66,299.01,298.57,299.01,8155
2026-01-11T11:00:00+00:00,299.0,299.8,298.91,299.42,35915
2026-01-11T12:00:00+00:00,299.42,299.42,298.8,299.04,4660
2026-01-11T13:00:00+00:00,299.04,299.23,298.77,299.15,5299
2026-01-11T14:00:00+00:00,299.08,299.15,298.67,298.7,7021
2026-01-11T15:00:00+00:00,298.7,298.95,298.65,298.66,5426
2026-01-11T16:00:00+00:00,298.95,298.99,298.52,298.93,23875
2026-01-11T17:00:00+00:00,298.93,299.04,298.53,298.69,11489
2026-01-11T18:00:00+00:00,298.57,298.96,298.57,298.95,3233
2026-01-11T19:00:00+00:00,298.95,299.0,298.6,298.98,2982
2026-01-11T20:00:00+00:00,298.61,299.06,298.6,299.06,6559
2026-01-12T03:00:00+00:00,299.15,299.15,299.15,299.15,4647
2026-01-12T04:00:00+00:00,299.19,299.75,298.8,298.99,516731
2026-01-12T05:00:00+00:00,298.99,299.23,298.0,298.97,441773
2026-01-12T06:00:00+00:00,298.98,299.35,298.7,298.83,765921
2026-01-12T07:00:00+00:00,298.84,301.29,298.73,301.24,3602438
2026-01-12T08:00:00+00:00,301.23,301.4,300.46,300.53,1919546
2026-01-12T09:00:00+00:00,300.53,300.9,300.52,300.9,573563
2026-01-12T10:00:00+00:00,300.9,300.99,300.17,300.29,652632
2026-01-12T11:00:00+00:00,300.29,300.3,298.99,299.31,1598625
2026-01-12T12:00:00+00:00,299.31,299.61,299.12,299.49,622844
2026-01-12T13:00:00+00:00,299.49,299.56,298.59,299.19,969217
2026-01-12T14:00:00+00:00,299.19,299.34,298.7,299.0,1240499
2026-01-12T15:00:00+00:00,299.01,299.55,298.88,299.43,1036404
2026-01-12T16:00:00+00:00,299.42,299.77,299.3,299.68,261568
2026-01-12T17:00:00+00:00,299.68,299.74,299.2,299.4,427009
2026-01-12T18:00:00+00:00,299.41,299.41,298.97,299.16,422157
2026-01-12T19:00:00+00:00,299.16,299.3,298.5,299.11,910711
2026-01-12T20:00:00+00:00,299.12,299.2,298.99,299.16,188989
2026-01-13T03:00:00+00:00,299.2,299.2,299.2,299.2,3484
2026-01-13T04:00:00+00:00,299.2,301.04,299.19,299.75,376105
2026-01-13T05:00:00+00:00,299.75,299.86,299.62,299.64,159345
2026-01-13T06:00:00+00:00,299.63,299.68,298.87,299.1,1008112
2026-01-13T07:00:00+00:00,299.1,299.18,298.51,298.88,908005
2026-01-13T08:00:00+00:00,298.88,299.1,297.52,297.65,2349695
2026-01-13T09:00:00+00:00,297.65,298.0,296.61,297.62,3953790
2026-01-13T10:00:00+00:00,297.62,298.02,297.12,297.16,2238995
2026-01-13T11:00:00+00:00,297.16,297.68,297.0,297.26,1467426
2026-01-13T12:00:00+00:00,297.27,297.49,297.07,297.27,691194
2026-01-13T13:00:00+00:00,297.27,297.84,297.07,297.25,1068325
2026-01-13T14:00:00+00:00,297.26,297.63,297.01,297.19,1026303
2026-01-13T15:00:00+00:00,297.2,297.55,296.67,297.44,1888841
2026-01-13T16:00:00+00:00,297.3,297.51,297.07,297.36,307157
2026-01-13T17:00:00+00:00,297.36,297.42,296.9,297.05,472960
2026-01-13T18:00:00+00:00,297.05,297.22,296.98,297.18,196193
2026-01-13T19:00:00+00:00,297.18,297.27,297.08,297.24,88290
2026-01-13T20:00:00+00:00,297.25,297.39,297.15,297.23,174506
2026-01-14T03:00:00+00:00,297.23,297.23,297.23,297.23,1109
2026-01-14T04:00:00+00:00,297.34,297.59,297.24,297.29,185017
2026-01-14T05:00:00+00:00,297.29,297.29,296.5,296.81,497004
2026-01-14T06:00:00+00:00,296.8,297.3,296.52,296.79,627347
2026-01-14T07:00:00+00:00,296.79,296.84,296.02,296.75,2259736
2026-01-14T08:00:00+00:00,296.75,299.78,296.67,299.12,4953130
2026-01-14T09:00:00+00:00,299.12,299.69,298.77,299.28,1622723
2026-01-14T10:00:00+00:00,299.29,299.7,298.5,298.79,1462549
2026-01-14T11:00:00+00:00,298.8,299.29,298.78,299.1,427337
2026-01-14T12:00:00+00:00,299.1,299.24,298.79,299.03,523241
2026-01-14T13:00:00+00:00,299.03,299.2,298.3,299.02,863425
2026-01-14T14:00:00+00:00,299.02,299.6,299.0,299.28,1848289
2026-01-14T15:00:00+00:00,299.29,299.55,299.12,299.42,768471
2026-01-14T16:00:00+00:00,299.41,299.41,298.3,298.76,1016174
2026-01-14T17:00:00+00:00,298.76,298.87,298.0,298.6,629471
2026-01-14T18:00:00+00:00,298.61,298.95,298.52,298.94,237261
2026-01-14T19:00:00+00:00,298.95,298.95,298.67,298.93,136123
2026-01-14T20:00:00+00:00,298.93,298.94,298.36,298.58,276047
2026-01-15T03:00:00+00:00,298.25,298.25,298.25,298.25,12572
2026-01-15T04:00:00+00:00,298.4,299.55,298.25,299.46,474763
2026-01-15T05:00:00+00:00,299.47,299.8,299.11,299.69,365346
2026-01-15T06:00:00+00:00,299.61,299.61,298.74,298.89,605006
2026-01-15T07:00:00+00:00,298.8,298.88,297.5,297.53,1478331
2026-01-15T08:00:00+00:00,297.52,298.25,297.4,297.86,1288445
2026-01-15T09:00:00+00:00,297.86,298.09,297.42,297.44,903145
2026-01-15T10:00:00+00:00,297.43,299.0,297.4,297.78,1610779
2026-01-15T11:00:00+00:00,297.78,298.88,297.77,298.73,897917
2026-01-15T12:00:00+00:00,298.72,298.87,298.27,298.46,395976
2026-01-15T13:00:00+00:00,298.45,298.8,298.05,298.69,531377
2026-01-15T14:00:00+00:00,298.69,299.3,298.0,298.15,1066897
2026-01-15T15:00:00+00:00,298.15,298.42,297.5,298.0,1194233
2026-01-15T16:00:00+00:00,298.01,298.8,297.57,298.3,663566
2026-01-15T17:00:00+00:00,298.29,298.64,298.29,298.41,262865
2026-01-15T18:00:00+00:00,298.42,298.53,298.28,298.39,149633
2026-01-15T19:00:00+00:00,298.39,299.3,298.38,299.25,837490
2026-01-15T20:00:00+00:00,299.25,299.37,298.92,299.16,512070
2026-01-16T03:00:00+00:00,299.43,299.43,299.43,299.43,3180
2026-01-16T04:00:00+00:00,299.42,299.5,298.9,299.27,396519
2026-01-16T05:00:00+00:00,299.26,299.29,299.09,299.1,161296
2026-01-16T06:00:00+00:00,299.15,299.3,298.9,299.1,1096577
2026-01-16T07:00:00+00:00,299.1,299.78,299.07,299.76,2130890
2026-01-16T08:00:00+00:00,299.74,300.99,299.66,300.39,4527729
2026-01-16T09:00:00+00:00,300.39,300.8,300.37,300.77,1347264
2026-01-16T10:00:00+00:00,300.75,300.8,300.16,300.37,1278808
2026-01-16T11:00:00+00:00,300.37,300.55,300.03,300.5,726036
2026-01-16T12:00:00+00:00,300.5,300.5,299.77,299.82,649272
2026-01-16T13:00:00+00:00,299.83,301.75,299.8,301.64,3260593
2026-01-16T14:00:00+00:00,301.64,301.95,301.55,301.75,2502164
2026-01-16T15:00:00+00:00,301.75,301.97,301.51,301.77,823448
2026-01-16T16:00:00+00:00,301.77,301.89,301.64,301.65,282329
2026-01-16T17:00:00+00:00,301.65,301.71,301.53,301.57,254808
2026-01-16T18:00:00+00:00,301.57,301.82,301.5,301.68,391218
2026-01-16T19:00:00+00:00,301.69,301.85,301.51,301.78,394988
2026-01-16T20:00:00+00:00,301.77,301.79,301.3,301.52,485469
2026-01-16T23:00:00+00:00,303.52,303.52,301.03,302.21,3645
2026-01-17T00:00:00+00:00,302.21,302.22,301.71,302.19,914
2026-01-17T01:00:00+00:00,302.19,302.22,301.73,302.21,1386
2026-01-17T02:00:00+00:00,302.21,302.22,301.9,302.21,2187
2026-01-17T03:00:00+00:00,301.8,302.21,301.59,301.99,2022
2026-01-17T04:00:00+00:00,301.7,302.0,301.59,301.83,4005
2026-01-17T05:00:00+00:00,301.83,302.18,301.63,301.66,5916
2026-01-17T06:00:00+00:00,301.98,301.99,301.66,301.67,3891
2026-01-17T07:00:00+00:00,301.69,301.89,301.0,301.38,431798
2026-01-17T08:00:00+00:00,301.36,301.42,301.22,301.41,86212
2026-01-17T09:00:00+00:00,301.4,301.44,301.22,301.36,70234
2026-01-17T10:00:00+00:00,301.35,301.4,301.26,301.39,52806
2026-01-17T11:00:00+00:00,301.35,301.39,301.12,301.22,113957
2026-01-17T12:00:00+00:00,301.22,301.28,301.0,301.11,129727
2026-01-17T13:00:00+00:00,301.14,301.2,301.02,301.08,59506
2026-01-17T14:00:00+00:00,301.06,301.18,301.0,301.01,60967
2026-01-17T15:00:00+00:00,301.05,301.32,301.0,301.28,54870
2026-01-17T16:00:00+00:00,302.0,302.0,300.73,301.52,2626
2026-01-17T17:00:00+00:00,301.52,301.7,301.15,301.46,7558
2026-01-17T18:00:00+00:00,301.46,301.69,301.21,301.49,7160
2026-01-17T19:00:00+00:00,301.49,301.63,301.12,301.63,4267
2026-01-17T20:00:00+00:00,301.62,301.62,301.0,301.0,6778
2026-01-17T23:00:00+00:00,301.97,301.97,301.0,301.26,934
2026-01-18T00:00:00+00:00,301.58,301.61,301.15,301.18,432
2026-01-18T01:00:00+00:00,301.19,301.86,301.18,301.84,1482
2026-01-18T02:00:00+00:00,301.84,301.84,301.28,301.81,1053
2026-01-18T03:00:00+00:00,301.31,301.82,301.31,301.68,569
2026-01-18T04:00:00+00:00,301.37,301.8,301.36,301.78,1860
2026-01-18T05:00:00+00:00,301.78,301.78,301.33,301.33,2257
2026-01-18T06:00:00+00:00,301.49,301.5,301.28,301.28,3219
2026-01-18T07:00:00+00:00,301.3,301.76,301.1,301.36,363722
2026-01-18T08:00:00+00:00,301.36,301.42,301.2,301.34,86304
2026-01-18T09:00:00+00:00,301.34,301.45,301.29,301.34,59807
2026-01-18T10:00:00+00:00,301.33,301.45,301.27,301.31,33475
2026-01-18T11:00:00+00:00,301.36,301.4,301.27,301.35,17712
2026-01-18T12:00:00+00:00,301.35,301.35,301.22,301.31,41171
2026-01-18T13:00:00+00:00,301.34,301.48,301.31,301.44,36705
2026-01-18T14:00:00+00:00,301.48,301.77,301.44,301.64,75698
2026-01-18T15:00:00+00:00,301.69,301.89,301.62,301.86,144380
2026-01-18T16:00:00+00:00,301.78,303.13,301.08,301.93,5084
2026-01-18T17:00:00+00:00,301.57,302.14,301.57,302.14,15254
2026-01-18T18:00:00+00:00,302.14,302.14,301.87,301.95,4214
2026-01-18T19:00:00+00:00,302.09,302.09,301.6,301.92,16130
2026-01-18T20:00:00+00:00,301.92,302.07,301.6,301.64,3652
2026-01-19T03:00:00+00:00,302.0,302.0,302.0,302.0,24917
2026-01-19T04:00:00+00:00,302.0,302.42,301.51,301.96,523255
2026-01-19T05:00:00+00:00,302.01,302.02,301.6,301.85,310090
2026-01-19T06:00:00+00:00,301.85,301.85,300.82,301.06,1475147
2026-01-19T07:00:00+00:00,301.01,301.42,300.34,301.3,1413712
2026-01-19T08:00:00+00:00,301.3,303.98,301.26,303.62,4958607
2026-01-19T09:00:00+00:00,303.59,303.82,303.08,303.44,1472067
2026-01-19T10:00:00+00:00,303.45,303.47,302.67,302.98,1424847
2026-01-19T11:00:00+00:00,302.98,303.52,302.9,303.42,1177502
2026-01-19T12:00:00+00:00,303.43,303.7,303.15,303.6,1040249
2026-01-19T13:00:00+00:00,303.6,303.96,302.4,303.59,4265384
2026-01-19T14:00:00+00:00,303.61,304.5,303.35,304.44,2897057
2026-01-19T15:00:00+00:00,304.44,304.73,304.01,304.01,1815163
2026-01-19T16:00:00+00:00,304.01,304.15,303.76,304.07,386894
2026-01-19T17:00:00+00:00,304.07,304.15,303.9,303.97,245767
2026-01-19T18:00:00+00:00,303.96,304.01,303.92,303.97,146423
2026-01-19T19:00:00+00:00,303.97,303.97,303.67,303.68,330665
2026-01-19T20:00:00+00:00,303.68,303.73,303.32,303.62,380546
2026-01-20T03:00:00+00:00,303.89,303.89,303.89,303.89,5298
2026-01-20T04:00:00+00:00,303.9,304.35,303.62,304.27,425987
2026-01-20T05:00:00+00:00,304.27,304.51,304.09,304.3,264792
2026-01-20T06:00:00+00:00,304.29,304.29,303.56,303.85,882822
2026-01-20T07:00:00+00:00,303.85,303.89,302.9,303.11,1947328
2026-01-20T08:00:00+00:00,303.11,303.34,302.9,302.99,1593685
2026-01-20T09:00:00+00:00,302.99,303.47,302.47,303.12,3519133
2026-01-20T10:00:00+00:00,303.12,303.46,303.0,303.15,665680
2026-01-20T11:00:00+00:00,303.15,303.15,302.63,302.87,661292
2026-01-20T12:00:00+00:00,302.87,303.45,302.52,303.4,768104
2026-01-20T13:00:00+00:00,303.4,304.06,303.39,303.92,1195187
2026-01-20T14:00:00+00:00,303.94,304.65,303.5,304.15,2884244
2026-01-20T15:00:00+00:00,304.14,304.24,303.75,303.86,902015
2026-01-20T16:00:00+00:00,303.85,304.14,303.62,303.86,406677
2026-01-20T17:00:00+00:00,303.86,303.95,303.74,303.87,132711
2026-01-20T18:00:00+00:00,303.87,304.3,303.73,304.08,353080
2026-01-20T19:00:00+00:00,304.07,304.35,303.99,304.33,287495
2026-01-20T20:00:00+00:00,304.33,304.33,303.89,304.03,241061
2026-01-21T03:00:00+00:00,304.1,304.1,304.1,304.1,2150
2026-01-21T04:00:00+00:00,304.03,304.31,304.0,304.15,201624
2026-01-21T05:00:00+00:00,304.15,304.15,303.42,303.91,295832
2026-01-21T06:00:00+00:00,303.91,304.2,303.15,304.1,816699
2026-01-21T07:00:00+00:00,304.08,304.51,303.0,303.5,2669665
2026-01-21T08:00:00+00:00,303.49,303.75,303.17,303.68,488102
2026-01-21T09:00:00+00:00,303.67,305.11,303.56,304.69,4186881
2026-01-21T10:00:00+00:00,304.68,306.25,304.63,305.98,4726285
2026-01-21T11:00:00+00:00,305.98,306.94,305.83,306.01,4142576
2026-01-21T12:00:00+00:00,306.01,306.22,305.5,306.06,1507631
2026-01-21T13:00:00+00:00,306.06,306.18,305.7,305.99,806289
2026-01-21T14:00:00+00:00,306.0,306.47,305.82,306.02,2009951
2026-01-21T15:00:00+00:00,306.03,306.1,305.58,306.0,1040310
2026-01-21T16:00:00+00:00,305.96,305.96,305.26,305.49,788034
2026-01-21T17:00:00+00:00,305.5,305.87,305.4,305.86,399141
2026-01-21T18:00:00+00:00,305.85,306.0,305.83,305.95,339587
2026-01-21T19:00:00+00:00,305.94,306.49,305.7,306.35,1103590
2026-01-21T20:00:00+00:00,306.33,306.55,306.17,306.49,779332
2026-01-22T03:00:00+00:00,306.6,306.6,306.6,306.6,2881
2026-01-22T04:00:00+00:00,306.64,307.0,306.35,306.77,528672
2026-01-22T05:00:00+00:00,306.76,306.85,306.12,306.39,381384
2026-01-22T06:00:00+00:00,306.39,306.4,305.89,306.0,549388
2026-01-22T07:00:00+00:00,305.99,306.71,305.88,306.2,1155381
2026-01-22T08:00:00+00:00,306.2,307.0,306.19,306.61,1796020
2026-01-22T09:00:00+00:00,306.6,306.75,306.0,306.61,1633281
2026-01-22T10:00:00+00:00,306.61,306.76,306.35,306.49,792050
2026-01-22T11:00:00+00:00,306.48,306.98,306.32,306.61,1473601
2026-01-22T12:00:00+00:00,306.67,306.91,306.54,306.71,787724
2026-01-22T13:00:00+00:00,306.71,306.87,304.29,305.76,4574853
2026-01-22T14:00:00+00:00,305.76,306.71,304.22,306.41,4349930
2026-01-22T15:00:00+00:00,306.4,306.73,305.99,305.99,1926642
2026-01-22T16:00:00+00:00,306.29,306.6,305.95,306.34,1304180
2026-01-22T17:00:00+00:00,306.32,306.45,305.76,306.31,606779
2026-01-22T18:00:00+00:00,306.31,306.87,306.19,306.51,797580
2026-01-22T19:00:00+00:00,306.5,306.51,305.82,306.1,441648
2026-01-22T20:00:00+00:00,306.1,306.39,306.01,306.22,218217
2026-01-23T03:00:00+00:00,305.96,305.96,305.96,305.96,16446
2026-01-23T04:00:00+00:00,305.97,306.3,305.3,305.8,604955
2026-01-23T05:00:00+00:00,305.8,306.42,305.75,306.15,297533
2026-01-23T06:00:00+00:00,306.15,306.19,305.3,305.73,1142770
2026-01-23T07:00:00+00:00,305.76,306.29,305.53,306.2,1449989
2026-01-23T08:00:00+00:00,306.2,307.36,306.17,307.1,3280661
2026-01-23T09:00:00+00:00,307.11,307.27,306.49,306.87,935850
2026-01-23T10:00:00+00:00,306.87,307.17,306.61,306.88,992490
2026-01-23T11:00:00+00:00,306.88,306.88,306.55,306.64,623746
2026-01-23T12:00:00+00:00,306.64,306.88,306.33,306.85,763449
2026-01-23T13:00:00+00:00,306.85,306.93,305.87,305.9,1352962
2026-01-23T14:00:00+00:00,305.91,306.61,305.88,306.27,1289150
2026-01-23T15:00:00+00:00,306.28,307.2,306.26,307.2,864135
2026-01-23T16:00:00+00:00,307.0,307.19,305.76,306.45,691930
2026-01-23T17:00:00+00:00,306.42,307.3,306.2,306.8,1299224
2026-01-23T18:00:00+00:00,306.79,307.24,306.77,306.89,654388
2026-01-23T19:00:00+00:00,306.89,307.09,306.65,306.98,400523
2026-01-23T20:00:00+00:00,306.98,307.14,306.8,306.88,427123
2026-01-23T23:00:00+00:00,307.2,307.73,305.85,307.17,10056
2026-01-24T00:00:00+00:00,307.17,307.18,306.32,306.87,1345
2026-01-24T01:00:00+00:00,306.33,307.35,306.29,307.09,1731
2026-01-24T02:00:00+00:00,307.09,307.32,306.4,307.11,1790
2026-01-24T03:00:00+00:00,307.11,307.24,306.31,306.78,5493
2026-01-24T04:00:00+00:00,306.78,306.83,306.36,306.79,3092
2026-01-24T05:00:00+00:00,306.79,306.99,306.51,306.98,2262
2026-01-24T06:00:00+00:00,306.98,306.99,306.53,306.88,6929
2026-01-24T07:00:00+00:00,306.88,307.35,306.79,307.11,264180
2026-01-24T08:00:00+00:00,307.11,307.21,306.93,307.04,98413
2026-01-24T09:00:00+00:00,307.04,307.05,306.25,306.54,330916
2026-01-24T10:00:00+00:00,306.54,306.63,305.89,306.29,669275
2026-01-24T11:00:00+00:00,306.24,306.57,305.98,306.17,328647
2026-01-24T12:00:00+00:00,306.13,306.18,305.12,306.0,836305
2026-01-24T13:00:00+00:00,306.0,306.17,305.71,306.05,406994
2026-01-24T14:00:00+00:00,306.02,306.42,305.95,306.09,265120
2026-01-24T15:00:00+00:00,306.09,306.34,305.92,306.29,118351
2026-01-24T16:00:00+00:00,313.88,313.88,305.2,306.11,7529
2026-01-24T17:00:00+00:00,306.11,306.26,305.8,305.97,13582
2026-01-24T18:00:00+00:00,306.24,306.26,305.86,305.9,21817
2026-01-24T19:00:00+00:00,306.0,306.13,305.85,306.04,10927
2026-01-24T20:00:00+00:00,306.04,306.04,305.88,305.88,9990
2026-01-24T23:00:00+00:00,307.48,307.48,305.69,306.42,2623
2026-01-25T00:00:00+00:00,306.29,306.42,305.99,306.39,431
2026-01-25T01:00:00+00:00,306.05,306.4,306.04,306.4,420
2026-01-25T02:00:00+00:00,306.4,306.4,306.04,306.39,859
2026-01-25T03:00:00+00:00,306.39,306.44,306.05,306.29,2272
2026-01-25T04:00:00+00:00,306.29,306.43,306.0,306.42,1593
2026-01-25T05:00:00+00:00,306.1,306.95,306.03,306.89,11736
2026-01-25T06:00:00+00:00,306.89,306.9,306.29,306.36,6512
2026-01-25T07:00:00+00:00,306.39,306.7,305.93,306.56,181757
2026-01-25T08:00:00+00:00,306.55,306.56,306.25,306.34,95294
2026-01-25T09:00:00+00:00,306.29,307.0,306.28,306.87,460539
2026-01-25T10:00:00+00:00,306.82,307.02,306.57,306.72,276751
2026-01-25T11:00:00+00:00,306.68,306.92,306.68,306.92,96409
2026-01-25T12:00:00+00:00,306.92,306.95,306.75,306.81,61664
2026-01-25T13:00:00+00:00,306.76,307.0,306.63,306.93,107086
2026-01-25T14:00:00+00:00,306.95,306.98,306.72,306.76,115000
2026-01-25T15:00:00+00:00,306.76,306.8,306.7,306.75,116643
2026-01-25T16:00:00+00:00,308.09,308.09,306.0,306.5,27193
2026-01-25T17:00:00+00:00,306.5,306.8,306.33,306.63,26121
2026-01-25T18:00:00+00:00,306.63,306.65,306.21,306.56,9505
2026-01-25T19:00:00+00:00,306.56,306.56,306.12,306.53,8059
2026-01-25T20:00:00+00:00,306.53,306.55,306.16,306.43,4658
2026-01-26T03:00:00+00:00,306.6,306.6,306.6,306.6,5571
2026-01-26T04:00:00+00:00,306.58,306.65,305.81,306.05,506605
2026-01-26T05:00:00+00:00,306.05,306.44,305.35,306.14,695935
2026-01-26T06:00:00+00:00,306.14,306.19,305.17,305.35,1671097
2026-01-26T07:00:00+00:00,305.35,305.64,304.61,305.01,1966571
2026-01-26T08:00:00+00:00,305.02,305.14,304.55,304.58,1563864
2026-01-26T09:00:00+00:00,304.58,304.65,304.22,304.23,1958489
2026-01-26T10:00:00+00:00,304.28,304.94,304.26,304.76,830187
2026-01-26T11:00:00+00:00,304.76,304.98,303.66,303.76,1866985
2026-01-26T12:00:00+00:00,303.76,303.89,303.12,303.48,2413220
2026-01-26T13:00:00+00:00,303.49,303.87,303.16,303.65,1308104
2026-01-26T14:00:00+00:00,303.65,303.8,303.25,303.4,1097027
2026-01-26T15:00:00+00:00,303.4,303.4,302.7,303.35,1838156
2026-01-26T16:00:00+00:00,303.35,303.6,302.97,303.52,506834
2026-01-26T17:00:00+00:00,303.52,304.19,303.5,303.77,532707
2026-01-26T18:00:00+00:00,303.77,303.86,303.35,303.48,222407
2026-01-26T19:00:00+00:00,303.45,303.58,302.95,303.18,575872
2026-01-26T20:00:00+00:00,303.19,303.23,302.92,303.17,306443
2026-01-27T03:00:00+00:00,303.21,303.21,303.21,303.21,2099
2026-01-27T04:00:00+00:00,303.23,303.68,303.21,303.31,262261
2026-01-27T05:00:00+00:00,303.31,303.87,303.2,303.71,203635
2026-01-27T06:00:00+00:00,303.64,303.8,303.29,303.72,393806
2026-01-27T07:00:00+00:00,303.72,304.04,303.0,303.32,1258503
2026-01-27T08:00:00+00:00,303.32,303.4,302.86,303.19,2295498
2026-01-27T09:00:00+00:00,303.19,303.34,303.1,303.34,805799
2026-01-27T10:00:00+00:00,303.34,304.42,303.16,304.1,945744
2026-01-27T11:00:00+00:00,304.11,304.6,303.7,304.21,2401912
2026-01-27T12:00:00+00:00,304.19,304.5,304.01,304.22,765158
2026-01-27T13:00:00+00:00,304.21,304.25,303.91,304.09,783976
2026-01-27T14:00:00+00:00,304.1,305.19,303.98,305.09,2094381
2026-01-27T15:00:00+00:00,305.09,305.28,304.64,305.12,1698097
2026-01-27T16:00:00+00:00,305.12,305.25,304.95,305.01,349793
2026-01-27T17:00:00+00:00,305.0,305.25,304.77,305.14,417050
2026-01-27T18:00:00+00:00,305.13,305.3,304.97,305.27,458221
2026-01-27T19:00:00+00:00,305.27,305.3,305.1,305.24,312340
2026-01-27T20:00:00+00:00,305.21,305.24,304.83,304.92,326146
2026-01-28T03:00:00+00:00,305.0,305.0,305.0,305.0,3021
2026-01-28T04:00:00+00:00,305.12,305.54,305.0,305.4,320378
2026-01-28T05:00:00+00:00,305.4,305.46,305.01,305.15,191293
2026-01-28T06:00:00+00:00,305.16,305.58,304.82,305.45,751864
2026-01-28T07:00:00+00:00,305.45,305.58,304.64,305.1,1042108
2026-01-28T08:00:00+00:00,305.09,305.52,304.7,304.83,1058165
2026-01-28T09:00:00+00:00,304.83,304.89,304.23,304.39,1478996
2026-01-28T10:00:00+00:00,304.39,304.39,304.15,304.33,734559
2026-01-28T11:00:00+00:00,304.32,304.36,304.1,304.24,958450
2026-01-28T12:00:00+00:00,304.21,304.44,303.59,304.3,933556
2026-01-28T13:00:00+00:00,304.31,304.52,303.76,304.23,905140
2026-01-28T14:00:00+00:00,304.26,304.43,304.21,304.43,1449143
2026-01-28T15:00:00+00:00,304.43,304.45,303.96,304.3,881142
2026-01-28T16:00:00+00:00,304.25,304.48,303.8,304.3,606697
2026-01-28T17:00:00+00:00,304.29,304.58,304.29,304.46,470385
2026-01-28T18:00:00+00:00,304.49,304.55,303.95,304.07,339363
2026-01-28T19:00:00+00:00,304.06,304.15,303.98,304.09,190292
2026-01-28T20:00:00+00:00,304.09,304.11,303.55,303.58,422133
2026-01-29T03:00:00+00:00,303.6,303.6,303.6,303.6,4998
2026-01-29T04:00:00+00:00,303.6,304.4,303.59,304.4,387012
2026-01-29T05:00:00+00:00,304.43,304.59,304.04,304.39,253848
2026-01-29T06:00:00+00:00,304.39,305.3,304.0,304.93,1638995
2026-01-29T07:00:00+00:00,304.95,306.69,304.62,306.5,5124310
2026-01-29T08:00:00+00:00,306.5,306.88,306.17,306.24,2543450
2026-01-29T09:00:00+00:00,306.27,306.38,306.01,306.15,1579203
2026-01-29T10:00:00+00:00,306.16,306.46,306.05,306.21,2191457
2026-01-29T11:00:00+00:00,306.2,306.46,306.0,306.45,1551420
2026-01-29T12:00:00+00:00,306.44,306.7,305.9,306.24,2852444
2026-01-29T13:00:00+00:00,306.25,308.89,306.02,308.85,6165252
2026-01-29T14:00:00+00:00,308.87,311.5,308.86,310.12,15469035
2026-01-29T15:00:00+00:00,310.12,310.19,306.01,307.59,7363512
2026-01-29T16:00:00+00:00,307.4,307.6,306.11,307.0,1672049
2026-01-29T17:00:00+00:00,306.97,308.44,306.46,306.96,2420502
2026-01-29T18:00:00+00:00,306.92,307.54,306.82,307.26,435873
2026-01-29T19:00:00+00:00,307.26,308.29,307.16,308.26,490888
2026-01-29T20:00:00+00:00,308.26,308.97,308.19,308.52,1207699
2026-01-30T03:00:00+00:00,308.0,308.0,308.0,308.0,49649
2026-01-30T04:00:00+00:00,308.0,309.08,307.64,307.64,1099281
2026-01-30T05:00:00+00:00,307.64,308.63,307.64,308.35,394833
2026-01-30T06:00:00+00:00,308.35,308.5,307.44,308.35,1244619
2026-01-30T07:00:00+00:00,308.35,308.48,306.54,307.58,2232892
2026-01-30T08:00:00+00:00,307.58,307.62,305.0,305.09,4758842
2026-01-30T09:00:00+00:00,305.16,305.21,304.5,305.04,4168806
2026-01-30T10:00:00+00:00,305.05,306.26,304.85,305.86,2632715
2026-01-30T11:00:00+00:00,305.82,306.16,305.34,305.63,641350
2026-01-30T12:00:00+00:00,305.61,305.89,305.07,305.11,533063
2026-01-30T13:00:00+00:00,305.1,305.5,304.87,305.37,1031104
2026-01-30T14:00:00+00:00,305.38,305.5,305.06,305.42,1457527
2026-01-30T15:00:00+00:00,305.43,305.5,304.68,305.05,1168866
2026-01-30T16:00:00+00:00,305.07,305.48,304.8,304.99,496133
2026-01-30T17:00:00+00:00,305.0,305.29,304.64,304.83,492458
2026-01-30T18:00:00+00:00,304.83,305.59,304.5,304.95,649121
2026-01-30T19:00:00+00:00,304.92,305.3,304.75,305.21,272474
2026-01-30T20:00:00+00:00,305.21,305.72,304.99,305.62,347937
2026-01-30T23:00:00+00:00,305.11,307.0,305.11,305.62,1222
2026-01-31T00:00:00+00:00,305.62,306.0,304.06,305.86,11195
2026-01-31T01:00:00+00:00,305.86,305.88,305.12,305.74,920
2026-01-31T02:00:00+00:00,305.74,305.77,305.22,305.26,1072
2026-01-31T03:00:00+00:00,305.72,305.72,305.23,305.7,1530
2026-01-31T04:00:00+00:00,305.7,305.7,305.5,305.69,3784
2026-01-31T05:00:00+00:00,305.5,305.77,305.12,305.36,5366
2026-01-31T06:00:00+00:00,305.74,305.94,305.24,305.94,6914
2026-01-31T07:00:00+00:00,305.95,306.14,305.63,305.81,255187
2026-01-31T08:00:00+00:00,305.8,305.91,305.19,305.28,165143
2026-01-31T09:00:00+00:00,305.29,305.54,305.28,305.54,78936
2026-01-31T10:00:00+00:00,305.53,305.73,305.36,305.57,133557
2026-01-31T11:00:00+00:00,305.57,305.6,305.49,305.59,41656
2026-01-31T12:00:00+00:00,305.59,305.7,305.48,305.65,92817
2026-01-31T13:00:00+00:00,305.66,305.68,305.48,305.62,55762
2026-01-31T14:00:00+00:00,305.62,305.64,305.54,305.64,69071
2026-01-31T15:00:00+00:00,305.64,305.73,305.5,305.7,211727
2026-01-31T16:00:00+00:00,304.75,306.23,304.75,305.26,4587
2026-01-31T17:00:00+00:00,305.25,305.96,305.22,305.56,12842
2026-01-31T18:00:00+00:00,305.91,306.0,305.45,305.87,7016
2026-01-31T19:00:00+00:00,305.87,305.89,305.22,305.66,6380
2026-01-31T20:00:00+00:00,305.59,305.8,305.27,305.31,4001
2026-01-31T23:00:00+00:00,306.96,306.96,305.1,305.44,1174
2026-02-01T00:00:00+00:00,305.44,305.88,305.44,305.83,406
2026-02-01T01:00:00+00:00,305.44,305.97,305.43,305.93,1989
2026-02-01T02:00:00+00:00,305.93,305.95,305.42,305.9,2426
2026-02-01T03:00:00+00:00,305.93,305.93,305.44,305.9,942
2026-02-01T04:00:00+00:00,305.48,305.9,305.35,305.69,2723
2026-02-01T05:00:00+00:00,305.42,305.69,305.27,305.68,3529
2026-02-01T06:00:00+00:00,305.68,305.72,305.29,305.72,3043
2026-02-01T07:00:00+00:00,305.72,305.87,305.41,305.84,157386
2026-02-01T08:00:00+00:00,305.84,305.87,305.62,305.83,59011
2026-02-01T09:00:00+00:00,305.83,305.84,305.47,305.65,147636
2026-02-01T10:00:00+00:00,305.65,306.7,305.62,306.58,882577
2026-02-01T11:00:00+00:00,306.62,306.97,306.48,306.5,352838
2026-02-01T12:00:00+00:00,306.52,306.64,306.44,306.59,187476
2026-02-01T13:00:00+00:00,306.55,306.89,306.38,306.54,240805
2026-02-01T14:00:00+00:00,306.51,306.67,306.0,306.4,177208
2026-02-01T15:00:00+00:00,306.39,306.43,306.08,306.38,154266
2026-02-01T16:00:00+00:00,306.99,306.99,305.0,306.58,7539
2026-02-01T17:00:00+00:00,306.31,306.59,305.75,306.2,7686
2026-02-01T18:00:00+00:00,306.2,306.48,305.8,306.47,11602
2026-02-01T19:00:00+00:00,306.47,306.48,306.02,306.15,4699
2026-02-01T20:00:00+00:00,306.15,306.48,306.15,306.18,4052
2026-02-02T03:00:00+00:00,306.49,306.49,306.49,306.49,8148
2026-02-02T04:00:00+00:00,306.48,306.48,305.6,305.72,316915
2026-02-02T05:00:00+00:00,305.73,305.94,305.0,305.39,477704
2026-02-02T06:00:00+00:00,305.42,305.47,304.23,304.81,1574286
2026-02-02T07:00:00+00:00,304.72,304.82,304.0,304.69,2606351
2026-02-02T08:00:00+00:00,304.68,304.92,304.01,304.11,1428103
2026-02-02T09:00:00+00:00,304.11,304.37,304.01,304.37,2552157
2026-02-02T10:00:00+00:00,304.37,304.38,303.33,303.77,2528099
2026-02-02T11:00:00+00:00,303.77,304.13,302.0,303.01,5667171
2026-02-02T12:00:00+00:00,303.0,303.5,302.44,303.2,1905652
2026-02-02T13:00:00+00:00,303.2,303.39,302.8,303.01,805765
2026-02-02T14:00:00+00:00,303.0,303.21,302.6,302.69,1310490
2026-02-02T15:00:00+00:00,302.68,302.74,302.63,302.74,669735
2026-02-02T16:00:00+00:00,302.75,304.0,302.75,303.96,1483463
2026-02-02T17:00:00+00:00,303.96,304.07,303.5,303.64,721976
2026-02-02T18:00:00+00:00,303.65,303.94,303.54,303.78,264914
2026-02-02T19:00:00+00:00,303.78,304.56,303.77,304.45,616848
2026-02-02T20:00:00+00:00,304.45,304.56,304.1,304.16,502648
2026-02-03T03:00:00+00:00,304.5,304.5,304.5,304.5,2051
2026-02-03T04:00:00+00:00,304.56,305.2,304.31,304.73,901599
2026-02-03T05:00:00+00:00,304.77,305.0,304.3,304.75,571822
2026-02-03T06:00:00+00:00,304.74,304.74,304.17,304.55,517284
2026-02-03T07:00:00+00:00,304.55,304.94,303.6,303.73,1640514
2026-02-03T08:00:00+00:00,303.73,303.73,303.3,303.56,1020958
2026-02-03T09:00:00+00:00,303.55,303.75,303.03,303.74,1178439
2026-02-03T10:00:00+00:00,303.74,303.83,303.6,303.63,1173006
2026-02-03T11:00:00+00:00,303.63,304.6,303.45,304.47,1397643
2026-02-03T12:00:00+00:00,304.47,304.81,304.1,304.33,1353678
2026-02-03T13:00:00+00:00,304.35,304.81,304.23,304.81,916700
2026-02-03T14:00:00+00:00,304.79,304.81,304.46,304.74,1089182
2026-02-03T15:00:00+00:00,304.74,304.79,304.06,304.2,909956
2026-02-03T16:00:00+00:00,304.22,304.24,303.6,304.09,401824
2026-02-03T17:00:00+00:00,304.08,304.09,303.63,303.7,395240
2026-02-03T18:00:00+00:00,303.71,304.34,303.6,304.17,507093
2026-02-03T19:00:00+00:00,304.18,304.22,303.9,303.91,193305
2026-02-03T20:00:00+00:00,303.9,303.95,303.5,303.81,293707
2026-02-04T03:00:00+00:00,303.97,303.97,303.97,303.97,1588
2026-02-04T04:00:00+00:00,303.97,304.59,303.93,304.22,304915
2026-02-04T05:00:00+00:00,304.22,304.79,304.06,304.64,535831
2026-02-04T06:00:00+00:00,304.59,305.4,304.36,305.4,1639514
2026-02-04T07:00:00+00:00,305.4,305.7,304.6,305.58,3785358
2026-02-04T08:00:00+00:00,305.57,305.8,305.2,305.28,2284876
2026-02-04T09:00:00+00:00,305.29,305.6,304.91,305.39,1222803
2026-02-04T10:00:00+00:00,305.39,305.79,305.18,305.64,1159446
2026-02-04T11:00:00+00:00,305.59,305.79,304.27,304.73,1138258
2026-02-04T12:00:00+00:00,304.73,305.23,304.61,304.74,925844
2026-02-04T13:00:00+00:00,304.74,304.98,304.0,304.7,1220150
2026-02-04T14:00:00+00:00,304.68,305.0,304.47,304.97,1462386
2026-02-04T15:00:00+00:00,304.98,305.0,304.32,304.84,966147
2026-02-04T16:00:00+00:00,304.72,304.74,303.9,303.98,1088363
2026-02-04T17:00:00+00:00,303.98,304.27,303.17,303.5,1212715
2026-02-04T18:00:00+00:00,303.5,303.86,303.49,303.63,403359
2026-02-04T19:00:00+00:00,303.61,303.94,303.5,303.76,326008
2026-02-04T20:00:00+00:00,303.75,303.9,303.64,303.86,183188
2026-02-05T03:00:00+00:00,303.85,303.85,303.85,303.85,3502
2026-02-05T04:00:00+00:00,303.86,304.19,303.51,303.59,464280
2026-02-05T05:00:00+00:00,303.58,303.87,303.31,303.5,543200
2026-02-05T06:00:00+00:00,303.5,303.83,302.61,302.77,1832130
2026-02-05T07:00:00+00:00,302.76,302.77,301.8,302.29,4097603
2026-02-05T08:00:00+00:00,302.3,302.88,301.9,302.58,2230049
2026-02-05T09:00:00+00:00,302.58,302.68,301.0,301.51,2988636
2026-02-05T10:00:00+00:00,301.51,301.71,301.0,301.53,2124618
2026-02-05T11:00:00+00:00,301.54,301.88,300.67,301.13,2110797
2026-02-05T12:00:00+00:00,301.14,301.48,300.51,300.7,2310201
2026-02-05T13:00:00+00:00,300.7,301.5,300.41,301.05,2943295
2026-02-05T14:00:00+00:00,301.03,301.49,300.5,301.38,2492871
2026-02-05T15:00:00+00:00,301.38,301.5,300.8,301.46,1454131
2026-02-05T16:00:00+00:00,301.35,301.45,300.75,301.26,719387
2026-02-05T17:00:00+00:00,301.26,301.52,301.24,301.5,290667
2026-02-05T18:00:00+00:00,301.5,301.5,301.06,301.14,344339
2026-02-05T19:00:00+00:00,301.14,301.47,301.13,301.31,188867
2026-02-05T20:00:00+00:00,301.3,301.5,301.3,301.45,397929
2026-02-06T03:00:00+00:00,301.45,301.45,301.45,301.45,2693
2026-02-06T04:00:00+00:00,301.49,302.21,301.43,302.15,496253
2026-02-06T05:00:00+00:00,302.15,302.5,302.0,302.48,422131
2026-02-06T06:00:00+00:00,302.47,302.47,301.86,302.13,649909
2026-02-06T07:00:00+00:00,302.14,302.47,300.65,301.29,1520394
2026-02-06T08:00:00+00:00,301.3,301.76,301.0,301.67,1275781
2026-02-06T09:00:00+00:00,301.67,301.67,301.22,301.66,439811
2026-02-06T10:00:00+00:00,301.66,301.69,301.4,301.43,1128696
2026-02-06T11:00:00+00:00,301.43,301.59,300.7,301.19,1149001
2026-02-06T12:00:00+00:00,301.2,301.69,301.01,301.6,587184
2026-02-06T13:00:00+00:00,301.57,301.69,301.04,301.18,886216
2026-02-06T14:00:00+00:00,301.19,301.21,300.71,300.72,1048929
2026-02-06T15:00:00+00:00,300.71,300.87,300.61,300.85,892483
2026-02-06T16:00:00+00:00,300.84,301.19,300.62,301.04,411142
2026-02-06T17:00:00+00:00,301.04,301.13,300.75,300.95,200474
2026-02-06T18:00:00+00:00,300.93,300.95,300.72,300.8,183329
2026-02-06T19:00:00+00:00,300.8,300.9,300.7,300.83,180837
2026-02-06T20:00:00+00:00,300.83,300.87,300.52,300.61,366708
2026-02-06T23:00:00+00:00,301.5,301.5,300.11,300.67,1885
2026-02-07T00:00:00+00:00,301.06,301.08,300.66,301.08,889
2026-02-07T01:00:00+00:00,301.08,301.08,300.69,301.07,1486
2026-02-07T02:00:00+00:00,301.07,301.08,300.76,301.07,745
2026-02-07T03:00:00+00:00,301.07,301.17,300.75,301.17,2667
2026-02-07T04:00:00+00:00,301.17,301.5,300.75,301.46,9493
2026-02-07T05:00:00+00:00,301.45,301.45,301.01,301.2,4640
2026-02-07T06:00:00+00:00,301.12,301.46,301.1,301.2,16085
2026-02-07T07:00:00+00:00,301.15,301.6,301.06,301.54,470483
2026-02-07T08:00:00+00:00,301.54,301.9,301.48,301.75,229059
2026-02-07T09:00:00+00:00,301.78,301.97,301.75,301.9,208684
2026-02-07T10:00:00+00:00,301.89,302.34,301.77,301.89,406250
2026-02-07T11:00:00+00:00,301.87,302.08,301.6,301.88,154976
2026-02-07T12:00:00+00:00,301.87,301.97,301.69,301.86,50661
2026-02-07T13:00:00+00:00,301.86,301.97,301.62,301.69,98997
2026-02-07T14:00:00+00:00,301.69,301.77,301.65,301.75,66973
2026-02-07T15:00:00+00:00,301.75,302.0,301.7,301.75,121197
2026-02-07T16:00:00+00:00,306.62,306.62,300.5,301.57,8707
2026-02-07T17:00:00+00:00,301.28,301.73,301.27,301.69,6303
2026-02-07T18:00:00+00:00,301.69,301.98,301.36,301.78,11287
2026-02-07T19:00:00+00:00,301.78,301.8,301.37,301.74,6123
2026-02-07T20:00:00+00:00,301.74,301.8,301.41,301.73,5280
2026-02-07T23:00:00+00:00,305.0,305.0,301.16,302.16,2206
2026-02-08T00:00:00+00:00,301.69,302.18,301.66,302.0,552
2026-02-08T01:00:00+00:00,302.0,302.0,301.52,301.8,1324
2026-02-08T02:00:00+00:00,301.8,301.95,301.52,301.91,864
2026-02-08T03:00:00+00:00,301.91,301.91,301.01,301.26,7396
2026-02-08T04:00:00+00:00,301.87,301.92,301.5,301.91,2843
2026-02-08T05:00:00+00:00,301.76,301.95,301.51,301.78,8193
2026-02-08T06:00:00+00:00,301.78,302.19,301.77,302.19,19313
2026-02-08T07:00:00+00:00,302.18,302.4,301.76,302.01,276379
2026-02-08T08:00:00+00:00,302.01,302.15,301.87,302.0,174173
2026-02-08T09:00:00+00:00,301.94,302.15,301.87,302.01,161313
2026-02-08T10:00:00+00:00,302.01,302.1,301.9,301.99,100611
2026-02-08T11:00:00+00:00,301.96,302.05,301.41,301.52,215875
2026-02-08T12:00:00+00:00,301.52,301.84,301.51,301.68,51486
2026-02-08T13:00:00+00:00,301.68,301.79,301.5,301.51,166707
2026-02-08T14:00:00+00:00,301.51,301.87,301.5,301.76,44307
2026-02-08T15:00:00+00:00,301.77,301.87,301.58,301.67,118952
2026-02-08T16:00:00+00:00,301.23,301.99,300.51,301.9,4212
2026-02-08T17:00:00+00:00,301.76,301.92,301.76,301.92,6464
2026-02-08T18:00:00+00:00,301.91,301.92,301.77,301.79,10617
2026-02-08T19:00:00+00:00,301.91,301.91,301.75,301.8,3608
2026-02-08T20:00:00+00:00,301.8,301.86,301.02,301.83,14244
2026-02-09T03:00:00+00:00,302.13,302.13,302.13,302.13,3839
2026-02-09T04:00:00+00:00,302.02,302.12,300.99,301.73,752123
2026-02-09T05:00:00+00:00,301.73,301.74,301.41,301.41,271582
2026-02-09T06:00:00+00:00,301.42,301.44,301.11,301.21,463936
2026-02-09T07:00:00+00:00,301.2,301.65,300.66,301.24,1905349
2026-02-09T08:00:00+00:00,301.25,302.71,301.15,301.71,1718681
2026-02-09T09:00:00+00:00,301.7,301.99,301.26,301.36,646967
2026-02-09T10:00:00+00:00,301.36,301.63,301.0,301.46,653225
2026-02-09T11:00:00+00:00,301.45,301.68,300.85,301.03,744342
2026-02-09T12:00:00+00:00,301.02,302.0,300.8,301.66,1007854
2026-02-09T13:00:00+00:00,301.66,302.19,301.56,301.62,1104042
2026-02-09T14:00:00+00:00,301.62,301.99,301.53,301.77,590492
2026-02-09T15:00:00+00:00,301.79,301.97,301.51,301.88,695874
2026-02-09T16:00:00+00:00,301.87,302.0,301.74,301.88,429987
2026-02-09T17:00:00+00:00,301.88,302.0,301.71,301.72,432649
2026-02-09T18:00:00+00:00,301.72,301.98,301.54,301.81,153680
2026-02-09T19:00:00+00:00,301.8,302.0,301.06,301.4,410244
2026-02-09T20:00:00+00:00,301.4,301.94,301.4,301.81,203529
2026-02-10T03:00:00+00:00,301.87,301.87,301.87,301.87,1034
2026-02-10T04:00:00+00:00,301.87,302.6,301.82,302.3,476556
2026-02-10T05:00:00+00:00,302.3,302.3,301.91,302.04,208706
2026-02-10T06:00:00+00:00,302.05,303.0,301.95,302.97,2240040
2026-02-10T07:00:00+00:00,302.97,304.71,302.67,304.61,7891091
2026-02-10T08:00:00+00:00,304.61,304.8,303.72,303.74,4027239
2026-02-10T09:00:00+00:00,303.73,304.29,303.05,303.68,2579436
2026-02-10T10:00:00+00:00,303.66,303.7,302.52,302.9,2310122
2026-02-10T11:00:00+00:00,302.89,303.26,302.5,302.63,1435649
2026-02-10T12:00:00+00:00,302.63,303.07,302.5,302.59,1214625
2026-02-10T13:00:00+00:00,302.6,303.29,302.46,303.24,1283000
2026-02-10T14:00:00+00:00,303.24,303.47,302.7,302.97,1211727
2026-02-10T15:00:00+00:00,302.98,303.19,302.79,303.07,897009
2026-02-10T16:00:00+00:00,303.08,303.34,302.66,303.14,541806
2026-02-10T17:00:00+00:00,303.14,303.14,302.27,302.58,622713
2026-02-10T18:00:00+00:00,302.58,302.92,302.43,302.81,182595
2026-02-10T19:00:00+00:00,302.81,303.0,302.71,302.87,217465
2026-02-10T20:00:00+00:00,302.87,303.0,302.63,302.9,247739
2026-02-11T03:00:00+00:00,303.0,303.0,303.0,303.0,2319
2026-02-11T04:00:00+00:00,303.0,303.56,302.91,303.22,327973
2026-02-11T05:00:00+00:00,303.22,304.21,303.21,303.76,615170
2026-02-11T06:00:00+00:00,303.78,303.92,303.33,303.78,550971
2026-02-11T07:00:00+00:00,303.77,304.1,303.33,303.84,1847562
2026-02-11T08:00:00+00:00,303.79,303.95,303.61,303.91,924523
2026-02-11T09:00:00+00:00,303.92,304.82,303.75,304.79,4941031
2026-02-11T10:00:00+00:00,304.78,304.8,304.15,304.38,1688079
2026-02-11T11:00:00+00:00,304.37,304.77,303.78,304.06,1580937
2026-02-11T12:00:00+00:00,304.07,305.4,304.01,304.97,6092511
2026-02-11T13:00:00+00:00,304.96,306.21,304.96,306.15,5064321
2026-02-11T14:00:00+00:00,306.15,306.29,305.35,305.8,1936617
2026-02-11T15:00:00+00:00,305.79,306.14,305.18,305.44,1061849
2026-02-11T16:00:00+00:00,305.46,306.08,305.46,305.83,1310049
2026-02-11T17:00:00+00:00,305.83,305.95,305.5,305.53,474969
2026-02-11T18:00:00+00:00,305.53,305.68,305.23,305.41,466331
2026-02-11T19:00:00+00:00,305.41,305.5,305.26,305.48,237146
2026-02-11T20:00:00+00:00,305.48,305.96,304.8,305.76,686835
2026-02-12T03:00:00+00:00,306.0,306.0,306.0,306.0,18097
2026-02-12T04:00:00+00:00,306.0,306.17,305.01,305.69,469865
2026-02-12T05:00:00+00:00,305.69,305.99,305.39,305.86,194379
2026-02-12T06:00:00+00:00,305.81,305.82,305.4,305.49,392782
2026-02-12T07:00:00+00:00,305.49,305.49,304.75,304.93,1319842
2026-02-12T08:00:00+00:00,304.95,305.58,304.93,305.34,1001703
2026-02-12T09:00:00+00:00,305.34,305.9,305.2,305.9,1967149
2026-02-12T10:00:00+00:00,305.9,306.02,305.66,305.96,4141997
2026-02-12T11:00:00+00:00,305.96,306.04,305.82,305.93,1463435
2026-02-12T12:00:00+00:00,305.93,306.95,305.86,306.94,2229114
2026-02-12T13:00:00+00:00,306.94,307.25,306.75,307.03,2556196
2026-02-12T14:00:00+00:00,307.04,307.13,306.4,306.55,1615189
2026-02-12T15:00:00+00:00,306.55,306.57,305.7,306.02,1315634
2026-02-12T16:00:00+00:00,306.02,306.34,304.82,305.26,2057298
2026-02-12T17:00:00+00:00,305.23,305.6,304.95,305.47,434694
2026-02-12T18:00:00+00:00,305.46,305.64,305.15,305.49,405514
2026-02-12T19:00:00+00:00,305.49,305.94,305.11,305.27,563571
2026-02-12T20:00:00+00:00,305.27,305.33,305.01,305.2,312527
2026-02-13T03:00:00+00:00,305.67,305.67,305.67,305.67,511
2026-02-13T04:00:00+00:00,305.67,305.9,305.25,305.69,342281
2026-02-13T05:00:00+00:00,305.69,305.89,305.26,305.41,200259
2026-02-13T06:00:00+00:00,305.41,305.6,304.35,304.6,1034865
2026-02-13T07:00:00+00:00,304.6,304.93,304.05,304.62,2076145
2026-02-13T08:00:00+00:00,304.69,305.2,304.5,304.84,1347935
2026-02-13T09:00:00+00:00,304.84,305.31,304.55,304.77,1511085
2026-02-13T10:00:00+00:00,304.77,307.78,304.55,307.76,11743678
2026-02-13T11:00:00+00:00,307.74,307.85,306.72,306.8,3834530
2026-02-13T12:00:00+00:00,306.79,307.6,306.65,306.81,2808868
2026-02-13T13:00:00+00:00,306.81,308.23,306.76,308.09,3044177
2026-02-13T14:00:00+00:00,308.1,308.56,307.64,308.2,3553190
2026-02-13T15:00:00+00:00,308.21,308.49,307.94,308.04,1812166
2026-02-13T16:00:00+00:00,308.03,308.21,307.86,308.16,606439
2026-02-13T17:00:00+00:00,308.16,308.4,308.06,308.18,713124
2026-02-13T18:00:00+00:00,308.18,308.5,308.16,308.49,741863
2026-02-13T19:00:00+00:00,308.5,308.54,308.38,308.45,444790
2026-02-13T20:00:00+00:00,308.45,308.59,308.3,308.55,999032
2026-02-13T23:00:00+00:00,311.66,311.66,308.08,308.55,3439
2026-02-14T00:00:00+00:00,308.55,309.03,308.52,309.0,652
2026-02-14T01:00:00+00:00,309.0,309.93,308.56,308.99,11921
2026-02-14T02:00:00+00:00,308.94,308.95,308.56,308.9,2815
2026-02-14T03:00:00+00:00,308.88,308.95,308.56,308.95,3980
2026-02-14T04:00:00+00:00,308.94,308.94,308.56,308.94,5199
2026-02-14T05:00:00+00:00,308.81,308.92,308.5,308.78,10132
2026-02-14T06:00:00+00:00,308.78,308.9,308.35,308.77,12694
2026-02-14T07:00:00+00:00,308.77,308.84,308.55,308.56,17308
2026-02-14T08:00:00+00:00,308.57,308.82,308.57,308.82,11671
2026-02-14T09:00:00+00:00,308.6,308.9,308.57,308.89,13796
2026-02-14T10:00:00+00:00,308.89,308.91,308.6,308.8,15188
2026-02-14T11:00:00+00:00,308.8,308.96,308.61,308.96,23281
2026-02-14T12:00:00+00:00,308.96,308.96,308.8,308.82,12715
2026-02-14T13:00:00+00:00,308.9,308.94,308.8,308.8,13668
2026-02-14T14:00:00+00:00,308.92,308.94,308.8,308.93,4978
2026-02-14T15:00:00+00:00,308.93,309.09,308.8,309.08,25450
2026-02-14T16:00:00+00:00,309.01,309.1,309.0,309.1,6492
2026-02-14T17:00:00+00:00,309.01,309.18,309.0,309.11,9997
2026-02-14T18:00:00+00:00,309.11,309.2,309.1,309.19,9950
2026-02-14T19:00:00+00:00,309.19,309.19,308.98,309.11,9380
2026-02-14T20:00:00+00:00,309.0,309.11,308.98,309.1,7217
2026-02-14T23:00:00+00:00,308.46,310.0,308.46,309.31,2250
2026-02-15T00:00:00+00:00,309.31,309.31,308.61,309.2,366
2026-02-15T01:00:00+00:00,308.72,309.27,308.71,309.21,336
2026-02-15T02:00:00+00:00,309.21,309.28,308.75,309.22,903
2026-02-15T03:00:00+00:00,308.76,309.32,308.75,309.23,2656
2026-02-15T04:00:00+00:00,309.23,309.36,308.81,309.36,5585
2026-02-15T05:00:00+00:00,309.36,309.37,308.76,309.18,8994
2026-02-15T06:00:00+00:00,309.18,309.25,308.76,309.15,5942
2026-02-15T07:00:00+00:00,309.09,309.24,308.82,309.24,9754
2026-02-15T08:00:00+00:00,309.24,309.67,309.0,309.53,88785
2026-02-15T09:00:00+00:00,309.21,309.53,309.01,309.45,14513
2026-02-15T10:00:00+00:00,309.45,309.5,309.13,309.49,14794
2026-02-15T11:00:00+00:00,309.49,309.51,309.11,309.14,18409
2026-02-15T12:00:00+00:00,309.47,309.51,309.12,309.35,11242
2026-02-15T13:00:00+00:00,309.35,309.51,309.2,309.22,18316
2026-02-15T14:00:00+00:00,309.5,309.54,309.18,309.2,16304
2026-02-15T15:00:00+00:00,309.2,309.53,309.19,309.23,5712
2026-02-15T16:00:00+00:00,309.49,309.54,309.2,309.44,7347
2026-02-15T17:00:00+00:00,309.44,309.51,309.26,309.47,6291
2026-02-15T18:00:00+00:00,309.47,309.47,309.21,309.46,9066
2026-02-15T19:00:00+00:00,309.46,309.47,309.22,309.23,5364
2026-02-15T20:00:00+00:00,309.45,309.46,309.21,309.22,11383
2026-02-16T03:00:00+00:00,308.84,308.84,308.84,308.84,41414
2026-02-16T04:00:00+00:00,308.85,310.25,308.84,309.75,2665386
2026-02-16T05:00:00+00:00,309.75,310.5,309.4,310.29,1281549
2026-02-16T06:00:00+00:00,310.29,311.17,309.74,311.02,3213475
2026-02-16T07:00:00+00:00,311.03,312.4,310.49,311.17,8093881
2026-02-16T08:00:00+00:00,311.17,311.3,310.51,311.24,2171411
2026-02-16T09:00:00+00:00,311.23,311.44,310.83,311.16,4391892
2026-02-16T10:00:00+00:00,311.16,312.0,311.15,311.9,4348962
2026-02-16T11:00:00+00:00,311.9,312.05,310.29,310.6,3696915
2026-02-16T12:00:00+00:00,310.61,311.49,310.58,311.41,1754866
2026-02-16T13:00:00+00:00,311.41,311.55,310.93,311.1,1534355
2026-02-16T14:00:00+00:00,311.08,311.2,310.2,310.57,1673039
2026-02-16T15:00:00+00:00,310.57,311.1,310.4,310.94,1403426
2026-02-16T16:00:00+00:00,310.93,311.27,310.6,311.03,743733
2026-02-16T17:00:00+00:00,311.03,311.17,310.75,311.14,376160
2026-02-16T18:00:00+00:00,311.11,311.14,310.35,310.69,622588
2026-02-16T19:00:00+00:00,310.71,311.0,310.54,310.96,375172
2026-02-16T20:00:00+00:00,310.96,311.14,310.59,311.0,427419
2026-02-17T03:00:00+00:00,311.95,311.95,311.95,311.95,82302
2026-02-17T04:00:00+00:00,311.41,312.0,311.01,311.45,753474
2026-02-17T05:00:00+00:00,311.45,311.64,311.03,311.54,585696
2026-02-17T06:00:00+00:00,311.54,311.54,311.0,311.31,606843
2026-02-17T07:00:00+00:00,311.3,311.79,310.62,311.06,1986669
2026-02-17T08:00:00+00:00,311.07,311.07,310.0,310.18,2802211
2026-02-17T09:00:00+00:00,310.19,310.87,310.12,310.57,1495145
2026-02-17T10:00:00+00:00,310.57,311.06,310.55,310.9,1029330
2026-02-17T11:00:00+00:00,310.93,310.99,310.6,310.67,561643
2026-02-17T12:00:00+00:00,310.66,310.67,309.0,309.44,2670395
2026-02-17T13:00:00+00:00,309.44,309.92,308.86,309.78,2310148
2026-02-17T14:00:00+00:00,309.82,310.27,309.78,309.94,1509571
2026-02-17T15:00:00+00:00,309.98,310.35,309.46,309.57,2283417
2026-02-17T16:00:00+00:00,309.58,310.06,309.57,310.0,335925
2026-02-17T17:00:00+00:00,309.99,310.92,309.92,310.41,1229312
2026-02-17T18:00:00+00:00,310.43,310.89,310.27,310.81,463896
2026-02-17T19:00:00+00:00,310.8,310.81,310.44,310.48,236880
2026-02-17T20:00:00+00:00,310.47,310.77,310.2,310.77,333844
2026-02-18T03:00:00+00:00,310.5,310.5,310.5,310.5,2707
2026-02-18T04:00:00+00:00,310.5,310.94,309.54,310.25,705735
2026-02-18T05:00:00+00:00,310.25,310.25,309.7,309.9,361693
2026-02-18T06:00:00+00:00,309.92,310.26,309.81,309.91,445773
2026-02-18T07:00:00+00:00,309.9,313.0,309.81,312.74,4905495
2026-02-18T08:00:00+00:00,312.75,313.5,312.14,312.5,7342890
2026-02-18T09:00:00+00:00,312.5,312.85,311.52,311.73,3510209
2026-02-18T10:00:00+00:00,311.75,312.75,311.11,312.51,3305934
2026-02-18T11:00:00+00:00,312.51,312.7,311.98,312.0,1594245
2026-02-18T12:00:00+00:00,311.99,312.94,311.93,312.78,2547062
2026-02-18T13:00:00+00:00,312.79,312.96,312.44,312.96,1144358
2026-02-18T14:00:00+00:00,312.95,313.29,312.8,313.21,2431645
2026-02-18T15:00:00+00:00,313.21,313.96,313.21,313.94,3237684
2026-02-18T16:00:00+00:00,313.8,313.9,313.52,313.61,718609
2026-02-18T17:00:00+00:00,313.62,313.73,313.28,313.54,704898
2026-02-18T18:00:00+00:00,313.54,313.63,313.46,313.54,356186
2026-02-18T19:00:00+00:00,313.55,313.66,313.32,313.59,518575
2026-02-18T20:00:00+00:00,313.6,313.66,313.32,313.4,776371
2026-02-19T03:00:00+00:00,314.0,314.0,314.0,314.0,21366
2026-02-19T04:00:00+00:00,313.84,314.0,313.41,313.92,443153
2026-02-19T05:00:00+00:00,313.92,314.44,313.91,314.05,740138
2026-02-19T06:00:00+00:00,314.05,314.23,313.83,314.11,821036
2026-02-19T07:00:00+00:00,314.1,314.77,313.07,313.8,4428959
2026-02-19T08:00:00+00:00,313.8,314.11,313.57,314.06,1280996
2026-02-19T09:00:00+00:00,314.06,314.28,313.3,313.46,1487959
2026-02-19T10:00:00+00:00,313.47,313.84,312.61,313.22,2364205
2026-02-19T11:00:00+00:00,313.21,313.59,312.83,312.95,1267368
2026-02-19T12:00:00+00:00,312.94,312.95,312.33,312.92,1784595
2026-02-19T13:00:00+00:00,312.92,312.97,312.39,312.97,1410669
2026-02-19T14:00:00+00:00,312.97,312.97,312.51,312.91,570223
2026-02-19T15:00:00+00:00,312.91,312.99,312.8,312.96,634364
2026-02-19T16:00:00+00:00,312.96,313.39,312.7,313.38,500905
2026-02-19T17:00:00+00:00,313.38,313.63,312.98,313.0,574843
2026-02-19T18:00:00+00:00,312.99,313.42,312.99,313.32,215221
2026-02-19T19:00:00+00:00,313.31,313.33,313.17,313.23,159037
2026-02-19T20:00:00+00:00,313.23,313.25,312.91,313.14,309107
2026-02-20T03:00:00+00:00,313.14,313.14,313.14,313.14,2749
2026-02-20T04:00:00+00:00,313.25,313.61,312.94,313.2,287259
2026-02-20T05:00:00+00:00,313.2,313.23,312.94,313.05,158981
2026-02-20T06:00:00+00:00,313.05,313.8,313.01,313.63,774961
2026-02-20T07:00:00+00:00,313.61,313.91,313.37,313.4,1296737
2026-02-20T08:00:00+00:00,313.4,313.9,313.4,313.4,885811
2026-02-20T09:00:00+00:00,313.41,313.68,312.52,312.83,1396251
2026-02-20T10:00:00+00:00,312.83,313.63,312.12,313.15,2438071
2026-02-20T11:00:00+00:00,313.15,313.75,313.01,313.67,542585
2026-02-20T12:00:00+00:00,313.67,314.29,313.66,314.26,2735852
2026-02-20T13:00:00+00:00,314.26,314.59,314.0,314.07,1753785
2026-02-20T14:00:00+00:00,314.06,314.07,313.74,313.85,1092640
2026-02-20T15:00:00+00:00,313.85,313.85,313.45,313.52,946291
2026-02-20T16:00:00+00:00,313.53,313.9,313.5,313.7,358936
2026-02-20T17:00:00+00:00,313.7,313.8,313.45,313.56,237963
2026-02-20T18:00:00+00:00,313.55,313.78,313.44,313.69,188403
2026-02-20T19:00:00+00:00,313.7,314.02,313.65,314.02,431815
2026-02-20T20:00:00+00:00,314.02,314.05,313.81,314.0,300019
2026-02-20T23:00:00+00:00,315.34,315.34,313.38,313.9,3739
2026-02-21T00:00:00+00:00,314.39,314.76,314.0,314.25,4268
2026-02-21T01:00:00+00:00,314.65,314.7,314.23,314.66,2254
2026-02-21T02:00:00+00:00,314.66,314.66,314.26,314.27,726
2026-02-21T03:00:00+00:00,314.62,314.65,314.27,314.27,3401
2026-02-21T04:00:00+00:00,314.27,314.6,314.27,314.5,3482
2026-02-21T05:00:00+00:00,314.5,314.5,314.1,314.18,6304
2026-02-21T06:00:00+00:00,314.44,314.5,314.1,314.29,15902
2026-02-21T07:00:00+00:00,314.19,314.29,313.05,313.71,442168
2026-02-21T08:00:00+00:00,313.71,313.83,313.37,313.57,103057
2026-02-21T09:00:00+00:00,313.57,313.65,313.05,313.39,309035
2026-02-21T10:00:00+00:00,313.39,313.59,313.3,313.55,133743
2026-02-21T11:00:00+00:00,313.55,313.62,313.5,313.57,50054
2026-02-21T12:00:00+00:00,313.57,313.85,313.52,313.81,98233
2026-02-21T13:00:00+00:00,313.81,313.84,313.7,313.79,26218
2026-02-21T14:00:00+00:00,313.79,313.86,313.51,313.55,63158
2026-02-21T15:00:00+00:00,313.55,313.83,313.54,313.79,82459
2026-02-21T16:00:00+00:00,314.97,315.3,313.06,313.99,6908
2026-02-21T17:00:00+00:00,313.99,314.0,313.6,313.97,7168
2026-02-21T18:00:00+00:00,313.97,314.22,313.56,313.85,21207
2026-02-21T19:00:00+00:00,313.85,314.18,313.85,314.11,12356
2026-02-21T20:00:00+00:00,314.1,314.13,313.8,314.09,14621
2026-02-21T23:00:00+00:00,315.0,315.0,314.1,314.44,6154
2026-02-22T00:00:00+00:00,314.44,314.47,314.12,314.46,1123
2026-02-22T01:00:00+00:00,314.46,314.46,314.12,314.44,645
2026-02-22T02:00:00+00:00,314.12,314.44,314.12,314.12,630
2026-02-22T03:00:00+00:00,314.12,314.47,314.11,314.44,1709
2026-02-22T04:00:00+00:00,314.44,314.44,314.12,314.12,2736
2026-02-22T05:00:00+00:00,314.42,314.43,314.12,314.29,7385
2026-02-22T06:00:00+00:00,314.43,314.43,313.99,313.99,29579
2026-02-22T07:00:00+00:00,314.0,314.67,313.95,314.45,440651
2026-02-22T08:00:00+00:00,314.46,314.47,314.16,314.17,150771
2026-02-22T09:00:00+00:00,314.21,314.36,313.53,313.67,317456
2026-02-22T10:00:00+00:00,313.67,314.0,313.63,313.97,126858
2026-02-22T11:00:00+00:00,313.97,313.97,313.73,313.93,80667
2026-02-22T12:00:00+00:00,313.88,313.95,313.55,313.89,101991
2026-02-22T13:00:00+00:00,313.94,314.05,313.8,314.04,68616
2026-02-22T14:00:00+00:00,314.05,314.05,313.62,313.87,119974
2026-02-22T15:00:00+00:00,313.88,313.98,313.54,313.54,130766
2026-02-22T16:00:00+00:00,314.75,314.75,313.11,314.12,8396
2026-02-22T17:00:00+00:00,314.12,314.12,313.71,314.11,8057
2026-02-22T18:00:00+00:00,313.74,314.25,313.57,313.92,9841
2026-02-22T19:00:00+00:00,313.91,314.25,313.61,314.22,4611
2026-02-22T20:00:00+00:00,313.7,314.26,313.66,314.1,5211
2026-02-22T23:00:00+00:00,313.18,314.5,312.63,313.54,1762
2026-02-23T00:00:00+00:00,313.75,314.15,313.16,313.97,4425
2026-02-23T01:00:00+00:00,313.97,313.97,313.55,313.96,400
2026-02-23T02:00:00+00:00,313.96,313.99,313.54,313.55,1513
2026-02-23T03:00:00+00:00,313.97,314.0,313.55,313.99,1147
2026-02-23T04:00:00+00:00,313.99,313.99,313.54,313.94,4956
2026-02-23T05:00:00+00:00,313.67,314.24,313.63,314.09,8050
2026-02-23T06:00:00+00:00,314.09,314.1,313.54,313.54,10261
2026-02-23T07:00:00+00:00,313.55,314.48,313.51,314.04,357098
2026-02-23T08:00:00+00:00,314.06,314.11,314.01,314.05,63743
2026-02-23T09:00:00+00:00,314.04,314.07,313.91,314.06,70921
2026-02-23T10:00:00+00:00,314.06,314.14,314.02,314.09,59947
2026-02-23T11:00:00+00:00,314.09,314.11,314.0,314.03,45815
2026-02-23T12:00:00+00:00,314.01,314.15,314.0,314.11,93145
2026-02-23T13:00:00+00:00,314.11,314.26,314.1,314.18,110453
2026-02-23T14:00:00+00:00,314.18,314.26,314.08,314.24,121195
2026-02-23T15:00:00+00:00,314.24,314.4,314.06,314.16,139830
2026-02-23T16:00:00+00:00,315.22,315.32,313.61,314.41,11172
2026-02-23T17:00:00+00:00,314.41,314.42,314.04,314.1,5720
2026-02-23T18:00:00+00:00,314.1,314.41,314.05,314.3,6794
2026-02-23T19:00:00+00:00,314.31,314.39,314.05,314.38,5027
2026-02-23T20:00:00+00:00,314.16,314.39,314.07,314.39,4738
2026-02-24T03:00:00+00:00,314.51,314.51,314.51,314.51,15668
2026-02-24T04:00:00+00:00,314.52,315.2,314.51,314.77,847788
2026-02-24T05:00:00+00:00,314.77,315.65,314.05,315.3,1193875
2026-02-24T06:00:00+00:00,315.26,315.88,315.25,315.39,1457136
2026-02-24T07:00:00+00:00,315.38,317.16,315.2,316.93,5892773
2026-02-24T08:00:00+00:00,316.93,317.0,316.2,316.85,4088966
2026-02-24T09:00:00+00:00,316.85,316.85,315.81,316.08,2433208
2026-02-24T10:00:00+00:00,316.08,316.68,315.6,315.82,2111169
2026-02-24T11:00:00+00:00,315.8,316.3,315.63,316.06,1073695
2026-02-24T12:00:00+00:00,316.07,316.5,316.0,316.44,943489
2026-02-24T13:00:00+00:00,316.38,316.44,315.54,315.54,4638752
2026-02-24T14:00:00+00:00,315.54,315.55,314.77,315.43,3188737
2026-02-24T15:00:00+00:00,315.42,315.71,315.14,315.35,652530
2026-02-24T16:00:00+00:00,315.36,315.47,315.14,315.42,521342
2026-02-24T17:00:00+00:00,315.42,315.76,315.32,315.64,399005
2026-02-24T18:00:00+00:00,315.63,316.06,315.6,316.02,472357
2026-02-24T19:00:00+00:00,316.03,316.2,316.0,316.1,618921
2026-02-24T20:00:00+00:00,316.11,316.19,315.98,316.15,370180
2026-02-25T03:00:00+00:00,316.25,316.25,316.25,316.25,10649
2026-02-25T04:00:00+00:00,316.25,316.63,316.06,316.62,507044
2026-02-25T05:00:00+00:00,316.63,316.85,316.4,316.47,271440
2026-02-25T06:00:00+00:00,316.47,316.65,316.16,316.45,559743
2026-02-25T07:00:00+00:00,316.41,316.61,315.75,315.75,1355762
2026-02-25T08:00:00+00:00,315.75,316.41,315.75,315.98,1092761
2026-02-25T09:00:00+00:00,315.99,316.26,315.64,316.08,782784
2026-02-25T10:00:00+00:00,316.08,316.26,315.89,316.17,675816
2026-02-25T11:00:00+00:00,316.16,316.34,316.16,316.34,1836729
2026-02-25T12:00:00+00:00,316.32,316.38,315.97,316.36,1812671
2026-02-25T13:00:00+00:00,316.36,316.38,315.72,316.12,1240574
2026-02-25T14:00:00+00:00,316.11,316.4,316.08,316.4,1380060
2026-02-25T15:00:00+00:00,316.4,317.49,316.33,317.4,3751683
2026-02-25T16:00:00+00:00,317.39,317.49,317.14,317.2,854707
2026-02-25T17:00:00+00:00,317.2,317.78,317.2,317.75,917872
2026-02-25T18:00:00+00:00,317.76,317.83,317.23,317.26,707967
2026-02-25T19:00:00+00:00,317.25,317.34,316.81,317.14,778119
2026-02-25T20:00:00+00:00,317.1,317.6,317.01,317.53,432661
2026-02-26T03:00:00+00:00,317.58,317.58,317.58,317.58,4321
2026-02-26T04:00:00+00:00,317.58,318.88,316.25,318.65,1660796
2026-02-26T05:00:00+00:00,318.65,318.74,318.2,318.58,617806
2026-02-26T06:00:00+00:00,318.54,318.68,317.7,318.17,1902277
2026-02-26T07:00:00+00:00,318.15,318.18,317.45,317.78,1729799
2026-02-26T08:00:00+00:00,317.77,317.99,317.21,317.39,1929994
2026-02-26T09:00:00+00:00,317.39,317.69,317.0,317.18,1137925
2026-02-26T10:00:00+00:00,317.18,318.0,317.16,317.94,791464
2026-02-26T11:00:00+00:00,317.93,317.99,317.2,317.41,1098964
2026-02-26T12:00:00+00:00,317.4,317.54,317.01,317.49,932485
2026-02-26T13:00:00+00:00,317.49,317.5,317.15,317.3,549997
2026-02-26T14:00:00+00:00,317.27,317.33,316.68,317.05,1432219
2026-02-26T15:00:00+00:00,317.05,317.13,316.1,316.11,2364636
2026-02-26T16:00:00+00:00,316.12,316.41,315.0,315.39,2367104
2026-02-26T17:00:00+00:00,315.39,315.77,315.23,315.75,680066
2026-02-26T18:00:00+00:00,315.75,315.79,315.31,315.51,385016
2026-02-26T19:00:00+00:00,315.5,315.8,315.36,315.75,248563
2026-02-26T20:00:00+00:00,315.75,315.76,315.35,315.6,191111
2026-02-27T03:00:00+00:00,316.0,316.0,316.0,316.0,8103
2026-02-27T04:00:00+00:00,315.95,315.99,315.17,315.18,386927
2026-02-27T05:00:00+00:00,315.17,315.18,314.25,314.99,792907
2026-02-27T06:00:00+00:00,314.99,315.53,313.32,313.73,2840420
2026-02-27T07:00:00+00:00,313.73,314.51,313.43,313.81,4895721
2026-02-27T08:00:00+00:00,313.8,314.44,313.5,314.01,2240677
2026-02-27T09:00:00+00:00,314.01,314.27,313.6,314.18,1164139
2026-02-27T10:00:00+00:00,314.12,314.67,314.1,314.42,1128902
2026-02-27T11:00:00+00:00,314.42,315.61,314.4,315.44,1279177
2026-02-27T12:00:00+00:00,315.46,315.79,314.79,314.86,1085900
2026-02-27T13:00:00+00:00,314.87,315.69,314.6,315.53,1396575
2026-02-27T14:00:00+00:00,315.53,315.72,315.08,315.71,943512
2026-02-27T15:00:00+00:00,315.71,315.94,315.57,315.94,880081
2026-02-27T16:00:00+00:00,315.92,316.2,315.41,315.46,803530
2026-02-27T17:00:00+00:00,315.46,315.7,315.27,315.62,268610
2026-02-27T18:00:00+00:00,315.62,315.94,315.36,315.74,452503
2026-02-27T19:00:00+00:00,315.74,315.75,315.35,315.42,158457
2026-02-27T20:00:00+00:00,315.42,316.0,315.35,315.63,360728
2026-02-27T23:00:00+00:00,315.5,316.01,314.47,315.99,2226
2026-02-28T00:00:00+00:00,315.99,316.33,315.31,315.99,2353
2026-02-28T01:00:00+00:00,315.5,315.94,315.27,315.34,1859
2026-02-28T02:00:00+00:00,315.84,315.85,315.3,315.72,1228
2026-02-28T03:00:00+00:00,315.32,315.75,314.6,315.57,16611
2026-02-28T04:00:00+00:00,315.01,315.57,315.01,315.49,2787
2026-02-28T05:00:00+00:00,315.11,316.99,315.09,315.75,43786
2026-02-28T06:00:00+00:00,315.75,316.0,315.71,315.71,9903
2026-02-28T07:00:00+00:00,315.72,315.94,314.16,314.46,1082997
2026-02-28T08:00:00+00:00,314.45,314.92,313.83,314.49,1063642
2026-02-28T09:00:00+00:00,314.49,314.5,313.61,313.86,1333287
2026-02-28T10:00:00+00:00,313.87,314.48,313.82,314.23,525450
2026-02-28T11:00:00+00:00,314.22,314.24,314.0,314.01,262480
2026-02-28T12:00:00+00:00,314.01,314.12,313.71,314.06,272709
2026-02-28T13:00:00+00:00,314.06,314.18,313.75,314.11,310058
2026-02-28T14:00:00+00:00,314.11,314.57,313.96,314.34,641793
2026-02-28T15:00:00+00:00,314.33,314.42,314.03,314.05,330105
2026-02-28T16:00:00+00:00,313.51,314.54,313.34,313.55,39868
2026-02-28T17:00:00+00:00,313.5,313.88,313.33,313.81,43156
2026-02-28T18:00:00+00:00,313.81,314.25,313.34,313.6,45348
2026-02-28T19:00:00+00:00,313.6,314.52,313.33,314.26,36466
2026-02-28T20:00:00+00:00,314.05,314.26,313.42,313.6,26788
2026-02-28T23:00:00+00:00,313.6,314.6,313.43,314.57,5808
2026-03-01T00:00:00+00:00,314.05,314.58,313.92,314.56,2501
2026-03-01T01:00:00+00:00,314.56,314.57,314.08,314.54,1092
2026-03-01T02:00:00+00:00,314.53,314.55,314.06,314.06,1249
2026-03-01T03:00:00+00:00,314.51,314.53,313.9,314.18,3501
2026-03-01T04:00:00+00:00,314.0,314.48,313.9,314.39,3317
2026-03-01T05:00:00+00:00,314.39,314.39,313.88,313.9,4231
2026-03-01T06:00:00+00:00,313.9,314.34,313.52,313.99,20907
2026-03-01T07:00:00+00:00,313.98,315.6,313.72,315.1,927066
2026-03-01T08:00:00+00:00,315.09,315.46,314.9,315.01,580809
2026-03-01T09:00:00+00:00,315.0,315.08,314.56,314.91,332801
2026-03-01T10:00:00+00:00,314.85,314.91,314.22,314.37,320837
2026-03-01T11:00:00+00:00,314.37,315.0,314.31,314.86,138397
2026-03-01T12:00:00+00:00,314.87,315.18,314.8,314.98,132546
2026-03-01T13:00:00+00:00,314.98,315.01,314.2,314.31,293494
2026-03-01T14:00:00+00:00,314.31,314.81,314.3,314.8,259256
2026-03-01T15:00:00+00:00,314.81,315.02,314.56,315.0,314678
2026-03-01T16:00:00+00:00,315.0,315.5,313.0,314.23,47218
2026-03-01T17:00:00+00:00,314.1,314.68,314.0,314.68,37930
2026-03-01T18:00:00+00:00,314.68,314.7,314.3,314.7,13567
2026-03-01T19:00:00+00:00,314.7,314.7,314.19,314.2,7518
2026-03-01T20:00:00+00:00,314.19,314.67,314.1,314.66,12980
2026-03-02T03:00:00+00:00,315.05,315.05,315.05,315.05,24416
2026-03-02T04:00:00+00:00,315.06,315.4,314.6,314.72,727187
2026-03-02T05:00:00+00:00,314.71,315.12,314.26,315.08,551539
2026-03-02T06:00:00+00:00,315.09,315.09,312.62,312.76,3450927
2026-03-02T07:00:00+00:00,312.75,314.17,312.4,314.17,4302884
2026-03-02T08:00:00+00:00,314.16,314.82,314.1,314.23,1874873
2026-03-02T09:00:00+00:00,314.27,314.64,313.89,314.64,1093103
2026-03-02T10:00:00+00:00,314.64,314.65,313.8,314.36,792047
2026-03-02T11:00:00+00:00,314.36,314.79,313.79,313.95,1216381
2026-03-02T12:00:00+00:00,313.95,314.61,313.84,314.46,951119
2026-03-02T13:00:00+00:00,314.46,314.46,313.71,313.79,850670
2026-03-02T14:00:00+00:00,313.8,314.0,313.32,313.43,1795170
2026-03-02T15:00:00+00:00,313.45,313.57,313.11,313.52,1709019
2026-03-02T16:00:00+00:00,313.53,313.78,313.0,313.68,959034
2026-03-02T17:00:00+00:00,313.68,314.11,313.38,313.63,720838
2026-03-02T18:00:00+00:00,313.63,313.69,313.32,313.46,260161
2026-03-02T19:00:00+00:00,313.46,313.87,313.46,313.65,237573
2026-03-02T20:00:00+00:00,313.65,314.0,313.4,313.58,506443
2026-03-03T03:00:00+00:00,313.58,313.58,313.58,313.58,5367
2026-03-03T04:00:00+00:00,313.79,314.0,312.68,313.03,1124086
2026-03-03T05:00:00+00:00,313.03,313.49,312.86,313.27,486372
2026-03-03T06:00:00+00:00,313.27,313.45,312.41,312.45,1341613
2026-03-03T07:00:00+00:00,312.45,313.3,311.7,313.3,3082965
2026-03-03T08:00:00+00:00,313.3,313.96,313.04,313.07,1301008
2026-03-03T09:00:00+00:00,313.11,313.11,312.1,312.51,1460927
2026-03-03T10:00:00+00:00,312.5,312.51,311.81,312.28,1273871
2026-03-03T11:00:00+00:00,312.28,312.71,312.0,312.52,733571
2026-03-03T12:00:00+00:00,312.53,312.75,312.0,312.22,772537
2026-03-03T13:00:00+00:00,312.23,312.4,311.04,312.35,3023238
2026-03-03T14:00:00+00:00,312.35,312.94,312.1,312.15,2271210
2026-03-03T15:00:00+00:00,312.15,312.16,311.1,311.2,2114406
2026-03-03T16:00:00+00:00,311.23,311.8,311.0,311.72,858099
2026-03-03T17:00:00+00:00,311.72,311.87,311.4,311.86,489224
2026-03-03T18:00:00+00:00,311.86,311.99,311.61,311.88,258449
2026-03-03T19:00:00+00:00,311.88,311.98,311.58,311.96,367329
2026-03-03T20:00:00+00:00,311.96,311.97,311.52,311.83,265838
2026-03-04T03:00:00+00:00,312.1,312.1,312.1,312.1,3869
2026-03-04T04:00:00+00:00,312.11,312.7,311.61,312.1,618289
2026-03-04T05:00:00+00:00,312.07,312.7,312.05,312.3,364829
2026-03-04T06:00:00+00:00,312.29,312.3,311.63,311.93,541524
2026-03-04T07:00:00+00:00,311.93,312.56,311.61,312.29,987202
2026-03-04T08:00:00+00:00,312.28,312.29,311.65,312.15,936988
2026-03-04T09:00:00+00:00,312.15,312.3,311.9,312.16,787242
2026-03-04T10:00:00+00:00,312.16,312.3,312.05,312.09,1199347
2026-03-04T11:00:00+00:00,312.1,312.19,311.68,311.78,1079417
2026-03-04T12:00:00+00:00,311.78,312.19,311.51,311.73,1504457
2026-03-04T13:00:00+00:00,311.73,311.73,310.75,311.32,2302005
2026-03-04T14:00:00+00:00,311.33,311.49,310.5,310.69,1874065
2026-03-04T15:00:00+00:00,310.69,311.34,310.65,311.25,897106
2026-03-04T16:00:00+00:00,311.21,312.18,311.21,311.64,580425
2026-03-04T17:00:00+00:00,311.65,311.69,311.37,311.41,250801
2026-03-04T18:00:00+00:00,311.42,311.42,310.9,311.18,484921
2026-03-04T19:00:00+00:00,311.17,311.21,311.08,311.13,209720
2026-03-04T20:00:00+00:00,311.13,311.15,311.0,311.1,178250
2026-03-05T03:00:00+00:00,311.45,311.45,311.45,311.45,6055
2026-03-05T04:00:00+00:00,311.32,312.0,311.22,311.88,319107
2026-03-05T05:00:00+00:00,311.9,312.07,311.76,311.97,189430
2026-03-05T06:00:00+00:00,311.95,312.0,311.33,311.81,512995
2026-03-05T07:00:00+00:00,311.83,312.96,311.48,312.55,1762468
2026-03-05T08:00:00+00:00,312.55,312.7,312.09,312.56,1367407
2026-03-05T09:00:00+00:00,312.56,312.67,311.45,311.7,1349034
2026-03-05T10:00:00+00:00,311.69,312.44,311.45,312.42,517466
2026-03-05T11:00:00+00:00,312.36,315.27,312.3,314.88,4881539
2026-03-05T12:00:00+00:00,314.88,315.8,314.5,314.7,3509301
2026-03-05T13:00:00+00:00,314.7,315.33,314.61,315.22,2157610
2026-03-05T14:00:00+00:00,315.22,315.35,314.54,315.0,1888005
2026-03-05T15:00:00+00:00,315.0,315.42,314.6,315.42,1064671
2026-03-05T16:00:00+00:00,315.11,315.42,314.75,315.15,566832
2026-03-05T17:00:00+00:00,315.15,315.5,315.13,315.32,654196
2026-03-05T18:00:00+00:00,315.33,315.54,315.0,315.05,587103
2026-03-05T19:00:00+00:00,315.03,315.31,314.78,314.85,329689
2026-03-05T20:00:00+00:00,314.86,314.92,314.56,314.68,318740
2026-03-06T03:00:00+00:00,314.8,314.8,314.8,314.8,2442
2026-03-06T04:00:00+00:00,315.0,315.47,314.59,314.98,306259
2026-03-06T05:00:00+00:00,314.98,315.18,314.73,315.15,310830
2026-03-06T06:00:00+00:00,315.15,315.29,315.0,315.11,360037
2026-03-06T07:00:00+00:00,315.07,315.68,315.01,315.68,983772
2026-03-06T08:00:00+00:00,315.68,317.0,315.5,315.51,2131739
2026-03-06T09:00:00+00:00,315.5,315.51,314.5,314.55,1546494
2026-03-06T10:00:00+00:00,314.55,314.91,314.35,314.42,1173625
2026-03-06T11:00:00+00:00,314.42,314.9,314.35,314.7,887593
2026-03-06T12:00:00+00:00,314.68,314.9,314.4,314.87,1044022
2026-03-06T13:00:00+00:00,314.87,315.21,314.35,314.37,1598270
2026-03-06T14:00:00+00:00,314.37,315.18,314.09,314.61,1588569
2026-03-06T15:00:00+00:00,314.62,314.84,314.35,314.47,703141
2026-03-06T16:00:00+00:00,314.55,314.61,314.43,314.51,423340
2026-03-06T17:00:00+00:00,314.51,314.75,314.41,314.48,226438
2026-03-06T18:00:00+00:00,314.49,314.79,314.4,314.77,284724
2026-03-06T19:00:00+00:00,314.76,314.77,314.5,314.68,218089
2026-03-06T20:00:00+00:00,314.69,314.69,314.1,314.14,543977
2026-03-06T23:00:00+00:00,314.19,315.4,313.09,313.94,5242
2026-03-07T00:00:00+00:00,313.5,314.0,313.41,313.9,2871
2026-03-07T01:00:00+00:00,313.92,314.05,313.41,314.0,2804
2026-03-07T02:00:00+00:00,314.04,314.05,313.42,313.43,1392
2026-03-07T03:00:00+00:00,313.97,314.14,313.41,313.57,3809
2026-03-07T04:00:00+00:00,314.1,314.14,313.45,314.13,5461
2026-03-07T05:00:00+00:00,314.13,314.14,313.45,314.04,23873
2026-03-07T06:00:00+00:00,314.04,314.14,313.46,314.12,18993
2026-03-07T07:00:00+00:00,314.12,314.15,313.5,313.89,27626
2026-03-07T08:00:00+00:00,313.55,313.95,313.5,313.6,14529
2026-03-07T09:00:00+00:00,313.86,313.93,313.42,313.88,54961
2026-03-07T10:00:00+00:00,313.88,313.89,313.45,313.65,12887
2026-03-07T11:00:00+00:00,313.65,313.93,313.47,313.93,12220
2026-03-07T12:00:00+00:00,313.72,313.99,313.71,313.77,14221
2026-03-07T13:00:00+00:00,313.95,314.0,313.75,313.97,8288
2026-03-07T14:00:00+00:00,313.97,314.0,313.75,313.76,10655
2026-03-07T15:00:00+00:00,313.99,314.14,313.75,313.78,8029
2026-03-07T16:00:00+00:00,314.12,314.12,313.57,314.0,14489
2026-03-07T17:00:00+00:00,314.0,314.0,313.54,313.57,7892
2026-03-07T18:00:00+00:00,313.92,313.96,313.56,313.96,9764
2026-03-07T19:00:00+00:00,313.57,314.09,313.56,313.61,5619
2026-03-07T20:00:00+00:00,314.07,314.08,313.61,313.95,10476
2026-03-07T23:00:00+00:00,314.3,314.3,312.89,314.24,4178
2026-03-08T00:00:00+00:00,314.24,314.24,313.62,314.21,536
2026-03-08T01:00:00+00:00,314.21,314.21,313.65,314.1,589
2026-03-08T02:00:00+00:00,313.79,314.27,313.65,313.71,2319
2026-03-08T03:00:00+00:00,313.72,314.26,313.71,314.22,1409
2026-03-08T04:00:00+00:00,314.21,314.25,313.76,314.13,2995
2026-03-08T05:00:00+00:00,314.0,314.2,313.99,314.19,3064
2026-03-08T06:00:00+00:00,314.19,314.2,313.72,314.19,6214
2026-03-08T07:00:00+00:00,314.19,314.19,313.72,314.08,6689
2026-03-08T08:00:00+00:00,314.08,314.14,313.81,314.14,8492
2026-03-08T09:00:00+00:00,314.14,314.14,313.82,313.83,5662
2026-03-08T10:00:00+00:00,314.1,314.11,313.82,313.82,5019
2026-03-08T11:00:00+00:00,313.82,314.14,313.82,313.85,7328
2026-03-08T12:00:00+00:00,313.85,314.2,313.82,314.16,11422
2026-03-08T13:00:00+00:00,314.0,314.26,313.82,314.26,13930
2026-03-08T14:00:00+00:00,314.24,314.26,314.0,314.24,4052
2026-03-08T15:00:00+00:00,314.14,314.24,313.73,314.22,16622
2026-03-08T16:00:00+00:00,314.14,314.24,313.74,314.2,5019
2026-03-08T17:00:00+00:00,314.2,314.24,313.75,314.2,5124
2026-03-08T18:00:00+00:00,314.2,314.23,313.79,314.14,4098
2026-03-08T19:00:00+00:00,313.81,314.16,313.81,313.84,4867
2026-03-08T20:00:00+00:00,314.12,314.12,313.82,314.09,2548
2026-03-09T03:00:00+00:00,314.0,314.0,314.0,314.0,25182
2026-03-09T04:00:00+00:00,314.0,317.28,312.16,316.8,1580464
2026-03-09T05:00:00+00:00,316.8,317.0,315.13,315.25,1153895
2026-03-09T06:00:00+00:00,315.25,315.53,313.9,314.49,2335823
2026-03-09T07:00:00+00:00,314.49,315.9,314.45,315.51,1333434
2026-03-09T08:00:00+00:00,315.5,315.66,314.8,315.22,652494
2026-03-09T09:00:00+00:00,315.23,317.36,315.06,316.49,3814436
2026-03-09T10:00:00+00:00,316.5,316.61,314.51,315.75,1295550
2026-03-09T11:00:00+00:00,315.75,316.24,315.61,315.95,621020
2026-03-09T12:00:00+00:00,315.95,316.05,315.76,316.0,457130
2026-03-09T13:00:00+00:00,316.01,316.19,315.51,315.52,568826
2026-03-09T14:00:00+00:00,315.52,315.95,315.41,315.94,456338
2026-03-09T15:00:00+00:00,315.94,316.36,315.83,316.35,786243
2026-03-09T16:00:00+00:00,316.34,316.4,315.97,316.13,438322
2026-03-09T17:00:00+00:00,316.13,316.13,315.59,315.76,182390
2026-03-09T18:00:00+00:00,315.76,315.8,315.36,315.46,330288
2026-03-09T19:00:00+00:00,315.45,316.94,314.99,316.89,1838651
2026-03-09T20:00:00+00:00,316.91,316.99,316.0,316.3,727560
2026-03-10T03:00:00+00:00,316.49,316.49,316.49,316.49,14698
2026-03-10T04:00:00+00:00,316.49,316.89,315.45,316.89,669974
2026-03-10T05:00:00+00:00,316.89,317.0,316.19,316.87,504208
2026-03-10T06:00:00+00:00,316.8,317.92,316.67,317.39,2571794
2026-03-10T07:00:00+00:00,317.37,319.28,317.3,318.7,5832015
2026-03-10T08:00:00+00:00,318.68,319.0,318.0,318.23,2270672
2026-03-10T09:00:00+00:00,318.23,318.3,317.35,318.3,2129964
2026-03-10T10:00:00+00:00,318.3,318.4,318.08,318.21,1258316
2026-03-10T11:00:00+00:00,318.21,318.27,317.38,317.67,1073640
2026-03-10T12:00:00+00:00,317.67,317.67,316.68,317.15,2275646
2026-03-10T13:00:00+00:00,317.17,317.26,315.72,315.75,2106029
2026-03-10T14:00:00+00:00,315.75,315.94,314.1,314.57,5707391
2026-03-10T15:00:00+00:00,314.58,314.73,313.59,314.28,2604135
2026-03-10T16:00:00+00:00,314.27,314.76,313.81,313.88,1550789
2026-03-10T17:00:00+00:00,313.86,315.0,313.81,314.76,1291471
2026-03-10T18:00:00+00:00,314.75,314.97,314.13,314.84,713685
2026-03-10T19:00:00+00:00,314.82,314.84,314.5,314.78,393345
2026-03-10T20:00:00+00:00,314.77,314.96,314.61,314.8,372415
2026-03-11T03:00:00+00:00,315.47,315.47,315.47,315.47,4945
2026-03-11T04:00:00+00:00,315.45,318.2,315.02,315.12,902886
2026-03-11T05:00:00+00:00,315.12,316.38,315.11,315.39,621612
2026-03-11T06:00:00+00:00,315.38,316.5,314.44,316.33,2011053
2026-03-11T07:00:00+00:00,316.33,316.87,315.84,316.58,2446339
2026-03-11T08:00:00+00:00,316.56,316.68,315.6,316.33,1275912
2026-03-11T09:00:00+00:00,316.33,316.71,315.92,315.92,1282136
2026-03-11T10:00:00+00:00,315.93,316.46,315.59,315.85,1256884
2026-03-11T11:00:00+00:00,315.87,316.2,315.75,316.1,568559
2026-03-11T12:00:00+00:00,316.13,316.55,315.29,315.58,1219596
2026-03-11T13:00:00+00:00,315.58,315.62,314.7,314.84,1676255
2026-03-11T14:00:00+00:00,314.84,315.31,314.61,314.75,1815945
2026-03-11T15:00:00+00:00,314.73,314.97,314.23,314.71,1676089
2026-03-11T16:00:00+00:00,314.7,314.7,314.43,314.6,513811
2026-03-11T17:00:00+00:00,314.59,314.89,314.53,314.85,400853
2026-03-11T18:00:00+00:00,314.85,315.09,314.65,315.08,374675
2026-03-11T19:00:00+00:00,315.06,315.1,314.81,315.0,241557
2026-03-11T20:00:00+00:00,315.01,315.09,314.74,315.09,258677
2026-03-12T03:00:00+00:00,315.5,315.5,315.5,315.5,4217
2026-03-12T04:00:00+00:00,315.49,315.72,315.0,315.38,484293
2026-03-12T05:00:00+00:00,315.38,315.91,315.17,315.72,458688
2026-03-12T06:00:00+00:00,315.7,315.76,315.12,315.22,612875
2026-03-12T07:00:00+00:00,315.22,315.65,315.0,315.39,1822719
2026-03-12T08:00:00+00:00,315.38,315.77,315.27,315.5,917959
2026-03-12T09:00:00+00:00,315.49,315.67,315.1,315.5,913274
2026-03-12T10:00:00+00:00,315.47,315.61,315.15,315.33,731689
2026-03-12T11:00:00+00:00,315.36,316.3,315.25,315.9,1527251
2026-03-12T12:00:00+00:00,315.89,316.07,315.6,315.78,550563
2026-03-12T13:00:00+00:00,315.75,316.16,315.72,316.14,802745
2026-03-12T14:00:00+00:00,316.14,317.21,316.14,316.94,3236166
2026-03-12T15:00:00+00:00,316.94,317.28,316.77,317.17,1067587
2026-03-12T16:00:00+00:00,317.16,317.16,316.26,316.55,465687
2026-03-12T17:00:00+00:00,316.55,316.66,316.35,316.38,206556
2026-03-12T18:00:00+00:00,316.38,316.86,316.36,316.79,402675
2026-03-12T19:00:00+00:00,316.79,316.86,316.47,316.51,239407
2026-03-12T20:00:00+00:00,316.51,316.51,316.15,316.39,402030
2026-03-13T03:00:00+00:00,316.4,316.4,316.4,316.4,2115
2026-03-13T04:00:00+00:00,316.4,317.0,316.18,317.0,576789
2026-03-13T05:00:00+00:00,317.0,318.23,316.85,318.01,1425194
2026-03-13T06:00:00+00:00,318.01,318.04,317.31,317.5,985347
2026-03-13T07:00:00+00:00,317.45,318.19,317.4,317.83,1961369
2026-03-13T08:00:00+00:00,317.83,318.18,317.3,317.41,1227130
2026-03-13T09:00:00+00:00,317.41,317.7,317.07,317.19,753877
2026-03-13T10:00:00+00:00,317.19,317.5,317.15,317.3,413137
2026-03-13T11:00:00+00:00,317.27,317.7,317.15,317.47,477440
2026-03-13T12:00:00+00:00,317.48,317.5,317.15,317.27,536349
2026-03-13T13:00:00+00:00,317.26,317.26,316.67,317.1,1335584
2026-03-13T14:00:00+00:00,317.09,317.1,316.3,316.64,889940
2026-03-13T15:00:00+00:00,316.64,316.65,316.37,316.63,540813
2026-03-13T16:00:00+00:00,316.62,316.75,316.38,316.72,301815
2026-03-13T17:00:00+00:00,316.71,316.8,316.5,316.8,259145
2026-03-13T18:00:00+00:00,316.8,316.92,316.5,316.58,223210
2026-03-13T19:00:00+00:00,316.58,316.77,316.55,316.72,160511
2026-03-13T20:00:00+00:00,316.7,316.73,316.45,316.65,404561
2026-03-13T23:00:00+00:00,316.07,317.64,315.74,316.82,1512
2026-03-14T00:00:00+00:00,316.82,316.88,316.2,316.3,10469
2026-03-14T01:00:00+00:00,316.3,316.91,316.27,316.6,6983
2026-03-14T02:00:00+00:00,316.9,316.91,316.28,316.88,1226
2026-03-14T03:00:00+00:00,316.89,316.91,316.31,316.63,3985
2026-03-14T04:00:00+00:00,316.36,316.64,316.35,316.64,3857
2026-03-14T05:00:00+00:00,316.64,316.91,316.4,316.91,14561
2026-03-14T06:00:00+00:00,316.91,317.16,316.66,317.16,10089
2026-03-14T07:00:00+00:00,317.16,317.68,316.68,316.98,173080
2026-03-14T08:00:00+00:00,316.97,317.11,316.89,317.01,92587
2026-03-14T09:00:00+00:00,317.01,317.13,316.91,317.13,75124
2026-03-14T10:00:00+00:00,317.13,317.14,317.0,317.02,54778
2026-03-14T11:00:00+00:00,317.02,317.16,317.0,317.06,86751
2026-03-14T12:00:00+00:00,317.07,317.28,317.01,317.26,90353
2026-03-14T13:00:00+00:00,317.26,317.34,317.22,317.23,52190
2026-03-14T14:00:00+00:00,317.23,317.23,317.02,317.2,69458
2026-03-14T15:00:00+00:00,317.2,317.3,317.18,317.26,199010
2026-03-14T16:00:00+00:00,317.75,318.54,316.1,317.48,19183
2026-03-14T17:00:00+00:00,317.79,317.79,317.26,317.63,9834
2026-03-14T18:00:00+00:00,317.28,317.67,317.28,317.58,5529
2026-03-14T19:00:00+00:00,317.5,317.72,317.3,317.7,5555
2026-03-14T20:00:00+00:00,317.7,317.7,317.3,317.7,2604
2026-03-14T23:00:00+00:00,318.5,318.5,317.08,317.92,1421
2026-03-15T00:00:00+00:00,317.92,317.94,317.3,317.31,779
2026-03-15T01:00:00+00:00,317.32,317.94,317.3,317.35,1952
2026-03-15T02:00:00+00:00,317.86,317.94,317.33,317.94,1467
2026-03-15T03:00:00+00:00,317.91,317.97,317.4,317.42,1653
2026-03-15T04:00:00+00:00,317.42,317.98,317.41,317.83,2967
2026-03-15T05:00:00+00:00,317.46,317.88,317.41,317.82,5005
2026-03-15T06:00:00+00:00,317.82,317.82,317.38,317.5,3253
2026-03-15T07:00:00+00:00,317.35,317.66,317.33,317.47,260969
2026-03-15T08:00:00+00:00,317.51,317.55,317.27,317.51,138108
2026-03-15T09:00:00+00:00,317.48,317.56,317.31,317.37,128588
2026-03-15T10:00:00+00:00,317.37,317.45,317.2,317.35,79731
2026-03-15T11:00:00+00:00,317.36,317.4,317.2,317.26,99207
2026-03-15T12:00:00+00:00,317.22,317.34,317.14,317.2,49972
2026-03-15T13:00:00+00:00,317.2,317.39,317.19,317.27,43934
2026-03-15T14:00:00+00:00,317.3,317.5,317.13,317.45,212661
2026-03-15T15:00:00+00:00,317.48,317.7,317.41,317.63,559109
2026-03-15T16:00:00+00:00,318.28,318.28,316.93,317.28,21267
2026-03-15T17:00:00+00:00,317.28,317.63,317.12,317.58,9328
2026-03-15T18:00:00+00:00,317.58,317.82,317.15,317.79,9348
2026-03-15T19:00:00+00:00,317.79,317.82,317.21,317.79,16868
2026-03-15T20:00:00+00:00,317.79,317.79,317.21,317.67,9765
2026-03-16T03:00:00+00:00,317.65,317.65,317.65,317.65,6979
2026-03-16T04:00:00+00:00,317.67,318.0,317.67,317.94,454644
2026-03-16T05:00:00+00:00,317.94,318.5,317.9,318.25,763861
2026-03-16T06:00:00+00:00,318.25,318.25,317.44,317.78,1151597
2026-03-16T07:00:00+00:00,317.78,318.8,317.71,318.07,2938789
2026-03-16T08:00:00+00:00,318.08,318.56,317.81,317.88,1266702
2026-03-16T09:00:00+00:00,317.86,318.05,316.26,316.9,3196961
2026-03-16T10:00:00+00:00,316.91,317.18,316.81,317.03,1090776
2026-03-16T11:00:00+00:00,317.03,317.05,316.5,316.6,976613
2026-03-16T12:00:00+00:00,316.6,316.99,316.0,316.05,1452694
2026-03-16T13:00:00+00:00,316.04,316.63,315.72,316.61,1775864
2026-03-16T14:00:00+00:00,316.6,316.61,316.2,316.39,735262
2026-03-16T15:00:00+00:00,316.4,316.44,315.9,316.14,742956
2026-03-16T16:00:00+00:00,316.14,316.62,315.91,316.61,869739
2026-03-16T17:00:00+00:00,316.6,316.76,316.47,316.48,480822
2026-03-16T18:00:00+00:00,316.48,316.48,316.03,316.21,295349
2026-03-16T19:00:00+00:00,316.2,316.26,316.0,316.2,356321
2026-03-16T20:00:00+00:00,316.2,316.4,316.06,316.4,268317
2026-03-17T03:00:00+00:00,316.6,316.6,316.6,316.6,1959
2026-03-17T04:00:00+00:00,316.61,316.86,316.6,316.86,137900
2026-03-17T05:00:00+00:00,316.86,317.1,316.7,317.0,157462
2026-03-17T06:00:00+00:00,316.97,317.01,315.86,316.5,848842
2026-03-17T07:00:00+00:00,316.5,317.07,316.42,316.95,1034374
2026-03-17T08:00:00+00:00,316.94,317.27,316.0,316.02,1376405
2026-03-17T09:00:00+00:00,316.02,317.3,315.8,316.9,2121052
2026-03-17T10:00:00+00:00,316.91,317.5,316.86,317.38,813307
2026-03-17T11:00:00+00:00,317.38,318.8,317.28,318.8,4729223
2026-03-17T12:00:00+00:00,318.8,319.4,318.28,318.96,4560125
2026-03-17T13:00:00+00:00,318.97,319.0,318.16,318.58,2289664
2026-03-17T14:00:00+00:00,318.58,318.98,318.2,318.28,1919274
2026-03-17T15:00:00+00:00,318.28,318.41,318.01,318.02,1140418
2026-03-17T16:00:00+00:00,318.04,318.7,318.02,318.64,648733
2026-03-17T17:00:00+00:00,318.63,319.0,318.63,318.83,1157133
2026-03-17T18:00:00+00:00,318.83,319.16,318.83,319.09,815391
2026-03-17T19:00:00+00:00,319.09,319.15,318.79,319.06,597621
2026-03-17T20:00:00+00:00,319.06,319.73,319.06,319.69,1695297
2026-03-18T03:00:00+00:00,319.8,319.8,319.8,319.8,17791
2026-03-18T04:00:00+00:00,319.79,319.9,318.8,319.8,936547
2026-03-18T05:00:00+00:00,319.8,321.94,319.79,321.13,4231547
2026-03-18T06:00:00+00:00,321.12,321.5,320.28,320.74,2968229
2026-03-18T07:00:00+00:00,320.74,321.98,320.71,321.2,4037892
2026-03-18T08:00:00+00:00,321.19,321.49,320.8,321.13,2808119
2026-03-18T09:00:00+00:00,321.13,322.15,320.87,321.82,2534404
2026-03-18T10:00:00+00:00,321.83,322.17,321.01,321.32,3577939
2026-03-18T11:00:00+00:00,321.3,321.66,320.87,321.02,1615903
2026-03-18T12:00:00+00:00,321.01,321.9,320.8,320.9,2422188
2026-03-18T13:00:00+00:00,320.91,320.91,319.68,319.76,4167050
2026-03-18T14:00:00+00:00,319.76,320.67,319.72,320.67,2394519
2026-03-18T15:00:00+00:00,320.67,321.67,320.66,321.67,1952835
2026-03-18T16:00:00+00:00,321.62,321.72,320.95,321.52,1041553
2026-03-18T17:00:00+00:00,321.51,321.56,321.0,321.15,684299
2026-03-18T18:00:00+00:00,321.15,321.16,320.83,320.85,414653
2026-03-18T19:00:00+00:00,320.85,321.0,320.55,320.65,1094738
2026-03-18T20:00:00+00:00,320.64,320.64,320.0,320.51,1176305
2026-03-19T03:00:00+00:00,320.9,320.9,320.9,320.9,1353
2026-03-19T04:00:00+00:00,320.92,321.43,320.28,321.21,598275
2026-03-19T05:00:00+00:00,321.2,321.25,320.78,321.16,358484
2026-03-19T06:00:00+00:00,321.11,321.16,320.23,320.56,1423059
2026-03-19T07:00:00+00:00,320.56,321.3,320.01,321.3,2125825
2026-03-19T08:00:00+00:00,321.3,321.38,320.09,320.74,2522565
2026-03-19T09:00:00+00:00,320.74,321.0,320.38,320.46,1739897
2026-03-19T10:00:00+00:00,320.46,320.91,320.29,320.69,1472921
2026-03-19T11:00:00+00:00,320.69,320.8,320.48,320.59,1087480
2026-03-19T12:00:00+00:00,320.59,320.71,319.23,319.31,6836191
2026-03-19T13:00:00+00:00,319.3,320.25,319.21,320.04,1518880
2026-03-19T14:00:00+00:00,320.04,320.11,319.9,319.98,1300186
2026-03-19T15:00:00+00:00,319.97,320.16,319.42,320.01,1069513
2026-03-19T16:00:00+00:00,320.1,320.1,319.85,319.91,397794
2026-03-19T17:00:00+00:00,319.9,320.05,319.85,319.92,333344
2026-03-19T18:00:00+00:00,319.92,320.0,319.81,319.94,235643
2026-03-19T19:00:00+00:00,319.95,320.5,319.95,320.49,514102
2026-03-19T20:00:00+00:00,320.49,320.79,320.2,320.77,499505
2026-03-20T03:00:00+00:00,321.0,321.0,321.0,321.0,8856
2026-03-20T04:00:00+00:00,321.0,321.49,320.82,321.23,846587
2026-03-20T05:00:00+00:00,321.23,321.25,320.6,320.97,336076
2026-03-20T06:00:00+00:00,320.97,321.2,320.8,321.05,896472
2026-03-20T07:00:00+00:00,321.06,321.45,320.9,321.45,3021855
2026-03-20T08:00:00+00:00,321.44,321.7,320.93,321.25,1740664
2026-03-20T09:00:00+00:00,321.23,321.77,321.2,321.66,2092916
2026-03-20T10:00:00+00:00,321.67,322.0,320.02,321.21,4363777
2026-03-20T11:00:00+00:00,321.21,321.45,320.63,320.94,1433597
2026-03-20T12:00:00+00:00,320.94,321.24,320.61,321.17,1201042
2026-03-20T13:00:00+00:00,321.17,321.24,320.53,320.56,1155727
2026-03-20T14:00:00+00:00,320.56,320.9,320.21,320.77,1070877
2026-03-20T15:00:00+00:00,320.76,320.83,319.51,320.46,1883434
2026-03-20T16:00:00+00:00,320.37,320.37,320.01,320.08,311661
2026-03-20T17:00:00+00:00,320.08,320.4,320.04,320.35,444347
2026-03-20T18:00:00+00:00,320.35,320.47,320.27,320.41,214904
2026-03-20T19:00:00+00:00,320.42,320.51,320.4,320.41,231670
2026-03-20T20:00:00+00:00,320.44,320.5,320.12,320.16,503705
2026-03-20T23:00:00+00:00,321.49,321.49,319.24,320.61,1268
2026-03-21T00:00:00+00:00,320.6,320.61,319.9,320.2,480
2026-03-21T01:00:00+00:00,320.56,320.61,320.0,320.56,832
2026-03-21T02:00:00+00:00,320.56,323.54,320.02,321.0,16885
2026-03-21T03:00:00+00:00,320.59,321.4,320.58,321.38,2918
2026-03-21T04:00:00+00:00,321.38,321.38,320.52,320.7,3279
2026-03-21T05:00:00+00:00,320.7,321.22,320.54,321.22,6357
2026-03-21T06:00:00+00:00,321.21,321.4,319.97,321.26,33711
2026-03-21T07:00:00+00:00,321.25,321.3,320.26,320.52,17576
2026-03-21T08:00:00+00:00,320.87,321.22,320.52,320.6,11478
2026-03-21T09:00:00+00:00,320.91,320.98,320.54,320.95,12474
2026-03-21T10:00:00+00:00,320.7,320.96,320.6,320.92,7204
2026-03-21T11:00:00+00:00,320.92,321.19,320.26,320.55,17187
2026-03-21T12:00:00+00:00,320.96,320.98,320.28,320.31,10409
2026-03-21T13:00:00+00:00,320.66,320.7,320.16,320.59,19761
2026-03-21T14:00:00+00:00,320.18,320.6,320.18,320.57,6313
2026-03-21T15:00:00+00:00,320.57,320.61,320.16,320.29,16407
2026-03-21T16:00:00+00:00,320.6,320.61,320.06,320.16,17126
2026-03-21T17:00:00+00:00,320.16,320.46,320.06,320.06,8282
2026-03-21T18:00:00+00:00,320.42,320.47,320.07,320.47,3883
2026-03-21T19:00:00+00:00,320.47,320.47,319.97,319.98,25564
2026-03-21T20:00:00+00:00,320.32,320.33,319.98,320.01,3308
2026-03-21T23:00:00+00:00,321.75,321.75,319.61,319.75,4313
2026-03-22T00:00:00+00:00,320.14,320.16,319.73,319.73,250
2026-03-22T01:00:00+00:00,319.73,320.6,319.73,320.43,1016
2026-03-22T02:00:00+00:00,320.43,320.6,319.86,320.6,826
2026-03-22T03:00:00+00:00,320.6,320.61,320.11,320.56,1896
2026-03-22T04:00:00+00:00,320.14,320.57,320.11,320.2,2125
2026-03-22T05:00:00+00:00,320.56,320.62,320.2,320.61,3435
2026-03-22T06:00:00+00:00,320.61,320.62,320.43,320.46,3628
2026-03-22T07:00:00+00:00,320.46,320.92,320.45,320.5,18108
2026-03-22T08:00:00+00:00,320.87,320.89,320.49,320.83,17699
2026-03-22T09:00:00+00:00,320.84,320.84,320.55,320.79,11718
2026-03-22T10:00:00+00:00,320.56,320.81,320.55,320.58,5831
2026-03-22T11:00:00+00:00,320.81,320.81,320.57,320.59,7221
2026-03-22T12:00:00+00:00,320.79,320.8,320.59,320.8,6168
2026-03-22T13:00:00+00:00,320.8,320.88,320.59,320.63,13726
2026-03-22T14:00:00+00:00,320.63,320.94,320.62,320.67,4740
2026-03-22T15:00:00+00:00,320.92,320.94,320.67,320.88,12166
2026-03-22T16:00:00+00:00,320.67,320.94,320.67,320.86,7472
2026-03-22T17:00:00+00:00,320.94,320.95,320.7,320.94,8255
2026-03-22T18:00:00+00:00,320.95,321.0,320.93,321.0,8039
2026-03-22T19:00:00+00:00,320.93,321.1,320.7,320.73,8118
2026-03-22T20:00:00+00:00,320.73,321.08,320.61,321.06,20282
2026-03-23T03:00:00+00:00,320.16,320.16,320.16,320.16,16453
2026-03-23T04:00:00+00:00,320.17,320.74,319.86,319.91,453374
2026-03-23T05:00:00+00:00,319.89,320.39,319.79,320.16,436593
2026-03-23T06:00:00+00:00,320.15,320.35,319.53,320.24,1090383
2026-03-23T07:00:00+00:00,320.23,320.23,318.97,319.68,2701319
2026-03-23T08:00:00+00:00,319.68,319.7,318.53,318.62,2432276
2026-03-23T09:00:00+00:00,318.63,319.0,318.06,318.19,1663123
2026-03-23T10:00:00+00:00,318.18,318.19,315.43,315.96,8709767
2026-03-23T11:00:00+00:00,315.95,317.83,314.87,317.23,8877220
2026-03-23T12:00:00+00:00,317.2,317.9,316.5,317.18,2725225
2026-03-23T13:00:00+00:00,317.18,317.41,316.86,317.24,1073618
2026-03-23T14:00:00+00:00,317.25,317.27,316.62,316.96,1308185
2026-03-23T15:00:00+00:00,316.97,317.59,316.72,317.54,1158575
2026-03-23T16:00:00+00:00,317.54,317.71,317.36,317.48,638414
2026-03-23T17:00:00+00:00,317.47,317.56,317.38,317.54,312405
2026-03-23T18:00:00+00:00,317.54,317.66,317.38,317.42,249769
2026-03-23T19:00:00+00:00,317.44,317.44,317.15,317.23,259874
2026-03-23T20:00:00+00:00,317.23,317.29,316.72,316.87,463052
2026-03-24T03:00:00+00:00,317.43,317.43,317.43,317.43,2193
2026-03-24T04:00:00+00:00,317.43,317.74,316.96,317.74,351151
2026-03-24T05:00:00+00:00,317.74,317.74,317.33,317.53,310809
2026-03-24T06:00:00+00:00,317.49,317.49,316.75,317.07,887298
2026-03-24T07:00:00+00:00,317.07,317.48,315.72,316.99,2050254
2026-03-24T08:00:00+00:00,317.0,317.2,316.93,317.19,735400
2026-03-24T09:00:00+00:00,317.2,317.73,316.8,317.08,1017576
2026-03-24T10:00:00+00:00,317.08,317.16,316.8,316.89,752499
2026-03-24T11:00:00+00:00,316.88,317.16,316.77,317.1,613302
2026-03-24T12:00:00+00:00,317.1,317.15,316.35,316.52,1297831
2026-03-24T13:00:00+00:00,316.55,317.13,316.39,317.06,685410
2026-03-24T14:00:00+00:00,317.07,317.9,317.03,317.5,2028263
2026-03-24T15:00:00+00:00,317.5,317.56,317.33,317.38,631390
2026-03-24T16:00:00+00:00,317.34,317.44,317.09,317.37,493949
2026-03-24T17:00:00+00:00,317.37,317.44,317.27,317.34,144902
2026-03-24T18:00:00+00:00,317.34,317.34,317.06,317.24,163258
2026-03-24T19:00:00+00:00,317.24,317.35,317.19,317.34,116807
2026-03-24T20:00:00+00:00,317.33,317.4,317.08,317.17,205237
2026-03-25T03:00:00+00:00,317.3,317.3,317.3,317.3,1382
2026-03-25T04:00:00+00:00,317.36,317.61,316.81,317.35,613301
2026-03-25T05:00:00+00:00,317.38,319.0,317.29,318.12,887392
2026-03-25T06:00:00+00:00,318.11,318.35,317.99,318.14,320096
2026-03-25T07:00:00+00:00,318.13,318.2,317.63,317.88,798608
2026-03-25T08:00:00+00:00,317.87,318.0,317.71,317.75,538918
2026-03-25T09:00:00+00:00,317.74,317.83,317.44,317.46,635356
2026-03-25T10:00:00+00:00,317.47,317.6,317.3,317.57,581341
2026-03-25T11:00:00+00:00,317.58,317.81,317.26,317.32,662650
2026-03-25T12:00:00+00:00,317.32,317.34,316.72,316.99,1033787
2026-03-25T13:00:00+00:00,317.0,317.3,316.49,317.29,794361
2026-03-25T14:00:00+00:00,317.29,317.79,317.21,317.78,558537
2026-03-25T15:00:00+00:00,317.78,317.79,317.04,317.32,405399
2026-03-25T16:00:00+00:00,317.3,317.48,317.21,317.4,196239
2026-03-25T17:00:00+00:00,317.4,317.54,317.17,317.3,129382
2026-03-25T18:00:00+00:00,317.3,317.49,317.19,317.19,201171
2026-03-25T19:00:00+00:00,317.2,317.2,317.04,317.14,201534
2026-03-25T20:00:00+00:00,317.14,317.2,317.0,317.02,217325
2026-03-26T03:00:00+00:00,317.32,317.32,317.32,317.32,1158
2026-03-26T04:00:00+00:00,317.4,317.7,317.04,317.49,311998
2026-03-26T05:00:00+00:00,317.48,317.6,317.4,317.52,137132
2026-03-26T06:00:00+00:00,317.54,317.6,317.25,317.48,206254
2026-03-26T07:00:00+00:00,317.47,317.48,316.95,317.08,785283
2026-03-26T08:00:00+00:00,317.08,317.18,315.72,316.35,3595750
2026-03-26T09:00:00+00:00,316.35,316.78,316.3,316.5,1288776
2026-03-26T10:00:00+00:00,316.5,316.5,316.13,316.3,538001
2026-03-26T11:00:00+00:00,316.29,316.6,316.28,316.57,589605
2026-03-26T12:00:00+00:00,316.58,316.6,316.19,316.2,705844
2026-03-26T13:00:00+00:00,316.2,316.2,315.8,315.92,1116230
2026-03-26T14:00:00+00:00,315.92,316.19,315.75,315.78,753547
2026-03-26T15:00:00+00:00,315.78,315.98,315.26,315.56,1281941
2026-03-26T16:00:00+00:00,315.56,315.94,315.32,315.94,375371
2026-03-26T17:00:00+00:00,315.94,316.15,315.8,315.9,253939
2026-03-26T18:00:00+00:00,315.9,316.39,315.89,315.99,399765
2026-03-26T19:00:00+00:00,316.0,316.0,315.38,315.65,698630
2026-03-26T20:00:00+00:00,315.66,316.01,315.64,315.92,313787
2026-03-27T03:00:00+00:00,316.3,316.3,316.3,316.3,2791
2026-03-27T04:00:00+00:00,316.3,316.33,315.7,315.82,205154
2026-03-27T05:00:00+00:00,315.79,316.15,315.73,315.88,191432
2026-03-27T06:00:00+00:00,315.88,316.49,315.88,316.38,734349
2026-03-27T07:00:00+00:00,316.38,316.69,315.65,316.02,1581152
2026-03-27T08:00:00+00:00,316.03,316.1,314.18,314.56,3466925
2026-03-27T09:00:00+00:00,314.56,315.1,314.36,314.47,1663672
2026-03-27T10:00:00+00:00,314.47,314.5,313.88,314.22,3152245
2026-03-27T11:00:00+00:00,314.22,315.0,314.21,314.71,1050347
2026-03-27T12:00:00+00:00,314.71,314.9,313.88,313.9,2108531
2026-03-27T13:00:00+00:00,313.91,314.42,313.5,314.07,3947792
2026-03-27T14:00:00+00:00,314.07,314.65,313.61,313.62,1928752
2026-03-27T15:00:00+00:00,313.62,314.49,313.62,314.16,1482912
2026-03-27T16:00:00+00:00,314.15,314.5,314.0,314.12,726465
2026-03-27T17:00:00+00:00,314.14,314.24,313.83,314.03,460993
2026-03-27T18:00:00+00:00,314.03,314.06,313.8,313.96,293225
2026-03-27T19:00:00+00:00,313.96,314.13,313.83,313.92,197245
2026-03-27T20:00:00+00:00,313.93,313.93,313.57,313.88,424636
2026-03-27T23:00:00+00:00,313.5,315.16,313.04,314.56,7252
2026-03-28T00:00:00+00:00,314.03,314.62,313.91,314.62,2676
2026-03-28T01:00:00+00:00,314.6,314.6,313.3,314.54,4960
2026-03-28T02:00:00+00:00,314.52,314.54,313.62,314.29,2414
2026-03-28T03:00:00+00:00,314.29,314.3,313.66,314.21,5556
2026-03-28T04:00:00+00:00,314.21,314.31,313.9,314.3,4626
2026-03-28T05:00:00+00:00,314.3,314.31,313.72,313.99,60932
2026-03-28T06:00:00+00:00,313.88,314.31,313.88,313.9,12195
2026-03-28T07:00:00+00:00,313.9,314.09,313.31,313.85,291967
2026-03-28T08:00:00+00:00,313.85,313.95,313.67,313.7,129517
2026-03-28T09:00:00+00:00,313.7,313.81,313.66,313.75,98031
2026-03-28T10:00:00+00:00,313.75,314.0,313.69,313.87,183035
2026-03-28T11:00:00+00:00,313.87,314.23,313.73,314.22,88489
2026-03-28T12:00:00+00:00,314.22,314.26,314.12,314.19,43742
2026-03-28T13:00:00+00:00,314.19,314.22,314.08,314.09,38545
2026-03-28T14:00:00+00:00,314.13,314.22,314.05,314.15,61319
2026-03-28T15:00:00+00:00,314.16,314.25,314.05,314.13,115582
2026-03-28T16:00:00+00:00,319.97,324.82,313.82,314.13,65450
2026-03-28T17:00:00+00:00,313.93,314.3,313.82,314.29,11444
2026-03-28T18:00:00+00:00,314.28,314.45,314.0,314.44,13686
2026-03-28T19:00:00+00:00,314.44,314.44,313.84,313.87,18708
2026-03-28T20:00:00+00:00,314.37,314.4,313.84,314.0,6598
2026-03-28T23:00:00+00:00,315.42,315.42,313.51,314.21,1356
2026-03-29T00:00:00+00:00,314.49,314.49,314.0,314.47,1798
2026-03-29T01:00:00+00:00,314.47,314.61,314.0,314.59,2656
2026-03-29T02:00:00+00:00,314.59,314.8,313.51,314.64,17028
2026-03-29T03:00:00+00:00,314.13,314.66,313.98,314.58,4086
2026-03-29T04:00:00+00:00,314.58,314.6,314.0,314.45,5234
2026-03-29T05:00:00+00:00,314.45,314.5,314.01,314.48,6924
2026-03-29T06:00:00+00:00,314.48,314.83,314.03,314.13,26319
2026-03-29T07:00:00+00:00,314.14,314.53,314.05,314.47,178599
2026-03-29T08:00:00+00:00,314.47,314.5,314.39,314.48,48540
2026-03-29T09:00:00+00:00,314.5,314.5,314.42,314.48,57607
2026-03-29T10:00:00+00:00,314.48,314.55,314.46,314.55,56550
2026-03-29T11:00:00+00:00,314.55,314.8,314.51,314.8,100144
2026-03-29T12:00:00+00:00,314.8,314.89,314.58,314.73,165427
2026-03-29T13:00:00+00:00,314.73,314.87,314.71,314.75,79868
2026-03-29T14:00:00+00:00,314.75,314.88,314.73,314.88,48737
2026-03-29T15:00:00+00:00,314.88,314.89,314.79,314.89,118153
2026-03-29T16:00:00+00:00,315.98,315.98,314.45,315.09,22466
2026-03-29T17:00:00+00:00,315.09,315.5,314.8,315.29,39190
2026-03-29T18:00:00+00:00,315.29,315.49,315.03,315.36,18544
2026-03-29T19:00:00+00:00,315.04,315.39,315.02,315.25,13672
2026-03-29T20:00:00+00:00,315.25,315.36,314.92,315.29,28248
2026-03-30T03:00:00+00:00,315.05,315.05,315.05,315.05,14223
2026-03-30T04:00:00+00:00,315.08,316.3,315.06,315.96,1244063
2026-03-30T05:00:00+00:00,315.96,316.08,315.31,315.87,711059
2026-03-30T06:00:00+00:00,315.86,315.86,315.17,315.24,879509
2026-03-30T07:00:00+00:00,315.21,315.39,313.8,313.81,2401562
2026-03-30T08:00:00+00:00,313.8,313.81,312.4,313.48,5033698
2026-03-30T09:00:00+00:00,313.47,316.29,313.01,315.51,5247648
2026-03-30T10:00:00+00:00,315.48,316.0,315.07,315.89,1330861
2026-03-30T11:00:00+00:00,315.89,316.04,314.72,314.88,1117851
2026-03-30T12:00:00+00:00,314.88,315.79,314.88,315.53,698774
2026-03-30T13:00:00+00:00,315.52,315.79,313.39,313.87,1998193
2026-03-30T14:00:00+00:00,313.86,314.0,313.48,313.67,1592353
2026-03-30T15:00:00+00:00,313.66,315.02,313.62,314.5,1832941
2026-03-30T16:00:00+00:00,314.5,314.8,314.5,314.6,300042
2026-03-30T17:00:00+00:00,314.6,314.71,314.45,314.63,260028
2026-03-30T18:00:00+00:00,314.64,314.64,314.21,314.24,299582
2026-03-30T19:00:00+00:00,314.23,314.49,314.22,314.47,128978
2026-03-30T20:00:00+00:00,314.46,314.53,314.27,314.48,149436
2026-03-31T03:00:00+00:00,315.0,315.0,315.0,315.0,1995
2026-03-31T04:00:00+00:00,315.0,315.09,313.76,314.5,405246
2026-03-31T05:00:00+00:00,314.5,314.97,314.32,314.83,247658
2026-03-31T06:00:00+00:00,314.83,314.84,314.43,314.6,285851
2026-03-31T07:00:00+00:00,314.6,314.68,313.67,313.79,1208756
2026-03-31T08:00:00+00:00,313.79,314.92,313.68,314.14,1103074
2026-03-31T09:00:00+00:00,314.14,315.0,314.06,314.96,616678
2026-03-31T10:00:00+00:00,314.95,315.63,314.21,314.65,1285041
2026-03-31T11:00:00+00:00,314.63,314.76,313.8,314.35,1814531
2026-03-31T12:00:00+00:00,314.38,314.59,314.04,314.22,470800
2026-03-31T13:00:00+00:00,314.22,314.28,313.47,313.69,1588244
2026-03-31T14:00:00+00:00,313.7,314.15,313.5,313.86,1233243
2026-03-31T15:00:00+00:00,313.8,314.35,313.43,314.35,1536007
2026-03-31T16:00:00+00:00,314.34,314.34,313.78,314.08,184615
2026-03-31T17:00:00+00:00,314.11,314.22,313.94,314.12,274479
2026-03-31T18:00:00+00:00,314.13,314.24,313.91,314.2,233778
2026-03-31T19:00:00+00:00,314.19,314.39,314.12,314.38,204750
2026-03-31T20:00:00+00:00,314.37,314.54,314.19,314.22,345607
2026-04-01T03:00:00+00:00,314.65,314.65,314.65,314.65,7337
2026-04-01T04:00:00+00:00,314.66,314.74,314.23,314.4,159345
2026-04-01T05:00:00+00:00,314.4,314.55,314.15,314.55,204637
2026-04-01T06:00:00+00:00,314.55,315.16,314.54,314.97,994633
2026-04-01T07:00:00+00:00,314.99,317.0,314.95,316.75,5551453
2026-04-01T08:00:00+00:00,316.76,317.15,316.54,316.67,2192927
2026-04-01T09:00:00+00:00,316.67,316.98,316.25,316.89,1119437
2026-04-01T10:00:00+00:00,316.92,317.47,316.54,317.24,1497961
2026-04-01T11:00:00+00:00,317.24,317.42,316.37,316.49,1365815
2026-04-01T12:00:00+00:00,316.49,316.78,316.0,316.15,1149577
2026-04-01T13:00:00+00:00,316.17,316.56,316.0,316.42,1039798
2026-04-01T14:00:00+00:00,316.4,316.9,316.2,316.8,660830
2026-04-01T15:00:00+00:00,316.8,316.98,316.5,316.5,758800
2026-04-01T16:00:00+00:00,316.5,317.3,316.5,316.94,855082
2026-04-01T17:00:00+00:00,316.95,317.12,316.7,316.75,240258
2026-04-01T18:00:00+00:00,316.75,316.83,316.72,316.78,269337
2026-04-01T19:00:00+00:00,316.8,316.93,316.78,316.9,410083
2026-04-01T20:00:00+00:00,316.9,316.99,316.61,316.71,485332
2026-04-02T03:00:00+00:00,316.75,316.75,316.75,316.75,3959
2026-04-02T04:00:00+00:00,316.75,317.21,316.53,316.73,290226
2026-04-02T05:00:00+00:00,316.73,316.8,316.52,316.64,120668
2026-04-02T06:00:00+00:00,316.66,316.79,316.19,316.29,783387
2026-04-02T07:00:00+00:00,316.29,316.39,315.18,316.08,1740834
2026-04-02T08:00:00+00:00,316.07,316.7,316.03,316.34,1219820
2026-04-02T09:00:00+00:00,316.34,316.41,315.87,316.4,382498
2026-04-02T10:00:00+00:00,316.4,316.55,316.15,316.33,560403
2026-04-02T11:00:00+00:00,316.33,316.46,316.15,316.2,432157
2026-04-02T12:00:00+00:00,316.2,316.35,316.04,316.33,473595
2026-04-02T13:00:00+00:00,316.3,316.81,316.24,316.71,861682
2026-04-02T14:00:00+00:00,316.71,316.74,316.18,316.21,996856
2026-04-02T15:00:00+00:00,316.22,316.44,316.13,316.2,355736
2026-04-02T16:00:00+00:00,316.22,316.31,316.18,316.22,210679
2026-04-02T17:00:00+00:00,316.24,316.25,316.2,316.25,113551
2026-04-02T18:00:00+00:00,316.25,316.4,316.24,316.25,288772
2026-04-02T19:00:00+00:00,316.26,316.36,316.23,316.34,87181
2026-04-02T20:00:00+00:00,316.33,316.4,316.02,316.27,450313
2026-04-03T03:00:00+00:00,316.47,316.47,316.47,316.47,1441
2026-04-03T04:00:00+00:00,316.49,316.88,316.2,316.75,466273
2026-04-03T05:00:00+00:00,316.77,316.88,316.72,316.87,224662
2026-04-03T06:00:00+00:00,316.85,317.41,316.63,316.96,954928
2026-04-03T07:00:00+00:00,316.96,317.05,316.02,316.04,1266973
2026-04-03T08:00:00+00:00,316.04,316.5,316.03,316.23,710162
2026-04-03T09:00:00+00:00,316.23,316.26,315.0,315.16,2813061
2026-04-03T10:00:00+00:00,315.16,315.81,315.0,315.44,1059688
2026-04-03T11:00:00+00:00,315.43,315.44,314.51,314.8,1589249
2026-04-03T12:00:00+00:00,314.79,315.79,314.75,315.26,1436485
2026-04-03T13:00:00+00:00,315.26,315.26,314.51,314.56,1216070
2026-04-03T14:00:00+00:00,314.55,314.85,314.21,314.68,1198970
2026-04-03T15:00:00+00:00,314.66,315.19,314.64,315.0,736968
2026-04-03T16:00:00+00:00,314.98,315.15,314.87,314.97,285790
2026-04-03T17:00:00+00:00,314.97,315.09,314.59,314.63,240766
2026-04-03T18:00:00+00:00,314.63,314.76,314.49,314.64,184238
2026-04-03T19:00:00+00:00,314.64,315.03,314.6,314.9,172232
2026-04-03T20:00:00+00:00,314.9,315.03,314.56,314.65,232973
2026-04-03T23:00:00+00:00,314.36,315.9,314.36,315.35,2482
2026-04-04T00:00:00+00:00,315.35,315.35,314.53,315.35,1282
2026-04-04T01:00:00+00:00,314.69,315.49,314.69,315.45,1028
2026-04-04T02:00:00+00:00,315.45,315.45,314.65,314.85,3232
2026-04-04T03:00:00+00:00,314.85,315.38,314.4,314.68,5430
2026-04-04T04:00:00+00:00,314.68,315.48,314.66,315.45,12138
2026-04-04T05:00:00+00:00,315.45,315.5,314.65,314.71,34954
2026-04-04T06:00:00+00:00,315.0,315.48,314.71,315.03,20713
2026-04-04T07:00:00+00:00,315.03,315.44,314.65,314.8,154371
2026-04-04T08:00:00+00:00,314.8,315.0,314.64,314.93,144289
2026-04-04T09:00:00+00:00,314.97,315.14,314.82,315.13,167476
2026-04-04T10:00:00+00:00,315.1,315.4,315.05,315.34,184691
2026-04-04T11:00:00+00:00,315.34,315.38,314.95,315.11,102255
2026-04-04T12:00:00+00:00,315.11,315.11,314.9,314.99,59266
2026-04-04T13:00:00+00:00,314.99,315.14,314.94,315.13,23194
2026-04-04T14:00:00+00:00,315.06,315.28,315.02,315.21,45124
2026-04-04T15:00:00+00:00,315.21,315.29,314.9,315.12,135037
2026-04-04T16:00:00+00:00,313.89,315.9,313.89,315.0,34692
2026-04-04T17:00:00+00:00,315.12,315.12,314.8,314.9,10958
2026-04-04T18:00:00+00:00,315.11,315.11,314.81,315.1,5628
2026-04-04T19:00:00+00:00,315.1,315.12,314.8,315.0,12192
2026-04-04T20:00:00+00:00,315.12,315.15,314.81,315.15,29390
2026-04-04T23:00:00+00:00,315.79,315.79,314.36,314.84,2700
2026-04-05T00:00:00+00:00,314.84,315.45,314.84,315.44,1054
2026-04-05T01:00:00+00:00,314.9,315.47,314.85,314.91,3040
2026-04-05T02:00:00+00:00,315.46,315.46,314.84,315.0,2260
2026-04-05T03:00:00+00:00,314.87,315.48,314.84,315.12,2280
2026-04-05T04:00:00+00:00,315.12,315.47,314.93,315.47,4514
2026-04-05T05:00:00+00:00,315.47,315.47,315.01,315.4,9338
2026-04-05T06:00:00+00:00,315.01,315.41,315.01,315.1,5128
2026-04-05T07:00:00+00:00,315.1,315.4,315.0,315.14,130036
2026-04-05T08:00:00+00:00,315.14,315.15,315.0,315.08,57839
2026-04-05T09:00:00+00:00,315.05,315.18,314.92,315.1,80885
2026-04-05T10:00:00+00:00,315.1,315.18,315.0,315.14,55108
2026-04-05T11:00:00+00:00,315.14,315.24,314.92,315.09,106971
2026-04-05T12:00:00+00:00,315.09,315.15,314.55,314.99,221480
2026-04-05T13:00:00+00:00,314.98,315.1,314.98,315.1,46129
2026-04-05T14:00:00+00:00,315.1,315.1,314.91,314.91,39178
2026-04-05T15:00:00+00:00,314.92,315.17,314.8,315.03,176175
2026-04-05T16:00:00+00:00,314.54,315.86,314.06,314.79,19354
2026-04-05T17:00:00+00:00,314.79,315.0,314.7,314.95,21778
2026-04-05T18:00:00+00:00,315.0,315.26,314.95,315.24,18348
2026-04-05T19:00:00+00:00,315.03,315.26,314.7,315.23,12194
2026-04-05T20:00:00+00:00,315.23,315.26,314.74,315.03,20404
2026-04-06T03:00:00+00:00,315.04,315.04,315.04,315.04,2365
2026-04-06T04:00:00+00:00,315.04,315.39,314.6,315.23,806355
2026-04-06T05:00:00+00:00,315.22,315.94,315.17,315.81,891935
2026-04-06T06:00:00+00:00,315.8,315.82,315.4,315.64,557195
2026-04-06T07:00:00+00:00,315.63,316.35,315.52,316.06,2838319
2026-04-06T08:00:00+00:00,316.06,316.15,315.7,315.93,1347179
2026-04-06T09:00:00+00:00,315.93,319.15,315.92,318.97,8507846
2026-04-06T10:00:00+00:00,318.97,319.7,317.83,317.92,6077729
2026-04-06T11:00:00+00:00,317.92,318.4,317.47,317.76,2206699
2026-04-06T12:00:00+00:00,317.76,318.78,317.65,318.39,2287075
2026-04-06T13:00:00+00:00,318.41,318.7,317.7,317.94,1696074
2026-04-06T14:00:00+00:00,317.94,318.9,317.79,318.83,1754461
2026-04-06T15:00:00+00:00,318.84,319.75,318.79,319.47,3953563
2026-04-06T16:00:00+00:00,319.46,319.48,318.98,319.2,999174
2026-04-06T17:00:00+00:00,319.2,319.27,318.76,318.88,383196
2026-04-06T18:00:00+00:00,318.88,318.94,318.56,318.78,463094
2026-04-06T19:00:00+00:00,318.79,318.85,318.78,318.81,321681
2026-04-06T20:00:00+00:00,318.81,318.99,318.56,318.98,411741
2026-04-07T03:00:00+00:00,319.28,319.28,319.28,319.28,5294
2026-04-07T04:00:00+00:00,319.28,319.84,318.56,319.15,1082952
2026-04-07T05:00:00+00:00,319.15,319.46,319.14,319.23,175435
2026-04-07T06:00:00+00:00,319.23,319.23,318.62,318.83,607951
2026-04-07T07:00:00+00:00,318.82,318.86,317.76,318.43,1555618
2026-04-07T08:00:00+00:00,318.43,320.81,318.21,319.6,5587995
2026-04-07T09:00:00+00:00,319.6,320.3,319.51,319.97,1415665
2026-04-07T10:00:00+00:00,319.93,320.5,318.75,319.09,2124690
2026-04-07T11:00:00+00:00,319.09,319.3,318.02,318.36,2118742
2026-04-07T12:00:00+00:00,318.38,318.51,318.05,318.33,1403464
2026-04-07T13:00:00+00:00,318.3,318.66,317.91,318.56,1337583
2026-04-07T14:00:00+00:00,318.56,319.28,318.5,318.93,1385516
2026-04-07T15:00:00+00:00,318.93,319.07,318.4,318.77,837509
2026-04-07T16:00:00+00:00,318.79,318.92,317.86,318.09,1663189
2026-04-07T17:00:00+00:00,318.12,318.25,317.9,318.07,329418
2026-04-07T18:00:00+00:00,318.07,318.14,317.96,318.03,216765
2026-04-07T19:00:00+00:00,318.05,318.2,317.98,318.01,407381
2026-04-07T20:00:00+00:00,318.01,318.03,317.66,317.87,759118
2026-04-08T03:00:00+00:00,319.5,319.5,319.5,319.5,110782
2026-04-08T04:00:00+00:00,319.39,321.18,318.4,320.43,4020018
2026-04-08T05:00:00+00:00,320.4,320.6,319.8,320.59,1468542
2026-04-08T06:00:00+00:00,320.59,320.74,320.0,320.23,1924811
2026-04-08T07:00:00+00:00,320.23,320.33,318.85,319.1,2245157
2026-04-08T08:00:00+00:00,319.1,319.37,318.85,318.96,1039373
2026-04-08T09:00:00+00:00,318.97,319.55,318.9,319.49,730717
2026-04-08T10:00:00+00:00,319.49,319.81,318.9,319.28,895600
2026-04-08T11:00:00+00:00,319.29,319.87,319.09,319.45,869062
2026-04-08T12:00:00+00:00,319.45,319.81,319.44,319.53,577137
2026-04-08T13:00:00+00:00,319.52,320.25,319.42,319.64,1202953
2026-04-08T14:00:00+00:00,319.63,319.75,319.12,319.6,1209192
2026-04-08T15:00:00+00:00,319.6,319.89,319.37,319.49,718978
2026-04-08T16:00:00+00:00,319.49,319.49,319.25,319.39,383311
2026-04-08T17:00:00+00:00,319.4,319.75,319.32,319.69,239577
2026-04-08T18:00:00+00:00,319.69,319.69,319.43,319.49,170872
2026-04-08T19:00:00+00:00,319.49,319.6,319.21,319.3,196511
2026-04-08T20:00:00+00:00,319.3,319.42,319.2,319.4,209002
2026-04-09T03:00:00+00:00,319.75,319.75,319.75,319.75,1757
2026-04-09T04:00:00+00:00,319.74,319.98,319.28,319.6,296553
2026-04-09T05:00:00+00:00,319.6,320.3,319.5,319.77,378934
2026-04-09T06:00:00+00:00,319.77,319.99,318.01,318.49,2607149
2026-04-09T07:00:00+00:00,318.47,319.3,317.93,318.77,1993338
2026-04-09T08:00:00+00:00,318.76,320.86,318.75,320.43,2774195
2026-04-09T09:00:00+00:00,320.42,320.59,319.32,319.75,1654285
2026-04-09T10:00:00+00:00,319.74,320.34,319.7,320.0,844547
2026-04-09T11:00:00+00:00,320.0,320.1,319.5,319.82,985454
2026-04-09T12:00:00+00:00,319.83,319.83,318.7,318.72,1881758
2026-04-09T13:00:00+00:00,318.72,318.73,316.0,316.79,10656118
2026-04-09T14:00:00+00:00,316.79,317.73,316.5,316.96,2260472
2026-04-09T15:00:00+00:00,316.96,317.61,316.8,317.23,1637240
2026-04-09T16:00:00+00:00,317.27,317.7,317.14,317.56,862298
2026-04-09T17:00:00+00:00,317.57,317.8,317.08,317.61,574905
2026-04-09T18:00:00+00:00,317.61,317.8,317.5,317.61,256918
2026-04-09T19:00:00+00:00,317.61,319.0,317.57,317.87,1886430
2026-04-09T20:00:00+00:00,317.88,317.95,317.51,317.51,338475
2026-04-10T03:00:00+00:00,317.98,317.98,317.98,317.98,2305
2026-04-10T04:00:00+00:00,317.99,318.5,317.98,318.28,412254
2026-04-10T05:00:00+00:00,318.2,318.68,318.2,318.55,227147
2026-04-10T06:00:00+00:00,318.55,318.56,317.56,318.14,845703
2026-04-10T07:00:00+00:00,318.14,318.37,316.57,317.24,2034366
2026-04-10T08:00:00+00:00,317.25,317.79,316.95,317.64,1449453
2026-04-10T09:00:00+00:00,317.64,318.5,317.61,318.15,1832099
2026-04-10T10:00:00+00:00,318.15,318.54,317.86,318.32,1299295
2026-04-10T11:00:00+00:00,318.3,318.68,318.04,318.61,1045486
2026-04-10T12:00:00+00:00,318.61,318.79,318.18,318.31,1343327
2026-04-10T13:00:00+00:00,318.31,318.34,317.76,317.86,826491
2026-04-10T14:00:00+00:00,317.91,318.09,317.09,317.14,1522198
2026-04-10T15:00:00+00:00,317.13,317.65,317.06,317.54,681221
2026-04-10T16:00:00+00:00,317.54,317.74,317.4,317.54,264144
2026-04-10T17:00:00+00:00,317.54,317.61,317.43,317.44,194875
2026-04-10T18:00:00+00:00,317.45,317.76,317.4,317.64,223600
2026-04-10T19:00:00+00:00,317.65,317.66,317.48,317.55,314102
2026-04-10T20:00:00+00:00,317.55,317.62,317.24,317.29,355138
2026-04-10T23:00:00+00:00,318.29,318.29,316.52,317.61,1314
2026-04-11T00:00:00+00:00,317.61,317.7,317.04,317.7,2874
2026-04-11T01:00:00+00:00,317.13,317.7,316.85,316.86,4392
2026-04-11T02:00:00+00:00,316.86,317.56,316.84,317.54,962
2026-04-11T03:00:00+00:00,317.54,317.66,317.0,317.66,3308
2026-04-11T04:00:00+00:00,317.66,317.69,317.3,317.69,8910
2026-04-11T05:00:00+00:00,317.69,317.69,317.06,317.3,19596
2026-04-11T06:00:00+00:00,317.65,318.0,317.29,317.31,28475
2026-04-11T07:00:00+00:00,317.4,317.73,317.11,317.45,222331
2026-04-11T08:00:00+00:00,317.45,317.54,317.37,317.4,57047
2026-04-11T09:00:00+00:00,317.4,317.5,317.29,317.38,196541
2026-04-11T10:00:00+00:00,317.38,317.44,317.29,317.42,50556
2026-04-11T11:00:00+00:00,317.42,317.5,317.37,317.44,43125
2026-04-11T12:00:00+00:00,317.44,317.91,317.41,317.85,130027
2026-04-11T13:00:00+00:00,317.85,317.85,317.7,317.79,28049
2026-04-11T14:00:00+00:00,317.79,317.87,317.72,317.84,91095
2026-04-11T15:00:00+00:00,317.84,317.92,317.76,317.91,89745
2026-04-11T16:00:00+00:00,312.93,319.5,312.93,317.9,18932
2026-04-11T17:00:00+00:00,317.89,317.9,316.1,317.57,34756
2026-04-11T18:00:00+00:00,317.25,317.79,317.09,317.66,17824
2026-04-11T19:00:00+00:00,317.66,317.77,317.3,317.69,10088
2026-04-11T20:00:00+00:00,317.69,317.69,317.14,317.59,4444
2026-04-11T23:00:00+00:00,316.91,318.24,316.9,317.7,3700
2026-04-12T00:00:00+00:00,317.8,317.8,317.18,317.78,308
2026-04-12T01:00:00+00:00,317.21,317.8,317.21,317.8,996
2026-04-12T02:00:00+00:00,317.8,317.86,317.29,317.3,1084
2026-04-12T03:00:00+00:00,317.78,317.82,317.28,317.31,2822
2026-04-12T04:00:00+00:00,317.73,317.89,317.3,317.31,7566
2026-04-12T05:00:00+00:00,317.87,317.9,317.32,317.89,7196
2026-04-12T06:00:00+00:00,317.89,317.9,317.11,317.9,31747
2026-04-12T07:00:00+00:00,317.9,318.08,317.39,317.82,246242
2026-04-12T08:00:00+00:00,317.82,317.86,317.69,317.86,53913
2026-04-12T09:00:00+00:00,317.86,317.89,317.61,317.83,101044
2026-04-12T10:00:00+00:00,317.83,317.83,317.48,317.62,104177
2026-04-12T11:00:00+00:00,317.6,317.63,317.5,317.59,42938
2026-04-12T12:00:00+00:00,317.63,317.65,317.22,317.23,168302
2026-04-12T13:00:00+00:00,317.23,317.66,316.9,317.43,686658
2026-04-12T14:00:00+00:00,317.34,317.62,317.25,317.47,137162
2026-04-12T15:00:00+00:00,317.47,317.66,317.28,317.64,155884
2026-04-12T16:00:00+00:00,317.67,318.15,317.11,317.81,26274
2026-04-12T17:00:00+00:00,317.81,317.83,317.51,317.7,14562
2026-04-12T18:00:00+00:00,317.79,317.85,317.29,317.84,16544
2026-04-12T19:00:00+00:00,317.64,317.84,317.18,317.18,49692
2026-04-12T20:00:00+00:00,317.22,317.77,317.18,317.58,18942
2026-04-13T03:00:00+00:00,317.7,317.7,317.7,317.7,3106
2026-04-13T04:00:00+00:00,317.75,317.99,317.31,317.7,541481
2026-04-13T05:00:00+00:00,317.7,317.9,317.69,317.86,133735
2026-04-13T06:00:00+00:00,317.85,317.98,317.58,317.72,571493
2026-04-13T07:00:00+00:00,317.74,317.92,317.17,317.31,825844
2026-04-13T08:00:00+00:00,317.31,317.36,316.17,316.31,3029141
2026-04-13T09:00:00+00:00,316.31,316.85,316.06,316.76,2173752
2026-04-13T10:00:00+00:00,316.76,316.8,316.24,316.26,850564
2026-04-13T11:00:00+00:00,316.26,317.08,316.13,316.99,1542800
2026-04-13T12:00:00+00:00,316.99,317.26,316.71,316.74,924764
2026-04-13T13:00:00+00:00,316.73,316.8,316.19,316.42,890184
2026-04-13T14:00:00+00:00,316.41,316.85,316.25,316.31,803943
2026-04-13T15:00:00+00:00,316.33,316.36,315.55,316.24,2253638
2026-04-13T16:00:00+00:00,316.24,316.94,315.81,316.51,896429
2026-04-13T17:00:00+00:00,316.51,316.61,316.29,316.51,195734
2026-04-13T18:00:00+00:00,316.5,316.72,316.21,316.22,189978
2026-04-13T19:00:00+00:00,316.22,316.55,316.2,316.52,132835
2026-04-13T20:00:00+00:00,316.52,316.93,316.49,316.8,213761
2026-04-14T03:00:00+00:00,316.98,316.98,316.98,316.98,1537
2026-04-14T04:00:00+00:00,316.9,317.02,316.48,316.98,266281
2026-04-14T05:00:00+00:00,316.98,317.1,316.83,316.92,234042
2026-04-14T06:00:00+00:00,316.9,316.92,316.32,316.7,402748
2026-04-14T07:00:00+00:00,316.65,317.1,316.25,316.72,723261
2026-04-14T08:00:00+00:00,316.72,316.81,315.28,315.87,2113283
2026-04-14T09:00:00+00:00,315.87,316.39,315.83,315.97,1016619
2026-04-14T10:00:00+00:00,315.98,317.44,315.9,317.13,2376385
2026-04-14T11:00:00+00:00,317.13,317.39,316.94,317.21,855585
2026-04-14T12:00:00+00:00,317.21,317.23,316.81,317.18,805853
2026-04-14T13:00:00+00:00,317.19,317.29,317.0,317.12,851526
2026-04-14T14:00:00+00:00,317.14,317.88,317.08,317.32,1749234
2026-04-14T15:00:00+00:00,317.33,317.65,317.3,317.5,764275
2026-04-14T16:00:00+00:00,317.49,317.52,317.13,317.18,221650
2026-04-14T17:00:00+00:00,317.19,317.33,317.17,317.31,150767
2026-04-14T18:00:00+00:00,317.31,317.39,317.22,317.38,114426
2026-04-14T19:00:00+00:00,317.39,317.46,317.19,317.25,218700
2026-04-14T20:00:00+00:00,317.25,317.32,316.93,317.11,292764
2026-04-15T03:00:00+00:00,317.7,317.7,317.7,317.7,10112
2026-04-15T04:00:00+00:00,317.7,317.7,317.0,317.67,245142
2026-04-15T05:00:00+00:00,317.67,318.42,317.31,317.91,1014400
2026-04-15T06:00:00+00:00,317.9,318.13,317.6,317.77,534586
2026-04-15T07:00:00+00:00,317.76,317.8,316.61,316.79,1629553
2026-04-15T08:00:00+00:00,316.79,317.39,316.45,317.14,1129145
2026-04-15T09:00:00+00:00,317.14,317.2,316.75,317.0,406135
2026-04-15T10:00:00+00:00,317.0,318.79,316.98,318.66,4252081
2026-04-15T11:00:00+00:00,318.66,319.86,318.66,319.38,5589553
2026-04-15T12:00:00+00:00,319.38,320.31,319.38,319.93,3957142
2026-04-15T13:00:00+00:00,319.93,320.03,319.28,319.8,1811839
2026-04-15T14:00:00+00:00,319.8,320.59,319.62,320.09,2088810
2026-04-15T15:00:00+00:00,320.09,320.78,320.0,320.64,2170300
2026-04-15T16:00:00+00:00,320.6,321.66,320.52,320.93,2655370
2026-04-15T17:00:00+00:00,320.92,321.06,320.62,321.01,553769
2026-04-15T18:00:00+00:00,321.04,321.04,320.69,320.81,346869
2026-04-15T19:00:00+00:00,320.81,321.27,320.77,321.2,445890
2026-04-15T20:00:00+00:00,321.19,321.2,320.43,320.91,486752
2026-04-16T03:00:00+00:00,320.91,320.91,320.91,320.91,21211
2026-04-16T04:00:00+00:00,320.9,322.48,320.41,322.05,1527257
2026-04-16T05:00:00+00:00,322.05,322.42,321.64,322.0,1089494
2026-04-16T06:00:00+00:00,322.0,322.01,321.15,321.32,1489159
2026-04-16T07:00:00+00:00,321.32,324.98,321.22,324.97,9521705
2026-04-16T08:00:00+00:00,324.98,325.2,323.18,323.38,9669142
2026-04-16T09:00:00+00:00,323.4,323.78,323.0,323.23,2471520
2026-04-16T10:00:00+00:00,323.23,323.6,322.61,323.17,2214632
2026-04-16T11:00:00+00:00,323.17,323.68,323.06,323.51,1118078
2026-04-16T12:00:00+00:00,323.51,323.66,322.18,322.66,2846913
2026-04-16T13:00:00+00:00,322.65,322.87,322.06,322.68,1710801
2026-04-16T14:00:00+00:00,322.69,322.69,321.47,321.67,2070392
2026-04-16T15:00:00+00:00,321.67,321.83,320.8,321.71,2706415
2026-04-16T16:00:00+00:00,321.71,322.5,321.69,322.3,1040244
2026-04-16T17:00:00+00:00,322.29,322.57,321.84,321.91,499014
2026-04-16T18:00:00+00:00,321.91,322.17,321.3,321.4,321640
2026-04-16T19:00:00+00:00,321.4,322.3,321.39,322.02,269863
2026-04-16T20:00:00+00:00,322.02,322.19,321.83,322.16,316200
2026-04-17T03:00:00+00:00,322.18,322.18,322.18,322.18,1737
2026-04-17T04:00:00+00:00,322.25,322.63,321.22,322.21,640653
2026-04-17T05:00:00+00:00,322.2,322.34,321.68,321.8,190057
2026-04-17T06:00:00+00:00,321.8,322.59,321.69,322.4,691319
2026-04-17T07:00:00+00:00,322.4,324.14,321.58,323.91,2968760
2026-04-17T08:00:00+00:00,323.9,324.2,323.01,323.02,1305008
2026-04-17T09:00:00+00:00,323.02,323.46,322.11,322.12,2399858
2026-04-17T10:00:00+00:00,322.13,322.76,321.85,322.56,1302364
2026-04-17T11:00:00+00:00,322.54,323.42,322.34,323.09,1036333
2026-04-17T12:00:00+00:00,323.09,323.81,323.0,323.37,2047648
2026-04-17T13:00:00+00:00,323.4,323.93,321.6,323.54,4348868
2026-04-17T14:00:00+00:00,323.54,323.54,322.41,322.98,1680620
2026-04-17T15:00:00+00:00,322.9,324.8,322.49,323.76,5279183
2026-04-17T16:00:00+00:00,323.95,324.12,323.5,323.59,625644
2026-04-17T17:00:00+00:00,323.59,324.08,323.57,323.87,296408
2026-04-17T18:00:00+00:00,323.87,324.08,323.68,324.04,501716
2026-04-17T19:00:00+00:00,324.02,324.03,323.65,323.98,315514
2026-04-17T20:00:00+00:00,323.98,323.98,323.5,323.87,333294
2026-04-17T23:00:00+00:00,322.38,324.9,322.38,323.82,3539
2026-04-18T00:00:00+00:00,323.65,324.68,323.65,324.46,1416
2026-04-18T01:00:00+00:00,324.46,324.5,323.98,324.5,2380
2026-04-18T02:00:00+00:00,324.5,324.5,323.65,324.3,15204
2026-04-18T03:00:00+00:00,323.72,324.41,323.66,324.4,9696
2026-04-18T04:00:00+00:00,324.4,324.42,323.87,323.92,14412
2026-04-18T05:00:00+00:00,323.92,324.49,323.9,324.48,20322
2026-04-18T06:00:00+00:00,324.03,324.48,323.87,323.87,12877
2026-04-18T07:00:00+00:00,323.87,324.9,323.71,324.26,842035
2026-04-18T08:00:00+00:00,324.26,324.47,324.25,324.3,166891
2026-04-18T09:00:00+00:00,324.3,324.39,324.0,324.16,238643
2026-04-18T10:00:00+00:00,324.16,324.7,324.15,324.5,264806
2026-04-18T11:00:00+00:00,324.5,325.0,324.45,324.76,480928
2026-04-18T12:00:00+00:00,324.77,324.86,324.36,324.38,229904
2026-04-18T13:00:00+00:00,324.38,324.46,324.32,324.46,73771
2026-04-18T14:00:00+00:00,324.45,324.46,324.22,324.31,110834
2026-04-18T15:00:00+00:00,324.31,324.51,324.18,324.26,152318
2026-04-18T16:00:00+00:00,323.3,325.05,323.3,324.01,18072
2026-04-18T17:00:00+00:00,324.4,324.41,324.0,324.33,8438
2026-04-18T18:00:00+00:00,324.33,324.34,323.94,323.99,25378
2026-04-18T19:00:00+00:00,324.19,324.33,323.89,323.89,53296
2026-04-18T20:00:00+00:00,323.89,324.25,323.89,324.24,9674
2026-04-18T23:00:00+00:00,325.07,325.41,323.55,324.25,1395
2026-04-19T00:00:00+00:00,323.86,324.25,323.86,324.24,1310
2026-04-19T01:00:00+00:00,324.24,324.25,323.85,324.24,2028
2026-04-19T02:00:00+00:00,323.85,324.25,323.82,323.91,7308
2026-04-19T03:00:00+00:00,323.91,324.55,323.9,324.55,2582
2026-04-19T04:00:00+00:00,324.26,324.69,323.9,324.67,15546
2026-04-19T05:00:00+00:00,324.27,324.67,324.0,324.48,5520
2026-04-19T06:00:00+00:00,324.26,324.89,324.02,324.89,13336
2026-04-19T07:00:00+00:00,324.51,324.88,324.02,324.47,321625
2026-04-19T08:00:00+00:00,324.47,324.95,324.36,324.73,309674
2026-04-19T09:00:00+00:00,324.71,325.0,324.7,324.84,249529
2026-04-19T10:00:00+00:00,324.83,324.84,324.6,324.62,76142
2026-04-19T11:00:00+00:00,324.61,324.7,324.2,324.61,177651
2026-04-19T12:00:00+00:00,324.61,324.68,324.41,324.45,54557
2026-04-19T13:00:00+00:00,324.45,324.55,324.41,324.42,185538
2026-04-19T14:00:00+00:00,324.41,324.54,324.41,324.53,93992
2026-04-19T15:00:00+00:00,324.54,324.84,324.43,324.75,212073
2026-04-19T16:00:00+00:00,323.2,325.5,323.2,324.79,30560
2026-04-19T17:00:00+00:00,324.46,325.4,324.45,325.13,68778
2026-04-19T18:00:00+00:00,325.13,325.13,324.77,324.89,26010
2026-04-19T19:00:00+00:00,324.82,325.0,324.82,324.99,52966
2026-04-19T20:00:00+00:00,324.99,325.0,324.84,324.99,14256
2026-04-20T03:00:00+00:00,325.0,325.0,325.0,325.0,15115
2026-04-20T04:00:00+00:00,325.05,325.84,325.0,325.42,904200
2026-04-20T05:00:00+00:00,325.35,326.26,325.2,326.15,935368
2026-04-20T06:00:00+00:00,326.1,326.1,324.56,325.07,1512995
2026-04-20T07:00:00+00:00,325.07,325.44,323.4,324.51,2617963
2026-04-20T08:00:00+00:00,324.51,324.91,323.91,324.31,1479035
2026-04-20T09:00:00+00:00,324.31,324.31,323.13,323.44,1664851
2026-04-20T10:00:00+00:00,323.44,324.0,323.2,323.8,1108576
2026-04-20T11:00:00+00:00,323.8,324.44,323.3,324.02,1298365
2026-04-20T12:00:00+00:00,324.01,324.02,323.61,323.65,651429
2026-04-20T13:00:00+00:00,323.65,323.69,323.3,323.43,824551
2026-04-20T14:00:00+00:00,323.43,324.73,323.23,324.27,1885818
2026-04-20T15:00:00+00:00,324.29,325.44,324.28,325.22,1947546
2026-04-20T16:00:00+00:00,325.22,325.38,324.76,324.9,545742
2026-04-20T17:00:00+00:00,324.9,325.3,324.86,325.23,370144
2026-04-20T18:00:00+00:00,325.22,325.23,324.86,325.11,318023
2026-04-20T19:00:00+00:00,325.12,325.18,324.95,325.0,286887
2026-04-20T20:00:00+00:00,325.0,325.3,324.93,325.3,350168
2026-04-21T03:00:00+00:00,325.3,325.3,325.3,325.3,6638
2026-04-21T04:00:00+00:00,325.33,325.51,324.32,325.0,487788
2026-04-21T05:00:00+00:00,324.99,325.23,324.36,324.4,338628
2026-04-21T06:00:00+00:00,324.4,324.99,324.4,324.67,435093
2026-04-21T07:00:00+00:00,324.66,325.3,324.25,324.87,966152
2026-04-21T08:00:00+00:00,324.87,325.39,323.5,324.43,2323836
2026-04-21T09:00:00+00:00,324.42,324.7,323.5,323.9,1311897
2026-04-21T10:00:00+00:00,323.91,325.11,323.55,323.93,2405533
2026-04-21T11:00:00+00:00,323.93,323.93,322.2,322.37,5109482
2026-04-21T12:00:00+00:00,322.36,322.91,321.8,322.45,3041376
2026-04-21T13:00:00+00:00,322.45,322.93,322.21,322.75,1000338
2026-04-21T14:00:00+00:00,322.75,324.48,322.46,324.24,3423481
2026-04-21T15:00:00+00:00,324.25,324.34,323.59,323.7,980002
2026-04-21T16:00:00+00:00,323.71,323.99,323.52,323.6,355047
2026-04-21T17:00:00+00:00,323.58,323.98,323.4,323.55,344990
2026-04-21T18:00:00+00:00,323.57,324.0,323.55,323.82,346073
2026-04-21T19:00:00+00:00,323.81,323.87,323.39,323.42,396628
2026-04-21T20:00:00+00:00,323.4,323.63,323.29,323.47,276334
2026-04-22T03:00:00+00:00,324.3,324.3,324.3,324.3,16904
2026-04-22T04:00:00+00:00,324.06,324.29,323.23,323.96,721509
2026-04-22T05:00:00+00:00,323.96,324.22,323.77,324.16,324635
2026-04-22T06:00:00+00:00,324.16,324.43,323.81,324.05,536001
2026-04-22T07:00:00+00:00,324.04,325.28,323.89,325.1,3803885
2026-04-22T08:00:00+00:00,325.1,325.12,323.92,324.28,1473567
2026-04-22T09:00:00+00:00,324.28,324.71,324.01,324.55,707988
2026-04-22T10:00:00+00:00,324.55,324.8,324.0,324.29,1391668
2026-04-22T11:00:00+00:00,324.29,324.53,323.81,324.51,621067
2026-04-22T12:00:00+00:00,324.5,324.94,324.3,324.87,623096
2026-04-22T13:00:00+00:00,324.87,325.02,324.63,324.92,1054199
2026-04-22T14:00:00+00:00,324.92,326.11,324.84,325.85,4278596
2026-04-22T15:00:00+00:00,325.84,326.0,325.26,325.26,1838160
2026-04-22T16:00:00+00:00,325.44,327.12,325.44,326.6,4019448
2026-04-22T17:00:00+00:00,326.6,326.99,326.33,326.86,814764
2026-04-22T18:00:00+00:00,326.86,326.89,326.51,326.79,354898
2026-04-22T19:00:00+00:00,326.79,327.19,326.78,326.94,529723
2026-04-22T20:00:00+00:00,326.94,327.12,326.35,326.5,356819
2026-04-23T03:00:00+00:00,326.6,326.6,326.6,326.6,15173
2026-04-23T04:00:00+00:00,326.68,327.4,326.5,326.9,956435
2026-04-23T05:00:00+00:00,326.9,327.18,326.36,326.71,747932
2026-04-23T06:00:00+00:00,326.68,327.4,325.8,326.03,1651700
2026-04-23T07:00:00+00:00,326.02,327.25,325.84,326.71,1422220
2026-04-23T08:00:00+00:00,326.71,327.22,326.53,326.69,1311196
2026-04-23T09:00:00+00:00,326.7,327.5,326.26,326.8,1655303
2026-04-23T10:00:00+00:00,326.8,327.0,326.24,326.74,799818
2026-04-23T11:00:00+00:00,326.74,327.0,326.5,326.8,574735
2026-04-23T12:00:00+00:00,326.8,327.94,326.4,327.53,3580968
2026-04-23T13:00:00+00:00,327.52,327.77,327.39,327.54,1477629
2026-04-23T14:00:00+00:00,327.54,328.24,327.45,327.97,2482055
2026-04-23T15:00:00+00:00,327.97,328.03,327.51,327.51,965486
2026-04-23T16:00:00+00:00,327.88,327.96,327.59,327.8,584416
2026-04-23T17:00:00+00:00,327.79,327.81,327.2,327.31,860989
2026-04-23T18:00:00+00:00,327.31,327.48,327.2,327.32,257619
2026-04-23T19:00:00+00:00,327.33,327.33,327.2,327.22,417600
2026-04-23T20:00:00+00:00,327.23,327.48,327.22,327.39,255530
2026-04-24T03:00:00+00:00,327.69,327.69,327.69,327.69,1025
2026-04-24T04:00:00+00:00,327.77,328.17,327.5,328.11,451425
2026-04-24T05:00:00+00:00,328.11,328.16,327.56,327.8,373853
2026-04-24T06:00:00+00:00,327.79,327.87,327.15,327.7,1052907
2026-04-24T07:00:00+00:00,327.7,327.7,326.75,327.23,1334393
2026-04-24T08:00:00+00:00,327.24,328.04,327.13,327.71,2335367
2026-04-24T09:00:00+00:00,327.71,327.74,327.27,327.47,1222628
2026-04-24T10:00:00+00:00,327.47,328.0,325.0,325.61,10063189
2026-04-24T11:00:00+00:00,325.61,326.19,325.3,325.63,2316706
2026-04-24T12:00:00+00:00,325.62,325.63,324.56,325.13,3204147
2026-04-24T13:00:00+00:00,325.08,325.48,324.81,325.08,1584858
2026-04-24T14:00:00+00:00,325.08,325.35,324.23,324.9,2382127
2026-04-24T15:00:00+00:00,324.92,325.25,324.4,324.8,1205294
2026-04-24T16:00:00+00:00,324.82,325.6,324.76,325.5,674406
2026-04-24T17:00:00+00:00,325.49,325.49,324.85,324.89,371555
2026-04-24T18:00:00+00:00,324.89,325.32,324.88,325.31,189834
2026-04-24T19:00:00+00:00,325.31,325.38,325.1,325.11,165111
2026-04-24T20:00:00+00:00,325.1,325.23,325.0,325.19,209105
2026-04-24T23:00:00+00:00,329.88,329.88,323.7,325.47,2490
2026-04-25T00:00:00+00:00,325.19,325.6,325.12,325.2,1932
2026-04-25T01:00:00+00:00,325.2,325.56,325.09,325.48,1868
2026-04-25T02:00:00+00:00,325.19,325.5,325.08,325.19,2814
2026-04-25T03:00:00+00:00,325.18,325.67,325.08,325.6,8308
2026-04-25T04:00:00+00:00,325.6,325.6,325.0,325.5,8322
2026-04-25T05:00:00+00:00,325.5,325.54,325.15,325.19,21802
2026-04-25T06:00:00+00:00,325.51,325.53,325.15,325.23,11871
2026-04-25T07:00:00+00:00,325.25,325.73,325.23,325.71,231619
2026-04-25T08:00:00+00:00,325.7,325.71,325.55,325.69,115876
2026-04-25T09:00:00+00:00,325.7,325.71,325.6,325.7,66503
2026-04-25T10:00:00+00:00,325.7,325.71,325.6,325.65,83346
2026-04-25T11:00:00+00:00,325.68,325.71,325.61,325.69,73802
2026-04-25T12:00:00+00:00,325.7,325.71,325.64,325.68,64634
2026-04-25T13:00:00+00:00,325.69,325.71,325.6,325.7,81711
2026-04-25T14:00:00+00:00,325.7,325.71,325.61,325.7,75965
2026-04-25T15:00:00+00:00,325.7,325.73,325.66,325.68,225372
2026-04-25T16:00:00+00:00,326.13,326.79,324.45,325.87,8722
2026-04-25T17:00:00+00:00,325.86,325.87,325.27,325.76,11278
2026-04-25T18:00:00+00:00,325.76,325.78,325.51,325.7,8924
2026-04-25T19:00:00+00:00,325.7,325.91,325.5,325.91,26556
2026-04-25T20:00:00+00:00,325.9,325.91,325.51,325.85,4450
2026-04-25T23:00:00+00:00,326.45,326.45,324.5,325.98,2920
2026-04-26T00:00:00+00:00,325.6,325.95,325.6,325.6,3144
2026-04-26T01:00:00+00:00,325.61,325.96,325.03,325.14,2392
2026-04-26T02:00:00+00:00,325.84,325.92,325.05,325.85,1384
2026-04-26T03:00:00+00:00,325.85,325.85,325.31,325.84,1010
2026-04-26T04:00:00+00:00,325.8,325.84,325.38,325.76,3490
2026-04-26T05:00:00+00:00,325.76,325.78,325.14,325.71,20018
2026-04-26T06:00:00+00:00,325.71,325.75,325.24,325.71,4635
2026-04-26T07:00:00+00:00,325.71,325.85,325.68,325.78,111841
2026-04-26T08:00:00+00:00,325.78,325.85,325.76,325.83,91161
2026-04-26T09:00:00+00:00,325.83,325.95,325.8,325.84,131729
2026-04-26T10:00:00+00:00,325.83,325.83,325.4,325.54,133564
2026-04-26T11:00:00+00:00,325.56,325.56,325.06,325.21,129424
2026-04-26T12:00:00+00:00,325.2,325.34,324.9,325.06,218579
2026-04-26T13:00:00+00:00,325.05,325.18,324.83,325.09,111824
2026-04-26T14:00:00+00:00,325.14,325.15,324.97,325.03,79490
2026-04-26T15:00:00+00:00,325.03,325.04,324.81,324.98,280304
2026-04-26T16:00:00+00:00,324.75,325.48,324.75,324.99,21556
2026-04-26T17:00:00+00:00,325.27,325.36,324.86,324.94,12704
2026-04-26T18:00:00+00:00,325.1,325.31,324.9,325.25,7898
2026-04-26T19:00:00+00:00,324.98,325.32,324.85,325.0,35662
2026-04-26T20:00:00+00:00,325.0,325.3,324.86,325.3,14480
2026-04-27T03:00:00+00:00,325.28,325.28,325.28,325.28,1880
2026-04-27T04:00:00+00:00,325.28,325.5,324.81,325.35,305688
2026-04-27T05:00:00+00:00,325.34,325.69,325.32,325.39,209011
2026-04-27T06:00:00+00:00,325.38,325.38,323.18,323.58,2394781
2026-04-27T07:00:00+00:00,323.58,323.9,322.56,323.26,3473460
2026-04-27T08:00:00+00:00,323.26,323.7,323.0,323.49,1158519
2026-04-27T09:00:00+00:00,323.48,323.76,323.29,323.75,705715
2026-04-27T10:00:00+00:00,323.75,323.78,323.29,323.62,853589
2026-04-27T11:00:00+00:00,323.61,323.75,323.45,323.75,639905
2026-04-27T12:00:00+00:00,323.75,323.76,323.11,323.33,1032609
2026-04-27T13:00:00+00:00,323.33,323.69,323.12,323.57,746020
2026-04-27T14:00:00+00:00,323.6,323.62,323.46,323.52,658705
2026-04-27T15:00:00+00:00,323.53,323.61,322.89,322.98,1538946
2026-04-27T16:00:00+00:00,323.0,323.0,322.84,323.0,381105
2026-04-27T17:00:00+00:00,323.0,323.0,322.5,322.65,511159
2026-04-27T18:00:00+00:00,322.64,322.85,322.21,322.37,819800
2026-04-27T19:00:00+00:00,322.36,322.5,322.11,322.25,496601
2026-04-27T20:00:00+00:00,322.25,322.25,321.61,321.99,1357269
2026-04-28T03:00:00+00:00,322.04,322.04,322.04,322.04,2932
2026-04-28T04:00:00+00:00,322.04,322.61,322.04,322.55,460399
2026-04-28T05:00:00+00:00,322.55,322.59,322.02,322.07,450196
2026-04-28T06:00:00+00:00,322.09,322.5,321.83,322.26,523160
2026-04-28T07:00:00+00:00,322.26,322.89,319.73,319.84,6861134
2026-04-28T08:00:00+00:00,319.84,320.96,319.4,320.68,3577861
2026-04-28T09:00:00+00:00,320.67,321.29,320.12,320.13,1412281
2026-04-28T10:00:00+00:00,320.13,321.17,320.1,320.99,842256
2026-04-28T11:00:00+00:00,320.98,321.12,320.62,320.93,1022617
2026-04-28T12:00:00+00:00,320.93,321.3,320.35,320.82,1555223
2026-04-28T13:00:00+00:00,320.78,321.12,320.01,320.1,1654190
2026-04-28T14:00:00+00:00,320.1,320.53,319.66,320.13,2463059
2026-04-28T15:00:00+00:00,320.13,320.37,319.88,320.0,1082063
2026-04-28T16:00:00+00:00,320.0,320.43,319.75,320.25,731278
2026-04-28T17:00:00+00:00,320.23,320.36,319.8,319.98,629649
2026-04-28T18:00:00+00:00,319.98,320.0,319.97,319.99,357006
2026-04-28T19:00:00+00:00,319.99,320.0,319.9,320.0,474048
2026-04-28T20:00:00+00:00,320.0,320.0,319.58,319.82,380321
2026-04-29T03:00:00+00:00,320.2,320.2,320.2,320.2,4759
2026-04-29T04:00:00+00:00,320.12,320.69,319.85,320.58,692188
2026-04-29T05:00:00+00:00,320.57,321.24,320.22,321.0,710842
2026-04-29T06:00:00+00:00,320.99,321.64,320.26,321.49,1207706
2026-04-29T07:00:00+00:00,321.49,321.8,319.0,320.88,3587296
2026-04-29T08:00:00+00:00,320.88,321.85,320.76,321.61,1747159
2026-04-29T09:00:00+00:00,321.6,321.83,321.2,321.48,1173378
2026-04-29T10:00:00+00:00,321.48,321.51,319.7,319.76,2112452
2026-04-29T11:00:00+00:00,319.76,320.46,319.55,320.01,1735144
2026-04-29T12:00:00+00:00,320.01,320.12,319.07,319.21,2530172
2026-04-29T13:00:00+00:00,319.21,319.53,318.1,318.14,3584892
2026-04-29T14:00:00+00:00,318.15,319.1,316.57,316.99,4928384
2026-04-29T15:00:00+00:00,316.99,317.51,316.21,316.46,5887833
2026-04-29T16:00:00+00:00,316.59,317.68,316.59,317.61,1617607
2026-04-29T17:00:00+00:00,317.6,319.7,317.28,319.66,3741233
2026-04-29T18:00:00+00:00,319.67,321.5,319.66,321.23,3895359
2026-04-29T19:00:00+00:00,321.23,321.38,319.65,320.25,1216185
2026-04-29T20:00:00+00:00,320.25,320.28,319.66,320.09,393686
2026-04-30T03:00:00+00:00,321.99,321.99,321.99,321.99,151730
2026-04-30T04:00:00+00:00,321.85,321.85,320.57,320.86,395666
2026-04-30T05:00:00+00:00,320.86,320.86,320.02,320.26,519059
2026-04-30T06:00:00+00:00,320.26,320.42,318.21,319.78,1535077
2026-04-30T07:00:00+00:00,319.78,321.4,318.78,321.27,2491365
2026-04-30T08:00:00+00:00,321.27,321.49,320.7,320.86,1364474
2026-04-30T09:00:00+00:00,320.87,321.05,319.9,320.2,1362848
2026-04-30T10:00:00+00:00,320.2,320.82,319.35,320.48,1895633
2026-04-30T11:00:00+00:00,320.47,320.68,319.45,319.87,798643
2026-04-30T12:00:00+00:00,319.86,320.0,319.35,319.64,2401772
2026-04-30T13:00:00+00:00,319.64,319.64,319.15,319.3,1575798
2026-04-30T14:00:00+00:00,319.3,320.37,319.3,319.68,1621560
2026-04-30T15:00:00+00:00,319.68,319.68,319.33,319.59,1102624
2026-04-30T16:00:00+00:00,319.59,319.65,319.34,319.5,201625
2026-04-30T17:00:00+00:00,319.5,319.99,319.38,319.99,263584
2026-04-30T18:00:00+00:00,319.99,320.35,319.52,319.77,635194
2026-04-30T19:00:00+00:00,319.82,320.0,319.74,319.86,268314
2026-04-30T20:00:00+00:00,319.86,319.91,319.54,319.81,335627
2026-04-30T23:00:00+00:00,320.5,320.5,319.02,319.96,5400
2026-05-01T00:00:00+00:00,320.46,320.46,319.94,319.95,2464
2026-05-01T01:00:00+00:00,320.45,320.45,319.96,320.42,1270
2026-05-01T02:00:00+00:00,320.02,320.4,320.01,320.39,2056
2026-05-01T03:00:00+00:00,320.02,320.46,320.01,320.02,5102
2026-05-01T04:00:00+00:00,320.02,320.46,319.87,320.38,13304
2026-05-01T05:00:00+00:00,320.38,320.44,319.92,320.37,8239
2026-05-01T06:00:00+00:00,320.37,320.45,319.94,320.27,6976
2026-05-01T07:00:00+00:00,320.27,320.57,319.81,320.42,387746
2026-05-01T08:00:00+00:00,320.42,320.5,320.34,320.47,199320
2026-05-01T09:00:00+00:00,320.44,320.68,320.4,320.53,103795
2026-05-01T10:00:00+00:00,320.53,320.73,320.49,320.7,82443
2026-05-01T11:00:00+00:00,320.7,320.8,320.61,320.73,103847
2026-05-01T12:00:00+00:00,320.75,320.75,320.29,320.4,175663
2026-05-01T13:00:00+00:00,320.4,320.65,320.35,320.65,86740
2026-05-01T14:00:00+00:00,320.65,320.74,320.31,320.36,197920
2026-05-01T15:00:00+00:00,320.35,320.43,320.2,320.35,153420
2026-05-01T16:00:00+00:00,321.22,322.0,319.65,320.6,8585
2026-05-01T17:00:00+00:00,320.6,320.69,320.35,320.67,15457
2026-05-01T18:00:00+00:00,320.67,320.67,320.35,320.59,5989
2026-05-01T19:00:00+00:00,320.59,320.62,320.35,320.62,7425
2026-05-01T20:00:00+00:00,320.62,320.65,320.14,320.2,8518
2026-05-01T23:00:00+00:00,320.5,320.5,319.82,319.9,3353
2026-05-02T00:00:00+00:00,320.0,320.5,319.91,319.94,674
2026-05-02T01:00:00+00:00,319.94,320.49,319.93,320.45,1362
2026-05-02T02:00:00+00:00,320.45,320.49,320.0,320.49,854
2026-05-02T03:00:00+00:00,320.35,320.5,320.35,320.5,1106
2026-05-02T04:00:00+00:00,320.35,320.75,320.35,320.75,3003
2026-05-02T05:00:00+00:00,320.75,321.77,320.0,321.55,20781
2026-05-02T06:00:00+00:00,321.12,321.68,320.35,320.35,34329
2026-05-02T07:00:00+00:00,320.35,320.35,320.04,320.22,151471
2026-05-02T08:00:00+00:00,320.22,320.54,320.09,320.43,109457
2026-05-02T09:00:00+00:00,320.45,320.51,320.31,320.49,42470
2026-05-02T10:00:00+00:00,320.49,320.59,320.43,320.58,63893
2026-05-02T11:00:00+00:00,320.58,320.58,320.52,320.57,64518
2026-05-02T12:00:00+00:00,320.57,320.67,320.44,320.63,45208
2026-05-02T13:00:00+00:00,320.63,320.67,320.55,320.58,30980
2026-05-02T14:00:00+00:00,320.61,320.65,320.55,320.58,32271
2026-05-02T15:00:00+00:00,320.58,320.66,320.5,320.58,74440
2026-05-02T16:00:00+00:00,321.47,321.47,320.3,320.37,5954
2026-05-02T17:00:00+00:00,320.68,320.7,320.37,320.5,3726
2026-05-02T18:00:00+00:00,320.5,320.79,320.32,320.7,3994
2026-05-02T19:00:00+00:00,320.58,320.7,320.3,320.4,3416
2026-05-02T20:00:00+00:00,320.3,320.4,320.2,320.4,2547
2026-05-02T23:00:00+00:00,321.0,321.0,319.81,320.9,839
2026-05-03T00:00:00+00:00,320.58,320.89,320.01,320.27,409
2026-05-03T01:00:00+00:00,320.88,320.9,320.23,320.6,808
2026-05-03T02:00:00+00:00,320.6,320.64,319.86,320.64,2719
2026-05-03T03:00:00+00:00,320.64,320.65,320.09,320.1,1255
2026-05-03T04:00:00+00:00,320.56,320.65,320.04,320.58,2528
2026-05-03T05:00:00+00:00,320.64,320.65,320.03,320.63,4894
2026-05-03T06:00:00+00:00,320.63,320.65,320.14,320.65,3268
2026-05-03T07:00:00+00:00,320.65,321.05,320.31,320.84,112857
2026-05-03T08:00:00+00:00,320.83,320.91,320.66,320.83,74655
2026-05-03T09:00:00+00:00,320.83,320.88,320.76,320.84,34263
2026-05-03T10:00:00+00:00,320.88,320.92,320.65,320.82,82993
2026-05-03T11:00:00+00:00,320.82,320.9,320.76,320.78,34566
2026-05-03T12:00:00+00:00,320.78,320.9,320.77,320.85,28545
2026-05-03T13:00:00+00:00,320.85,320.9,320.8,320.9,41721
2026-05-03T14:00:00+00:00,320.9,320.92,320.65,320.89,88079
2026-05-03T15:00:00+00:00,320.89,321.0,320.81,320.96,117708
2026-05-03T16:00:00+00:00,321.99,321.99,320.67,321.25,10632
2026-05-03T17:00:00+00:00,321.25,321.26,320.74,320.97,5949
2026-05-03T18:00:00+00:00,320.97,321.27,320.96,321.25,4512
2026-05-03T19:00:00+00:00,321.25,321.27,320.83,321.26,11672
2026-05-03T20:00:00+00:00,321.26,321.45,320.96,321.45,10055
2026-05-04T03:00:00+00:00,321.19,321.19,321.19,321.19,6443
2026-05-04T04:00:00+00:00,321.18,321.18,320.65,321.05,457865
2026-05-04T05:00:00+00:00,321.05,321.15,320.87,321.05,250263
2026-05-04T06:00:00+00:00,321.04,322.03,320.91,321.12,892902
2026-05-04T07:00:00+00:00,321.12,323.3,321.05,323.29,3325959
2026-05-04T08:00:00+00:00,323.3,323.47,322.03,322.11,1863032
2026-05-04T09:00:00+00:00,322.11,322.34,321.33,321.74,1522662
2026-05-04T10:00:00+00:00,321.74,322.74,321.62,322.4,1609050
2026-05-04T11:00:00+00:00,322.4,322.62,320.25,320.31,2347813
2026-05-04T12:00:00+00:00,320.31,320.99,320.05,320.33,1377152
2026-05-04T13:00:00+00:00,320.33,320.5,319.69,319.99,1102170
2026-05-04T14:00:00+00:00,319.99,320.0,318.76,319.54,2897092
2026-05-04T15:00:00+00:00,319.54,320.48,319.28,320.12,1313272
2026-05-04T16:00:00+00:00,320.15,320.36,319.79,319.85,318338
2026-05-04T17:00:00+00:00,319.85,320.43,319.74,319.76,262563
2026-05-04T18:00:00+00:00,319.74,321.46,319.74,321.45,819407
2026-05-04T19:00:00+00:00,321.45,322.16,320.88,321.34,1169141
2026-05-04T20:00:00+00:00,321.33,321.8,321.16,321.79,249105
2026-05-05T03:00:00+00:00,321.82,321.82,321.82,321.82,8124
2026-05-05T04:00:00+00:00,321.82,322.0,321.1,321.39,370635
2026-05-05T05:00:00+00:00,321.3,321.55,321.21,321.42,160870
2026-05-05T06:00:00+00:00,321.41,321.5,320.2,320.83,907470
2026-05-05T07:00:00+00:00,320.82,321.84,320.03,320.06,1443548
2026-05-05T08:00:00+00:00,320.06,320.06,317.71,318.43,5879361
2026-05-05T09:00:00+00:00,318.43,321.2,318.07,321.01,3643000
2026-05-05T10:00:00+00:00,321.0,321.4,320.01,320.8,1374535
2026-05-05T11:00:00+00:00,320.79,320.93,320.24,320.41,563737
2026-05-05T12:00:00+00:00,320.4,321.5,320.4,321.07,1574231
2026-05-05T13:00:00+00:00,321.12,322.32,320.9,322.1,1942618
2026-05-05T14:00:00+00:00,322.1,322.9,322.03,322.6,2255215
2026-05-05T15:00:00+00:00,322.59,322.65,321.63,322.0,1484447
2026-05-05T16:00:00+00:00,321.95,322.0,321.17,321.28,488335
2026-05-05T17:00:00+00:00,321.28,321.8,321.15,321.7,237342
2026-05-05T18:00:00+00:00,321.7,321.81,321.51,321.67,170871
2026-05-05T19:00:00+00:00,321.67,321.69,321.18,321.32,370427
2026-05-05T20:00:00+00:00,321.32,321.42,321.05,321.2,309091
2026-05-06T03:00:00+00:00,321.5,321.5,321.5,321.5,77671
2026-05-06T04:00:00+00:00,321.5,322.5,321.5,321.65,455922
2026-05-06T05:00:00+00:00,321.67,321.98,321.0,321.45,437110
2026-05-06T06:00:00+00:00,321.45,321.48,320.81,320.81,692664
2026-05-06T07:00:00+00:00,320.81,321.26,320.18,320.21,1606295
2026-05-06T08:00:00+00:00,320.21,321.63,320.18,321.21,1491193
2026-05-06T09:00:00+00:00,321.21,321.21,319.6,319.85,1702213
2026-05-06T10:00:00+00:00,319.86,320.25,319.26,319.87,1297121
2026-05-06T11:00:00+00:00,319.87,320.39,319.54,320.17,834605
2026-05-06T12:00:00+00:00,320.17,320.75,319.83,320.01,692515
2026-05-06T13:00:00+00:00,320.0,320.3,319.62,319.91,677044
2026-05-06T14:00:00+00:00,319.91,321.13,319.8,320.88,1367114
2026-05-06T15:00:00+00:00,320.88,321.0,320.0,320.0,856916
2026-05-06T16:00:00+00:00,320.2,320.75,319.81,319.95,692272
2026-05-06T17:00:00+00:00,319.94,320.17,319.85,320.04,215892
2026-05-06T18:00:00+00:00,320.06,320.3,319.8,319.89,301288
2026-05-06T19:00:00+00:00,319.88,320.04,319.8,319.82,288753
2026-05-06T20:00:00+00:00,319.82,320.08,319.66,319.9,313344
2026-05-07T03:00:00+00:00,319.9,319.9,319.9,319.9,3944
2026-05-07T04:00:00+00:00,319.9,320.37,319.8,319.95,154009
2026-05-07T05:00:00+00:00,319.95,320.15,319.8,319.9,130273
2026-05-07T06:00:00+00:00,319.9,320.12,319.56,319.61,429453
2026-05-07T07:00:00+00:00,319.61,319.96,319.0,319.36,1284197
2026-05-07T08:00:00+00:00,319.37,319.58,319.19,319.56,509615
2026-05-07T09:00:00+00:00,319.56,319.72,319.2,319.45,534012
2026-05-07T10:00:00+00:00,319.45,319.99,319.0,319.46,1825085
2026-05-07T11:00:00+00:00,319.46,320.11,319.34,319.82,775028
2026-05-07T12:00:00+00:00,319.88,319.96,319.38,319.5,386642
2026-05-07T13:00:00+00:00,319.5,319.59,319.12,319.3,883623
2026-05-07T14:00:00+00:00,319.3,319.43,319.11,319.32,444200
2026-05-07T15:00:00+00:00,319.32,319.49,319.07,319.27,440393
2026-05-07T16:00:00+00:00,319.35,319.46,319.18,319.3,260010
2026-05-07T17:00:00+00:00,319.33,319.34,319.1,319.2,197949
2026-05-07T18:00:00+00:00,319.19,319.2,319.0,319.02,405451
2026-05-07T19:00:00+00:00,319.02,319.17,319.0,319.08,178678
2026-05-07T20:00:00+00:00,319.08,319.18,318.52,318.77,655715
2026-05-08T03:00:00+00:00,318.79,318.79,318.79,318.79,5140
2026-05-08T04:00:00+00:00,318.81,319.47,318.79,319.11,410568
2026-05-08T05:00:00+00:00,319.11,319.24,318.8,318.93,262487
2026-05-08T06:00:00+00:00,318.93,319.23,318.74,319.07,521580
2026-05-08T07:00:00+00:00,319.07,319.46,318.86,319.05,884661
2026-05-08T08:00:00+00:00,319.09,319.2,318.26,318.29,1285538
2026-05-08T09:00:00+00:00,318.29,319.0,318.26,318.97,853973
2026-05-08T10:00:00+00:00,318.94,319.21,318.56,319.12,527114
2026-05-08T11:00:00+00:00,319.13,319.16,318.84,318.95,282497
2026-05-08T12:00:00+00:00,318.97,319.12,318.95,318.95,403478
2026-05-08T13:00:00+00:00,318.96,318.97,318.45,318.58,940395
2026-05-08T14:00:00+00:00,318.55,319.1,318.51,318.98,623045
2026-05-08T15:00:00+00:00,319.0,319.08,318.4,318.4,705696
2026-05-08T16:00:00+00:00,318.55,318.87,318.42,318.7,300128
2026-05-08T17:00:00+00:00,318.7,318.99,318.66,318.98,271975
2026-05-08T18:00:00+00:00,318.97,321.8,318.96,321.26,3927043
2026-05-08T19:00:00+00:00,321.27,321.68,320.75,320.77,1839477
2026-05-08T20:00:00+00:00,320.8,321.14,319.96,320.39,617362
2026-05-08T23:00:00+00:00,321.2,321.2,320.39,320.97,1784
2026-05-09T00:00:00+00:00,320.97,320.98,320.66,320.93,371
2026-05-09T01:00:00+00:00,320.92,320.93,320.6,320.89,1242
2026-05-09T02:00:00+00:00,320.89,320.89,319.72,320.0,11235
2026-05-09T03:00:00+00:00,320.8,320.8,320.0,320.39,4187
2026-05-09T04:00:00+00:00,320.39,320.69,319.37,320.16,23406
2026-05-09T05:00:00+00:00,320.14,320.2,319.03,320.0,11432
2026-05-09T06:00:00+00:00,320.0,320.39,319.64,320.12,13874
2026-05-09T07:00:00+00:00,320.36,320.38,319.51,320.26,19371
2026-05-09T08:00:00+00:00,320.26,320.26,319.97,320.22,15309
2026-05-09T09:00:00+00:00,320.02,320.22,320.01,320.2,16181
2026-05-09T10:00:00+00:00,320.2,320.29,320.04,320.11,6780
2026-05-09T11:00:00+00:00,320.28,320.31,320.03,320.07,9694
2026-05-09T12:00:00+00:00,320.07,320.37,320.01,320.07,28808
2026-05-09T13:00:00+00:00,320.07,320.36,320.07,320.29,3793
2026-05-09T14:00:00+00:00,320.29,320.33,320.07,320.33,7758
2026-05-09T15:00:00+00:00,320.32,320.35,320.07,320.08,5900
2026-05-09T16:00:00+00:00,320.32,320.32,320.08,320.3,2142
2026-05-09T17:00:00+00:00,320.08,320.36,320.08,320.34,13362
2026-05-09T18:00:00+00:00,320.34,322.65,320.09,321.99,109373
2026-05-09T19:00:00+00:00,321.52,322.98,321.3,322.8,114138
2026-05-09T20:00:00+00:00,322.8,322.86,321.46,322.3,29770
2026-05-09T23:00:00+00:00,323.15,323.15,321.08,322.86,5593
2026-05-10T00:00:00+00:00,322.86,322.86,321.71,321.92,1878
2026-05-10T01:00:00+00:00,322.29,322.51,321.75,322.02,2637
2026-05-10T02:00:00+00:00,322.02,322.5,321.13,321.4,10053
2026-05-10T03:00:00+00:00,321.4,322.06,321.04,321.05,11183
2026-05-10T04:00:00+00:00,321.08,322.14,321.0,322.05,9235
2026-05-10T05:00:00+00:00,322.05,322.56,321.72,322.56,16742
2026-05-10T06:00:00+00:00,322.51,322.85,321.9,321.96,20768
2026-05-10T07:00:00+00:00,321.96,322.5,321.59,322.32,30320
2026-05-10T08:00:00+00:00,322.3,322.33,321.65,321.89,6888
2026-05-10T09:00:00+00:00,321.89,321.96,321.45,321.75,18874
2026-05-10T10:00:00+00:00,321.75,322.0,321.3,321.94,26827
2026-05-10T11:00:00+00:00,321.92,322.0,321.62,321.71,8508
2026-05-10T12:00:00+00:00,321.71,321.98,321.35,321.98,12426
2026-05-10T13:00:00+00:00,321.96,321.98,321.42,321.92,18810
2026-05-10T14:00:00+00:00,321.52,321.98,321.52,321.9,8973
2026-05-10T15:00:00+00:00,321.61,321.94,321.59,321.7,4386
2026-05-10T16:00:00+00:00,321.92,321.93,321.51,321.57,8560
2026-05-10T17:00:00+00:00,321.57,321.94,321.5,321.94,4753
2026-05-10T18:00:00+00:00,321.94,321.98,321.65,321.98,3743
2026-05-10T19:00:00+00:00,321.75,321.99,321.75,321.86,7455
2026-05-10T20:00:00+00:00,321.86,321.99,321.6,321.99,11493
2026-05-11T03:00:00+00:00,321.5,321.5,321.5,321.5,4466
2026-05-11T04:00:00+00:00,321.5,322.87,321.23,322.32,1459943
2026-05-11T05:00:00+00:00,322.35,322.52,322.0,322.34,736771
2026-05-11T06:00:00+00:00,322.34,322.35,321.51,321.97,781500
2026-05-11T07:00:00+00:00,321.94,323.99,321.88,323.99,3791797
2026-05-11T08:00:00+00:00,323.99,324.82,323.94,324.62,2452493
2026-05-11T09:00:00+00:00,324.62,324.82,324.26,324.39,994531
2026-05-11T10:00:00+00:00,324.39,324.7,324.3,324.4,622931
2026-05-11T11:00:00+00:00,324.38,324.6,323.82,323.87,906200
2026-05-11T12:00:00+00:00,323.87,323.98,323.25,323.26,1050665
2026-05-11T13:00:00+00:00,323.26,323.65,322.65,323.17,1130670
2026-05-11T14:00:00+00:00,323.18,323.8,323.17,323.65,1077400
2026-05-11T15:00:00+00:00,323.64,323.65,322.94,323.0,537349
2026-05-11T16:00:00+00:00,323.01,323.58,323.01,323.56,335853
2026-05-11T17:00:00+00:00,323.57,323.76,323.22,323.72,389262
2026-05-11T18:00:00+00:00,323.72,324.0,323.7,323.88,531537
2026-05-11T19:00:00+00:00,323.87,324.09,323.71,324.06,260145
2026-05-11T20:00:00+00:00,324.06,324.25,323.51,323.75,450335
2026-05-12T03:00:00+00:00,324.07,324.07,324.07,324.07,10423
2026-05-12T04:00:00+00:00,324.07,324.5,323.75,324.3,364729
2026-05-12T05:00:00+00:00,324.29,324.3,323.8,323.9,344128
2026-05-12T06:00:00+00:00,323.88,323.99,323.24,323.43,509246
2026-05-12T07:00:00+00:00,323.43,326.0,323.23,325.09,4328105
2026-05-12T08:00:00+00:00,325.09,325.39,324.91,325.37,1353329
2026-05-12T09:00:00+00:00,325.37,325.39,324.56,325.39,1007792
2026-05-12T10:00:00+00:00,325.39,325.8,324.98,325.4,1150323
2026-05-12T11:00:00+00:00,325.4,325.71,325.4,325.53,955789
2026-05-12T12:00:00+00:00,325.53,326.0,325.52,325.99,1416094
2026-05-12T13:00:00+00:00,326.0,326.0,325.61,325.73,835760
2026-05-12T14:00:00+00:00,325.73,326.48,325.56,325.81,2300227
2026-05-12T15:00:00+00:00,325.87,326.29,325.6,325.6,1164728
2026-05-12T16:00:00+00:00,325.61,325.8,325.4,325.59,611011
2026-05-12T17:00:00+00:00,325.6,326.25,325.57,325.93,542156
2026-05-12T18:00:00+00:00,325.93,326.31,325.67,326.25,856305
2026-05-12T19:00:00+00:00,326.26,326.81,326.23,326.76,1429355
2026-05-12T20:00:00+00:00,326.76,326.98,325.4,326.95,1412087
2026-05-13T03:00:00+00:00,326.97,326.97,326.97,326.97,9138
2026-05-13T04:00:00+00:00,326.96,326.99,325.6,326.1,923997
2026-05-13T05:00:00+00:00,326.07,326.75,325.81,326.32,441558
2026-05-13T06:00:00+00:00,326.32,326.36,325.0,325.73,1895034
2026-05-13T07:00:00+00:00,325.77,325.8,325.0,325.75,1269818
2026-05-13T08:00:00+00:00,325.75,325.77,325.2,325.4,826484
2026-05-13T09:00:00+00:00,325.39,325.55,325.2,325.52,933815
2026-05-13T10:00:00+00:00,325.54,325.54,325.2,325.38,382176
2026-05-13T11:00:00+00:00,325.4,325.4,325.2,325.35,386731
2026-05-13T12:00:00+00:00,325.36,326.0,325.34,325.9,1001330
2026-05-13T13:00:00+00:00,325.93,326.48,325.65,326.22,1041350
2026-05-13T14:00:00+00:00,326.24,326.9,326.17,326.83,922919
2026-05-13T15:00:00+00:00,326.84,326.93,326.56,326.9,842268
2026-05-13T16:00:00+00:00,326.89,326.89,326.28,326.56,353632
2026-05-13T17:00:00+00:00,326.58,326.74,326.46,326.5,163772
2026-05-13T18:00:00+00:00,326.54,326.7,326.34,326.35,147044
2026-05-13T19:00:00+00:00,326.34,326.41,325.91,326.13,203052
2026-05-13T20:00:00+00:00,326.13,326.22,325.73,325.75,206340
2026-05-14T03:00:00+00:00,325.8,325.8,325.8,325.8,923
2026-05-14T04:00:00+00:00,325.8,326.67,325.75,326.66,273240
2026-05-14T05:00:00+00:00,326.66,326.82,326.31,326.48,363266
2026-05-14T06:00:00+00:00,326.47,326.5,325.85,325.96,477584
2026-05-14T07:00:00+00:00,325.98,327.43,325.71,326.5,2741681
2026-05-14T08:00:00+00:00,326.49,326.76,326.2,326.32,859952
2026-05-14T09:00:00+00:00,326.32,326.57,326.19,326.55,705535
2026-05-14T10:00:00+00:00,326.57,326.79,326.1,326.31,833531
2026-05-14T11:00:00+00:00,326.3,326.71,326.16,326.53,331283
2026-05-14T12:00:00+00:00,326.48,326.54,324.0,324.46,3305566
2026-05-14T13:00:00+00:00,324.45,325.27,324.22,325.25,809686
2026-05-14T14:00:00+00:00,325.24,325.97,325.18,325.82,950712
2026-05-14T15:00:00+00:00,325.82,325.88,324.6,325.08,1100513
2026-05-14T16:00:00+00:00,325.09,325.16,324.64,324.97,390832
2026-05-14T17:00:00+00:00,324.96,325.26,324.71,324.77,326905
2026-05-14T18:00:00+00:00,324.77,324.94,324.59,324.73,285897
2026-05-14T19:00:00+00:00,324.73,324.73,324.52,324.61,151889
2026-05-14T20:00:00+00:00,324.62,324.64,324.19,324.2,242568
2026-05-15T03:00:00+00:00,324.5,324.5,324.5,324.5,2218
2026-05-15T04:00:00+00:00,324.4,325.1,324.32,324.7,422705
2026-05-15T05:00:00+00:00,324.68,325.44,324.64,325.0,368371
2026-05-15T06:00:00+00:00,324.99,325.64,324.64,325.25,490365
2026-05-15T07:00:00+00:00,325.25,325.71,325.05,325.47,784328
2026-05-15T08:00:00+00:00,325.47,325.53,325.05,325.44,494529
2026-05-15T09:00:00+00:00,325.42,325.68,325.07,325.65,576703
2026-05-15T10:00:00+00:00,325.65,325.95,325.46,325.81,799097
2026-05-15T11:00:00+00:00,325.81,325.85,325.49,325.62,373742
2026-05-15T12:00:00+00:00,325.61,325.65,325.14,325.27,479416
2026-05-15T13:00:00+00:00,325.26,325.7,325.26,325.59,675795
2026-05-15T14:00:00+00:00,325.59,325.59,322.55,322.77,4538373
2026-05-15T15:00:00+00:00,322.77,323.13,322.08,322.88,2907348
2026-05-15T16:00:00+00:00,322.86,323.38,322.79,323.3,919789
2026-05-15T17:00:00+00:00,323.3,323.3,322.78,323.03,545406
2026-05-15T18:00:00+00:00,323.04,323.23,322.9,323.1,280576
2026-05-15T19:00:00+00:00,323.1,323.1,322.86,322.98,146209
2026-05-15T20:00:00+00:00,322.98,323.04,322.7,322.98,312897
2026-05-15T23:00:00+00:00,324.0,324.0,321.97,323.56,3762
2026-05-16T00:00:00+00:00,323.55,323.6,323.0,323.05,610
2026-05-16T01:00:00+00:00,323.57,324.0,323.01,323.89,10100
2026-05-16T02:00:00+00:00,323.89,323.95,323.5,323.53,1642
2026-05-16T03:00:00+00:00,323.53,323.93,322.98,323.75,4731
2026-05-16T04:00:00+00:00,323.65,323.82,323.14,323.7,5876
2026-05-16T05:00:00+00:00,323.28,323.7,323.11,323.66,8204
2026-05-16T06:00:00+00:00,323.66,323.78,323.11,323.25,13204
2026-05-16T07:00:00+00:00,323.25,323.47,323.11,323.39,263229
2026-05-16T08:00:00+00:00,323.39,323.39,323.04,323.29,113499
2026-05-16T09:00:00+00:00,323.29,323.29,323.15,323.28,69677
2026-05-16T10:00:00+00:00,323.28,323.38,323.19,323.38,47227
2026-05-16T11:00:00+00:00,323.38,323.5,323.32,323.5,122704
2026-05-16T12:00:00+00:00,323.5,323.5,323.35,323.45,66322
2026-05-16T13:00:00+00:00,323.36,323.59,323.26,323.44,59828
2026-05-16T14:00:00+00:00,323.44,323.55,323.4,323.54,33134
2026-05-16T15:00:00+00:00,323.54,323.57,323.18,323.57,92259
2026-05-16T16:00:00+00:00,325.51,325.51,323.03,323.75,8591
2026-05-16T17:00:00+00:00,323.74,323.79,323.4,323.76,6345
2026-05-16T18:00:00+00:00,323.76,323.78,323.34,323.78,9244
2026-05-16T19:00:00+00:00,323.57,323.78,323.34,323.59,3303
2026-05-16T20:00:00+00:00,323.59,323.65,323.24,323.59,7643
2026-05-16T23:00:00+00:00,322.67,325.0,322.28,323.89,2979
2026-05-17T00:00:00+00:00,323.94,323.94,323.64,323.89,1014
2026-05-17T01:00:00+00:00,323.88,323.89,323.6,323.6,1842
2026-05-17T02:00:00+00:00,323.88,323.88,323.57,323.88,517
2026-05-17T03:00:00+00:00,323.6,323.88,323.6,323.6,1794
2026-05-17T04:00:00+00:00,323.6,323.88,323.6,323.85,1545
2026-05-17T05:00:00+00:00,323.62,323.86,323.57,323.85,4895
2026-05-17T06:00:00+00:00,323.85,323.91,323.15,323.59,9087
2026-05-17T07:00:00+00:00,323.59,323.67,323.06,323.45,196856
2026-05-17T08:00:00+00:00,323.5,323.6,323.37,323.41,46605
2026-05-17T09:00:00+00:00,323.41,323.44,323.25,323.37,55941
2026-05-17T10:00:00+00:00,323.37,323.67,323.26,323.67,32642
2026-05-17T11:00:00+00:00,323.67,323.71,323.52,323.7,37492
2026-05-17T12:00:00+00:00,323.71,323.85,323.69,323.84,88245
2026-05-17T13:00:00+00:00,323.84,324.1,323.62,323.69,149582
2026-05-17T14:00:00+00:00,323.74,323.84,323.27,323.32,153066
2026-05-17T15:00:00+00:00,323.32,323.73,323.15,323.72,102696
2026-05-17T16:00:00+00:00,323.13,324.08,322.67,323.72,7068
2026-05-17T17:00:00+00:00,323.72,323.93,323.72,323.93,5064
2026-05-17T18:00:00+00:00,323.92,324.0,323.72,323.88,5385
2026-05-17T19:00:00+00:00,323.88,323.88,323.72,323.72,5164
2026-05-17T20:00:00+00:00,323.73,324.0,323.72,324.0,1949
2026-05-18T03:00:00+00:00,323.85,323.85,323.85,323.85,10909
2026-05-18T04:00:00+00:00,323.85,323.99,322.82,323.43,303743
2026-05-18T05:00:00+00:00,323.46,323.98,323.36,323.96,312137
2026-05-18T06:00:00+00:00,323.9,323.9,323.0,323.23,821916
2026-05-18T07:00:00+00:00,323.22,323.3,321.31,321.74,3310381
2026-05-18T08:00:00+00:00,321.73,322.2,321.7,321.82,1161777
2026-05-18T09:00:00+00:00,321.82,323.3,321.8,323.2,1627861
2026-05-18T10:00:00+00:00,323.22,323.3,322.5,322.79,741442
2026-05-18T11:00:00+00:00,322.79,323.19,322.56,322.75,676470
2026-05-18T12:00:00+00:00,322.75,322.95,322.59,322.65,790781
2026-05-18T13:00:00+00:00,322.65,323.0,322.65,322.99,600269
2026-05-18T14:00:00+00:00,323.0,324.85,322.99,324.6,2553494
2026-05-18T15:00:00+00:00,324.61,325.58,324.6,325.23,3349652
2026-05-18T16:00:00+00:00,325.28,325.98,325.28,325.57,1206515
2026-05-18T17:00:00+00:00,325.57,325.89,325.33,325.42,445202
2026-05-18T18:00:00+00:00,325.42,325.59,325.26,325.36,224387
2026-05-18T19:00:00+00:00,325.35,325.47,325.0,325.36,342719
2026-05-18T20:00:00+00:00,325.36,325.47,325.19,325.23,112592
2026-05-19T03:00:00+00:00,325.78,325.78,325.78,325.78,2074
2026-05-19T04:00:00+00:00,325.78,325.9,325.36,325.88,303411
2026-05-19T05:00:00+00:00,325.88,326.0,325.3,325.63,412523
2026-05-19T06:00:00+00:00,325.65,326.0,324.82,325.1,666692
2026-05-19T07:00:00+00:00,325.1,325.64,324.9,325.49,1238322
2026-05-19T08:00:00+00:00,325.5,326.78,325.49,325.74,3898209
2026-05-19T09:00:00+00:00,325.74,325.9,324.86,324.98,1306009
2026-05-19T10:00:00+00:00,324.98,324.99,323.87,324.73,1821253
2026-05-19T11:00:00+00:00,324.74,324.9,324.22,324.64,705534
2026-05-19T12:00:00+00:00,324.64,325.0,324.39,324.4,453395
2026-05-19T13:00:00+00:00,324.4,324.65,323.4,323.94,963557
2026-05-19T14:00:00+00:00,323.95,324.15,323.6,323.99,652995
2026-05-19T15:00:00+00:00,323.98,324.18,323.56,323.66,957372
2026-05-19T16:00:00+00:00,323.69,323.97,323.54,323.95,419037
2026-05-19T17:00:00+00:00,323.95,323.98,323.91,323.97,106434
2026-05-19T18:00:00+00:00,323.98,324.25,323.8,323.96,362146
2026-05-19T19:00:00+00:00,323.97,323.98,323.71,323.89,125475
2026-05-19T20:00:00+00:00,323.9,323.93,323.63,323.87,173150
2026-05-20T03:00:00+00:00,323.91,323.91,323.91,323.91,133
2026-05-20T04:00:00+00:00,324.0,324.26,323.5,323.79,407897
2026-05-20T05:00:00+00:00,323.78,324.8,323.6,324.39,597526
2026-05-20T06:00:00+00:00,324.37,324.37,323.04,323.36,999015
2026-05-20T07:00:00+00:00,323.36,324.46,323.2,324.09,1447956
2026-05-20T08:00:00+00:00,324.08,324.21,323.3,323.54,732500
2026-05-20T09:00:00+00:00,323.54,323.54,322.54,323.15,2532591
2026-05-20T10:00:00+00:00,323.15,323.65,323.02,323.45,991289
2026-05-20T11:00:00+00:00,323.45,323.7,323.33,323.65,753315
2026-05-20T12:00:00+00:00,323.65,324.49,323.42,324.22,772343
2026-05-20T13:00:00+00:00,324.22,324.49,323.9,324.01,440859
2026-05-20T14:00:00+00:00,324.01,324.02,322.81,323.45,1413818
2026-05-20T15:00:00+00:00,323.45,323.62,323.12,323.62,563748
2026-05-20T16:00:00+00:00,323.6,323.6,323.29,323.42,319427
2026-05-20T17:00:00+00:00,323.42,323.42,323.18,323.25,215359
2026-05-20T18:00:00+00:00,323.25,323.47,323.2,323.31,144901
2026-05-20T19:00:00+00:00,323.32,323.36,323.03,323.17,174669
2026-05-20T20:00:00+00:00,323.16,323.35,323.14,323.25,176384
2026-05-21T03:00:00+00:00,323.4,323.4,323.4,323.4,748
2026-05-21T04:00:00+00:00,323.47,323.78,323.4,323.59,161601
2026-05-21T05:00:00+00:00,323.59,323.7,323.46,323.61,121029
2026-05-21T06:00:00+00:00,323.6,323.61,323.09,323.33,688460
2026-05-21T07:00:00+00:00,323.31,323.42,321.01,321.33,4284122
2026-05-21T08:00:00+00:00,321.32,321.57,321.03,321.28,2405437
2026-05-21T09:00:00+00:00,321.24,322.19,321.2,322.02,1716091
2026-05-21T10:00:00+00:00,322.02,323.25,321.7,323.21,1671986
2026-05-21T11:00:00+00:00,323.21,323.39,322.52,323.0,1600107
2026-05-21T12:00:00+00:00,323.0,323.0,322.29,322.51,761058
2026-05-21T13:00:00+00:00,322.59,322.9,322.42,322.55,700740
2026-05-21T14:00:00+00:00,322.55,323.29,322.43,322.99,1747268
2026-05-21T15:00:00+00:00,323.0,324.13,322.98,323.88,1950743
2026-05-21T16:00:00+00:00,323.87,324.0,323.48,323.7,493299
2026-05-21T17:00:00+00:00,323.7,323.72,323.13,323.24,224712
2026-05-21T18:00:00+00:00,323.23,323.55,323.23,323.48,186169
2026-05-21T19:00:00+00:00,323.49,323.49,323.05,323.24,136600
2026-05-21T20:00:00+00:00,323.23,323.23,322.51,322.79,190649
2026-05-22T03:00:00+00:00,323.3,323.3,323.3,323.3,482
2026-05-22T04:00:00+00:00,323.41,323.8,322.87,323.6,141769
2026-05-22T05:00:00+00:00,323.6,323.6,323.37,323.5,135042
2026-05-22T06:00:00+00:00,323.46,323.54,323.12,323.43,405913
2026-05-22T07:00:00+00:00,323.48,326.0,323.19,325.84,6014145
2026-05-22T08:00:00+00:00,325.84,326.28,324.6,324.8,3774273
2026-05-22T09:00:00+00:00,324.8,324.97,324.2,324.6,1188915
2026-05-22T10:00:00+00:00,324.59,324.95,324.56,324.88,568025
2026-05-22T11:00:00+00:00,324.88,325.28,324.64,324.79,1466142
2026-05-22T12:00:00+00:00,324.83,324.92,324.45,324.72,1152870
2026-05-22T13:00:00+00:00,324.71,324.72,324.22,324.3,664279
2026-05-22T14:00:00+00:00,324.3,324.43,321.8,322.12,5159303
2026-05-22T15:00:00+00:00,322.13,322.55,321.8,322.35,3073213
2026-05-22T16:00:00+00:00,322.34,322.83,322.18,322.62,888220
2026-05-22T17:00:00+00:00,322.61,322.8,322.51,322.62,758662
2026-05-22T18:00:00+00:00,322.62,322.78,322.5,322.7,241565
2026-05-22T19:00:00+00:00,322.7,322.76,322.43,322.44,190672
2026-05-22T20:00:00+00:00,322.44,322.9,322.33,322.46,355788
2026-05-22T23:00:00+00:00,323.03,323.49,321.0,322.7,1130
2026-05-23T00:00:00+00:00,322.96,323.01,322.34,322.98,709
2026-05-23T01:00:00+00:00,322.98,323.01,322.46,323.01,781
2026-05-23T02:00:00+00:00,323.01,323.21,322.51,323.2,818
2026-05-23T03:00:00+00:00,323.18,323.2,322.67,323.2,2881
2026-05-23T04:00:00+00:00,323.2,323.2,322.68,322.82,4922
2026-05-23T05:00:00+00:00,323.07,323.2,322.68,322.7,11697
2026-05-23T06:00:00+00:00,323.07,323.1,322.5,322.5,6504
2026-05-23T07:00:00+00:00,322.79,322.99,322.48,322.68,311928
2026-05-23T08:00:00+00:00,322.68,322.84,322.46,322.66,110726
2026-05-23T09:00:00+00:00,322.65,322.81,322.55,322.8,116878
2026-05-23T10:00:00+00:00,322.79,322.8,322.52,322.79,188828
2026-05-23T11:00:00+00:00,322.79,322.8,322.6,322.75,98703
2026-05-23T12:00:00+00:00,322.75,322.8,322.6,322.64,65450
2026-05-23T13:00:00+00:00,322.64,322.79,322.57,322.65,29537
2026-05-23T14:00:00+00:00,322.65,322.75,322.51,322.65,64055
2026-05-23T15:00:00+00:00,322.64,322.77,322.6,322.72,52276
2026-05-23T16:00:00+00:00,321.98,323.31,321.98,323.0,3930
2026-05-23T17:00:00+00:00,322.76,323.0,322.14,322.3,6375
2026-05-23T18:00:00+00:00,322.88,322.95,322.27,322.69,2802
2026-05-23T19:00:00+00:00,322.3,322.98,322.25,322.59,8160
2026-05-23T20:00:00+00:00,322.59,322.6,322.01,322.58,11394
2026-05-23T23:00:00+00:00,322.51,322.52,321.7,322.5,1466
2026-05-24T00:00:00+00:00,322.5,322.5,322.15,322.5,1531
2026-05-24T01:00:00+00:00,322.4,322.5,321.63,322.07,4828
2026-05-24T02:00:00+00:00,322.49,322.5,322.04,322.5,706
2026-05-24T03:00:00+00:00,322.5,322.5,322.3,322.5,1784
2026-05-24T04:00:00+00:00,322.5,322.95,322.2,322.94,3381
2026-05-24T05:00:00+00:00,322.93,322.95,322.16,322.68,4942
2026-05-24T06:00:00+00:00,322.68,322.83,322.32,322.72,7700
2026-05-24T07:00:00+00:00,322.71,322.72,322.03,322.35,203652
2026-05-24T08:00:00+00:00,322.32,322.77,322.32,322.74,195021
2026-05-24T09:00:00+00:00,322.75,322.77,322.5,322.6,70108
2026-05-24T10:00:00+00:00,322.59,322.67,322.33,322.52,70180
2026-05-24T11:00:00+00:00,322.54,322.75,322.4,322.75,46863
2026-05-24T12:00:00+00:00,322.75,322.77,322.5,322.76,307159
2026-05-24T13:00:00+00:00,322.76,322.76,322.4,322.53,276176
2026-05-24T14:00:00+00:00,322.47,322.71,322.4,322.7,132754
2026-05-24T15:00:00+00:00,322.7,322.77,322.51,322.61,60458
2026-05-24T16:00:00+00:00,323.25,323.72,321.91,322.5,4050
2026-05-24T17:00:00+00:00,322.78,322.89,322.31,322.79,7276
2026-05-24T18:00:00+00:00,322.39,322.8,322.36,322.77,5292
2026-05-24T19:00:00+00:00,322.77,322.8,322.4,322.61,4904
2026-05-24T20:00:00+00:00,322.78,322.78,322.34,322.61,1529
2026-05-25T03:00:00+00:00,322.77,322.77,322.77,322.77,6117
2026-05-25T04:00:00+00:00,322.76,322.98,322.61,322.92,220353
2026-05-25T05:00:00+00:00,322.82,323.28,322.75,323.05,245309
2026-05-25T06:00:00+00:00,323.02,324.75,322.33,324.1,2213081
2026-05-25T07:00:00+00:00,324.08,324.21,323.31,323.6,1242067
2026-05-25T08:00:00+00:00,323.56,323.85,323.34,323.75,885454
2026-05-25T09:00:00+00:00,323.75,324.3,323.6,323.88,1015641
2026-05-25T10:00:00+00:00,323.88,324.14,322.9,323.18,1040933
2026-05-25T11:00:00+00:00,323.18,323.21,322.05,322.44,1350251
2026-05-25T12:00:00+00:00,322.44,323.2,322.1,322.99,1477444
2026-05-25T13:00:00+00:00,322.99,323.0,321.0,321.4,5173067
2026-05-25T14:00:00+00:00,321.4,321.41,317.67,319.73,14487635
2026-05-25T15:00:00+00:00,319.74,320.7,319.5,320.6,2555945
2026-05-25T16:00:00+00:00,320.58,321.08,320.31,320.48,1348294
2026-05-25T17:00:00+00:00,320.48,321.24,320.41,320.69,544088
2026-05-25T18:00:00+00:00,320.71,320.71,320.05,320.6,501791
2026-05-25T19:00:00+00:00,320.62,320.63,319.67,320.22,651449
2026-05-25T20:00:00+00:00,320.21,320.52,320.1,320.38,428318
2026-05-26T03:00:00+00:00,320.35,320.35,320.35,320.35,1887
2026-05-26T04:00:00+00:00,320.38,321.25,320.35,320.98,445342
2026-05-26T05:00:00+00:00,320.98,321.06,320.74,321.03,260509
2026-05-26T06:00:00+00:00,321.0,321.01,320.1,320.11,762017
2026-05-26T07:00:00+00:00,320.11,320.91,319.2,320.02,1713372
2026-05-26T08:00:00+00:00,320.04,320.04,319.08,319.62,1882641
2026-05-26T09:00:00+00:00,319.62,321.23,319.6,320.4,1537753
2026-05-26T10:00:00+00:00,320.41,320.75,320.1,320.7,681467
2026-05-26T11:00:00+00:00,320.7,321.1,320.31,320.8,648951
2026-05-26T12:00:00+00:00,320.81,320.81,320.0,320.08,645773
2026-05-26T13:00:00+00:00,320.06,320.61,320.01,320.41,578961
2026-05-26T14:00:00+00:00,320.4,321.05,320.4,320.59,1068072
2026-05-26T15:00:00+00:00,320.56,321.0,320.03,320.14,1048183
2026-05-26T16:00:00+00:00,320.15,320.19,318.8,318.89,3778827
2026-05-26T17:00:00+00:00,318.9,320.8,318.89,320.54,2306470
2026-05-26T18:00:00+00:00,320.54,320.9,319.99,320.06,1051873
2026-05-26T19:00:00+00:00,320.07,320.29,319.87,319.97,286662
2026-05-26T20:00:00+00:00,319.98,320.23,319.9,320.05,243903
2026-05-27T03:00:00+00:00,320.05,320.05,320.05,320.05,9647
2026-05-27T04:00:00+00:00,320.05,320.64,319.25,320.28,587986
2026-05-27T05:00:00+00:00,320.27,321.5,320.03,320.89,1429316
2026-05-27T06:00:00+00:00,320.87,321.42,320.45,320.67,642816
2026-05-27T07:00:00+00:00,320.68,321.9,320.07,320.97,2566563
2026-05-27T08:00:00+00:00,320.98,322.33,320.18,321.92,3365413
2026-05-27T09:00:00+00:00,321.92,322.2,321.24,322.16,1810689
2026-05-27T10:00:00+00:00,322.14,322.3,321.69,322.01,1436232
2026-05-27T11:00:00+00:00,322.01,323.02,321.68,322.52,3506449
2026-05-27T12:00:00+00:00,322.51,322.67,322.17,322.44,771353
2026-05-27T13:00:00+00:00,322.44,322.7,321.56,321.88,1191278
2026-05-27T14:00:00+00:00,321.88,321.98,321.15,321.26,793373
2026-05-27T15:00:00+00:00,321.26,322.4,321.25,322.01,1446779
2026-05-27T16:00:00+00:00,322.17,322.3,321.82,322.26,503889
2026-05-27T17:00:00+00:00,322.26,322.28,322.0,322.15,184566
2026-05-27T18:00:00+00:00,322.15,322.19,321.9,322.18,220164
2026-05-27T19:00:00+00:00,322.18,322.24,321.99,322.15,149002
2026-05-27T20:00:00+00:00,322.16,322.5,322.1,322.5,316274
2026-05-28T03:00:00+00:00,322.5,322.5,322.5,322.5,4416
2026-05-28T04:00:00+00:00,322.51,323.2,322.5,322.78,724780
2026-05-28T05:00:00+00:00,322.72,323.29,322.62,323.03,450245
2026-05-28T06:00:00+00:00,323.03,323.03,322.14,322.35,670419
2026-05-28T07:00:00+00:00,322.35,322.61,322.0,322.37,805213
2026-05-28T08:00:00+00:00,322.36,323.9,322.35,323.6,2863678
2026-05-28T09:00:00+00:00,323.62,323.76,322.77,323.0,1327447
2026-05-28T10:00:00+00:00,323.0,323.3,322.6,323.29,612475
2026-05-28T11:00:00+00:00,323.29,323.7,323.0,323.11,741094
2026-05-28T12:00:00+00:00,323.1,323.11,321.7,322.21,1625268
2026-05-28T13:00:00+00:00,322.2,322.66,321.8,321.99,1112785
2026-05-28T14:00:00+00:00,321.99,322.74,321.8,322.24,1607239
2026-05-28T15:00:00+00:00,322.24,322.92,321.94,322.3,1316325
2026-05-28T16:00:00+00:00,322.2,322.2,321.92,322.01,232423
2026-05-28T17:00:00+00:00,322.0,322.13,321.84,321.99,225145
2026-05-28T18:00:00+00:00,321.98,322.18,321.86,321.98,184068
2026-05-28T19:00:00+00:00,321.98,322.1,321.97,322.05,140630
2026-05-28T20:00:00+00:00,322.05,322.44,321.82,322.3,352504
2026-05-29T03:00:00+00:00,321.77,321.77,321.77,321.77,26043
2026-05-29T04:00:00+00:00,321.82,322.71,321.45,322.27,682065
2026-05-29T05:00:00+00:00,322.27,322.56,321.78,322.23,465436
2026-05-29T06:00:00+00:00,322.23,322.41,321.0,321.44,1186481
2026-05-29T07:00:00+00:00,321.49,321.91,320.3,320.81,2733488
2026-05-29T08:00:00+00:00,320.81,321.17,320.33,320.98,1061557
2026-05-29T09:00:00+00:00,320.98,321.09,320.63,320.73,1180429
2026-05-29T10:00:00+00:00,320.78,321.27,320.7,321.05,603409
2026-05-29T11:00:00+00:00,321.05,321.14,320.0,320.03,2573491
2026-05-29T12:00:00+00:00,320.03,320.32,319.54,320.12,1479946
2026-05-29T13:00:00+00:00,320.12,320.87,319.9,320.52,1216942
2026-05-29T14:00:00+00:00,320.52,321.01,320.4,320.72,1627870
2026-05-29T15:00:00+00:00,320.71,321.01,320.62,320.84,1021134
2026-05-29T16:00:00+00:00,320.84,321.12,320.52,320.57,383453
2026-05-29T17:00:00+00:00,320.58,321.02,320.57,320.81,383008
2026-05-29T18:00:00+00:00,320.85,320.92,320.81,320.9,91013
2026-05-29T19:00:00+00:00,320.9,321.0,320.66,320.79,212371
2026-05-29T20:00:00+00:00,320.77,320.82,320.52,320.57,314573
2026-05-29T23:00:00+00:00,321.64,321.64,319.51,321.14,1680
2026-05-30T00:00:00+00:00,321.14,321.27,320.5,321.27,1056
2026-05-30T01:00:00+00:00,320.83,321.3,320.72,320.74,510
2026-05-30T02:00:00+00:00,320.72,321.28,320.57,320.58,874
2026-05-30T03:00:00+00:00,321.1,321.5,320.5,321.3,10087
2026-05-30T04:00:00+00:00,321.3,321.44,320.69,321.3,5950
2026-05-30T05:00:00+00:00,321.0,321.3,320.07,320.58,9398
2026-05-30T06:00:00+00:00,320.27,320.82,320.26,320.67,7717
2026-05-30T07:00:00+00:00,320.8,320.98,320.57,320.74,199498
2026-05-30T08:00:00+00:00,320.83,320.87,320.67,320.79,76650
2026-05-30T09:00:00+00:00,320.79,321.08,320.71,321.06,193656
2026-05-30T10:00:00+00:00,321.06,321.07,320.9,320.94,56715
2026-05-30T11:00:00+00:00,320.95,321.18,320.87,321.08,85057
2026-05-30T12:00:00+00:00,321.07,321.09,320.9,321.05,43685
2026-05-30T13:00:00+00:00,321.05,321.19,320.88,321.17,105990
2026-05-30T14:00:00+00:00,321.17,321.18,321.0,321.15,63666
2026-05-30T15:00:00+00:00,321.15,321.21,321.0,321.19,109935
2026-05-30T16:00:00+00:00,323.12,323.12,320.5,321.1,11980
2026-05-30T17:00:00+00:00,321.27,321.35,321.0,321.34,7619
2026-05-30T18:00:00+00:00,321.2,321.34,321.19,321.3,6783
2026-05-30T19:00:00+00:00,321.3,321.32,321.06,321.3,5020
2026-05-30T20:00:00+00:00,321.3,321.34,320.6,321.31,10627
2026-05-30T23:00:00+00:00,321.29,321.58,321.0,321.2,431
2026-05-31T00:00:00+00:00,321.2,321.58,321.0,321.0,628
2026-05-31T01:00:00+00:00,321.01,321.59,321.01,321.58,443
2026-05-31T02:00:00+00:00,321.58,321.58,321.08,321.1,475
2026-05-31T03:00:00+00:00,321.52,321.54,321.1,321.48,752
2026-05-31T04:00:00+00:00,321.49,321.59,321.01,321.58,4138
2026-05-31T05:00:00+00:00,321.57,321.57,321.16,321.47,4002
2026-05-31T06:00:00+00:00,321.47,321.53,321.19,321.2,5090
2026-05-31T07:00:00+00:00,321.22,321.55,321.05,321.23,80195
2026-05-31T08:00:00+00:00,321.23,321.26,320.69,320.93,262080
2026-05-31T09:00:00+00:00,320.97,321.2,320.93,321.08,49118
2026-05-31T10:00:00+00:00,321.08,321.1,320.96,321.08,23159
2026-05-31T11:00:00+00:00,321.09,321.16,321.0,321.11,24339
2026-05-31T12:00:00+00:00,321.11,321.35,321.0,321.3,94287
2026-05-31T13:00:00+00:00,321.3,321.35,321.13,321.33,52548
2026-05-31T14:00:00+00:00,321.28,321.35,321.27,321.32,50876
2026-05-31T15:00:00+00:00,321.32,321.5,321.31,321.47,184774
2026-05-31T16:00:00+00:00,321.99,321.99,320.78,321.26,5846
2026-05-31T17:00:00+00:00,321.47,321.59,321.23,321.24,12843
2026-05-31T18:00:00+00:00,321.24,321.59,321.14,321.54,11426
2026-05-31T19:00:00+00:00,321.54,321.55,321.15,321.5,4446
2026-05-31T20:00:00+00:00,321.5,321.58,321.21,321.58,16752
2026-06-01T03:00:00+00:00,321.55,321.55,321.55,321.55,7575
2026-06-01T04:00:00+00:00,321.55,322.36,321.34,321.69,554173
2026-06-01T05:00:00+00:00,321.71,321.96,321.66,321.67,172508
2026-06-01T06:00:00+00:00,321.66,322.45,321.55,322.28,814469
2026-06-01T07:00:00+00:00,322.3,323.02,322.28,322.45,2333024
2026-06-01T08:00:00+00:00,322.45,323.33,322.29,322.92,1760711
2026-06-01T09:00:00+00:00,322.9,323.19,322.41,322.54,1360923
2026-06-01T10:00:00+00:00,322.54,322.84,321.8,322.27,1602449
2026-06-01T11:00:00+00:00,322.28,322.6,321.35,321.82,1018916
2026-06-01T12:00:00+00:00,321.81,322.4,321.45,321.83,831605
2026-06-01T13:00:00+00:00,321.83,322.55,321.44,322.15,1694062
2026-06-01T14:00:00+00:00,322.16,322.47,321.54,321.84,1154766
2026-06-01T15:00:00+00:00,321.86,322.47,321.7,322.46,955364
2026-06-01T16:00:00+00:00,322.45,323.47,322.0,323.08,1844672
2026-06-01T17:00:00+00:00,323.1,323.17,322.46,322.99,479114
2026-06-01T18:00:00+00:00,322.99,323.15,322.86,322.9,240815
2026-06-01T19:00:00+00:00,322.89,323.0,322.71,322.73,164265
2026-06-01T20:00:00+00:00,322.73,323.03,322.72,322.99,141077
2026-06-02T03:00:00+00:00,323.0,323.0,323.0,323.0,9774
2026-06-02T04:00:00+00:00,323.0,323.5,322.8,323.18,282611
2026-06-02T05:00:00+00:00,323.13,323.35,322.86,323.25,144195
2026-06-02T06:00:00+00:00,323.25,323.28,322.8,323.0,345021
2026-06-02T07:00:00+00:00,322.99,324.97,322.17,324.79,3755861
2026-06-02T08:00:00+00:00,324.79,325.48,324.21,324.44,5101044
2026-06-02T09:00:00+00:00,324.44,324.65,322.9,324.65,3323903
2026-06-02T10:00:00+00:00,324.65,324.65,324.23,324.42,607087
2026-06-02T11:00:00+00:00,324.41,324.7,324.24,324.61,807617
2026-06-02T12:00:00+00:00,324.61,325.13,324.43,324.84,1557165
2026-06-02T13:00:00+00:00,324.84,325.33,324.81,325.32,1655366
2026-06-02T14:00:00+00:00,325.33,326.58,324.99,326.27,4502535
2026-06-02T15:00:00+00:00,326.28,326.85,326.27,326.4,2244677
2026-06-02T16:00:00+00:00,326.41,326.58,326.3,326.41,398056
2026-06-02T17:00:00+00:00,326.41,326.42,325.7,326.09,674760
2026-06-02T18:00:00+00:00,326.09,326.6,325.91,326.27,406561
2026-06-02T19:00:00+00:00,326.29,326.4,326.18,326.36,240405
2026-06-02T20:00:00+00:00,326.37,326.75,326.31,326.75,484482
2026-06-03T03:00:00+00:00,326.7,326.7,326.7,326.7,8513
2026-06-03T04:00:00+00:00,326.7,327.5,326.26,327.37,838134
2026-06-03T05:00:00+00:00,327.46,327.5,327.06,327.11,634771
2026-06-03T06:00:00+00:00,327.12,327.4,326.38,326.9,1163307
2026-06-03T07:00:00+00:00,326.89,327.0,325.52,325.77,1977350
2026-06-03T08:00:00+00:00,325.76,325.8,324.55,325.41,1955730
2026-06-03T09:00:00+00:00,325.41,325.91,324.77,325.58,1133121
2026-06-03T10:00:00+00:00,325.58,326.5,325.0,326.42,1353039
2026-06-03T11:00:00+00:00,326.42,326.49,325.8,326.26,636963
2026-06-03T12:00:00+00:00,326.25,326.33,324.95,325.23,1591601
2026-06-03T13:00:00+00:00,325.23,325.45,324.51,324.6,1792578
2026-06-03T14:00:00+00:00,324.53,324.8,324.04,324.23,2475606
2026-06-03T15:00:00+00:00,324.23,324.7,324.0,324.02,1158034
2026-06-03T16:00:00+00:00,324.08,324.14,323.44,323.73,1593248
2026-06-03T17:00:00+00:00,323.72,324.31,323.57,324.02,485789
2026-06-03T18:00:00+00:00,324.02,324.26,324.01,324.11,232773
2026-06-03T19:00:00+00:00,324.11,324.13,323.5,323.56,1181280
2026-06-03T20:00:00+00:00,323.55,323.56,323.21,323.37,529393
2026-06-04T03:00:00+00:00,323.38,323.38,323.38,323.38,3309
2026-06-04T04:00:00+00:00,323.5,324.78,323.38,324.26,767539
2026-06-04T05:00:00+00:00,324.26,324.38,323.69,324.05,473618
2026-06-04T06:00:00+00:00,324.0,324.13,323.54,323.81,547322
2026-06-04T07:00:00+00:00,323.81,324.64,323.63,324.2,1140387
2026-06-04T08:00:00+00:00,324.2,324.25,323.3,323.53,854009
2026-06-04T09:00:00+00:00,323.53,324.24,323.5,323.85,910304
2026-06-04T10:00:00+00:00,323.86,324.05,323.6,323.73,703837
2026-06-04T11:00:00+00:00,323.75,324.65,323.45,323.89,1724942
2026-06-04T12:00:00+00:00,323.89,324.38,323.83,324.01,404340
2026-06-04T13:00:00+00:00,324.06,324.25,323.58,323.68,666346
2026-06-04T14:00:00+00:00,323.66,324.0,323.58,323.6,470003
2026-06-04T15:00:00+00:00,323.6,323.77,322.3,322.9,3736007
2026-06-04T16:00:00+00:00,322.89,322.89,321.85,322.26,2256137
2026-06-04T17:00:00+00:00,322.26,322.56,322.0,322.38,908911
2026-06-04T18:00:00+00:00,322.37,322.72,322.01,322.56,673109
2026-06-04T19:00:00+00:00,322.56,322.77,322.43,322.58,379552
2026-06-04T20:00:00+00:00,322.66,322.92,322.59,322.92,252952
2026-06-05T03:00:00+00:00,323.0,323.0,323.0,323.0,3930
2026-06-05T04:00:00+00:00,323.0,323.33,322.77,323.01,425177
2026-06-05T05:00:00+00:00,323.04,323.25,323.02,323.19,210895
2026-06-05T06:00:00+00:00,323.18,323.19,321.91,322.34,881127
2026-06-05T07:00:00+00:00,322.35,322.53,321.83,322.31,2602474
2026-06-05T08:00:00+00:00,322.32,322.79,322.02,322.46,1368807
2026-06-05T09:00:00+00:00,322.46,322.7,322.38,322.41,579792
2026-06-05T10:00:00+00:00,322.41,322.58,321.89,321.91,1458540
2026-06-05T11:00:00+00:00,321.91,322.45,321.88,322.14,516911
2026-06-05T12:00:00+00:00,322.13,322.35,322.0,322.07,259534
2026-06-05T13:00:00+00:00,322.05,322.37,321.91,322.25,434234
2026-06-05T14:00:00+00:00,322.25,322.34,322.12,322.23,478622
2026-06-05T15:00:00+00:00,322.23,322.4,321.52,322.18,1578223
2026-06-05T16:00:00+00:00,322.18,322.29,321.72,322.12,624481
2026-06-05T17:00:00+00:00,322.13,322.28,322.04,322.21,171099
2026-06-05T18:00:00+00:00,322.21,322.22,322.09,322.22,315626
2026-06-05T19:00:00+00:00,322.22,322.32,322.16,322.31,192919
2026-06-05T20:00:00+00:00,322.31,322.31,322.12,322.19,311280
2026-06-05T23:00:00+00:00,323.62,323.62,321.68,322.97,1295
2026-06-06T00:00:00+00:00,322.97,322.97,322.5,322.5,299
2026-06-06T01:00:00+00:00,322.96,322.99,322.2,322.93,2107
2026-06-06T02:00:00+00:00,322.2,322.9,322.09,322.2,1570
2026-06-06T03:00:00+00:00,322.22,322.82,321.94,322.73,5816
2026-06-06T04:00:00+00:00,322.73,322.85,322.19,322.77,13521
2026-06-06T05:00:00+00:00,322.77,322.82,322.26,322.64,7468
2026-06-06T06:00:00+00:00,322.64,322.64,322.2,322.21,8436
2026-06-06T07:00:00+00:00,322.21,322.55,321.85,322.23,412933
2026-06-06T08:00:00+00:00,322.23,322.29,321.99,322.0,107085
2026-06-06T09:00:00+00:00,322.0,322.09,322.0,322.09,50506
2026-06-06T10:00:00+00:00,322.08,322.5,322.08,322.4,424020
2026-06-06T11:00:00+00:00,322.36,322.49,322.25,322.49,105554
2026-06-06T12:00:00+00:00,322.49,322.49,322.38,322.47,47046
2026-06-06T13:00:00+00:00,322.43,322.49,322.37,322.43,99472
2026-06-06T14:00:00+00:00,322.43,322.48,322.35,322.42,29962
2026-06-06T15:00:00+00:00,322.46,322.51,322.37,322.45,96171
2026-06-06T16:00:00+00:00,323.0,323.0,322.0,322.38,13586
2026-06-06T17:00:00+00:00,322.38,322.43,322.04,322.42,5517
2026-06-06T18:00:00+00:00,322.42,322.43,322.01,322.41,3959
2026-06-06T19:00:00+00:00,322.41,322.61,322.02,322.07,19478
2026-06-06T20:00:00+00:00,322.58,322.58,322.03,322.5,4252
2026-06-06T23:00:00+00:00,322.5,322.98,322.02,322.02,1529
2026-06-07T00:00:00+00:00,322.65,322.65,322.05,322.13,330
2026-06-07T01:00:00+00:00,322.13,322.62,322.06,322.55,461
2026-06-07T02:00:00+00:00,322.55,322.98,322.03,322.98,2736
2026-06-07T03:00:00+00:00,322.98,322.98,322.13,322.8,1246
2026-06-07T04:00:00+00:00,322.76,322.87,322.39,322.86,1547
2026-06-07T05:00:00+00:00,322.86,322.86,322.39,322.66,3227
2026-06-07T06:00:00+00:00,322.45,322.7,322.2,322.35,7840
2026-06-07T07:00:00+00:00,322.44,322.56,322.35,322.56,111928
2026-06-07T08:00:00+00:00,322.56,322.96,322.55,322.89,191544
2026-06-07T09:00:00+00:00,322.93,322.94,322.7,322.85,92963
2026-06-07T10:00:00+00:00,322.85,322.9,322.78,322.87,133351
2026-06-07T11:00:00+00:00,322.87,322.89,322.72,322.88,72414
2026-06-07T12:00:00+00:00,322.88,322.89,322.81,322.84,34418
2026-06-07T13:00:00+00:00,322.84,322.9,322.84,322.89,65825
2026-06-07T14:00:00+00:00,322.89,322.9,322.84,322.89,102441
2026-06-07T15:00:00+00:00,322.89,322.99,322.86,322.96,120476
2026-06-07T16:00:00+00:00,323.98,323.98,322.5,323.48,14256
2026-06-07T17:00:00+00:00,323.04,323.48,322.99,323.3,7929
2026-06-07T18:00:00+00:00,323.01,323.3,322.97,322.97,11209
2026-06-07T19:00:00+00:00,323.25,323.37,322.97,322.99,13452
2026-06-07T20:00:00+00:00,323.36,323.77,322.98,323.2,8575
2026-06-08T03:00:00+00:00,322.99,322.99,322.99,322.99,20885
2026-06-08T04:00:00+00:00,322.99,323.5,322.97,323.2,269592
2026-06-08T05:00:00+00:00,323.26,323.48,323.02,323.29,420676
2026-06-08T06:00:00+00:00,323.22,323.69,323.13,323.33,808565
2026-06-08T07:00:00+00:00,323.34,323.59,322.0,322.32,1623451
2026-06-08T08:00:00+00:00,322.35,322.44,321.53,321.95,1566752
2026-06-08T09:00:00+00:00,321.95,322.25,321.74,322.22,1071554
2026-06-08T10:00:00+00:00,322.21,322.37,321.53,321.54,1474270
2026-06-08T11:00:00+00:00,321.54,321.54,320.57,320.68,2951788
2026-06-08T12:00:00+00:00,320.68,320.77,319.56,320.42,4903493
2026-06-08T13:00:00+00:00,320.42,320.42,319.5,320.35,2242190
2026-06-08T14:00:00+00:00,320.35,320.35,319.57,319.75,1473637
2026-06-08T15:00:00+00:00,319.75,320.03,319.45,319.5,2063840
2026-06-08T16:00:00+00:00,319.68,320.51,319.68,320.25,592218
2026-06-08T17:00:00+00:00,320.25,320.32,319.9,320.06,312611
2026-06-08T18:00:00+00:00,320.06,320.1,319.64,319.87,528150
2026-06-08T19:00:00+00:00,319.87,320.1,319.86,320.1,168713
2026-06-08T20:00:00+00:00,320.1,320.18,319.9,320.0,500844
2026-06-09T03:00:00+00:00,320.23,320.23,320.23,320.23,2505
2026-06-09T04:00:00+00:00,320.23,320.55,319.95,320.11,480928
2026-06-09T05:00:00+00:00,320.12,320.48,319.43,320.11,634992
2026-06-09T06:00:00+00:00,320.1,320.86,319.64,320.75,1096010
2026-06-09T07:00:00+00:00,320.72,321.23,317.77,319.09,9057855
2026-06-09T08:00:00+00:00,319.09,320.46,318.95,319.26,2514182
2026-06-09T09:00:00+00:00,319.25,321.07,319.25,321.03,2475482
2026-06-09T10:00:00+00:00,321.03,321.35,320.21,320.4,2333372
2026-06-09T11:00:00+00:00,320.42,320.79,319.91,320.39,683482
2026-06-09T12:00:00+00:00,320.41,320.94,320.15,320.59,995921
2026-06-09T13:00:00+00:00,320.6,321.27,320.54,321.23,1170518
2026-06-09T14:00:00+00:00,321.24,321.27,320.05,320.24,1171755
2026-06-09T15:00:00+00:00,320.23,321.26,320.2,321.23,1330251
2026-06-09T16:00:00+00:00,321.22,321.77,320.85,321.58,911794
2026-06-09T17:00:00+00:00,321.58,321.7,320.96,321.44,359784
2026-06-09T18:00:00+00:00,321.44,321.44,321.11,321.24,119062
2026-06-09T19:00:00+00:00,321.24,321.4,321.11,321.35,159992
2026-06-09T20:00:00+00:00,321.34,321.45,320.73,321.02,387747
2026-06-10T03:00:00+00:00,321.67,321.67,321.67,321.67,2033
2026-06-10T04:00:00+00:00,321.65,321.7,320.8,321.08,316472
2026-06-10T05:00:00+00:00,321.08,321.35,320.88,321.27,344692
2026-06-10T06:00:00+00:00,321.26,321.3,320.1,320.54,743158
2026-06-10T07:00:00+00:00,320.54,323.0,320.07,321.03,2937032
2026-06-10T08:00:00+00:00,321.02,321.02,320.1,320.55,1633627
2026-06-10T09:00:00+00:00,320.55,320.83,320.2,320.54,1173277
2026-06-10T10:00:00+00:00,320.53,321.17,320.32,320.32,935023
2026-06-10T11:00:00+00:00,320.35,321.09,320.27,320.29,823932
2026-06-10T12:00:00+00:00,320.29,320.48,319.0,319.82,3275025
2026-06-10T13:00:00+00:00,319.8,320.47,319.8,320.19,724356
2026-06-10T14:00:00+00:00,320.19,322.44,320.12,322.25,3872454
2026-06-10T15:00:00+00:00,322.25,322.89,321.89,321.89,3779569
2026-06-10T16:00:00+00:00,321.95,322.25,321.76,322.23,677090
2026-06-10T17:00:00+00:00,322.22,322.28,321.95,322.24,352056
2026-06-10T18:00:00+00:00,322.24,322.44,322.05,322.22,302038
2026-06-10T19:00:00+00:00,322.22,322.25,322.04,322.07,114216
2026-06-10T20:00:00+00:00,322.07,322.1,321.81,321.88,323153
2026-06-11T03:00:00+00:00,321.88,321.88,321.88,321.88,3544
2026-06-11T04:00:00+00:00,321.96,322.54,321.77,322.28,383977
2026-06-11T05:00:00+00:00,322.28,322.88,322.0,322.26,506997
2026-06-11T06:00:00+00:00,322.26,322.83,322.05,322.35,701776
2026-06-11T07:00:00+00:00,322.34,322.36,321.62,321.87,1172330
2026-06-11T08:00:00+00:00,321.87,322.44,321.7,321.89,460439
2026-06-11T09:00:00+00:00,321.89,322.42,321.81,322.02,1034162
2026-06-11T10:00:00+00:00,322.02,322.43,322.02,322.21,597298
2026-06-11T11:00:00+00:00,322.21,322.21,321.54,321.57,1013917
2026-06-11T12:00:00+00:00,321.57,322.3,321.56,321.95,839559
2026-06-11T13:00:00+00:00,321.94,322.05,321.59,321.79,493854
2026-06-11T14:00:00+00:00,321.81,321.9,321.21,321.3,609405
2026-06-11T15:00:00+00:00,321.29,321.71,320.9,321.63,457233
2026-06-11T16:00:00+00:00,321.63,321.97,321.55,321.97,278651
2026-06-11T17:00:00+00:00,321.97,321.99,321.38,321.4,467553
2026-06-11T18:00:00+00:00,321.47,321.61,321.2,321.3,280969
2026-06-11T19:00:00+00:00,321.34,321.37,321.02,321.1,335706
2026-06-11T20:00:00+00:00,321.09,321.28,321.06,321.2,189398
2026-06-11T23:00:00+00:00,322.62,323.13,321.37,322.0,961
2026-06-12T00:00:00+00:00,322.0,322.38,321.51,321.59,1587
2026-06-12T01:00:00+00:00,321.63,322.33,321.58,322.2,1197
2026-06-12T02:00:00+00:00,322.2,322.21,321.57,322.2,1231
2026-06-12T03:00:00+00:00,321.59,322.16,320.7,321.67,5537
2026-06-12T04:00:00+00:00,321.67,321.98,321.2,321.87,4467
2026-06-12T05:00:00+00:00,321.86,321.87,321.25,321.36,6848
2026-06-12T06:00:00+00:00,321.68,321.83,321.3,321.3,4931
2026-06-12T07:00:00+00:00,321.31,321.89,321.2,321.79,242721
2026-06-12T08:00:00+00:00,321.8,321.82,321.7,321.82,45776
