time,open,high,low,close,volume
2025-06-12T08:00:00+00:00,316.9,316.94,316.8,316.84,17950
2025-06-12T09:00:00+00:00,316.84,316.88,316.56,316.56,69230
2025-06-12T10:00:00+00:00,316.66,316.82,316.56,316.76,26170
2025-06-12T11:00:00+00:00,316.76,316.92,316.72,316.88,40320
2025-06-12T12:00:00+00:00,316.86,316.9,316.7,316.8,23640
2025-06-12T13:00:00+00:00,316.84,316.98,316.76,316.82,35570
2025-06-12T14:00:00+00:00,316.8,317.02,316.8,316.9,34270
2025-06-12T15:00:00+00:00,316.9,316.98,316.72,316.96,26250
2025-06-12T16:00:00+00:00,316.88,317.0,316.76,316.82,12210
2025-06-12T17:00:00+00:00,316.84,316.84,316.76,316.8,12530
2025-06-12T18:00:00+00:00,316.8,316.8,316.7,316.76,17380
2025-06-12T19:00:00+00:00,316.76,316.78,316.7,316.76,12740
2025-06-12T20:00:00+00:00,316.76,316.8,316.52,316.76,68720
2025-06-13T03:00:00+00:00,318.08,318.08,318.08,318.08,39240
2025-06-13T04:00:00+00:00,318.1,319.84,317.6,318.04,965720
2025-06-13T05:00:00+00:00,318.06,318.3,317.66,317.9,258250
2025-06-13T06:00:00+00:00,317.82,317.86,315.12,315.98,1469770
2025-06-13T07:00:00+00:00,316.0,316.44,315.1,315.9,1090790
2025-06-13T08:00:00+00:00,315.88,316.02,315.0,315.58,641780
2025-06-13T09:00:00+00:00,315.6,316.9,315.38,316.8,1303320
2025-06-13T10:00:00+00:00,316.8,316.88,316.0,316.2,736210
2025-06-13T11:00:00+00:00,316.2,316.34,315.68,316.08,366160
2025-06-13T12:00:00+00:00,316.08,316.5,315.92,315.96,266120
2025-06-13T13:00:00+00:00,316.04,316.24,315.76,315.9,196340
2025-06-13T14:00:00+00:00,315.96,316.3,315.78,315.96,228170
2025-06-13T15:00:00+00:00,315.98,316.04,315.32,315.44,456850
2025-06-13T16:00:00+00:00,315.5,315.5,314.16,314.66,745420
2025-06-13T17:00:00+00:00,314.66,315.0,314.26,314.8,300420
2025-06-13T18:00:00+00:00,314.8,315.3,314.74,315.04,155800
2025-06-13T19:00:00+00:00,315.18,315.6,314.74,314.74,347040
2025-06-13T20:00:00+00:00,314.74,314.76,313.22,313.36,557420
2025-06-13T23:00:00+00:00,312.8,314.12,312.8,313.76,10550
2025-06-14T00:00:00+00:00,313.8,313.94,313.76,313.76,6140
2025-06-14T01:00:00+00:00,313.8,313.92,313.76,313.92,9250
2025-06-14T02:00:00+00:00,313.9,313.92,313.78,313.8,5950
2025-06-14T03:00:00+00:00,313.88,313.9,313.78,313.82,6460
2025-06-14T04:00:00+00:00,313.82,313.94,313.4,313.7,57970
2025-06-14T05:00:00+00:00,313.7,313.86,313.6,313.76,42460
2025-06-14T06:00:00+00:00,313.74,313.76,313.6,313.7,28150
2025-06-14T07:00:00+00:00,313.62,314.48,313.62,313.74,268470
2025-06-14T08:00:00+00:00,313.76,313.78,313.52,313.64,135630
2025-06-14T09:00:00+00:00,313.62,313.86,313.52,313.76,144140
2025-06-14T10:00:00+00:00,313.78,313.98,313.7,313.9,63880
2025-06-14T11:00:00+00:00,313.96,314.32,313.9,314.28,98290
2025-06-14T12:00:00+00:00,314.32,314.46,314.04,314.12,87520
2025-06-14T13:00:00+00:00,314.04,314.12,313.7,313.98,93710
2025-06-14T14:00:00+00:00,313.98,314.0,313.78,313.8,51070
2025-06-14T15:00:00+00:00,313.88,314.0,313.72,313.82,61860
2025-06-14T16:00:00+00:00,314.0,315.96,314.0,314.42,130250
2025-06-14T17:00:00+00:00,314.42,314.44,314.14,314.2,50290
2025-06-14T18:00:00+00:00,314.22,314.5,314.08,314.36,75180
2025-06-14T19:00:00+00:00,314.46,314.56,314.06,314.1,48630
2025-06-14T20:00:00+00:00,314.12,314.4,314.06,314.26,43410
2025-06-14T23:00:00+00:00,313.92,314.8,313.92,314.5,9290
2025-06-15T00:00:00+00:00,314.5,314.76,314.22,314.76,12740
2025-06-15T01:00:00+00:00,314.36,314.74,314.3,314.3,1230
2025-06-15T02:00:00+00:00,314.6,314.78,314.32,314.78,5150
2025-06-15T03:00:00+00:00,314.58,314.78,314.34,314.68,2980
2025-06-15T04:00:00+00:00,314.66,314.72,314.42,314.58,16690
2025-06-15T05:00:00+00:00,314.6,314.92,314.44,314.76,37550
2025-06-15T06:00:00+00:00,314.76,314.82,314.7,314.8,47050
2025-06-15T07:00:00+00:00,314.8,315.0,313.1,313.66,788740
2025-06-15T08:00:00+00:00,313.66,313.98,313.24,313.68,209620
2025-06-15T09:00:00+00:00,313.6,313.8,313.38,313.8,71830
2025-06-15T10:00:00+00:00,313.74,313.9,313.56,313.76,60690
2025-06-15T11:00:00+00:00,313.86,314.4,313.7,314.16,294360
2025-06-15T12:00:00+00:00,314.14,314.18,313.88,313.96,65630
2025-06-15T13:00:00+00:00,313.96,314.16,313.9,313.96,66290
2025-06-15T14:00:00+00:00,313.94,314.1,313.9,314.08,74520
2025-06-15T15:00:00+00:00,314.08,314.2,313.92,314.04,106400
2025-06-15T16:00:00+00:00,313.8,314.38,313.8,314.0,28240
2025-06-15T17:00:00+00:00,314.0,314.0,313.8,313.86,25200
2025-06-15T18:00:00+00:00,313.88,313.92,313.82,313.84,21010
2025-06-15T19:00:00+00:00,313.84,313.88,313.62,313.88,25520
2025-06-15T20:00:00+00:00,313.8,313.88,313.6,313.74,70690
2025-06-16T03:00:00+00:00,313.74,313.74,313.74,313.74,9320
2025-06-16T04:00:00+00:00,313.74,314.7,313.42,314.3,465220
2025-06-16T05:00:00+00:00,314.3,314.56,314.0,314.34,207330
2025-06-16T06:00:00+00:00,314.3,314.46,313.92,314.4,437820
2025-06-16T07:00:00+00:00,314.38,315.8,311.88,313.18,2865630
2025-06-16T08:00:00+00:00,313.1,314.12,312.1,313.8,1345890
2025-06-16T09:00:00+00:00,313.78,315.4,313.66,315.16,1211020
2025-06-16T10:00:00+00:00,315.22,316.6,315.2,315.52,1431280
2025-06-16T11:00:00+00:00,315.48,316.36,315.48,315.9,1354290
2025-06-16T12:00:00+00:00,315.9,317.56,315.34,315.88,1822360
2025-06-16T13:00:00+00:00,315.88,316.4,314.6,314.9,1679210
2025-06-16T14:00:00+00:00,314.9,316.1,314.84,315.6,884490
2025-06-16T15:00:00+00:00,315.62,315.92,315.24,315.26,389550
2025-06-16T16:00:00+00:00,315.22,315.6,314.8,315.36,624800
2025-06-16T17:00:00+00:00,315.36,315.66,315.0,315.2,185500
2025-06-16T18:00:00+00:00,315.2,315.36,314.62,314.64,167320
2025-06-16T19:00:00+00:00,314.64,314.64,314.2,314.56,405710
2025-06-16T20:00:00+00:00,314.6,315.36,314.32,315.2,264750
2025-06-17T03:00:00+00:00,315.28,315.28,315.28,315.28,3050
2025-06-17T04:00:00+00:00,315.3,316.08,315.0,315.6,566820
2025-06-17T05:00:00+00:00,315.6,316.34,315.6,315.96,204550
2025-06-17T06:00:00+00:00,315.92,315.92,315.3,315.3,311760
2025-06-17T07:00:00+00:00,315.3,317.7,315.06,317.42,2479920
2025-06-17T08:00:00+00:00,317.48,318.62,317.32,318.42,2064940
2025-06-17T09:00:00+00:00,318.4,319.2,318.08,318.78,1692500
2025-06-17T10:00:00+00:00,318.78,319.06,318.1,318.24,875500
2025-06-17T11:00:00+00:00,318.22,318.9,318.1,318.32,791220
2025-06-17T12:00:00+00:00,318.36,318.92,318.2,318.6,640940
2025-06-17T13:00:00+00:00,318.62,319.78,318.22,319.78,1534420
2025-06-17T14:00:00+00:00,319.78,321.42,319.18,321.08,2377520
2025-06-17T15:00:00+00:00,321.08,321.86,321.0,321.48,1913990
2025-06-17T16:00:00+00:00,321.5,321.76,320.74,320.8,784380
2025-06-17T17:00:00+00:00,320.8,321.56,320.7,321.02,660320
2025-06-17T18:00:00+00:00,321.0,321.76,320.88,321.24,920120
2025-06-17T19:00:00+00:00,321.18,321.2,320.12,320.7,772640
2025-06-17T20:00:00+00:00,320.8,321.12,320.0,321.0,549950
2025-06-18T03:00:00+00:00,321.7,321.7,321.7,321.7,11210
2025-06-18T04:00:00+00:00,321.64,322.4,321.12,321.82,1230570
2025-06-18T05:00:00+00:00,321.9,322.22,321.58,321.94,446510
2025-06-18T06:00:00+00:00,321.94,322.74,321.76,322.26,641020
2025-06-18T07:00:00+00:00,322.3,322.58,320.6,321.1,1986960
2025-06-18T08:00:00+00:00,321.08,321.72,320.66,320.88,879460
2025-06-18T09:00:00+00:00,320.88,321.64,320.54,321.42,1388930
2025-06-18T10:00:00+00:00,321.4,321.96,321.1,321.28,1091990
2025-06-18T11:00:00+00:00,321.28,321.6,320.86,320.98,894460
2025-06-18T12:00:00+00:00,320.96,321.12,320.62,321.04,711020
2025-06-18T13:00:00+00:00,321.02,321.1,318.42,319.96,2757940
2025-06-18T14:00:00+00:00,319.98,320.28,318.9,319.62,1471740
2025-06-18T15:00:00+00:00,319.62,320.1,319.32,320.1,434440
2025-06-18T16:00:00+00:00,320.1,320.22,319.4,319.6,702690
2025-06-18T17:00:00+00:00,319.6,319.66,319.14,319.32,271070
2025-06-18T18:00:00+00:00,319.3,319.54,319.24,319.5,192600
2025-06-18T19:00:00+00:00,319.52,319.54,318.82,319.1,310430
2025-06-18T20:00:00+00:00,319.18,319.46,319.12,319.44,202800
2025-06-19T03:00:00+00:00,319.66,319.66,319.66,319.66,1100
2025-06-19T04:00:00+00:00,319.68,320.72,319.6,319.7,721630
2025-06-19T05:00:00+00:00,319.78,320.64,319.72,320.3,345440
2025-06-19T06:00:00+00:00,320.3,320.48,319.92,320.0,293130
2025-06-19T07:00:00+00:00,319.98,321.7,319.8,321.24,1713640
2025-06-19T08:00:00+00:00,321.2,321.84,320.62,321.1,1067340
2025-06-19T09:00:00+00:00,321.1,321.1,320.4,320.6,516630
2025-06-19T10:00:00+00:00,320.6,320.82,319.8,320.16,945020
2025-06-19T11:00:00+00:00,320.16,320.36,319.5,320.12,1056270
2025-06-19T12:00:00+00:00,320.12,320.12,318.7,319.06,2811780
2025-06-19T13:00:00+00:00,319.06,319.46,317.66,318.3,2035200
2025-06-19T14:00:00+00:00,318.3,319.06,317.8,318.92,983290
2025-06-19T15:00:00+00:00,318.92,319.2,318.2,318.24,1223200
2025-06-19T16:00:00+00:00,318.5,318.8,318.12,318.64,356050
2025-06-19T17:00:00+00:00,318.64,319.1,318.34,318.56,344390
2025-06-19T18:00:00+00:00,318.5,318.68,318.34,318.54,256100
2025-06-19T19:00:00+00:00,318.54,318.66,317.8,318.08,480020
2025-06-19T20:00:00+00:00,318.06,318.26,317.92,318.08,256590
2025-06-20T03:00:00+00:00,318.3,318.3,318.3,318.3,14730
2025-06-20T04:00:00+00:00,318.4,319.38,317.8,318.8,598580
2025-06-20T05:00:00+00:00,318.8,319.46,318.78,319.1,204090
2025-06-20T06:00:00+00:00,319.08,319.32,318.34,318.82,381950
2025-06-20T07:00:00+00:00,318.82,319.36,317.88,319.0,1436040
2025-06-20T08:00:00+00:00,318.98,319.14,318.76,318.82,643200
2025-06-20T09:00:00+00:00,318.82,319.04,318.5,318.88,532260
2025-06-20T10:00:00+00:00,318.88,319.6,318.74,319.38,728810
2025-06-20T11:00:00+00:00,319.46,319.68,318.66,318.92,1006320
2025-06-20T12:00:00+00:00,318.88,319.66,318.82,319.08,972230
2025-06-20T13:00:00+00:00,319.1,319.28,317.24,317.6,2232700
2025-06-20T14:00:00+00:00,317.58,318.14,317.26,317.96,1146910
2025-06-20T15:00:00+00:00,317.94,318.06,317.22,317.88,662980
2025-06-20T16:00:00+00:00,317.58,317.7,316.42,316.58,867460
2025-06-20T17:00:00+00:00,316.58,316.6,315.0,315.4,871190
2025-06-20T18:00:00+00:00,315.4,316.44,315.38,315.8,465660
2025-06-20T19:00:00+00:00,315.82,315.9,315.16,315.2,230310
2025-06-20T20:00:00+00:00,315.12,315.94,315.12,315.8,471360
2025-06-20T23:00:00+00:00,317.18,317.18,315.56,315.92,4040
2025-06-21T00:00:00+00:00,315.92,316.72,315.7,316.48,10300
2025-06-21T01:00:00+00:00,316.48,316.48,316.08,316.4,360
2025-06-21T02:00:00+00:00,316.12,316.42,316.12,316.18,1460
2025-06-21T03:00:00+00:00,316.2,316.34,316.02,316.14,9160
2025-06-21T04:00:00+00:00,316.14,316.36,315.74,315.8,63630
2025-06-21T05:00:00+00:00,315.82,316.0,315.8,315.84,21770
2025-06-21T06:00:00+00:00,315.98,316.0,315.84,315.94,19710
2025-06-21T07:00:00+00:00,316.0,316.1,315.92,315.98,26180
2025-06-21T08:00:00+00:00,315.98,316.06,315.92,315.94,12180
2025-06-21T09:00:00+00:00,315.98,316.08,315.88,315.98,62660
2025-06-21T10:00:00+00:00,315.88,315.98,315.8,315.84,25640
2025-06-21T11:00:00+00:00,315.84,315.88,315.8,315.84,9490
2025-06-21T12:00:00+00:00,315.84,315.88,315.72,315.74,35830
2025-06-21T13:00:00+00:00,315.72,315.8,315.72,315.76,7890
2025-06-21T14:00:00+00:00,315.76,315.8,315.6,315.72,45710
2025-06-21T15:00:00+00:00,315.72,315.72,315.58,315.6,14920
2025-06-21T16:00:00+00:00,315.6,315.62,315.42,315.44,34950
2025-06-21T17:00:00+00:00,315.52,315.52,315.34,315.4,21530
2025-06-21T18:00:00+00:00,315.48,315.58,315.4,315.46,65040
2025-06-21T19:00:00+00:00,315.46,315.46,315.38,315.44,45800
2025-06-21T20:00:00+00:00,315.44,315.44,315.08,315.1,64180
2025-06-21T23:00:00+00:00,315.02,315.8,315.02,315.4,13810
2025-06-22T00:00:00+00:00,315.4,315.44,315.3,315.42,2130
2025-06-22T01:00:00+00:00,315.44,315.44,315.1,315.2,12770
2025-06-22T02:00:00+00:00,315.38,315.38,315.04,315.1,10490
2025-06-22T03:00:00+00:00,315.4,316.16,315.12,315.84,37130
2025-06-22T04:00:00+00:00,315.46,316.06,315.46,315.8,26220
2025-06-22T05:00:00+00:00,315.8,315.96,315.74,315.88,18250
2025-06-22T06:00:00+00:00,315.88,316.06,315.82,316.06,83520
2025-06-22T07:00:00+00:00,316.06,316.06,315.88,315.96,38110
2025-06-22T08:00:00+00:00,315.96,316.18,315.94,316.0,79260
2025-06-22T09:00:00+00:00,316.0,316.08,315.94,316.0,36540
2025-06-22T10:00:00+00:00,316.02,316.1,316.0,316.02,48290
2025-06-22T11:00:00+00:00,316.02,316.02,315.96,316.02,29920
2025-06-22T12:00:00+00:00,316.0,316.02,315.98,316.0,32020
2025-06-22T13:00:00+00:00,316.0,316.0,315.62,315.68,59570
2025-06-22T14:00:00+00:00,315.74,316.02,315.68,315.98,46030
2025-06-22T15:00:00+00:00,315.92,316.02,315.8,315.96,19290
2025-06-22T16:00:00+00:00,315.94,316.0,315.84,315.84,24460
2025-06-22T17:00:00+00:00,315.88,315.96,315.8,315.86,13560
2025-06-22T18:00:00+00:00,315.9,315.98,315.82,315.9,19300
2025-06-22T19:00:00+00:00,315.88,315.96,315.86,315.9,14720
2025-06-22T20:00:00+00:00,315.9,315.92,315.64,315.92,48250
2025-06-23T03:00:00+00:00,315.96,315.96,315.96,315.96,15480
2025-06-23T04:00:00+00:00,315.96,316.4,315.22,315.3,678430
2025-06-23T05:00:00+00:00,315.3,315.5,314.58,314.9,584100
2025-06-23T06:00:00+00:00,314.9,314.98,313.56,314.04,1172890
2025-06-23T07:00:00+00:00,314.08,314.36,312.0,312.8,2530140
2025-06-23T08:00:00+00:00,312.74,313.2,312.42,312.92,887750
2025-06-23T09:00:00+00:00,312.92,314.38,312.68,314.12,1191090
2025-06-23T10:00:00+00:00,314.18,314.88,313.4,314.02,1234800
2025-06-23T11:00:00+00:00,314.02,314.7,313.84,314.66,939730
2025-06-23T12:00:00+00:00,314.66,315.1,314.46,314.88,741460
2025-06-23T13:00:00+00:00,314.86,317.96,314.78,317.44,2400180
2025-06-23T14:00:00+00:00,317.5,318.9,317.5,317.74,1848040
2025-06-23T15:00:00+00:00,317.74,318.3,317.4,317.6,723800
2025-06-23T16:00:00+00:00,317.5,318.26,316.06,316.68,1236130
2025-06-23T17:00:00+00:00,316.68,316.68,315.0,315.88,1449340
2025-06-23T18:00:00+00:00,315.9,316.1,315.54,315.96,308500
2025-06-23T19:00:00+00:00,315.98,316.38,315.7,315.72,215790
2025-06-23T20:00:00+00:00,315.74,316.02,315.14,316.02,382340
2025-06-24T03:00:00+00:00,316.4,316.4,316.4,316.4,15650
2025-06-24T04:00:00+00:00,316.4,318.26,316.02,318.14,888410
2025-06-24T05:00:00+00:00,318.02,318.96,317.7,317.72,778680
2025-06-24T06:00:00+00:00,317.74,318.18,315.72,316.32,1946750
2025-06-24T07:00:00+00:00,316.26,316.94,314.76,316.18,2615560
2025-06-24T08:00:00+00:00,316.18,316.96,314.5,315.7,2088010
2025-06-24T09:00:00+00:00,315.7,316.9,315.1,316.6,1312590
2025-06-24T10:00:00+00:00,316.58,316.7,315.44,315.82,822100
2025-06-24T11:00:00+00:00,315.82,316.2,314.94,315.42,509340
2025-06-24T12:00:00+00:00,315.44,315.74,314.96,315.54,908990
2025-06-24T13:00:00+00:00,315.52,316.5,315.5,315.98,832950
2025-06-24T14:00:00+00:00,315.96,318.08,315.88,317.78,1760630
2025-06-24T15:00:00+00:00,317.78,317.92,317.44,317.5,499720
2025-06-24T16:00:00+00:00,317.5,317.5,316.24,316.7,841600
2025-06-24T17:00:00+00:00,316.7,317.18,316.54,316.9,304130
2025-06-24T18:00:00+00:00,316.82,318.3,316.62,317.92,961150
2025-06-24T19:00:00+00:00,317.94,318.9,317.94,318.72,1060360
2025-06-24T20:00:00+00:00,318.74,319.9,318.74,319.36,958630
2025-06-25T03:00:00+00:00,319.64,319.64,319.64,319.64,7710
2025-06-25T04:00:00+00:00,319.64,319.88,318.74,318.96,1277410
2025-06-25T05:00:00+00:00,319.0,319.48,318.82,319.3,378360
2025-06-25T06:00:00+00:00,319.3,320.36,318.98,319.8,799180
2025-06-25T07:00:00+00:00,319.8,321.5,319.3,321.24,2744000
2025-06-25T08:00:00+00:00,321.24,322.96,321.16,322.3,3184680
2025-06-25T09:00:00+00:00,322.32,322.4,321.44,322.32,1322800
2025-06-25T10:00:00+00:00,322.32,323.58,321.82,323.06,2134860
2025-06-25T11:00:00+00:00,322.92,323.3,322.28,322.76,1446410
2025-06-25T12:00:00+00:00,322.78,323.98,322.76,323.3,1540640
2025-06-25T13:00:00+00:00,323.24,324.0,322.76,323.0,1395770
2025-06-25T14:00:00+00:00,322.98,324.16,321.76,324.04,2685020
2025-06-25T15:00:00+00:00,324.06,324.12,323.04,324.08,1041520
2025-06-25T16:00:00+00:00,323.72,324.38,323.08,323.8,1175180
2025-06-25T17:00:00+00:00,323.84,324.06,323.48,323.58,271130
2025-06-25T18:00:00+00:00,323.62,323.76,323.3,323.38,379680
2025-06-25T19:00:00+00:00,323.38,323.86,323.34,323.78,330160
2025-06-25T20:00:00+00:00,323.76,324.06,323.7,324.06,373670
2025-06-26T03:00:00+00:00,324.72,324.72,324.72,324.72,46930
2025-06-26T04:00:00+00:00,324.78,326.44,324.44,325.88,1394020
2025-06-26T05:00:00+00:00,325.88,326.3,325.64,325.82,342810
2025-06-26T06:00:00+00:00,325.92,326.3,325.34,325.4,677160
2025-06-26T07:00:00+00:00,325.4,325.5,323.9,324.36,2037560
2025-06-26T08:00:00+00:00,324.36,324.72,323.4,323.52,1112810
2025-06-26T09:00:00+00:00,323.52,324.36,323.0,324.28,1503570
2025-06-26T10:00:00+00:00,324.28,325.0,323.5,323.78,1500690
2025-06-26T11:00:00+00:00,323.82,324.28,323.04,324.14,1288240
2025-06-26T12:00:00+00:00,324.22,324.42,323.7,324.16,628120
2025-06-26T13:00:00+00:00,324.14,324.5,323.68,324.12,533140
2025-06-26T14:00:00+00:00,324.1,324.86,323.9,324.3,890130
2025-06-26T15:00:00+00:00,324.28,324.4,323.84,324.4,754530
2025-06-26T16:00:00+00:00,324.1,324.12,323.76,323.84,272740
2025-06-26T17:00:00+00:00,323.86,323.86,322.24,322.88,1263980
2025-06-26T18:00:00+00:00,322.88,323.14,322.78,323.12,276940
2025-06-26T19:00:00+00:00,323.2,323.5,323.1,323.32,150250
2025-06-26T20:00:00+00:00,323.34,323.56,322.92,323.56,353600
2025-06-27T03:00:00+00:00,324.28,324.28,324.28,324.28,5460
2025-06-27T04:00:00+00:00,324.26,324.32,323.56,323.92,514930
2025-06-27T05:00:00+00:00,323.92,323.92,323.32,323.56,232230
2025-06-27T06:00:00+00:00,323.58,323.84,323.42,323.64,272600
2025-06-27T07:00:00+00:00,323.64,323.78,322.76,323.18,1037410
2025-06-27T08:00:00+00:00,323.18,323.8,322.96,323.68,781990
2025-06-27T09:00:00+00:00,323.68,323.88,323.2,323.56,715420
2025-06-27T10:00:00+00:00,323.54,323.8,323.16,323.24,623540
2025-06-27T11:00:00+00:00,323.24,323.6,322.84,323.5,831110
2025-06-27T12:00:00+00:00,323.56,323.8,323.3,323.6,879680
2025-06-27T13:00:00+00:00,323.6,324.98,323.52,324.9,1946280
2025-06-27T14:00:00+00:00,324.92,325.3,324.54,324.9,2015030
2025-06-27T15:00:00+00:00,324.96,325.68,324.96,325.32,1197370
2025-06-27T16:00:00+00:00,325.5,325.82,325.06,325.74,781120
2025-06-27T17:00:00+00:00,325.72,325.82,325.54,325.76,437540
2025-06-27T18:00:00+00:00,325.76,325.76,325.5,325.5,265330
2025-06-27T19:00:00+00:00,325.58,325.82,325.52,325.82,307500
2025-06-27T20:00:00+00:00,325.82,326.0,325.76,326.0,535250
2025-06-27T23:00:00+00:00,326.2,326.38,325.5,326.16,17800
2025-06-28T00:00:00+00:00,326.04,326.16,326.02,326.16,5340
2025-06-28T01:00:00+00:00,326.16,326.16,326.04,326.1,7270
2025-06-28T02:00:00+00:00,326.1,326.1,326.04,326.04,3850
2025-06-28T03:00:00+00:00,326.0,326.08,325.88,326.02,8880
2025-06-28T04:00:00+00:00,325.94,326.1,325.94,326.06,15600
2025-06-28T05:00:00+00:00,326.08,326.28,326.04,326.26,51430
2025-06-28T06:00:00+00:00,326.24,326.4,326.2,326.3,61290
2025-06-28T07:00:00+00:00,326.38,328.32,326.3,327.7,769810
2025-06-28T08:00:00+00:00,327.7,327.8,326.86,327.18,515550
2025-06-28T09:00:00+00:00,327.12,327.46,327.12,327.42,91490
2025-06-28T10:00:00+00:00,327.42,327.44,327.0,327.3,108320
2025-06-28T11:00:00+00:00,327.3,327.44,327.02,327.08,98020
2025-06-28T12:00:00+00:00,327.06,327.2,327.04,327.1,35020
2025-06-28T13:00:00+00:00,327.18,327.28,327.08,327.22,64790
2025-06-28T14:00:00+00:00,327.2,327.22,326.96,327.08,99370
2025-06-28T15:00:00+00:00,327.08,327.1,326.98,327.02,37170
2025-06-28T16:00:00+00:00,327.0,327.0,326.44,326.98,80570
2025-06-28T17:00:00+00:00,326.9,327.0,326.8,326.94,46120
2025-06-28T18:00:00+00:00,326.94,326.98,326.84,326.9,27870
2025-06-28T19:00:00+00:00,326.92,327.06,326.92,327.02,40450
2025-06-28T20:00:00+00:00,327.02,327.36,327.0,327.36,93320
2025-06-28T23:00:00+00:00,326.88,327.76,326.88,327.34,6810
2025-06-29T00:00:00+00:00,327.32,327.32,327.08,327.08,160
2025-06-29T01:00:00+00:00,327.3,327.3,327.1,327.24,300
2025-06-29T02:00:00+00:00,327.14,327.22,327.12,327.22,4930
2025-06-29T03:00:00+00:00,327.18,327.2,327.12,327.18,3980
2025-06-29T04:00:00+00:00,327.14,327.18,327.04,327.06,15600
2025-06-29T05:00:00+00:00,327.04,327.22,327.04,327.22,13290
2025-06-29T06:00:00+00:00,327.2,327.22,327.04,327.04,3820
2025-06-29T07:00:00+00:00,327.04,327.44,327.04,327.22,66390
2025-06-29T08:00:00+00:00,327.26,327.3,327.16,327.2,28410
2025-06-29T09:00:00+00:00,327.18,327.22,327.1,327.2,44880
2025-06-29T10:00:00+00:00,327.2,327.2,327.02,327.1,87470
2025-06-29T11:00:00+00:00,327.1,327.18,327.1,327.12,21040
2025-06-29T12:00:00+00:00,327.14,327.24,327.12,327.2,87930
2025-06-29T13:00:00+00:00,327.22,328.24,327.16,327.42,953930
2025-06-29T14:00:00+00:00,327.42,327.5,327.02,327.24,262500
2025-06-29T15:00:00+00:00,327.22,327.26,327.08,327.2,133000
2025-06-29T16:00:00+00:00,327.02,327.24,327.0,327.18,32230
2025-06-29T17:00:00+00:00,327.16,327.26,327.04,327.18,37410
2025-06-29T18:00:00+00:00,327.12,327.22,327.1,327.12,45040
2025-06-29T19:00:00+00:00,327.12,327.18,326.82,326.94,65430
2025-06-29T20:00:00+00:00,327.08,327.18,326.82,326.96,64770
2025-06-30T03:00:00+00:00,327.16,327.16,327.16,327.16,11510
2025-06-30T04:00:00+00:00,327.18,327.9,327.16,327.76,479320
2025-06-30T05:00:00+00:00,327.74,327.96,327.5,327.56,399520
2025-06-30T06:00:00+00:00,327.56,328.28,327.42,328.14,681190
2025-06-30T07:00:00+00:00,328.1,328.7,326.16,326.6,3868110
2025-06-30T08:00:00+00:00,326.52,327.1,325.12,325.48,3195190
2025-06-30T09:00:00+00:00,325.42,326.24,324.7,324.92,1616490
2025-06-30T10:00:00+00:00,324.9,327.28,324.72,326.92,3482870
2025-06-30T11:00:00+00:00,326.86,327.26,326.66,326.8,1150870
2025-06-30T12:00:00+00:00,326.8,327.38,326.48,326.92,1191140
2025-06-30T13:00:00+00:00,326.92,327.14,326.1,326.3,991280
2025-06-30T14:00:00+00:00,326.34,327.62,326.14,327.3,1106020
2025-06-30T15:00:00+00:00,327.28,327.62,326.6,326.86,778240
2025-06-30T16:00:00+00:00,326.88,326.9,326.64,326.82,213560
2025-06-30T17:00:00+00:00,326.82,326.96,326.72,326.9,241150
2025-06-30T18:00:00+00:00,326.9,326.94,326.78,326.8,114970
2025-06-30T19:00:00+00:00,326.8,326.88,326.74,326.84,148530
2025-06-30T20:00:00+00:00,326.82,326.9,326.62,326.8,357310
2025-07-01T03:00:00+00:00,326.88,326.88,326.88,326.88,16760
2025-07-01T04:00:00+00:00,326.88,327.38,326.42,327.28,659770
2025-07-01T05:00:00+00:00,327.26,327.38,326.86,327.28,275830
2025-07-01T06:00:00+00:00,327.2,328.16,327.0,327.9,695060
2025-07-01T07:00:00+00:00,327.96,327.98,326.8,327.66,1648780
2025-07-01T08:00:00+00:00,327.66,328.64,327.66,327.8,2113440
2025-07-01T09:00:00+00:00,327.78,327.98,327.02,327.92,1510420
2025-07-01T10:00:00+00:00,327.92,328.0,327.4,328.0,851880
2025-07-01T11:00:00+00:00,328.0,329.0,327.98,328.84,1581170
2025-07-01T12:00:00+00:00,328.82,329.6,328.72,329.38,1659550
2025-07-01T13:00:00+00:00,329.34,330.12,329.18,329.36,1850780
2025-07-01T14:00:00+00:00,329.4,329.78,329.06,329.28,1162290
2025-07-01T15:00:00+00:00,329.28,329.48,328.5,328.68,1190450
2025-07-01T16:00:00+00:00,328.68,329.5,328.6,328.72,971400
2025-07-01T17:00:00+00:00,328.72,328.92,328.52,328.6,357200
2025-07-01T18:00:00+00:00,328.6,328.8,327.3,327.98,1135460
2025-07-01T19:00:00+00:00,327.96,327.96,327.4,327.74,603230
2025-07-01T20:00:00+00:00,327.72,328.2,327.58,327.88,305610
2025-07-02T03:00:00+00:00,328.1,328.1,328.1,328.1,11780
2025-07-02T04:00:00+00:00,328.12,328.48,328.0,328.12,636390
2025-07-02T05:00:00+00:00,328.16,328.3,328.0,328.1,193110
2025-07-02T06:00:00+00:00,328.12,328.2,326.04,327.26,1651490
2025-07-02T07:00:00+00:00,327.28,327.28,326.3,326.72,1345950
2025-07-02T08:00:00+00:00,326.72,327.26,325.92,326.3,1936730
2025-07-02T09:00:00+00:00,326.32,326.84,325.56,326.68,1332320
2025-07-02T10:00:00+00:00,326.7,326.76,325.6,326.24,1345290
2025-07-02T11:00:00+00:00,326.26,327.58,326.1,327.16,1234980
2025-07-02T12:00:00+00:00,327.2,328.3,327.04,328.26,1319770
2025-07-02T13:00:00+00:00,328.24,328.34,327.32,327.56,1175720
2025-07-02T14:00:00+00:00,327.56,327.66,326.6,326.74,990320
2025-07-02T15:00:00+00:00,326.7,327.18,325.74,326.02,1118860
2025-07-02T16:00:00+00:00,326.42,327.2,326.3,326.62,1196870
2025-07-02T17:00:00+00:00,326.6,326.96,326.5,326.64,184820
2025-07-02T18:00:00+00:00,326.64,326.8,326.2,326.44,167980
2025-07-02T19:00:00+00:00,326.44,326.5,326.2,326.48,143020
2025-07-02T20:00:00+00:00,326.5,326.82,326.28,326.82,197770
2025-07-03T03:00:00+00:00,327.08,327.08,327.08,327.08,14840
2025-07-03T04:00:00+00:00,327.06,327.2,326.7,326.78,189280
2025-07-03T05:00:00+00:00,326.78,327.08,326.66,327.08,80890
2025-07-03T06:00:00+00:00,327.04,327.08,326.18,326.52,289810
2025-07-03T07:00:00+00:00,326.52,326.82,325.98,326.68,1260320
2025-07-03T08:00:00+00:00,326.78,327.78,326.58,327.66,1484420
2025-07-03T09:00:00+00:00,327.64,327.9,327.3,327.44,906480
2025-07-03T10:00:00+00:00,327.48,327.74,326.9,327.34,714770
2025-07-03T11:00:00+00:00,327.32,327.48,326.24,327.1,751380
2025-07-03T12:00:00+00:00,327.08,327.38,326.48,326.8,660610
2025-07-03T13:00:00+00:00,326.84,327.58,326.32,327.28,1506410
2025-07-03T14:00:00+00:00,327.28,327.5,326.84,327.38,819140
2025-07-03T15:00:00+00:00,327.38,327.4,326.86,326.9,562730
2025-07-03T16:00:00+00:00,327.08,327.16,325.5,325.84,1174520
2025-07-03T17:00:00+00:00,325.84,325.84,325.02,325.24,774560
2025-07-03T18:00:00+00:00,325.22,325.24,324.82,324.84,417580
2025-07-03T19:00:00+00:00,324.84,325.06,323.5,323.84,807050
2025-07-03T20:00:00+00:00,323.86,324.44,323.52,324.44,429550
2025-07-04T03:00:00+00:00,323.98,323.98,323.98,323.98,4310
2025-07-04T04:00:00+00:00,323.9,324.52,322.64,324.28,1201320
2025-07-04T05:00:00+00:00,324.16,324.16,323.18,323.54,378290
2025-07-04T06:00:00+00:00,323.72,325.74,323.72,324.28,942720
2025-07-04T07:00:00+00:00,324.26,325.6,323.86,324.38,1932670
2025-07-04T08:00:00+00:00,324.3,324.66,322.04,322.7,3019910
2025-07-04T09:00:00+00:00,322.68,322.82,321.82,322.82,1091280
2025-07-04T10:00:00+00:00,322.8,323.4,322.38,323.1,798310
2025-07-04T11:00:00+00:00,323.1,323.8,322.8,323.44,832190
2025-07-04T12:00:00+00:00,323.46,323.48,322.5,322.58,639870
2025-07-04T13:00:00+00:00,322.62,322.76,322.08,322.2,507390
2025-07-04T14:00:00+00:00,322.22,322.44,321.2,322.38,858850
2025-07-04T15:00:00+00:00,322.36,322.38,321.72,321.78,198360
2025-07-04T16:00:00+00:00,321.78,321.8,321.0,321.48,465760
2025-07-04T17:00:00+00:00,321.46,321.6,320.82,320.98,306810
2025-07-04T18:00:00+00:00,320.92,321.4,320.92,321.22,208700
2025-07-04T19:00:00+00:00,321.22,321.66,321.02,321.48,181420
2025-07-04T20:00:00+00:00,321.5,321.78,321.5,321.74,190700
2025-07-04T23:00:00+00:00,321.66,322.16,320.86,321.92,1310
2025-07-05T00:00:00+00:00,321.92,321.92,321.56,321.6,1070
2025-07-05T01:00:00+00:00,321.8,322.08,321.8,321.96,1650
2025-07-05T02:00:00+00:00,322.08,322.22,322.0,322.0,5610
2025-07-05T03:00:00+00:00,322.04,322.2,322.04,322.18,6710
2025-07-05T04:00:00+00:00,322.08,322.16,322.02,322.04,10330
2025-07-05T05:00:00+00:00,322.08,322.08,321.9,322.08,8330
2025-07-05T06:00:00+00:00,322.06,322.06,321.8,321.86,10560
2025-07-05T07:00:00+00:00,322.0,322.2,321.86,322.12,74960
2025-07-05T08:00:00+00:00,322.12,322.16,322.0,322.0,35530
2025-07-05T09:00:00+00:00,322.08,322.08,321.62,321.66,70190
2025-07-05T10:00:00+00:00,321.68,321.78,321.52,321.66,51710
2025-07-05T11:00:00+00:00,321.56,321.7,321.54,321.7,20330
2025-07-05T12:00:00+00:00,321.64,321.76,321.64,321.72,12440
2025-07-05T13:00:00+00:00,321.66,321.76,321.66,321.7,5170
2025-07-05T14:00:00+00:00,321.7,321.74,321.58,321.6,14480
2025-07-05T15:00:00+00:00,321.58,321.6,321.54,321.6,25340
2025-07-05T16:00:00+00:00,321.18,321.66,321.18,321.6,15710
2025-07-05T17:00:00+00:00,321.48,321.58,321.48,321.48,9820
2025-07-05T18:00:00+00:00,321.48,321.6,321.48,321.5,29490
2025-07-05T19:00:00+00:00,321.52,321.6,321.04,321.38,58810
2025-07-05T20:00:00+00:00,321.38,321.4,321.16,321.18,28910
2025-07-05T23:00:00+00:00,321.02,321.96,321.02,321.42,4410
2025-07-06T00:00:00+00:00,321.42,321.74,321.42,321.74,1520
2025-07-06T01:00:00+00:00,321.56,321.74,321.56,321.68,160
2025-07-06T02:00:00+00:00,321.58,321.68,321.56,321.56,940
2025-07-06T03:00:00+00:00,321.58,321.58,321.54,321.58,330
2025-07-06T04:00:00+00:00,321.58,321.6,321.54,321.58,7330
2025-07-06T05:00:00+00:00,321.58,321.6,321.5,321.5,7700
2025-07-06T06:00:00+00:00,321.5,321.58,321.34,321.56,7870
2025-07-06T07:00:00+00:00,321.56,321.56,320.32,320.88,124860
2025-07-06T08:00:00+00:00,320.88,320.88,320.18,320.82,76530
2025-07-06T09:00:00+00:00,320.86,320.98,320.8,320.92,33880
2025-07-06T10:00:00+00:00,320.92,320.94,320.88,320.9,9920
2025-07-06T11:00:00+00:00,320.9,320.94,320.86,320.9,14120
2025-07-06T12:00:00+00:00,320.9,320.94,320.86,320.9,8400
2025-07-06T13:00:00+00:00,320.92,321.08,320.9,321.0,17400
2025-07-06T14:00:00+00:00,321.0,321.28,320.96,321.14,33760
2025-07-06T15:00:00+00:00,321.12,321.22,321.12,321.16,8320
2025-07-06T16:00:00+00:00,321.02,321.64,321.02,321.16,5800
2025-07-06T17:00:00+00:00,321.08,321.16,321.06,321.1,5150
2025-07-06T18:00:00+00:00,321.08,321.1,321.02,321.06,20160
2025-07-06T19:00:00+00:00,321.06,321.14,321.04,321.12,12900
2025-07-06T20:00:00+00:00,321.12,321.2,321.04,321.18,35800
2025-07-07T03:00:00+00:00,321.52,321.52,321.52,321.52,1020
2025-07-07T04:00:00+00:00,321.36,321.52,320.26,320.76,406160
2025-07-07T05:00:00+00:00,320.76,320.88,320.32,320.6,105290
2025-07-07T06:00:00+00:00,320.64,321.28,320.64,320.98,413400
2025-07-07T07:00:00+00:00,320.94,321.5,320.68,321.08,917070
2025-07-07T08:00:00+00:00,321.02,321.44,320.74,320.82,457540
2025-07-07T09:00:00+00:00,320.82,323.28,320.6,322.84,1776590
2025-07-07T10:00:00+00:00,322.82,323.1,321.52,321.82,902830
2025-07-07T11:00:00+00:00,321.82,322.46,321.7,322.34,399640
2025-07-07T12:00:00+00:00,322.38,322.56,321.92,321.96,412280
2025-07-07T13:00:00+00:00,321.96,322.44,321.62,321.62,373400
2025-07-07T14:00:00+00:00,321.7,322.0,321.3,321.86,546250
2025-07-07T15:00:00+00:00,321.84,321.96,321.42,321.6,326730
2025-07-07T16:00:00+00:00,321.42,321.6,321.12,321.26,224160
2025-07-07T17:00:00+00:00,321.26,321.4,319.28,319.7,1284160
2025-07-07T18:00:00+00:00,319.68,319.86,319.28,319.5,498230
2025-07-07T19:00:00+00:00,319.5,319.5,319.18,319.2,255330
2025-07-07T20:00:00+00:00,319.18,319.4,318.76,318.8,323990
2025-07-08T03:00:00+00:00,318.9,318.9,318.9,318.9,18710
2025-07-08T04:00:00+00:00,319.0,319.48,318.22,319.04,695710
2025-07-08T05:00:00+00:00,319.02,319.3,318.52,319.08,405640
2025-07-08T06:00:00+00:00,319.1,319.4,318.82,319.4,335870
2025-07-08T07:00:00+00:00,319.4,320.12,318.68,319.72,2732080
2025-07-08T08:00:00+00:00,319.7,320.24,319.1,319.92,1176890
2025-07-08T09:00:00+00:00,319.92,321.0,319.58,321.0,760250
2025-07-08T10:00:00+00:00,321.0,321.68,320.16,320.48,1442840
2025-07-08T11:00:00+00:00,320.48,320.7,319.62,319.72,647330
2025-07-08T12:00:00+00:00,319.72,320.22,319.0,319.1,1025070
2025-07-08T13:00:00+00:00,319.1,319.64,318.78,319.22,911940
2025-07-08T14:00:00+00:00,319.24,320.58,319.08,320.48,689040
2025-07-08T15:00:00+00:00,320.5,320.86,320.18,320.44,800790
2025-07-08T16:00:00+00:00,320.44,320.58,316.2,316.9,2605360
2025-07-08T17:00:00+00:00,316.92,317.3,315.22,315.7,1306340
2025-07-08T18:00:00+00:00,315.66,315.9,315.1,315.68,809230
2025-07-08T19:00:00+00:00,315.66,316.06,315.56,316.02,299810
2025-07-08T20:00:00+00:00,316.02,316.04,315.22,315.7,373540
2025-07-09T03:00:00+00:00,315.8,315.8,315.8,315.8,2880
2025-07-09T04:00:00+00:00,315.74,316.92,315.7,316.64,596980
2025-07-09T05:00:00+00:00,316.64,316.8,316.14,316.32,318160
2025-07-09T06:00:00+00:00,316.3,317.6,316.2,317.42,932250
2025-07-09T07:00:00+00:00,317.44,317.5,315.68,316.46,2551180
2025-07-09T08:00:00+00:00,316.4,317.74,315.9,317.58,1165400
2025-07-09T09:00:00+00:00,317.58,317.72,316.2,316.68,1842630
2025-07-09T10:00:00+00:00,316.6,317.8,316.2,317.74,1270870
2025-07-09T11:00:00+00:00,317.74,318.24,317.36,318.14,1105170
2025-07-09T12:00:00+00:00,318.14,319.2,318.0,318.14,1105460
2025-07-09T13:00:00+00:00,318.1,318.16,317.6,317.98,550240
2025-07-09T14:00:00+00:00,317.98,318.0,316.38,316.88,1198950
2025-07-09T15:00:00+00:00,316.9,317.14,315.54,316.92,867390
2025-07-09T16:00:00+00:00,317.06,318.1,316.52,317.9,1154670
2025-07-09T17:00:00+00:00,317.9,318.12,316.88,317.22,482380
2025-07-09T18:00:00+00:00,317.22,317.9,316.96,317.6,226630
2025-07-09T19:00:00+00:00,317.6,318.1,317.48,317.96,451250
2025-07-09T20:00:00+00:00,317.92,318.24,317.64,318.24,301430
2025-07-10T03:00:00+00:00,318.48,318.48,318.48,318.48,7430
2025-07-10T04:00:00+00:00,318.48,320.0,318.3,319.76,795800
2025-07-10T05:00:00+00:00,319.8,319.88,317.6,318.82,692000
2025-07-10T06:00:00+00:00,318.8,319.56,318.74,319.12,324770
2025-07-10T07:00:00+00:00,319.1,319.7,318.66,319.28,1059080
2025-07-10T08:00:00+00:00,319.34,319.46,318.62,318.78,697680
2025-07-10T09:00:00+00:00,318.72,319.24,318.2,319.02,827280
2025-07-10T10:00:00+00:00,319.02,319.24,318.24,318.26,493800
2025-07-10T11:00:00+00:00,318.28,318.8,317.72,318.06,1095960
2025-07-10T12:00:00+00:00,318.08,319.8,317.76,319.62,1232040
2025-07-10T13:00:00+00:00,319.64,320.56,319.52,320.3,1244970
2025-07-10T14:00:00+00:00,320.36,321.38,320.3,321.3,1258150
2025-07-10T15:00:00+00:00,321.3,321.3,320.76,321.2,411160
2025-07-10T16:00:00+00:00,321.2,321.2,319.62,319.74,656400
2025-07-10T17:00:00+00:00,319.8,320.46,319.7,320.42,196490
2025-07-10T18:00:00+00:00,320.44,320.56,319.7,320.04,184110
2025-07-10T19:00:00+00:00,320.0,320.2,319.76,319.9,190340
2025-07-10T20:00:00+00:00,319.92,320.08,319.86,319.98,243790
2025-07-11T03:00:00+00:00,320.2,320.2,320.2,320.2,2470
2025-07-11T04:00:00+00:00,320.2,320.68,319.8,320.06,555630
2025-07-11T05:00:00+00:00,320.02,320.06,319.02,319.32,685830
2025-07-11T06:00:00+00:00,319.24,319.32,318.4,318.6,565680
2025-07-11T07:00:00+00:00,318.6,319.58,318.38,318.82,1167800
2025-07-11T08:00:00+00:00,318.74,318.9,316.78,317.18,1468290
2025-07-11T09:00:00+00:00,317.2,317.36,316.14,316.36,1362640
2025-07-11T10:00:00+00:00,316.38,317.02,316.22,316.84,895790
2025-07-11T11:00:00+00:00,316.82,317.0,316.5,316.82,671850
2025-07-11T12:00:00+00:00,316.82,317.8,316.72,317.46,825650
2025-07-11T13:00:00+00:00,317.42,318.0,316.92,317.8,768690
2025-07-11T14:00:00+00:00,317.84,317.88,315.64,315.64,1811210
2025-07-11T15:00:00+00:00,315.64,316.1,314.28,314.68,2517980
2025-07-11T16:00:00+00:00,314.6,315.36,314.3,315.12,781430
2025-07-11T17:00:00+00:00,315.12,315.12,313.92,314.1,481860
2025-07-11T18:00:00+00:00,314.12,314.12,312.64,312.9,781560
2025-07-11T19:00:00+00:00,312.88,313.14,312.28,312.32,345100
2025-07-11T20:00:00+00:00,312.32,312.44,311.52,311.94,448860
2025-07-11T23:00:00+00:00,313.8,313.8,311.36,311.4,12900
2025-07-12T00:00:00+00:00,311.94,312.1,311.6,312.1,3430
2025-07-12T01:00:00+00:00,312.18,313.1,312.0,313.06,30070
2025-07-12T02:00:00+00:00,313.06,313.06,312.28,312.66,5580
2025-07-12T03:00:00+00:00,312.66,313.04,312.56,313.0,10530
2025-07-12T04:00:00+00:00,313.0,313.08,312.62,312.92,54120
2025-07-12T05:00:00+00:00,312.82,312.9,312.0,312.44,50480
2025-07-12T06:00:00+00:00,312.18,312.48,312.12,312.48,16890
2025-07-12T07:00:00+00:00,312.4,312.86,312.1,312.66,195980
2025-07-12T08:00:00+00:00,312.6,312.68,312.22,312.38,108810
2025-07-12T09:00:00+00:00,312.38,312.48,312.22,312.38,24020
2025-07-12T10:00:00+00:00,312.24,312.4,312.2,312.26,23280
2025-07-12T11:00:00+00:00,312.28,312.34,311.58,311.9,123830
2025-07-12T12:00:00+00:00,311.9,311.92,311.6,311.82,39020
2025-07-12T13:00:00+00:00,311.8,311.84,311.02,311.28,121480
2025-07-12T14:00:00+00:00,311.26,311.42,311.06,311.42,64390
2025-07-12T15:00:00+00:00,311.42,311.52,311.3,311.4,47490
2025-07-12T16:00:00+00:00,311.56,311.58,310.78,311.14,49050
2025-07-12T17:00:00+00:00,311.16,311.48,311.12,311.34,46550
2025-07-12T18:00:00+00:00,311.44,311.44,311.22,311.22,22690
2025-07-12T19:00:00+00:00,311.28,311.4,311.18,311.28,20640
2025-07-12T20:00:00+00:00,311.26,311.44,311.16,311.38,54480
2025-07-12T23:00:00+00:00,311.38,311.9,311.26,311.58,5720
2025-07-13T00:00:00+00:00,311.58,311.68,311.32,311.66,410
2025-07-13T01:00:00+00:00,311.62,311.64,311.26,311.58,1430
2025-07-13T02:00:00+00:00,311.58,311.58,311.44,311.58,490
2025-07-13T03:00:00+00:00,311.58,311.64,311.4,311.62,8390
2025-07-13T04:00:00+00:00,311.5,311.78,311.46,311.7,11820
2025-07-13T05:00:00+00:00,311.7,312.0,311.58,312.0,15940
2025-07-13T06:00:00+00:00,311.96,312.06,311.64,311.66,10620
2025-07-13T07:00:00+00:00,311.94,312.08,311.42,311.44,82180
2025-07-13T08:00:00+00:00,311.46,311.54,309.76,310.34,281960
2025-07-13T09:00:00+00:00,310.34,310.36,309.28,309.98,193960
2025-07-13T10:00:00+00:00,310.02,310.02,309.28,309.4,83760
2025-07-13T11:00:00+00:00,309.4,309.4,307.74,308.64,529220
2025-07-13T12:00:00+00:00,308.54,308.64,308.0,308.3,55730
2025-07-13T13:00:00+00:00,308.3,308.54,308.2,308.5,41610
2025-07-13T14:00:00+00:00,308.5,309.38,308.46,309.32,86040
2025-07-13T15:00:00+00:00,309.32,309.4,309.12,309.3,76990
2025-07-13T16:00:00+00:00,309.14,309.44,309.12,309.3,25210
2025-07-13T17:00:00+00:00,309.32,309.32,308.2,308.58,48620
2025-07-13T18:00:00+00:00,308.8,309.1,306.14,307.42,71480
2025-07-13T19:00:00+00:00,307.4,308.5,307.14,307.34,61850
2025-07-13T20:00:00+00:00,307.36,308.0,307.02,307.88,99180
2025-07-14T03:00:00+00:00,307.9,307.9,307.9,307.9,12900
2025-07-14T04:00:00+00:00,307.88,309.26,307.04,308.4,1298950
2025-07-14T05:00:00+00:00,308.4,308.42,306.7,307.9,576320
2025-07-14T06:00:00+00:00,307.86,315.46,307.42,312.9,2756330
2025-07-14T07:00:00+00:00,312.9,318.5,312.52,318.04,7681440
2025-07-14T08:00:00+00:00,318.08,318.28,316.16,316.84,3625250
2025-07-14T09:00:00+00:00,316.82,317.9,315.3,315.54,2191900
2025-07-14T10:00:00+00:00,315.56,316.5,315.26,315.5,871430
2025-07-14T11:00:00+00:00,315.52,315.76,313.14,313.8,1446910
2025-07-14T12:00:00+00:00,313.8,316.32,313.48,315.54,1900010
2025-07-14T13:00:00+00:00,315.64,315.68,313.2,314.0,1526440
2025-07-14T14:00:00+00:00,313.96,315.38,313.76,313.82,756440
2025-07-14T15:00:00+00:00,313.82,320.92,313.04,320.5,4831970
2025-07-14T16:00:00+00:00,320.5,324.16,320.32,322.44,4418930
2025-07-14T17:00:00+00:00,322.56,322.84,321.14,322.22,1255330
2025-07-14T18:00:00+00:00,322.24,323.16,321.9,322.78,378180
2025-07-14T19:00:00+00:00,322.78,323.5,322.68,323.44,395190
2025-07-14T20:00:00+00:00,323.44,324.36,323.28,324.3,859550
2025-07-15T03:00:00+00:00,324.4,324.4,324.4,324.4,13010
2025-07-15T04:00:00+00:00,324.48,324.7,322.96,323.3,1250010
2025-07-15T05:00:00+00:00,323.48,324.16,323.46,323.76,514700
2025-07-15T06:00:00+00:00,323.74,325.4,323.42,324.98,1533940
2025-07-15T07:00:00+00:00,324.82,325.0,322.82,323.08,1879200
2025-07-15T08:00:00+00:00,323.06,325.4,322.98,325.2,2152520
2025-07-15T09:00:00+00:00,325.22,333.5,324.8,332.66,7022580
2025-07-15T10:00:00+00:00,332.66,333.4,331.12,332.1,3895620
2025-07-15T11:00:00+00:00,332.1,332.2,331.4,331.92,1453200
2025-07-15T12:00:00+00:00,331.92,332.14,330.48,331.44,1690400
2025-07-15T13:00:00+00:00,331.46,332.08,330.94,331.08,1262190
2025-07-15T14:00:00+00:00,331.32,331.8,330.62,330.68,1248890
2025-07-15T15:00:00+00:00,330.66,331.0,330.6,331.0,537950
2025-07-15T16:00:00+00:00,330.84,331.48,330.5,331.3,527790
2025-07-15T17:00:00+00:00,331.26,331.5,330.98,331.36,223200
2025-07-15T18:00:00+00:00,331.32,331.56,331.06,331.3,292970
2025-07-15T19:00:00+00:00,331.32,331.46,330.92,331.06,288400
2025-07-15T20:00:00+00:00,331.0,331.7,330.76,331.68,458630
2025-07-16T03:00:00+00:00,331.66,331.66,331.66,331.66,22020
2025-07-16T04:00:00+00:00,331.62,332.08,331.34,331.94,619870
2025-07-16T05:00:00+00:00,331.98,332.9,331.64,332.64,781670
2025-07-16T06:00:00+00:00,332.64,332.72,331.76,332.18,885270
2025-07-16T07:00:00+00:00,332.22,332.44,329.62,330.3,3335400
2025-07-16T08:00:00+00:00,330.3,332.86,330.2,331.46,2386410
2025-07-16T09:00:00+00:00,331.4,334.7,331.08,334.7,3176780
2025-07-16T10:00:00+00:00,334.7,336.4,334.52,335.34,3695270
2025-07-16T11:00:00+00:00,335.28,336.34,335.04,335.8,1605730
2025-07-16T12:00:00+00:00,335.8,336.0,334.7,335.04,1473370
2025-07-16T13:00:00+00:00,335.02,335.44,333.1,333.92,2302060
2025-07-16T14:00:00+00:00,333.98,334.5,333.62,334.0,2039040
2025-07-16T15:00:00+00:00,333.98,334.5,333.26,334.5,2491720
2025-07-16T16:00:00+00:00,334.6,335.68,334.6,334.96,1634190
2025-07-16T17:00:00+00:00,335.0,335.1,334.9,334.94,529750
2025-07-16T18:00:00+00:00,334.96,335.0,334.34,334.5,407080
2025-07-16T19:00:00+00:00,334.5,334.88,334.48,334.66,357470
2025-07-16T20:00:00+00:00,334.66,335.1,334.66,335.1,742560
2025-07-17T04:00:00+00:00,334.0,334.0,331.88,332.84,427770
2025-07-17T05:00:00+00:00,332.86,333.48,332.8,333.38,197080
2025-07-17T06:00:00+00:00,333.38,333.5,332.7,333.5,196810
2025-07-17T07:00:00+00:00,333.48,334.94,333.2,334.72,2867280
2025-07-17T08:00:00+00:00,334.72,334.76,333.22,333.6,1814280
2025-07-17T09:00:00+00:00,333.6,333.96,333.0,333.88,1495370
2025-07-17T10:00:00+00:00,333.9,334.16,332.9,333.0,1897860
2025-07-17T11:00:00+00:00,333.0,333.12,331.26,331.9,2314370
2025-07-17T12:00:00+00:00,331.98,332.16,330.34,330.34,832490
2025-07-17T13:00:00+00:00,330.38,330.86,328.42,328.92,2438910
2025-07-17T14:00:00+00:00,328.92,329.62,328.04,328.44,1555710
2025-07-17T15:00:00+00:00,328.52,329.48,328.32,329.38,605610
2025-07-17T16:00:00+00:00,329.4,329.4,325.72,325.9,2348320
2025-07-17T17:00:00+00:00,325.88,328.08,325.7,327.9,1142130
2025-07-17T18:00:00+00:00,327.9,327.9,326.88,327.0,362590
2025-07-17T19:00:00+00:00,327.02,327.86,326.66,327.1,400290
2025-07-17T20:00:00+00:00,327.1,328.16,326.98,328.16,467580
2025-07-18T03:00:00+00:00,328.3,328.3,328.3,328.3,12040
2025-07-18T04:00:00+00:00,328.28,329.9,328.2,328.32,788120
2025-07-18T05:00:00+00:00,328.32,329.2,328.06,329.06,477120
2025-07-18T06:00:00+00:00,329.06,329.6,328.28,328.58,848630
2025-07-18T07:00:00+00:00,328.5,333.12,328.44,331.64,4445280
2025-07-18T08:00:00+00:00,331.64,334.3,331.48,333.3,3385880
2025-07-18T09:00:00+00:00,333.44,333.82,332.58,333.08,2075570
2025-07-18T10:00:00+00:00,333.1,335.46,333.08,334.56,2452560
2025-07-18T11:00:00+00:00,334.56,335.0,333.12,333.5,2005710
2025-07-18T12:00:00+00:00,333.5,334.0,332.5,332.84,1154390
2025-07-18T13:00:00+00:00,332.86,334.44,332.68,334.04,1317280
2025-07-18T14:00:00+00:00,334.04,335.08,333.0,333.16,2138470
2025-07-18T15:00:00+00:00,333.18,334.46,332.68,334.04,793970
2025-07-18T16:00:00+00:00,334.04,334.4,332.96,333.08,733340
2025-07-18T17:00:00+00:00,333.02,333.88,333.02,333.6,421110
2025-07-18T18:00:00+00:00,333.58,333.68,333.3,333.32,418560
2025-07-18T19:00:00+00:00,333.32,333.9,333.3,333.88,613470
2025-07-18T20:00:00+00:00,333.84,334.14,333.56,334.1,659520
2025-07-18T23:00:00+00:00,334.96,334.96,333.72,333.9,14100
2025-07-19T00:00:00+00:00,334.12,334.2,333.76,333.98,1710
2025-07-19T01:00:00+00:00,333.98,333.98,333.3,333.92,21280
2025-07-19T02:00:00+00:00,333.9,334.86,333.56,334.46,8400
2025-07-19T03:00:00+00:00,334.16,334.6,334.16,334.52,24040
2025-07-19T04:00:00+00:00,334.52,335.8,334.32,334.98,106600
2025-07-19T05:00:00+00:00,334.82,334.98,334.62,334.66,28540
2025-07-19T06:00:00+00:00,334.68,334.8,334.18,334.18,37120
2025-07-19T07:00:00+00:00,334.18,336.7,333.7,335.78,1824880
2025-07-19T08:00:00+00:00,335.78,335.8,335.2,335.6,350260
2025-07-19T09:00:00+00:00,335.6,335.88,335.2,335.32,191460
2025-07-19T10:00:00+00:00,335.34,335.68,335.3,335.3,145350
2025-07-19T11:00:00+00:00,335.3,335.5,335.3,335.46,62730
2025-07-19T12:00:00+00:00,335.42,335.46,335.3,335.34,52370
2025-07-19T13:00:00+00:00,335.34,335.38,335.24,335.28,56040
2025-07-19T14:00:00+00:00,335.28,335.38,335.0,335.14,162880
2025-07-19T15:00:00+00:00,335.06,335.28,335.06,335.18,76860
2025-07-19T16:00:00+00:00,335.42,335.44,334.5,334.7,78970
2025-07-19T17:00:00+00:00,334.66,335.86,334.52,335.44,474070
2025-07-19T18:00:00+00:00,335.42,335.6,335.24,335.46,120170
2025-07-19T19:00:00+00:00,335.5,335.6,335.2,335.32,111770
2025-07-19T20:00:00+00:00,335.32,335.46,334.82,335.32,94710
2025-07-19T23:00:00+00:00,335.9,336.16,335.5,335.8,12660
2025-07-20T00:00:00+00:00,335.8,335.9,335.76,335.76,3300
2025-07-20T01:00:00+00:00,335.88,335.88,335.32,335.32,2240
2025-07-20T02:00:00+00:00,335.32,335.76,335.32,335.76,1460
2025-07-20T03:00:00+00:00,335.44,335.74,335.36,335.58,11640
2025-07-20T04:00:00+00:00,335.58,335.7,335.52,335.66,10600
2025-07-20T05:00:00+00:00,335.66,335.7,335.4,335.5,32720
2025-07-20T06:00:00+00:00,335.56,335.84,335.4,335.84,34710
2025-07-20T07:00:00+00:00,335.8,335.84,334.84,335.58,420740
2025-07-20T08:00:00+00:00,335.68,335.72,335.02,335.36,221940
2025-07-20T09:00:00+00:00,335.42,335.42,335.04,335.2,65020
2025-07-20T10:00:00+00:00,335.2,335.34,335.2,335.24,41160
2025-07-20T11:00:00+00:00,335.3,335.34,335.08,335.32,80100
2025-07-20T12:00:00+00:00,335.32,335.38,335.2,335.2,54030
2025-07-20T13:00:00+00:00,335.2,335.3,335.2,335.3,71340
2025-07-20T14:00:00+00:00,335.3,335.44,335.24,335.36,92700
2025-07-20T15:00:00+00:00,335.34,335.38,335.08,335.26,142740
2025-07-20T16:00:00+00:00,332.0,335.46,325.86,335.0,70400
2025-07-20T17:00:00+00:00,334.94,335.16,334.56,335.12,69590
2025-07-20T18:00:00+00:00,335.12,335.14,334.82,335.1,25240
2025-07-20T19:00:00+00:00,335.1,335.1,334.9,335.02,16650
2025-07-20T20:00:00+00:00,335.0,335.2,334.92,335.2,33080
2025-07-21T03:00:00+00:00,335.72,335.72,335.72,335.72,7180
2025-07-21T04:00:00+00:00,335.46,336.5,335.3,336.44,1002250
2025-07-21T05:00:00+00:00,336.44,337.88,336.4,337.76,1478650
2025-07-21T06:00:00+00:00,337.76,337.8,335.86,336.9,2797700
2025-07-21T07:00:00+00:00,336.84,337.54,335.52,336.0,2837180
2025-07-21T08:00:00+00:00,336.02,336.72,335.2,336.3,1619170
2025-07-21T09:00:00+00:00,336.3,337.06,336.14,337.04,1448980
2025-07-21T10:00:00+00:00,337.04,337.6,336.24,336.58,2053970
2025-07-21T11:00:00+00:00,336.62,336.88,336.2,336.82,646190
2025-07-21T12:00:00+00:00,336.84,336.92,336.44,336.74,540170
2025-07-21T13:00:00+00:00,336.78,337.38,336.4,336.72,1276330
2025-07-21T14:00:00+00:00,336.72,337.04,336.0,336.62,989310
2025-07-21T15:00:00+00:00,336.62,336.7,335.46,335.98,694550
2025-07-21T16:00:00+00:00,335.98,335.98,335.12,335.8,723670
2025-07-21T17:00:00+00:00,335.84,336.52,335.4,336.06,535360
2025-07-21T18:00:00+00:00,336.02,336.6,335.94,336.5,313830
2025-07-21T19:00:00+00:00,336.44,336.54,336.02,336.16,250600
2025-07-21T20:00:00+00:00,336.12,336.18,335.5,335.8,294920
2025-07-22T03:00:00+00:00,336.42,336.42,336.42,336.42,8480
2025-07-22T04:00:00+00:00,336.4,336.74,335.8,335.84,332910
2025-07-22T05:00:00+00:00,335.8,336.58,335.8,336.1,323550
2025-07-22T06:00:00+00:00,336.06,336.3,335.72,335.92,368930
2025-07-22T07:00:00+00:00,335.98,336.42,335.48,335.48,1240530
2025-07-22T08:00:00+00:00,335.48,335.9,334.28,334.82,1320710
2025-07-22T09:00:00+00:00,334.84,335.8,333.48,335.7,2417010
2025-07-22T10:00:00+00:00,335.7,335.9,335.1,335.44,1124050
2025-07-22T11:00:00+00:00,335.46,335.86,334.9,334.94,1057540
2025-07-22T12:00:00+00:00,334.96,335.32,334.28,334.7,958350
2025-07-22T13:00:00+00:00,334.7,334.88,334.46,334.72,817810
2025-07-22T14:00:00+00:00,334.72,334.74,333.5,333.56,1190990
2025-07-22T15:00:00+00:00,333.58,333.72,332.8,333.7,1048450
2025-07-22T16:00:00+00:00,333.8,333.8,332.9,333.56,506010
2025-07-22T17:00:00+00:00,333.54,333.96,333.38,333.76,167800
2025-07-22T18:00:00+00:00,333.76,333.86,333.56,333.76,178030
2025-07-22T19:00:00+00:00,333.8,334.42,333.7,334.36,299450
2025-07-22T20:00:00+00:00,334.36,334.8,334.36,334.68,402880
2025-07-23T03:00:00+00:00,334.98,334.98,334.98,334.98,11770
2025-07-23T04:00:00+00:00,334.96,334.96,334.5,334.66,486820
2025-07-23T05:00:00+00:00,334.66,334.9,334.46,334.64,520440
2025-07-23T06:00:00+00:00,334.64,335.48,334.22,335.42,830870
2025-07-23T07:00:00+00:00,335.42,336.64,335.4,336.4,2539430
2025-07-23T08:00:00+00:00,336.42,336.7,335.96,336.02,1642200
2025-07-23T09:00:00+00:00,336.04,336.24,334.36,334.68,2538570
2025-07-23T10:00:00+00:00,334.64,334.82,333.36,334.26,3152560
2025-07-23T11:00:00+00:00,334.34,334.7,333.86,334.44,1339470
2025-07-23T12:00:00+00:00,334.46,334.56,333.8,333.88,731210
2025-07-23T13:00:00+00:00,333.86,334.3,333.0,333.62,1239600
2025-07-23T14:00:00+00:00,333.66,333.84,333.2,333.54,1053040
2025-07-23T15:00:00+00:00,333.48,334.96,333.4,334.66,1782620
2025-07-23T16:00:00+00:00,334.92,335.24,333.3,334.12,1819490
2025-07-23T17:00:00+00:00,334.06,334.62,333.56,334.42,677200
2025-07-23T18:00:00+00:00,334.44,334.5,333.4,333.6,1038710
2025-07-23T19:00:00+00:00,333.6,333.88,332.66,333.8,1390000
2025-07-23T20:00:00+00:00,333.78,334.1,333.34,333.58,367120
2025-07-24T03:00:00+00:00,333.88,333.88,333.88,333.88,1580
2025-07-24T04:00:00+00:00,333.86,334.76,333.7,334.48,594470
2025-07-24T05:00:00+00:00,334.44,334.52,334.1,334.2,220850
2025-07-24T06:00:00+00:00,334.2,334.54,334.0,334.16,263270
2025-07-24T07:00:00+00:00,334.16,334.48,332.94,333.28,2062530
2025-07-24T08:00:00+00:00,333.26,333.3,331.14,332.4,2739900
2025-07-24T09:00:00+00:00,332.4,332.44,331.5,331.94,796130
2025-07-24T10:00:00+00:00,331.94,332.1,330.1,331.16,2069210
2025-07-24T11:00:00+00:00,331.18,331.18,329.2,329.76,1937720
2025-07-24T12:00:00+00:00,329.72,330.88,329.4,330.64,979970
2025-07-24T13:00:00+00:00,330.64,330.7,329.5,330.28,726110
2025-07-24T14:00:00+00:00,330.26,330.8,330.0,330.46,641430
2025-07-24T15:00:00+00:00,330.46,330.46,329.6,329.9,739740
2025-07-24T16:00:00+00:00,329.88,330.22,329.52,329.94,398940
2025-07-24T17:00:00+00:00,329.92,330.38,329.92,330.0,379550
2025-07-24T18:00:00+00:00,329.98,330.08,329.2,329.46,476660
2025-07-24T19:00:00+00:00,329.4,330.4,329.3,330.12,464200
2025-07-24T20:00:00+00:00,330.14,330.62,330.06,330.62,349820
2025-07-25T03:00:00+00:00,330.98,330.98,330.98,330.98,1880
2025-07-25T04:00:00+00:00,330.9,332.14,330.74,331.3,933580
2025-07-25T05:00:00+00:00,331.3,331.7,331.3,331.5,447910
2025-07-25T06:00:00+00:00,331.48,331.7,330.7,330.82,463170
2025-07-25T07:00:00+00:00,330.84,330.98,329.62,330.22,1168900
2025-07-25T08:00:00+00:00,330.2,330.38,329.32,329.46,917440
2025-07-25T09:00:00+00:00,329.42,330.36,328.14,328.96,1520540
2025-07-25T10:00:00+00:00,328.96,333.0,328.0,330.8,8717700
2025-07-25T11:00:00+00:00,330.82,331.24,329.22,329.82,2512310
2025-07-25T12:00:00+00:00,329.8,331.16,329.22,329.42,2646420
2025-07-25T13:00:00+00:00,329.4,329.76,326.76,328.3,3322550
2025-07-25T14:00:00+00:00,328.3,328.3,325.9,327.44,2417530
2025-07-25T15:00:00+00:00,327.42,327.5,326.22,327.06,732510
2025-07-25T16:00:00+00:00,327.06,327.08,323.54,324.44,2173720
2025-07-25T17:00:00+00:00,324.44,325.98,324.26,325.48,874000
2025-07-25T18:00:00+00:00,325.48,325.86,325.28,325.38,300990
2025-07-25T19:00:00+00:00,325.4,325.84,325.36,325.58,202750
2025-07-25T20:00:00+00:00,325.58,325.74,324.74,325.0,475980
2025-07-25T23:00:00+00:00,325.48,325.9,325.24,325.48,10070
2025-07-26T00:00:00+00:00,325.48,325.48,325.44,325.48,1920
2025-07-26T01:00:00+00:00,325.48,325.6,324.38,324.38,14040
2025-07-26T02:00:00+00:00,324.38,325.64,324.12,325.62,21940
2025-07-26T03:00:00+00:00,324.94,325.7,324.58,325.48,15200
2025-07-26T04:00:00+00:00,325.48,325.5,324.9,325.3,14590
2025-07-26T05:00:00+00:00,325.2,325.32,324.78,325.18,25580
2025-07-26T06:00:00+00:00,325.18,325.4,325.1,325.4,11510
2025-07-26T07:00:00+00:00,325.16,325.7,325.1,325.4,280040
2025-07-26T08:00:00+00:00,325.4,325.42,325.0,325.1,109980
2025-07-26T09:00:00+00:00,325.16,325.2,325.0,325.08,35240
2025-07-26T10:00:00+00:00,325.08,325.1,325.0,325.06,52440
2025-07-26T11:00:00+00:00,325.06,325.1,324.92,324.98,44190
2025-07-26T12:00:00+00:00,325.0,325.08,324.0,324.4,203690
2025-07-26T13:00:00+00:00,324.4,324.72,324.3,324.42,117430
2025-07-26T14:00:00+00:00,324.42,324.68,324.26,324.66,132970
2025-07-26T15:00:00+00:00,324.66,324.94,324.56,324.66,95310
2025-07-26T16:00:00+00:00,324.48,324.7,324.24,324.32,21030
2025-07-26T17:00:00+00:00,324.24,324.42,323.12,323.12,64310
2025-07-26T18:00:00+00:00,324.26,324.26,323.22,323.5,51300
2025-07-26T19:00:00+00:00,323.72,324.48,323.42,323.92,54600
2025-07-26T20:00:00+00:00,323.9,324.22,323.62,323.62,54290
2025-07-26T23:00:00+00:00,324.46,324.74,323.98,324.44,29520
2025-07-27T00:00:00+00:00,324.18,324.44,324.16,324.16,1070
2025-07-27T01:00:00+00:00,324.38,324.38,323.8,324.38,1710
2025-07-27T02:00:00+00:00,324.36,324.38,323.7,324.3,5060
2025-07-27T03:00:00+00:00,324.16,324.32,324.12,324.2,1600
2025-07-27T04:00:00+00:00,324.18,324.28,324.18,324.26,5890
2025-07-27T05:00:00+00:00,324.26,324.28,323.64,324.02,15330
2025-07-27T06:00:00+00:00,324.06,324.24,324.02,324.24,15530
2025-07-27T07:00:00+00:00,324.2,324.24,323.08,323.26,230790
2025-07-27T08:00:00+00:00,323.24,323.74,323.06,323.62,144860
2025-07-27T09:00:00+00:00,323.64,323.88,323.38,323.76,82030
2025-07-27T10:00:00+00:00,323.78,323.78,323.38,323.58,59560
2025-07-27T11:00:00+00:00,323.56,323.74,323.5,323.52,24590
2025-07-27T12:00:00+00:00,323.54,323.68,323.42,323.58,44710
2025-07-27T13:00:00+00:00,323.52,323.68,323.5,323.64,11340
2025-07-27T14:00:00+00:00,323.64,324.0,323.58,323.9,65880
2025-07-27T15:00:00+00:00,323.92,323.92,323.76,323.92,52020
2025-07-27T16:00:00+00:00,324.2,324.2,323.62,323.98,8260
2025-07-27T17:00:00+00:00,323.96,324.08,323.82,324.0,26480
2025-07-27T18:00:00+00:00,323.92,324.04,323.88,323.92,19080
2025-07-27T19:00:00+00:00,323.94,324.04,323.9,323.98,32620
2025-07-27T20:00:00+00:00,323.98,324.24,323.98,324.16,63890
2025-07-28T03:00:00+00:00,324.04,324.04,324.04,324.04,5080
2025-07-28T04:00:00+00:00,324.04,324.7,323.52,323.96,514530
2025-07-28T05:00:00+00:00,323.98,326.68,323.96,326.22,936690
2025-07-28T06:00:00+00:00,326.28,326.5,324.76,325.6,1143680
2025-07-28T07:00:00+00:00,325.6,325.88,324.24,324.72,1656480
2025-07-28T08:00:00+00:00,324.74,326.5,324.52,326.18,2134160
2025-07-28T09:00:00+00:00,326.14,326.5,325.82,325.94,949120
2025-07-28T10:00:00+00:00,325.96,326.5,325.66,326.24,1275470
2025-07-28T11:00:00+00:00,326.24,326.44,324.64,324.82,1718570
2025-07-28T12:00:00+00:00,324.82,324.84,320.26,321.04,6096240
2025-07-28T13:00:00+00:00,321.0,321.68,318.22,319.4,6694180
2025-07-28T14:00:00+00:00,319.4,319.6,318.34,319.12,1304060
2025-07-28T15:00:00+00:00,319.1,319.48,318.66,318.72,832440
2025-07-28T16:00:00+00:00,318.9,319.08,318.3,318.58,659680
2025-07-28T17:00:00+00:00,318.58,318.58,316.2,316.58,1656080
2025-07-28T18:00:00+00:00,316.58,317.46,315.6,317.4,1337140
2025-07-28T19:00:00+00:00,317.4,317.42,316.54,316.84,350890
2025-07-28T20:00:00+00:00,316.86,317.14,316.48,317.0,324400
2025-07-29T03:00:00+00:00,317.44,317.44,317.44,317.44,5820
2025-07-29T04:00:00+00:00,317.44,318.38,316.64,317.9,894080
2025-07-29T05:00:00+00:00,317.9,319.48,317.76,318.82,999560
2025-07-29T06:00:00+00:00,318.82,319.7,318.14,319.3,1004450
2025-07-29T07:00:00+00:00,319.28,320.66,317.06,317.76,3066940
2025-07-29T08:00:00+00:00,317.76,319.9,317.4,318.68,1682050
2025-07-29T09:00:00+00:00,318.7,318.82,317.56,318.1,1255080
2025-07-29T10:00:00+00:00,318.1,318.24,317.44,317.72,818600
2025-07-29T11:00:00+00:00,317.76,318.5,317.5,318.08,1262410
2025-07-29T12:00:00+00:00,318.12,319.14,317.16,318.06,1806990
2025-07-29T13:00:00+00:00,318.06,318.6,317.84,318.02,671360
2025-07-29T14:00:00+00:00,318.02,318.46,317.52,318.18,1022890
2025-07-29T15:00:00+00:00,318.2,318.36,317.66,317.9,603400
2025-07-29T16:00:00+00:00,317.96,318.2,317.52,317.88,390110
2025-07-29T17:00:00+00:00,317.9,318.34,315.6,315.8,1767220
2025-07-29T18:00:00+00:00,315.82,316.16,314.12,315.12,2429530
2025-07-29T19:00:00+00:00,315.12,316.1,315.02,315.94,738310
2025-07-29T20:00:00+00:00,315.92,316.78,315.88,316.78,524770
2025-07-30T03:00:00+00:00,317.18,317.18,317.18,317.18,5670
2025-07-30T04:00:00+00:00,317.14,318.1,316.6,317.52,1270370
2025-07-30T05:00:00+00:00,317.52,317.98,317.2,317.32,399410
2025-07-30T06:00:00+00:00,317.32,318.38,317.2,317.6,1018450
2025-07-30T07:00:00+00:00,317.6,317.6,315.48,316.36,3080880
2025-07-30T08:00:00+00:00,316.36,317.16,315.54,316.08,1382310
2025-07-30T09:00:00+00:00,316.1,316.8,315.82,316.22,962650
2025-07-30T10:00:00+00:00,316.28,316.54,315.86,316.12,839550
2025-07-30T11:00:00+00:00,316.12,316.28,315.06,315.26,1216060
2025-07-30T12:00:00+00:00,315.22,315.4,314.16,314.58,1925310
2025-07-30T13:00:00+00:00,314.58,314.86,313.52,314.1,2158030
2025-07-30T14:00:00+00:00,314.1,315.2,314.1,314.8,1983690
2025-07-30T15:00:00+00:00,314.8,315.14,314.58,315.14,270640
2025-07-30T16:00:00+00:00,315.14,315.14,313.9,313.94,694950
2025-07-30T17:00:00+00:00,313.9,314.36,313.6,313.9,538350
2025-07-30T18:00:00+00:00,313.9,314.54,313.88,314.2,409820
2025-07-30T19:00:00+00:00,314.1,314.4,314.0,314.28,240680
2025-07-30T20:00:00+00:00,314.3,314.42,314.14,314.22,295110
2025-07-31T03:00:00+00:00,314.24,314.24,314.24,314.24,4660
2025-07-31T04:00:00+00:00,314.36,314.96,314.26,314.58,385320
2025-07-31T05:00:00+00:00,314.6,315.16,314.4,315.0,406240
2025-07-31T06:00:00+00:00,315.0,315.76,314.64,315.56,823740
2025-07-31T07:00:00+00:00,315.6,317.0,314.78,315.18,3782400
2025-07-31T08:00:00+00:00,315.18,315.44,314.1,314.34,1812390
2025-07-31T09:00:00+00:00,314.34,314.86,314.26,314.62,1796820
2025-07-31T10:00:00+00:00,314.74,315.82,314.66,315.34,2279820
2025-07-31T11:00:00+00:00,315.4,316.1,314.6,315.14,1985180
2025-07-31T12:00:00+00:00,315.2,315.8,315.04,315.28,1159880
2025-07-31T13:00:00+00:00,315.26,315.98,315.26,315.62,1166580
2025-07-31T14:00:00+00:00,315.62,315.8,314.82,314.88,1091110
2025-07-31T15:00:00+00:00,314.94,315.6,314.74,315.6,989340
2025-07-31T16:00:00+00:00,315.64,315.74,315.1,315.4,618180
2025-07-31T17:00:00+00:00,315.38,315.44,315.04,315.24,237160
2025-07-31T18:00:00+00:00,315.26,315.34,314.92,315.24,259280
2025-07-31T19:00:00+00:00,315.24,315.42,315.06,315.32,275610
2025-07-31T20:00:00+00:00,315.32,315.78,315.22,315.66,369970
2025-08-01T03:00:00+00:00,316.28,316.28,316.28,316.28,24290
2025-08-01T04:00:00+00:00,316.32,317.62,316.12,317.58,1523630
2025-08-01T05:00:00+00:00,317.58,317.68,316.72,317.0,884220
2025-08-01T06:00:00+00:00,317.02,317.56,316.86,317.4,782280
2025-08-01T07:00:00+00:00,317.46,318.3,317.14,317.78,1891130
2025-08-01T08:00:00+00:00,317.74,317.92,317.46,317.56,954880
2025-08-01T09:00:00+00:00,317.56,318.1,317.02,317.34,1180570
2025-08-01T10:00:00+00:00,317.36,317.4,316.7,316.92,1187270
2025-08-01T11:00:00+00:00,316.96,317.26,315.18,315.38,2730220
2025-08-01T12:00:00+00:00,315.36,315.72,314.5,314.72,1706930
2025-08-01T13:00:00+00:00,314.72,315.5,314.62,315.18,1154400
2025-08-01T14:00:00+00:00,315.18,315.48,314.68,315.46,1098420
2025-08-01T15:00:00+00:00,315.44,315.46,314.94,315.2,341760
2025-08-01T16:00:00+00:00,315.2,315.3,312.56,313.1,1445540
2025-08-01T17:00:00+00:00,313.1,314.58,312.2,314.46,1743510
2025-08-01T18:00:00+00:00,314.46,314.96,314.24,314.6,471960
2025-08-01T19:00:00+00:00,314.6,314.6,314.06,314.5,342690
2025-08-01T20:00:00+00:00,314.5,314.68,314.14,314.44,375470
2025-08-01T23:00:00+00:00,313.12,314.58,313.12,314.4,26800
2025-08-02T00:00:00+00:00,314.34,314.42,314.3,314.42,760
2025-08-02T01:00:00+00:00,314.32,314.46,314.3,314.3,1970
2025-08-02T02:00:00+00:00,314.32,314.5,314.32,314.5,530
2025-08-02T03:00:00+00:00,314.4,314.5,314.32,314.34,3550
2025-08-02T04:00:00+00:00,314.34,314.56,314.3,314.38,27830
2025-08-02T05:00:00+00:00,314.38,314.52,314.34,314.48,10020
2025-08-02T06:00:00+00:00,314.46,314.5,314.26,314.46,41450
2025-08-02T07:00:00+00:00,314.36,314.5,314.2,314.28,46200
2025-08-02T08:00:00+00:00,314.28,314.28,314.0,314.12,37100
2025-08-02T09:00:00+00:00,314.12,314.4,313.84,314.1,39460
2025-08-02T10:00:00+00:00,314.1,314.26,314.0,314.16,14240
2025-08-02T11:00:00+00:00,314.16,314.28,314.08,314.12,23190
2025-08-02T12:00:00+00:00,314.18,314.2,314.04,314.1,12380
2025-08-02T13:00:00+00:00,314.1,314.2,314.04,314.16,24260
2025-08-02T14:00:00+00:00,314.2,314.24,314.1,314.18,10940
2025-08-02T15:00:00+00:00,314.18,314.38,314.14,314.32,47260
2025-08-02T16:00:00+00:00,314.32,314.38,314.14,314.2,21540
2025-08-02T17:00:00+00:00,314.2,314.38,314.08,314.26,49590
2025-08-02T18:00:00+00:00,314.26,314.36,314.14,314.24,20190
2025-08-02T19:00:00+00:00,314.22,314.7,314.18,314.7,87800
2025-08-02T20:00:00+00:00,314.7,314.7,314.26,314.5,37960
2025-08-02T23:00:00+00:00,313.96,315.32,313.5,314.8,2960
2025-08-03T00:00:00+00:00,315.16,315.18,314.6,314.6,1180
2025-08-03T01:00:00+00:00,314.6,315.16,314.42,314.6,1490
2025-08-03T02:00:00+00:00,314.6,315.08,314.6,314.6,720
2025-08-03T03:00:00+00:00,314.62,315.12,314.6,314.98,2540
2025-08-03T04:00:00+00:00,314.86,315.0,314.66,314.68,10310
2025-08-03T05:00:00+00:00,314.72,314.88,314.7,314.88,9750
2025-08-03T06:00:00+00:00,314.88,315.0,314.88,314.92,26870
2025-08-03T07:00:00+00:00,314.92,315.34,314.92,315.3,91760
2025-08-03T08:00:00+00:00,315.3,315.3,315.1,315.18,20470
2025-08-03T09:00:00+00:00,315.2,315.2,315.1,315.14,27610
2025-08-03T10:00:00+00:00,315.14,315.14,314.96,315.06,26410
2025-08-03T11:00:00+00:00,315.08,315.08,314.96,315.0,20000
2025-08-03T12:00:00+00:00,315.04,315.14,315.0,315.02,13490
2025-08-03T13:00:00+00:00,315.08,315.2,315.06,315.08,11730
2025-08-03T14:00:00+00:00,315.1,315.1,315.0,315.08,17520
2025-08-03T15:00:00+00:00,315.0,315.08,315.0,315.04,3880
2025-08-03T16:00:00+00:00,315.04,315.1,315.0,315.02,30270
2025-08-03T17:00:00+00:00,315.04,315.1,315.02,315.08,10170
2025-08-03T18:00:00+00:00,315.08,315.2,315.04,315.14,36060
2025-08-03T19:00:00+00:00,315.16,315.3,315.08,315.26,22250
2025-08-03T20:00:00+00:00,315.22,315.46,315.22,315.46,29320
2025-08-04T03:00:00+00:00,315.7,315.7,315.7,315.7,35960
2025-08-04T04:00:00+00:00,315.7,316.3,315.54,315.64,910470
2025-08-04T05:00:00+00:00,315.64,316.0,315.58,315.8,234110
2025-08-04T06:00:00+00:00,315.84,315.9,315.28,315.66,595920
2025-08-04T07:00:00+00:00,315.62,316.5,315.38,315.9,1711210
2025-08-04T08:00:00+00:00,315.9,316.44,315.72,316.12,1300140
2025-08-04T09:00:00+00:00,316.16,317.0,316.06,316.8,1817170
2025-08-04T10:00:00+00:00,316.82,316.88,316.4,316.84,956880
2025-08-04T11:00:00+00:00,316.84,317.0,316.52,316.8,928000
2025-08-04T12:00:00+00:00,316.8,316.88,316.44,316.8,734250
2025-08-04T13:00:00+00:00,316.82,317.5,316.7,317.4,1856160
2025-08-04T14:00:00+00:00,317.4,318.76,317.0,317.94,2714700
2025-08-04T15:00:00+00:00,317.96,319.62,317.94,319.1,2162110
2025-08-04T16:00:00+00:00,319.02,319.56,318.86,319.12,686750
2025-08-04T17:00:00+00:00,319.2,319.9,319.14,319.84,529010
2025-08-04T18:00:00+00:00,319.84,319.9,319.24,319.88,440440
2025-08-04T19:00:00+00:00,319.86,321.3,319.62,320.6,1157710
2025-08-04T20:00:00+00:00,320.6,321.4,320.22,321.4,737830
2025-08-05T03:00:00+00:00,321.7,321.7,321.7,321.7,39900
2025-08-05T04:00:00+00:00,321.68,321.9,321.06,321.58,1427700
2025-08-05T05:00:00+00:00,321.54,321.76,320.82,321.3,610290
2025-08-05T06:00:00+00:00,321.3,321.78,321.0,321.62,751200
2025-08-05T07:00:00+00:00,321.52,322.98,321.2,322.38,2795940
2025-08-05T08:00:00+00:00,322.38,322.9,322.12,322.48,1977370
2025-08-05T09:00:00+00:00,322.48,322.48,319.68,319.84,3960500
2025-08-05T10:00:00+00:00,319.82,321.3,319.4,321.08,1792350
2025-08-05T11:00:00+00:00,321.08,321.1,320.14,320.56,1055880
2025-08-05T12:00:00+00:00,320.56,321.88,319.6,321.62,2432190
2025-08-05T13:00:00+00:00,321.6,322.0,321.02,321.62,2629060
2025-08-05T14:00:00+00:00,321.64,321.78,320.74,320.96,1546290
2025-08-05T15:00:00+00:00,320.96,321.58,320.64,321.58,644160
2025-08-05T16:00:00+00:00,321.5,321.6,320.82,321.48,537680
2025-08-05T17:00:00+00:00,321.48,322.16,321.38,321.4,827070
2025-08-05T18:00:00+00:00,321.4,321.76,321.2,321.6,270400
2025-08-05T19:00:00+00:00,321.62,321.94,321.42,321.62,257200
2025-08-05T20:00:00+00:00,321.6,322.0,321.6,321.94,441460
2025-08-06T03:00:00+00:00,322.08,322.08,322.08,322.08,2190
2025-08-06T04:00:00+00:00,322.18,322.68,322.08,322.4,427260
2025-08-06T05:00:00+00:00,322.4,322.68,321.94,322.14,230380
2025-08-06T06:00:00+00:00,322.12,322.82,322.06,322.46,654190
2025-08-06T07:00:00+00:00,322.42,322.88,321.3,321.86,2330440
2025-08-06T08:00:00+00:00,321.84,322.16,320.78,321.42,1751350
2025-08-06T09:00:00+00:00,321.4,321.88,321.28,321.64,844230
2025-08-06T10:00:00+00:00,321.64,322.1,321.46,321.68,776490
2025-08-06T11:00:00+00:00,321.68,322.64,321.4,322.46,1274900
2025-08-06T12:00:00+00:00,322.48,322.74,321.74,322.04,1452160
2025-08-06T13:00:00+00:00,322.0,322.18,321.5,321.76,1300720
2025-08-06T14:00:00+00:00,321.76,322.8,320.34,320.74,4038640
2025-08-06T15:00:00+00:00,320.72,321.72,320.26,321.72,1190730
2025-08-06T16:00:00+00:00,321.74,322.68,320.46,321.42,1844230
2025-08-06T17:00:00+00:00,321.42,326.0,321.22,325.14,5405140
2025-08-06T18:00:00+00:00,325.18,330.0,325.12,330.0,3285410
2025-08-06T19:00:00+00:00,329.98,331.78,327.04,328.96,8721540
2025-08-06T20:00:00+00:00,328.9,329.66,326.78,329.64,3348460
2025-08-07T03:00:00+00:00,329.6,329.6,329.6,329.6,53700
2025-08-07T04:00:00+00:00,329.5,329.58,327.28,328.02,1286830
2025-08-07T05:00:00+00:00,328.02,328.8,327.4,328.8,515330
2025-08-07T06:00:00+00:00,328.78,328.82,327.52,327.6,598270
2025-08-07T07:00:00+00:00,327.66,329.46,327.22,329.1,3264790
2025-08-07T08:00:00+00:00,329.08,339.0,329.08,337.16,14056460
2025-08-07T09:00:00+00:00,337.16,339.3,334.86,335.08,7112430
2025-08-07T10:00:00+00:00,335.14,336.36,334.22,335.24,4721590
2025-08-07T11:00:00+00:00,335.32,335.88,334.0,334.36,2338700
2025-08-07T12:00:00+00:00,334.38,335.6,332.5,333.22,3808210
2025-08-07T13:00:00+00:00,333.22,334.4,332.86,334.32,2352510
2025-08-07T14:00:00+00:00,334.3,335.06,333.8,334.1,1637630
2025-08-07T15:00:00+00:00,334.14,335.1,329.1,330.7,3922410
2025-08-07T16:00:00+00:00,330.0,331.0,328.2,329.92,2106470
2025-08-07T17:00:00+00:00,329.9,329.96,327.38,327.68,1294070
2025-08-07T18:00:00+00:00,327.68,331.28,327.64,331.18,2003940
2025-08-07T19:00:00+00:00,331.2,331.52,330.2,330.6,456710
2025-08-07T20:00:00+00:00,330.7,333.5,329.7,333.0,2041880
2025-08-08T03:00:00+00:00,333.7,333.7,333.7,333.7,8490
2025-08-08T04:00:00+00:00,333.7,333.8,331.64,332.0,735890
2025-08-08T05:00:00+00:00,332.04,332.84,331.86,332.56,351060
2025-08-08T06:00:00+00:00,332.58,332.66,331.82,332.12,607440
2025-08-08T07:00:00+00:00,332.06,332.36,330.4,330.44,2153300
2025-08-08T08:00:00+00:00,330.44,331.12,330.2,331.1,1012520
2025-08-08T09:00:00+00:00,331.1,331.14,330.5,330.68,694480
2025-08-08T10:00:00+00:00,330.64,331.48,330.42,331.04,1317110
2025-08-08T11:00:00+00:00,331.06,333.64,331.02,332.96,1855860
2025-08-08T12:00:00+00:00,332.96,333.4,331.72,331.78,2159960
2025-08-08T13:00:00+00:00,331.78,332.38,331.18,331.52,1202240
2025-08-08T14:00:00+00:00,331.5,333.4,331.22,332.68,4230660
2025-08-08T15:00:00+00:00,332.7,334.0,332.5,333.0,2420900
2025-08-08T16:00:00+00:00,333.0,333.2,332.5,332.82,687460
2025-08-08T17:00:00+00:00,332.8,333.0,331.9,331.92,764820
2025-08-08T18:00:00+00:00,331.92,332.94,331.62,332.12,673910
2025-08-08T19:00:00+00:00,332.1,332.5,331.96,332.48,343780
2025-08-08T20:00:00+00:00,332.48,336.8,332.24,336.78,5014870
2025-08-08T23:00:00+00:00,337.9,342.16,337.9,340.34,405440
2025-08-09T00:00:00+00:00,340.32,340.42,339.16,340.04,59330
2025-08-09T01:00:00+00:00,340.06,340.12,338.1,338.72,104860
2025-08-09T02:00:00+00:00,338.72,339.48,338.24,339.04,83940
2025-08-09T03:00:00+00:00,339.3,339.88,338.9,339.7,145980
2025-08-09T04:00:00+00:00,339.7,339.8,339.32,339.58,167230
2025-08-09T05:00:00+00:00,339.56,339.56,338.7,338.9,185170
2025-08-09T06:00:00+00:00,338.94,338.96,336.8,337.84,600710
2025-08-09T07:00:00+00:00,337.84,338.26,337.0,337.26,330700
2025-08-09T08:00:00+00:00,337.2,337.6,337.0,337.28,220820
2025-08-09T09:00:00+00:00,337.28,337.32,336.36,336.98,277800
2025-08-09T10:00:00+00:00,336.98,337.28,336.84,337.0,140960
2025-08-09T11:00:00+00:00,337.0,337.46,337.0,337.42,70030
2025-08-09T12:00:00+00:00,337.42,337.42,336.8,337.1,47880
2025-08-09T13:00:00+00:00,337.1,337.18,336.88,337.0,49220
2025-08-09T14:00:00+00:00,336.98,337.08,336.96,337.06,60060
2025-08-09T15:00:00+00:00,337.02,337.14,336.98,336.98,52520
2025-08-09T16:00:00+00:00,337.02,337.1,336.9,336.92,36890
2025-08-09T17:00:00+00:00,336.98,336.98,336.8,336.82,36340
2025-08-09T18:00:00+00:00,336.84,336.98,336.8,336.9,109960
2025-08-09T19:00:00+00:00,336.92,336.92,336.78,336.82,59390
2025-08-09T20:00:00+00:00,336.82,336.84,336.64,336.64,67380
2025-08-09T23:00:00+00:00,337.18,337.38,336.64,337.06,16620
2025-08-10T00:00:00+00:00,337.06,337.34,337.02,337.04,5790
2025-08-10T01:00:00+00:00,337.3,337.38,337.0,337.3,5460
2025-08-10T02:00:00+00:00,337.0,337.38,336.92,337.0,4720
2025-08-10T03:00:00+00:00,337.08,337.26,336.92,337.1,5080
2025-08-10T04:00:00+00:00,337.1,337.22,336.9,336.9,12700
2025-08-10T05:00:00+00:00,336.92,337.12,336.86,336.86,48080
2025-08-10T06:00:00+00:00,336.86,337.04,336.86,337.04,18300
2025-08-10T07:00:00+00:00,337.04,337.1,336.98,337.0,26430
2025-08-10T08:00:00+00:00,336.96,337.0,336.86,336.94,21410
2025-08-10T09:00:00+00:00,336.94,336.98,336.84,336.94,36730
2025-08-10T10:00:00+00:00,336.94,336.98,336.88,336.96,14520
2025-08-10T11:00:00+00:00,336.92,337.64,336.92,337.12,162580
2025-08-10T12:00:00+00:00,337.38,337.4,336.6,337.08,173140
2025-08-10T13:00:00+00:00,337.08,337.12,336.8,336.8,80840
2025-08-10T14:00:00+00:00,336.84,337.24,336.72,337.22,73160
2025-08-10T15:00:00+00:00,337.08,337.3,337.08,337.28,81360
2025-08-10T16:00:00+00:00,337.28,337.32,337.0,337.32,85570
2025-08-10T17:00:00+00:00,337.24,337.64,337.14,337.48,92610
2025-08-10T18:00:00+00:00,337.5,337.6,337.2,337.56,96850
2025-08-10T19:00:00+00:00,337.46,337.68,337.16,337.44,80860
2025-08-10T20:00:00+00:00,337.44,337.74,337.38,337.7,80080
2025-08-11T03:00:00+00:00,338.32,338.32,338.32,338.32,44140
2025-08-11T04:00:00+00:00,338.2,339.0,337.04,338.16,3094310
2025-08-11T05:00:00+00:00,338.12,338.22,337.2,338.0,1175320
2025-08-11T06:00:00+00:00,338.0,338.26,337.4,338.0,1532410
2025-08-11T07:00:00+00:00,338.0,338.9,336.62,336.7,4234190
2025-08-11T08:00:00+00:00,336.72,337.4,335.98,336.92,2500600
2025-08-11T09:00:00+00:00,336.94,337.08,336.0,336.26,1814000
2025-08-11T10:00:00+00:00,336.32,336.5,335.66,336.08,1503900
2025-08-11T11:00:00+00:00,336.08,336.48,334.82,335.5,2604560
2025-08-11T12:00:00+00:00,335.5,335.74,334.76,335.02,1299130
2025-08-11T13:00:00+00:00,335.0,335.46,334.34,334.9,1547970
2025-08-11T14:00:00+00:00,334.84,336.3,334.48,335.7,1610820
2025-08-11T15:00:00+00:00,335.68,335.72,332.46,332.9,2544210
2025-08-11T16:00:00+00:00,332.86,333.5,331.06,332.08,2358410
2025-08-11T17:00:00+00:00,332.1,332.9,332.0,332.12,935390
2025-08-11T18:00:00+00:00,332.18,332.74,332.12,332.58,224680
2025-08-11T19:00:00+00:00,332.66,332.92,332.2,332.58,321890
2025-08-11T20:00:00+00:00,332.58,333.4,332.56,332.94,500020
2025-08-12T03:00:00+00:00,333.18,333.18,333.18,333.18,4210
2025-08-12T04:00:00+00:00,333.18,333.7,330.0,330.8,1068430
2025-08-12T05:00:00+00:00,330.8,331.9,330.32,331.54,471120
2025-08-12T06:00:00+00:00,331.58,332.72,331.5,332.62,613430
2025-08-12T07:00:00+00:00,332.62,333.56,332.36,332.72,1395920
2025-08-12T08:00:00+00:00,332.72,332.98,331.9,332.52,1502970
2025-08-12T09:00:00+00:00,332.52,333.1,332.26,332.88,1139920
2025-08-12T10:00:00+00:00,332.84,334.3,332.8,334.28,1439400
2025-08-12T11:00:00+00:00,334.24,334.86,333.56,334.64,1557330
2025-08-12T12:00:00+00:00,334.64,334.74,333.56,333.78,1322570
2025-08-12T13:00:00+00:00,333.8,334.98,333.74,334.88,1247950
2025-08-12T14:00:00+00:00,334.88,334.92,334.22,334.48,1235410
2025-08-12T15:00:00+00:00,334.48,334.5,333.8,334.0,891760
2025-08-12T16:00:00+00:00,334.0,334.3,333.6,333.98,498720
2025-08-12T17:00:00+00:00,333.98,333.98,333.0,333.78,839040
2025-08-12T18:00:00+00:00,333.78,334.16,333.5,333.8,324780
2025-08-12T19:00:00+00:00,333.74,334.14,333.74,333.98,213710
2025-08-12T20:00:00+00:00,333.96,334.12,333.84,334.12,337750
2025-08-13T03:00:00+00:00,334.2,334.2,334.2,334.2,13530
2025-08-13T04:00:00+00:00,334.2,334.5,333.82,334.0,505470
2025-08-13T05:00:00+00:00,334.0,334.04,333.5,333.78,373290
2025-08-13T06:00:00+00:00,333.78,334.44,333.62,334.44,892990
2025-08-13T07:00:00+00:00,334.42,334.5,333.68,333.82,1447460
2025-08-13T08:00:00+00:00,333.82,334.06,333.26,333.96,1315610
2025-08-13T09:00:00+00:00,333.94,334.3,333.7,333.88,865420
2025-08-13T10:00:00+00:00,333.88,333.88,333.04,333.66,1101180
2025-08-13T11:00:00+00:00,333.6,333.76,332.64,332.98,854110
2025-08-13T12:00:00+00:00,332.92,333.8,332.64,333.72,1286040
2025-08-13T13:00:00+00:00,333.76,334.18,333.4,333.92,1031630
2025-08-13T14:00:00+00:00,333.92,334.5,333.6,334.24,1984480
2025-08-13T15:00:00+00:00,334.24,334.5,334.0,334.4,582820
2025-08-13T16:00:00+00:00,334.22,334.44,332.84,333.16,890960
2025-08-13T17:00:00+00:00,333.14,333.16,332.16,332.78,830080
2025-08-13T18:00:00+00:00,332.76,333.14,332.46,332.94,235010
2025-08-13T19:00:00+00:00,332.88,333.28,332.4,332.5,363380
2025-08-13T20:00:00+00:00,332.56,332.58,330.24,331.5,1111000
2025-08-14T03:00:00+00:00,331.46,331.46,331.46,331.46,36410
2025-08-14T04:00:00+00:00,331.44,332.2,330.54,331.8,863080
2025-08-14T05:00:00+00:00,331.8,332.02,331.6,331.94,147940
2025-08-14T06:00:00+00:00,331.9,332.26,331.04,331.54,594120
2025-08-14T07:00:00+00:00,331.56,331.6,330.38,330.84,1675840
2025-08-14T08:00:00+00:00,330.84,331.32,329.36,329.8,2246230
2025-08-14T09:00:00+00:00,329.76,331.18,329.6,330.48,2047410
2025-08-14T10:00:00+00:00,330.5,332.0,330.38,331.98,1344050
2025-08-14T11:00:00+00:00,331.94,333.14,331.56,332.8,1591760
2025-08-14T12:00:00+00:00,332.8,334.2,332.78,333.14,1705740
2025-08-14T13:00:00+00:00,333.14,334.2,333.12,334.0,1486810
2025-08-14T14:00:00+00:00,333.96,334.04,333.0,333.16,1548680
2025-08-14T15:00:00+00:00,333.18,333.6,332.9,333.6,606920
2025-08-14T16:00:00+00:00,333.56,333.7,333.14,333.28,483300
2025-08-14T17:00:00+00:00,333.28,333.78,333.22,333.5,498120
2025-08-14T18:00:00+00:00,333.52,334.94,333.5,334.34,1208100
2025-08-14T19:00:00+00:00,334.34,334.64,334.16,334.22,249120
2025-08-14T20:00:00+00:00,334.2,334.34,334.16,334.32,355330
2025-08-15T03:00:00+00:00,334.56,334.56,334.56,334.56,9320
2025-08-15T04:00:00+00:00,334.54,334.88,333.9,333.94,541400
2025-08-15T05:00:00+00:00,333.94,334.46,333.82,334.3,297690
2025-08-15T06:00:00+00:00,334.24,334.3,333.6,333.9,514480
2025-08-15T07:00:00+00:00,333.9,334.4,333.18,333.3,1545090
2025-08-15T08:00:00+00:00,333.3,334.18,333.26,334.1,1102710
2025-08-15T09:00:00+00:00,334.08,334.92,334.04,334.84,1246290
2025-08-15T10:00:00+00:00,334.82,336.82,334.7,335.9,2954590
2025-08-15T11:00:00+00:00,335.9,336.8,335.84,336.56,1250430
2025-08-15T12:00:00+00:00,336.6,337.34,335.8,336.8,1993640
2025-08-15T13:00:00+00:00,336.82,337.74,336.6,337.6,1677100
2025-08-15T14:00:00+00:00,337.6,338.8,337.36,338.42,2593240
2025-08-15T15:00:00+00:00,338.42,338.5,337.5,338.28,1376810
2025-08-15T16:00:00+00:00,338.1,338.96,337.98,338.38,1284420
2025-08-15T17:00:00+00:00,338.4,338.72,336.6,337.24,2142000
2025-08-15T18:00:00+00:00,337.3,338.16,337.08,337.74,764640
2025-08-15T19:00:00+00:00,337.74,338.0,337.04,337.3,758100
2025-08-15T20:00:00+00:00,337.3,337.7,336.6,337.4,1172800
2025-08-15T23:00:00+00:00,338.58,344.0,324.62,325.5,1289320
2025-08-16T00:00:00+00:00,325.48,330.3,325.02,329.2,284350
2025-08-16T01:00:00+00:00,329.86,333.9,329.2,333.08,218650
2025-08-16T02:00:00+00:00,333.0,333.5,331.0,331.9,162740
2025-08-16T03:00:00+00:00,331.88,332.0,331.4,331.52,51730
2025-08-16T04:00:00+00:00,331.6,333.0,331.0,333.0,184220
2025-08-16T05:00:00+00:00,333.02,333.4,331.62,332.56,107720
2025-08-16T06:00:00+00:00,332.4,332.48,331.4,331.4,157800
2025-08-16T07:00:00+00:00,331.38,332.4,327.22,332.04,2287280
2025-08-16T08:00:00+00:00,332.06,332.3,330.8,331.34,653190
2025-08-16T09:00:00+00:00,331.32,332.0,330.68,331.4,444340
2025-08-16T10:00:00+00:00,331.4,331.5,330.74,331.04,315390
2025-08-16T11:00:00+00:00,331.0,331.3,330.98,331.2,203300
2025-08-16T12:00:00+00:00,331.2,332.4,331.04,332.16,457710
2025-08-16T13:00:00+00:00,332.14,332.16,331.72,332.02,194070
2025-08-16T14:00:00+00:00,332.02,332.1,331.9,331.92,83490
2025-08-16T15:00:00+00:00,331.98,331.98,331.42,331.9,119580
2025-08-16T16:00:00+00:00,330.0,332.22,330.0,331.24,60910
2025-08-16T17:00:00+00:00,331.32,331.38,330.84,331.08,51290
2025-08-16T18:00:00+00:00,331.1,331.22,331.04,331.16,35050
2025-08-16T19:00:00+00:00,331.16,331.3,331.12,331.14,64270
2025-08-16T20:00:00+00:00,331.16,331.44,331.16,331.44,73530
2025-08-16T23:00:00+00:00,331.46,331.78,331.04,331.64,5870
2025-08-17T00:00:00+00:00,331.1,331.68,331.1,331.68,1080
2025-08-17T01:00:00+00:00,331.3,331.66,331.3,331.32,630
2025-08-17T02:00:00+00:00,331.32,331.92,331.32,331.9,8540
2025-08-17T03:00:00+00:00,331.7,331.9,331.7,331.9,8040
2025-08-17T04:00:00+00:00,331.88,331.9,331.6,331.64,9060
2025-08-17T05:00:00+00:00,331.7,331.74,331.64,331.74,12650
2025-08-17T06:00:00+00:00,331.68,331.9,331.34,331.9,30360
2025-08-17T07:00:00+00:00,331.88,331.94,331.56,331.66,91420
2025-08-17T08:00:00+00:00,331.64,331.68,331.32,331.48,110960
2025-08-17T09:00:00+00:00,331.4,331.68,331.4,331.56,51530
2025-08-17T10:00:00+00:00,331.56,331.68,331.4,331.6,62400
2025-08-17T11:00:00+00:00,331.6,331.64,331.56,331.58,28350
2025-08-17T12:00:00+00:00,331.58,331.6,331.34,331.56,80840
2025-08-17T13:00:00+00:00,331.4,331.5,330.8,331.24,230870
2025-08-17T14:00:00+00:00,331.24,331.28,331.0,331.0,83120
2025-08-17T15:00:00+00:00,331.02,331.48,331.02,331.36,134740
2025-08-17T16:00:00+00:00,329.44,331.5,329.44,331.18,18200
2025-08-17T17:00:00+00:00,331.1,331.28,331.08,331.18,24120
2025-08-17T18:00:00+00:00,331.18,331.36,331.14,331.34,43360
2025-08-17T19:00:00+00:00,331.34,331.4,331.14,331.3,25330
2025-08-17T20:00:00+00:00,331.22,331.4,331.2,331.24,29430
2025-08-18T03:00:00+00:00,331.04,331.04,331.04,331.04,10500
2025-08-18T04:00:00+00:00,331.04,333.42,330.44,333.14,1194230
2025-08-18T05:00:00+00:00,333.16,334.64,333.16,333.9,1078540
2025-08-18T06:00:00+00:00,333.88,333.88,332.3,332.76,1327200
2025-08-18T07:00:00+00:00,332.76,333.26,332.1,333.0,1537860
2025-08-18T08:00:00+00:00,332.98,333.9,332.64,333.68,935480
2025-08-18T09:00:00+00:00,333.68,333.88,333.3,333.4,977500
2025-08-18T10:00:00+00:00,333.4,333.6,333.0,333.26,821700
2025-08-18T11:00:00+00:00,333.26,333.38,332.5,332.82,1036850
2025-08-18T12:00:00+00:00,332.84,335.56,332.62,335.26,3147320
2025-08-18T13:00:00+00:00,335.26,337.14,335.26,336.78,2866580
2025-08-18T14:00:00+00:00,336.68,339.0,335.88,336.42,5483990
2025-08-18T15:00:00+00:00,336.42,337.0,335.66,336.28,914730
2025-08-18T16:00:00+00:00,336.34,337.58,335.7,336.54,1020040
2025-08-18T17:00:00+00:00,336.54,337.42,336.2,337.08,845940
2025-08-18T18:00:00+00:00,337.06,339.82,336.62,339.22,1855780
2025-08-18T19:00:00+00:00,339.22,340.94,338.4,339.8,5884770
2025-08-18T20:00:00+00:00,339.84,340.6,339.04,340.1,1579100
2025-08-19T03:00:00+00:00,340.62,340.62,340.62,340.62,112200
2025-08-19T04:00:00+00:00,340.7,342.8,339.72,342.06,3536060
2025-08-19T05:00:00+00:00,342.08,342.48,341.54,342.38,979010
2025-08-19T06:00:00+00:00,342.38,343.96,342.22,343.2,2560480
2025-08-19T07:00:00+00:00,343.2,345.4,343.18,345.22,5238210
2025-08-19T08:00:00+00:00,345.2,345.3,343.3,343.32,3060590
2025-08-19T09:00:00+00:00,343.34,344.56,342.14,342.18,3286320
2025-08-19T10:00:00+00:00,342.2,343.1,341.9,342.24,1859790
2025-08-19T11:00:00+00:00,342.3,342.66,341.92,342.66,1313890
2025-08-19T12:00:00+00:00,342.66,342.98,341.0,341.1,2435240
2025-08-19T13:00:00+00:00,341.1,341.4,340.4,340.94,2006720
2025-08-19T14:00:00+00:00,340.96,341.56,340.0,340.44,3212100
2025-08-19T15:00:00+00:00,340.56,340.74,337.56,338.04,3218700
2025-08-19T16:00:00+00:00,338.24,338.82,337.5,338.62,1730680
2025-08-19T17:00:00+00:00,338.62,340.96,337.92,340.5,1891820
2025-08-19T18:00:00+00:00,340.5,341.0,340.4,340.64,625940
2025-08-19T19:00:00+00:00,340.64,340.98,340.42,340.84,279990
2025-08-19T20:00:00+00:00,340.82,340.88,340.44,340.64,299230
2025-08-20T03:00:00+00:00,340.7,340.7,340.7,340.7,7280
2025-08-20T04:00:00+00:00,340.7,341.8,339.32,341.76,1088090
2025-08-20T05:00:00+00:00,341.76,341.9,341.12,341.44,407740
2025-08-20T06:00:00+00:00,341.4,342.0,340.58,341.8,675540
2025-08-20T07:00:00+00:00,341.8,342.38,341.02,341.64,1522970
2025-08-20T08:00:00+00:00,341.68,342.4,341.56,342.18,944200
2025-08-20T09:00:00+00:00,342.18,342.8,341.34,341.6,1463120
2025-08-20T10:00:00+00:00,341.58,342.62,340.82,340.92,1503370
2025-08-20T11:00:00+00:00,340.9,341.28,339.36,340.6,2918680
2025-08-20T12:00:00+00:00,340.62,341.4,339.5,341.34,1363640
2025-08-20T13:00:00+00:00,341.34,341.36,339.12,339.52,1409590
2025-08-20T14:00:00+00:00,339.54,340.3,339.18,339.4,1032500
2025-08-20T15:00:00+00:00,339.38,340.22,339.1,340.22,652780
2025-08-20T16:00:00+00:00,340.26,340.68,339.6,339.76,775360
2025-08-20T17:00:00+00:00,339.74,340.14,339.7,339.88,231430
2025-08-20T18:00:00+00:00,339.88,340.16,339.88,340.0,311130
2025-08-20T19:00:00+00:00,340.02,340.6,339.94,340.54,476510
2025-08-20T20:00:00+00:00,340.54,341.1,340.5,341.04,513560
2025-08-21T03:00:00+00:00,341.0,341.0,341.0,341.0,38540
2025-08-21T04:00:00+00:00,341.04,342.16,341.0,341.8,816850
2025-08-21T05:00:00+00:00,341.8,342.48,341.22,342.3,1068090
2025-08-21T06:00:00+00:00,342.3,342.56,341.06,341.24,1596660
2025-08-21T07:00:00+00:00,341.24,342.3,339.56,339.92,6550330
2025-08-21T08:00:00+00:00,339.92,340.22,338.52,339.86,3072470
2025-08-21T09:00:00+00:00,339.8,341.38,339.5,341.36,1562750
2025-08-21T10:00:00+00:00,341.38,341.4,339.24,339.92,1906910
2025-08-21T11:00:00+00:00,339.94,341.9,339.86,341.52,2628930
2025-08-21T12:00:00+00:00,341.52,341.68,341.1,341.38,679730
2025-08-21T13:00:00+00:00,341.36,341.38,339.02,339.1,1889570
2025-08-21T14:00:00+00:00,339.1,340.46,338.6,338.82,1837480
2025-08-21T15:00:00+00:00,338.82,339.22,337.72,337.82,1531290
2025-08-21T16:00:00+00:00,337.82,338.2,336.14,337.62,1867500
2025-08-21T17:00:00+00:00,337.64,338.48,337.12,338.44,812140
2025-08-21T18:00:00+00:00,338.4,338.68,337.52,337.64,541910
2025-08-21T19:00:00+00:00,337.7,338.2,337.12,337.28,394220
2025-08-21T20:00:00+00:00,337.26,338.4,337.24,338.22,459590
2025-08-22T03:00:00+00:00,337.96,337.96,337.96,337.96,20940
2025-08-22T04:00:00+00:00,338.2,338.96,337.92,338.18,662700
2025-08-22T05:00:00+00:00,338.18,338.94,338.08,338.84,290210
2025-08-22T06:00:00+00:00,338.84,339.42,338.62,338.72,1078720
2025-08-22T07:00:00+00:00,338.74,339.24,338.2,338.24,991580
2025-08-22T08:00:00+00:00,338.24,339.98,338.2,338.98,1509890
2025-08-22T09:00:00+00:00,338.98,339.84,338.7,339.22,1039350
2025-08-22T10:00:00+00:00,339.22,340.36,339.22,339.7,1498010
2025-08-22T11:00:00+00:00,339.7,340.08,338.82,339.02,1544340
2025-08-22T12:00:00+00:00,339.02,339.42,338.26,338.38,1090790
2025-08-22T13:00:00+00:00,338.34,338.66,337.54,338.18,1351310
2025-08-22T14:00:00+00:00,338.18,339.18,337.28,337.88,1385660
2025-08-22T15:00:00+00:00,337.84,338.5,337.64,338.5,766430
2025-08-22T16:00:00+00:00,338.52,338.98,338.34,338.6,428030
2025-08-22T17:00:00+00:00,338.56,339.0,338.1,338.38,374270
2025-08-22T18:00:00+00:00,338.4,338.58,338.22,338.54,231160
2025-08-22T19:00:00+00:00,338.54,338.6,338.22,338.52,382360
2025-08-22T20:00:00+00:00,338.52,338.64,338.2,338.48,525070
2025-08-22T23:00:00+00:00,338.96,338.98,338.0,338.34,9890
2025-08-23T00:00:00+00:00,338.38,338.68,338.34,338.68,4500
2025-08-23T01:00:00+00:00,338.68,338.7,338.48,338.68,1130
2025-08-23T02:00:00+00:00,338.5,338.68,338.5,338.54,1120
2025-08-23T03:00:00+00:00,338.6,339.02,338.5,338.86,50680
2025-08-23T04:00:00+00:00,338.8,338.84,338.5,338.76,35440
2025-08-23T05:00:00+00:00,338.76,338.8,338.6,338.7,21370
2025-08-23T06:00:00+00:00,338.7,338.72,338.58,338.6,9480
2025-08-23T07:00:00+00:00,338.6,338.76,338.56,338.66,125960
2025-08-23T08:00:00+00:00,338.62,338.66,338.48,338.5,61720
2025-08-23T09:00:00+00:00,338.48,338.58,338.3,338.3,88790
2025-08-23T10:00:00+00:00,338.3,338.54,338.26,338.48,58290
2025-08-23T11:00:00+00:00,338.4,338.46,338.2,338.22,59410
2025-08-23T12:00:00+00:00,338.24,338.36,338.22,338.36,19480
2025-08-23T13:00:00+00:00,338.36,338.5,338.3,338.4,32680
2025-08-23T14:00:00+00:00,338.48,338.48,338.38,338.46,17990
2025-08-23T15:00:00+00:00,338.44,338.54,338.38,338.48,66370
2025-08-23T16:00:00+00:00,338.52,339.5,337.04,338.26,78300
2025-08-23T17:00:00+00:00,338.12,338.42,337.8,338.3,36380
2025-08-23T18:00:00+00:00,338.1,338.3,338.1,338.16,13260
2025-08-23T19:00:00+00:00,338.18,338.22,337.82,338.16,18990
2025-08-23T20:00:00+00:00,338.14,338.38,337.7,337.98,62380
2025-08-23T23:00:00+00:00,337.98,338.16,337.78,338.12,320
2025-08-24T00:00:00+00:00,337.84,338.12,337.8,338.1,830
2025-08-24T01:00:00+00:00,338.1,338.18,337.8,338.18,2120
2025-08-24T02:00:00+00:00,338.18,338.22,338.14,338.22,1370
2025-08-24T03:00:00+00:00,338.22,338.26,338.16,338.16,1110
2025-08-24T04:00:00+00:00,338.16,338.5,338.12,338.16,8500
2025-08-24T05:00:00+00:00,338.18,338.32,338.14,338.22,21650
2025-08-24T06:00:00+00:00,338.28,338.3,338.16,338.3,5820
2025-08-24T07:00:00+00:00,338.3,338.3,337.54,337.76,191290
2025-08-24T08:00:00+00:00,337.76,337.88,337.4,337.6,268770
2025-08-24T09:00:00+00:00,337.62,337.8,337.6,337.72,49900
2025-08-24T10:00:00+00:00,337.72,337.72,337.5,337.52,83800
2025-08-24T11:00:00+00:00,337.52,337.78,337.52,337.76,67950
2025-08-24T12:00:00+00:00,337.76,337.8,337.7,337.74,25610
2025-08-24T13:00:00+00:00,337.72,337.8,337.68,337.78,34100
2025-08-24T14:00:00+00:00,337.78,337.82,337.7,337.7,38640
2025-08-24T15:00:00+00:00,337.78,337.84,337.72,337.76,33050
2025-08-24T16:00:00+00:00,337.88,337.88,337.6,337.66,19670
2025-08-24T17:00:00+00:00,337.72,337.76,337.64,337.7,17080
2025-08-24T18:00:00+00:00,337.7,337.76,337.64,337.7,22610
2025-08-24T19:00:00+00:00,337.7,337.82,337.7,337.82,64580
2025-08-24T20:00:00+00:00,337.84,338.12,337.76,338.08,49850
2025-08-25T03:00:00+00:00,338.1,338.1,338.1,338.1,4950
2025-08-25T04:00:00+00:00,338.1,338.42,337.5,337.52,386810
2025-08-25T05:00:00+00:00,337.52,338.24,337.48,338.0,325700
2025-08-25T06:00:00+00:00,337.96,337.96,337.5,337.78,400440
2025-08-25T07:00:00+00:00,337.78,338.0,336.68,336.7,1403630
2025-08-25T08:00:00+00:00,336.7,336.94,335.62,336.18,2366950
2025-08-25T09:00:00+00:00,336.18,336.5,335.8,335.8,991070
2025-08-25T10:00:00+00:00,335.8,336.2,335.2,335.62,1533430
2025-08-25T11:00:00+00:00,335.62,336.1,335.4,335.82,750000
2025-08-25T12:00:00+00:00,335.8,336.04,335.2,335.6,808820
2025-08-25T13:00:00+00:00,335.6,336.66,335.42,336.26,1029600
2025-08-25T14:00:00+00:00,336.26,336.56,335.28,335.32,1161510
2025-08-25T15:00:00+00:00,335.4,336.14,335.38,336.1,832590
2025-08-25T16:00:00+00:00,336.12,336.46,336.0,336.44,918810
2025-08-25T17:00:00+00:00,336.44,336.44,335.8,336.18,393410
2025-08-25T18:00:00+00:00,336.14,336.22,335.96,336.12,204310
2025-08-25T19:00:00+00:00,336.18,336.2,335.82,335.98,134340
2025-08-25T20:00:00+00:00,335.98,336.0,335.5,335.6,370110
2025-08-26T03:00:00+00:00,335.72,335.72,335.72,335.72,12590
2025-08-26T04:00:00+00:00,335.72,336.34,335.72,336.2,485350
2025-08-26T05:00:00+00:00,336.2,336.48,336.1,336.42,184720
2025-08-26T06:00:00+00:00,336.44,337.68,336.2,337.42,1263030
2025-08-26T07:00:00+00:00,337.46,338.18,337.38,337.48,1616340
2025-08-26T08:00:00+00:00,337.52,337.96,337.34,337.52,941860
2025-08-26T09:00:00+00:00,337.54,337.58,336.88,337.18,748700
2025-08-26T10:00:00+00:00,337.18,338.1,337.18,337.92,791710
2025-08-26T11:00:00+00:00,337.86,338.1,337.8,337.82,546210
2025-08-26T12:00:00+00:00,337.82,337.88,337.28,337.46,632730
2025-08-26T13:00:00+00:00,337.46,337.58,336.8,337.2,934960
2025-08-26T14:00:00+00:00,337.12,337.38,336.52,336.9,990780
2025-08-26T15:00:00+00:00,336.82,337.4,336.82,337.28,277100
2025-08-26T16:00:00+00:00,337.2,337.4,337.1,337.26,324780
2025-08-26T17:00:00+00:00,337.24,337.34,337.06,337.12,122200
2025-08-26T18:00:00+00:00,337.16,337.6,337.06,337.5,371360
2025-08-26T19:00:00+00:00,337.52,337.52,337.12,337.38,166060
2025-08-26T20:00:00+00:00,337.38,337.8,337.3,337.76,334080
2025-08-27T03:00:00+00:00,337.98,337.98,337.98,337.98,20510
2025-08-27T04:00:00+00:00,337.98,338.28,337.86,338.2,544980
2025-08-27T05:00:00+00:00,338.2,338.46,338.08,338.28,317630
2025-08-27T06:00:00+00:00,338.22,338.28,337.82,337.92,506770
2025-08-27T07:00:00+00:00,337.92,339.12,337.9,339.12,1858770
2025-08-27T08:00:00+00:00,339.12,339.48,338.78,339.2,1419810
2025-08-27T09:00:00+00:00,339.24,339.44,338.86,338.96,551820
2025-08-27T10:00:00+00:00,338.92,339.08,338.2,338.56,806560
2025-08-27T11:00:00+00:00,338.56,339.5,338.36,339.16,1116240
2025-08-27T12:00:00+00:00,339.2,339.68,339.1,339.48,910180
2025-08-27T13:00:00+00:00,339.48,339.48,338.7,339.14,887360
2025-08-27T14:00:00+00:00,339.18,339.36,338.84,338.98,367890
2025-08-27T15:00:00+00:00,339.0,339.28,338.6,339.1,386440
2025-08-27T16:00:00+00:00,338.9,339.34,338.68,339.22,475030
2025-08-27T17:00:00+00:00,339.28,339.56,339.1,339.2,365200
2025-08-27T18:00:00+00:00,339.2,339.52,338.94,339.44,332910
2025-08-27T19:00:00+00:00,339.46,339.96,339.26,339.74,445430
2025-08-27T20:00:00+00:00,339.78,339.98,339.72,339.8,364860
2025-08-28T03:00:00+00:00,340.0,340.0,340.0,340.0,8680
2025-08-28T04:00:00+00:00,340.0,340.84,339.56,339.62,654270
2025-08-28T05:00:00+00:00,339.6,339.96,339.18,339.78,474910
2025-08-28T06:00:00+00:00,339.78,339.9,339.3,339.48,281390
2025-08-28T07:00:00+00:00,339.44,339.52,338.74,338.98,997630
2025-08-28T08:00:00+00:00,339.0,339.62,338.98,339.42,760880
2025-08-28T09:00:00+00:00,339.42,339.8,339.14,339.6,1035300
2025-08-28T10:00:00+00:00,339.6,339.78,338.86,339.18,923460
2025-08-28T11:00:00+00:00,339.16,339.36,338.82,338.9,440530
2025-08-28T12:00:00+00:00,338.88,339.3,338.8,339.08,472410
2025-08-28T13:00:00+00:00,339.08,339.56,338.92,339.18,565900
2025-08-28T14:00:00+00:00,339.18,339.6,339.02,339.44,731900
2025-08-28T15:00:00+00:00,339.44,340.14,339.4,339.88,999150
2025-08-28T16:00:00+00:00,339.9,339.92,339.12,339.46,406960
2025-08-28T17:00:00+00:00,339.44,339.6,336.08,337.22,4094570
2025-08-28T18:00:00+00:00,337.32,337.74,336.66,337.66,1215100
2025-08-28T19:00:00+00:00,337.44,337.46,336.9,336.9,316050
2025-08-28T20:00:00+00:00,336.94,337.68,336.84,337.6,389420
2025-08-29T03:00:00+00:00,337.82,337.82,337.82,337.82,57220
2025-08-29T04:00:00+00:00,338.0,338.38,337.7,338.02,535130
2025-08-29T05:00:00+00:00,338.02,338.18,337.84,338.02,214100
2025-08-29T06:00:00+00:00,338.12,338.62,337.72,337.74,516160
2025-08-29T07:00:00+00:00,337.78,338.18,336.78,337.4,1979840
2025-08-29T08:00:00+00:00,337.4,337.6,336.86,337.34,741500
2025-08-29T09:00:00+00:00,337.38,337.6,337.0,337.14,923950
2025-08-29T10:00:00+00:00,337.1,337.34,335.46,335.52,2426460
2025-08-29T11:00:00+00:00,335.56,335.88,334.0,334.38,2044990
2025-08-29T12:00:00+00:00,334.38,334.96,334.24,334.92,1203360
2025-08-29T13:00:00+00:00,334.92,334.94,332.72,332.8,1306560
2025-08-29T14:00:00+00:00,332.82,334.4,332.8,334.12,2169480
2025-08-29T15:00:00+00:00,334.14,334.28,333.66,334.16,627660
2025-08-29T16:00:00+00:00,334.0,334.18,333.66,334.08,267560
2025-08-29T17:00:00+00:00,334.08,334.42,333.86,334.2,300070
2025-08-29T18:00:00+00:00,334.18,334.46,333.86,334.38,317600
2025-08-29T19:00:00+00:00,334.44,334.48,333.96,333.96,275100
2025-08-29T20:00:00+00:00,333.98,334.12,333.16,333.48,427610
2025-08-29T23:00:00+00:00,334.0,334.48,333.08,333.7,23470
2025-08-30T00:00:00+00:00,333.9,333.9,333.72,333.74,260
2025-08-30T01:00:00+00:00,333.74,333.9,333.7,333.9,11250
2025-08-30T02:00:00+00:00,333.9,333.94,333.72,333.92,4040
2025-08-30T03:00:00+00:00,333.92,333.92,333.76,333.8,7590
2025-08-30T04:00:00+00:00,333.82,333.9,333.76,333.82,13620
2025-08-30T05:00:00+00:00,333.82,333.88,333.72,333.74,29530
2025-08-30T06:00:00+00:00,333.82,333.86,333.74,333.82,13500
2025-08-30T07:00:00+00:00,333.82,333.94,333.46,333.84,107350
2025-08-30T08:00:00+00:00,333.82,333.88,333.8,333.88,72580
2025-08-30T09:00:00+00:00,333.88,333.88,333.82,333.88,30420
2025-08-30T10:00:00+00:00,333.88,333.88,333.8,333.86,38100
2025-08-30T11:00:00+00:00,333.84,333.88,333.74,333.78,73030
2025-08-30T12:00:00+00:00,333.74,333.78,333.5,333.52,118320
2025-08-30T13:00:00+00:00,333.54,333.54,333.5,333.52,65220
2025-08-30T14:00:00+00:00,333.5,333.52,332.84,332.92,195190
2025-08-30T15:00:00+00:00,332.92,333.26,332.54,332.98,263980
2025-08-30T16:00:00+00:00,333.16,333.16,332.72,332.82,53760
2025-08-30T17:00:00+00:00,332.82,333.1,332.62,333.0,49070
2025-08-30T18:00:00+00:00,333.02,333.06,332.92,333.0,17200
2025-08-30T19:00:00+00:00,332.98,333.04,332.8,332.8,83740
2025-08-30T20:00:00+00:00,332.84,332.96,332.66,332.96,97760
2025-08-30T23:00:00+00:00,332.42,333.36,332.42,332.96,1490
2025-08-31T00:00:00+00:00,332.96,332.96,332.74,332.96,370
2025-08-31T01:00:00+00:00,332.96,332.96,332.7,332.72,23650
2025-08-31T02:00:00+00:00,332.72,332.96,332.72,332.94,520
2025-08-31T03:00:00+00:00,332.82,332.98,332.82,332.98,7590
2025-08-31T04:00:00+00:00,332.98,333.0,332.74,332.94,18770
2025-08-31T05:00:00+00:00,332.94,332.94,332.84,332.88,15460
2025-08-31T06:00:00+00:00,332.92,333.2,332.88,333.2,16280
2025-08-31T07:00:00+00:00,333.2,333.92,332.96,333.74,183830
2025-08-31T08:00:00+00:00,333.72,334.3,333.72,334.2,248110
2025-08-31T09:00:00+00:00,334.26,334.26,333.64,333.84,57230
2025-08-31T10:00:00+00:00,333.84,333.98,333.76,333.78,83920
2025-08-31T11:00:00+00:00,333.78,333.98,333.76,333.96,76210
2025-08-31T12:00:00+00:00,333.96,333.98,333.9,333.9,66340
2025-08-31T13:00:00+00:00,333.9,333.98,333.9,333.98,58400
2025-08-31T14:00:00+00:00,333.96,333.98,333.8,333.8,51890
2025-08-31T15:00:00+00:00,333.84,333.94,333.52,333.64,164480
2025-08-31T16:00:00+00:00,335.68,335.68,333.54,333.76,29890
2025-08-31T17:00:00+00:00,333.76,333.76,333.0,333.22,49590
2025-08-31T18:00:00+00:00,333.22,333.62,333.22,333.5,24950
2025-08-31T19:00:00+00:00,333.5,333.64,333.34,333.62,28520
2025-08-31T20:00:00+00:00,333.62,333.78,333.5,333.78,83070
2025-09-01T03:00:00+00:00,334.0,334.0,334.0,334.0,41890
2025-09-01T04:00:00+00:00,334.0,335.26,333.82,335.2,1031160
2025-09-01T05:00:00+00:00,335.18,335.2,334.62,334.9,439080
2025-09-01T06:00:00+00:00,334.82,336.3,334.7,335.78,1092500
2025-09-01T07:00:00+00:00,335.76,335.8,334.72,334.94,1330420
2025-09-01T08:00:00+00:00,334.9,335.18,334.62,335.06,925030
2025-09-01T09:00:00+00:00,335.06,335.52,334.88,335.0,541570
2025-09-01T10:00:00+00:00,335.0,335.16,334.7,335.02,519760
2025-09-01T11:00:00+00:00,335.02,335.6,334.92,335.28,756480
2025-09-01T12:00:00+00:00,335.3,335.6,335.08,335.54,527320
2025-09-01T13:00:00+00:00,335.54,335.58,334.86,335.04,631900
2025-09-01T14:00:00+00:00,335.04,335.3,334.0,334.1,1101960
2025-09-01T15:00:00+00:00,334.1,334.16,333.3,333.3,858550
2025-09-01T16:00:00+00:00,333.32,334.32,333.14,333.48,780890
2025-09-01T17:00:00+00:00,333.48,333.94,333.38,333.82,255730
2025-09-01T18:00:00+00:00,333.8,333.84,333.4,333.72,140480
2025-09-01T19:00:00+00:00,333.68,333.92,333.62,333.84,152460
2025-09-01T20:00:00+00:00,333.84,334.26,333.74,334.26,365470
2025-09-02T03:00:00+00:00,334.7,334.7,334.7,334.7,19620
2025-09-02T04:00:00+00:00,334.84,334.9,333.82,333.9,510220
2025-09-02T05:00:00+00:00,333.9,334.0,333.52,333.7,384630
2025-09-02T06:00:00+00:00,333.68,333.72,332.74,333.28,684930
2025-09-02T07:00:00+00:00,333.28,333.28,331.36,331.72,2148370
2025-09-02T08:00:00+00:00,331.74,332.24,331.1,332.0,1767730
2025-09-02T09:00:00+00:00,332.0,332.0,331.12,331.26,1038550
2025-09-02T10:00:00+00:00,331.3,331.5,330.82,331.34,686940
2025-09-02T11:00:00+00:00,331.34,332.0,331.26,331.88,468360
2025-09-02T12:00:00+00:00,331.88,332.5,330.26,330.72,2028520
2025-09-02T13:00:00+00:00,330.72,331.08,329.82,330.52,2037190
2025-09-02T14:00:00+00:00,330.5,331.2,330.24,330.6,1040890
2025-09-02T15:00:00+00:00,330.66,330.94,330.24,330.5,666630
2025-09-02T16:00:00+00:00,330.5,330.96,330.36,330.84,480380
2025-09-02T17:00:00+00:00,330.82,330.9,329.08,329.4,862170
2025-09-02T18:00:00+00:00,329.38,330.0,329.1,330.0,895030
2025-09-02T19:00:00+00:00,330.0,331.36,329.72,331.04,1018250
2025-09-02T20:00:00+00:00,331.04,331.2,330.8,331.0,425850
2025-09-03T03:00:00+00:00,331.3,331.3,331.3,331.3,8060
2025-09-03T04:00:00+00:00,331.3,331.48,330.4,330.76,576970
2025-09-03T05:00:00+00:00,330.82,331.2,330.66,330.98,225540
2025-09-03T06:00:00+00:00,330.98,331.88,330.66,331.86,820690
2025-09-03T07:00:00+00:00,331.86,332.3,329.94,330.64,2632050
2025-09-03T08:00:00+00:00,330.62,330.68,329.74,330.42,1243250
2025-09-03T09:00:00+00:00,330.42,330.7,330.26,330.3,621300
2025-09-03T10:00:00+00:00,330.32,330.82,330.08,330.32,693590
2025-09-03T11:00:00+00:00,330.32,330.72,330.2,330.58,361560
2025-09-03T12:00:00+00:00,330.56,330.7,330.3,330.4,399550
2025-09-03T13:00:00+00:00,330.38,331.2,329.9,330.16,1850770
2025-09-03T14:00:00+00:00,330.2,331.0,330.2,330.76,443130
2025-09-03T15:00:00+00:00,330.78,331.1,330.5,330.9,421270
2025-09-03T16:00:00+00:00,330.94,331.68,330.86,331.48,2047160
2025-09-03T17:00:00+00:00,331.5,331.68,331.4,331.64,420250
2025-09-03T18:00:00+00:00,331.6,331.84,331.22,331.78,571860
2025-09-03T19:00:00+00:00,331.76,331.98,331.5,331.88,487580
2025-09-03T20:00:00+00:00,331.88,331.98,331.72,331.8,403770
2025-09-04T03:00:00+00:00,331.8,331.8,331.8,331.8,9090
2025-09-04T04:00:00+00:00,331.88,332.3,331.56,331.84,569030
2025-09-04T05:00:00+00:00,331.86,332.08,331.8,331.98,303280
2025-09-04T06:00:00+00:00,331.98,332.5,331.5,332.48,1044430
2025-09-04T07:00:00+00:00,332.5,333.3,332.2,333.04,2449360
2025-09-04T08:00:00+00:00,333.06,333.06,332.16,332.4,963740
2025-09-04T09:00:00+00:00,332.38,332.98,332.18,332.78,763100
2025-09-04T10:00:00+00:00,332.74,333.1,332.74,332.96,462550
2025-09-04T11:00:00+00:00,332.96,333.1,332.68,333.02,417640
2025-09-04T12:00:00+00:00,333.04,333.3,332.22,332.32,2060170
2025-09-04T13:00:00+00:00,332.3,333.66,332.2,333.44,1502640
2025-09-04T14:00:00+00:00,333.44,333.46,332.04,332.74,1608620
2025-09-04T15:00:00+00:00,332.74,333.2,332.32,332.78,952070
2025-09-04T16:00:00+00:00,332.8,333.08,331.94,332.0,862270
2025-09-04T17:00:00+00:00,332.0,333.0,331.88,332.52,601660
2025-09-04T18:00:00+00:00,332.52,333.08,332.24,332.78,661940
2025-09-04T19:00:00+00:00,332.78,332.82,332.4,332.44,149670
2025-09-04T20:00:00+00:00,332.46,332.82,332.44,332.76,292790
2025-09-05T03:00:00+00:00,333.0,333.0,333.0,333.0,17310
2025-09-05T04:00:00+00:00,333.08,333.46,333.0,333.22,423690
2025-09-05T05:00:00+00:00,333.24,333.28,333.0,333.1,285010
2025-09-05T06:00:00+00:00,333.1,333.36,333.1,333.1,350410
2025-09-05T07:00:00+00:00,333.1,333.16,332.62,332.86,984800
2025-09-05T08:00:00+00:00,332.9,334.1,332.76,333.9,1546000
2025-09-05T09:00:00+00:00,333.9,334.3,333.56,333.76,1377260
2025-09-05T10:00:00+00:00,333.8,333.84,333.44,333.66,500100
2025-09-05T11:00:00+00:00,333.66,334.1,333.62,334.04,699480
2025-09-05T12:00:00+00:00,334.04,334.22,333.74,334.18,632370
2025-09-05T13:00:00+00:00,334.18,334.2,333.82,334.12,430090
2025-09-05T14:00:00+00:00,334.1,334.58,333.76,333.76,1131630
2025-09-05T15:00:00+00:00,333.8,333.9,333.52,333.72,457220
2025-09-05T16:00:00+00:00,333.74,333.86,333.22,333.6,440270
2025-09-05T17:00:00+00:00,333.6,333.62,333.32,333.44,166600
2025-09-05T18:00:00+00:00,333.4,333.5,333.32,333.36,122840
2025-09-05T19:00:00+00:00,333.36,333.46,333.02,333.22,251540
2025-09-05T20:00:00+00:00,333.24,333.48,333.0,333.12,569850
2025-09-05T23:00:00+00:00,332.54,333.5,332.54,333.22,16540
2025-09-06T00:00:00+00:00,333.22,333.24,333.1,333.24,4430
2025-09-06T01:00:00+00:00,333.24,333.24,333.12,333.22,1830
2025-09-06T02:00:00+00:00,333.22,333.22,333.16,333.2,3270
2025-09-06T03:00:00+00:00,333.2,333.2,333.12,333.18,34460
2025-09-06T04:00:00+00:00,333.18,333.2,333.14,333.18,6110
2025-09-06T05:00:00+00:00,333.2,333.2,333.14,333.16,36410
2025-09-06T06:00:00+00:00,333.2,333.3,333.1,333.16,17430
2025-09-06T07:00:00+00:00,333.2,333.36,332.84,333.2,105490
2025-09-06T08:00:00+00:00,333.2,333.22,333.14,333.16,52700
2025-09-06T09:00:00+00:00,333.14,333.18,333.02,333.12,43630
2025-09-06T10:00:00+00:00,333.06,333.16,333.04,333.1,24540
2025-09-06T11:00:00+00:00,333.14,333.18,333.06,333.12,35150
2025-09-06T12:00:00+00:00,333.12,333.18,333.08,333.16,40920
2025-09-06T13:00:00+00:00,333.16,333.18,333.14,333.14,32060
2025-09-06T14:00:00+00:00,333.18,333.2,333.1,333.16,55260
2025-09-06T15:00:00+00:00,333.18,333.2,333.16,333.18,24850
2025-09-06T16:00:00+00:00,333.3,333.3,332.46,333.16,33580
2025-09-06T17:00:00+00:00,333.16,333.16,333.02,333.02,25340
2025-09-06T18:00:00+00:00,333.02,333.08,332.92,332.92,40340
2025-09-06T19:00:00+00:00,332.92,333.04,332.88,332.96,54400
2025-09-06T20:00:00+00:00,332.94,332.98,332.84,332.96,59280
2025-09-06T23:00:00+00:00,333.22,333.22,332.76,333.1,1090
2025-09-07T00:00:00+00:00,333.14,333.18,333.1,333.18,5200
2025-09-07T01:00:00+00:00,333.18,333.18,333.1,333.12,2000
2025-09-07T02:00:00+00:00,333.18,333.18,333.12,333.18,440
2025-09-07T03:00:00+00:00,333.14,333.18,333.12,333.18,1050
2025-09-07T04:00:00+00:00,333.18,333.2,333.0,333.16,37270
2025-09-07T05:00:00+00:00,333.16,333.16,333.1,333.12,9960
2025-09-07T06:00:00+00:00,333.1,333.3,333.1,333.3,22350
2025-09-07T07:00:00+00:00,333.3,333.32,333.14,333.22,57010
2025-09-07T08:00:00+00:00,333.22,333.3,333.18,333.24,110270
2025-09-07T09:00:00+00:00,333.26,333.44,333.24,333.38,64290
2025-09-07T10:00:00+00:00,333.38,333.76,333.34,333.66,160080
2025-09-07T11:00:00+00:00,333.66,333.88,333.62,333.7,81510
2025-09-07T12:00:00+00:00,333.66,333.78,333.64,333.74,58350
2025-09-07T13:00:00+00:00,333.74,333.76,333.42,333.5,127690
2025-09-07T14:00:00+00:00,333.5,333.62,333.46,333.6,33230
2025-09-07T15:00:00+00:00,333.6,333.74,333.6,333.72,73630
2025-09-07T16:00:00+00:00,333.74,333.74,332.62,333.32,129970
2025-09-07T17:00:00+00:00,333.34,333.36,333.28,333.34,33760
2025-09-07T18:00:00+00:00,333.34,333.46,333.26,333.34,54570
2025-09-07T19:00:00+00:00,333.32,333.5,333.32,333.44,25600
2025-09-07T20:00:00+00:00,333.46,333.64,333.42,333.64,40800
2025-09-08T03:00:00+00:00,333.88,333.88,333.88,333.88,3720
2025-09-08T04:00:00+00:00,333.86,334.9,333.76,334.38,775420
2025-09-08T05:00:00+00:00,334.4,335.34,334.34,334.88,774210
2025-09-08T06:00:00+00:00,334.88,335.56,334.82,334.92,1169010
2025-09-08T07:00:00+00:00,334.94,335.38,334.7,334.82,887060
2025-09-08T08:00:00+00:00,334.86,335.24,334.72,334.96,980740
2025-09-08T09:00:00+00:00,334.94,335.2,334.8,335.2,551000
2025-09-08T10:00:00+00:00,335.18,335.46,334.92,335.1,1018100
2025-09-08T11:00:00+00:00,335.08,335.3,334.9,335.28,450380
2025-09-08T12:00:00+00:00,335.28,336.26,335.0,336.14,1856190
2025-09-08T13:00:00+00:00,336.08,336.18,335.3,335.52,1296800
2025-09-08T14:00:00+00:00,335.52,336.12,335.38,335.98,561190
2025-09-08T15:00:00+00:00,335.98,335.98,335.58,335.9,340980
2025-09-08T16:00:00+00:00,335.92,336.66,335.78,336.28,929800
2025-09-08T17:00:00+00:00,336.3,336.6,336.2,336.48,401200
2025-09-08T18:00:00+00:00,336.48,336.86,336.42,336.74,596240
2025-09-08T19:00:00+00:00,336.72,336.74,336.42,336.56,298940
2025-09-08T20:00:00+00:00,336.54,336.98,336.44,336.9,396130
2025-09-09T03:00:00+00:00,336.9,336.9,336.9,336.9,14530
2025-09-09T04:00:00+00:00,337.0,337.6,336.72,337.44,1006300
2025-09-09T05:00:00+00:00,337.42,337.56,337.2,337.26,354040
2025-09-09T06:00:00+00:00,337.26,337.76,337.22,337.68,659980
2025-09-09T07:00:00+00:00,337.66,337.84,337.3,337.54,2009200
2025-09-09T08:00:00+00:00,337.6,338.14,337.48,337.78,1282190
2025-09-09T09:00:00+00:00,337.72,338.38,335.88,336.2,3578920
2025-09-09T10:00:00+00:00,336.2,336.62,335.54,335.9,1970060
2025-09-09T11:00:00+00:00,335.9,336.3,335.56,336.0,951360
2025-09-09T12:00:00+00:00,336.04,336.1,334.76,334.8,1458450
2025-09-09T13:00:00+00:00,334.78,335.8,334.2,334.84,2377360
2025-09-09T14:00:00+00:00,334.84,335.2,334.36,335.06,1112300
2025-09-09T15:00:00+00:00,335.06,335.5,335.0,335.38,615920
2025-09-09T16:00:00+00:00,335.38,335.6,335.12,335.3,281260
2025-09-09T17:00:00+00:00,335.28,336.4,334.64,336.24,1399630
2025-09-09T18:00:00+00:00,336.24,336.28,335.92,336.1,206920
2025-09-09T19:00:00+00:00,336.1,336.14,335.8,335.86,160920
2025-09-09T20:00:00+00:00,335.82,335.96,335.66,335.74,302020
2025-09-10T03:00:00+00:00,335.9,335.9,335.9,335.9,9610
2025-09-10T04:00:00+00:00,335.98,336.36,335.1,335.36,576100
2025-09-10T05:00:00+00:00,335.32,335.32,334.8,335.0,506940
2025-09-10T06:00:00+00:00,335.0,336.88,334.54,334.86,1702190
2025-09-10T07:00:00+00:00,334.88,335.4,334.72,335.34,1561100
2025-09-10T08:00:00+00:00,335.3,335.36,334.58,334.8,887290
2025-09-10T09:00:00+00:00,334.78,334.84,333.92,334.64,1320260
2025-09-10T10:00:00+00:00,334.66,334.96,333.98,334.08,870840
2025-09-10T11:00:00+00:00,334.06,334.76,334.0,334.18,609480
2025-09-10T12:00:00+00:00,334.16,334.58,333.66,334.02,864750
2025-09-10T13:00:00+00:00,334.02,334.14,333.32,333.56,1033600
2025-09-10T14:00:00+00:00,333.56,334.18,333.34,334.04,972980
2025-09-10T15:00:00+00:00,334.04,334.1,333.32,333.42,622430
2025-09-10T16:00:00+00:00,333.42,333.52,331.94,332.5,1345730
2025-09-10T17:00:00+00:00,332.42,332.52,331.8,332.5,373810
2025-09-10T18:00:00+00:00,332.48,332.7,332.24,332.56,299610
2025-09-10T19:00:00+00:00,332.58,332.74,332.3,332.5,285230
2025-09-10T20:00:00+00:00,332.54,332.78,332.32,332.74,310580
2025-09-11T03:00:00+00:00,332.1,332.1,332.1,332.1,18410
2025-09-11T04:00:00+00:00,332.4,333.2,332.12,333.02,579630
2025-09-11T05:00:00+00:00,333.04,333.54,333.0,333.24,421460
2025-09-11T06:00:00+00:00,333.22,333.5,332.76,333.3,435050
2025-09-11T07:00:00+00:00,333.32,333.48,331.52,331.6,1951340
2025-09-11T08:00:00+00:00,331.6,331.94,330.0,330.52,3233730
2025-09-11T09:00:00+00:00,330.5,331.38,330.42,331.04,1592410
2025-09-11T10:00:00+00:00,331.04,331.22,330.56,330.94,886440
2025-09-11T11:00:00+00:00,330.98,331.34,330.5,330.64,744720
2025-09-11T12:00:00+00:00,330.66,330.7,326.26,327.56,3605070
2025-09-11T13:00:00+00:00,327.56,329.48,326.16,327.44,4135270
2025-09-11T14:00:00+00:00,327.48,328.28,326.6,327.5,3124440
2025-09-11T15:00:00+00:00,327.5,327.88,326.8,327.12,1682740
2025-09-11T16:00:00+00:00,327.18,327.62,327.12,327.32,650330
2025-09-11T17:00:00+00:00,327.32,327.9,327.0,327.68,816240
2025-09-11T18:00:00+00:00,327.66,328.38,327.58,328.22,521380
2025-09-11T19:00:00+00:00,328.24,328.3,327.6,327.8,264780
2025-09-11T20:00:00+00:00,327.74,328.06,327.52,328.0,345860
2025-09-12T03:00:00+00:00,328.3,328.3,328.3,328.3,7610
2025-09-12T04:00:00+00:00,328.38,328.8,328.0,328.42,660790
2025-09-12T05:00:00+00:00,328.4,328.5,328.3,328.5,119000
2025-09-12T06:00:00+00:00,328.46,328.64,327.66,327.7,422740
2025-09-12T07:00:00+00:00,327.78,327.78,324.86,325.1,2934360
2025-09-12T08:00:00+00:00,325.1,326.44,325.04,326.16,1482480
2025-09-12T09:00:00+00:00,326.16,326.4,325.76,326.26,658580
2025-09-12T10:00:00+00:00,326.22,326.76,322.74,325.36,6818490
2025-09-12T11:00:00+00:00,325.56,326.32,324.68,324.78,2312770
2025-09-12T12:00:00+00:00,324.78,324.88,321.74,322.2,4789630
2025-09-12T13:00:00+00:00,322.2,322.4,318.52,319.52,6480680
2025-09-12T14:00:00+00:00,319.46,320.64,319.1,319.1,2605780
2025-09-12T15:00:00+00:00,319.1,320.18,318.16,318.8,1889080
2025-09-12T16:00:00+00:00,318.88,319.26,317.54,318.36,1681190
2025-09-12T17:00:00+00:00,318.32,318.76,318.14,318.44,488350
2025-09-12T18:00:00+00:00,318.44,319.68,318.44,319.44,689420
2025-09-12T19:00:00+00:00,319.44,319.46,318.34,318.82,499630
2025-09-12T20:00:00+00:00,318.8,319.1,318.3,318.5,490070
2025-09-12T23:00:00+00:00,319.76,319.76,317.54,318.76,14780
2025-09-13T00:00:00+00:00,318.66,318.78,318.66,318.78,3620
2025-09-13T01:00:00+00:00,318.78,319.38,318.72,319.12,5870
2025-09-13T02:00:00+00:00,319.12,319.2,318.76,318.96,3890
2025-09-13T03:00:00+00:00,318.84,319.28,318.82,319.18,9700
2025-09-13T04:00:00+00:00,319.16,319.2,318.92,318.92,96940
2025-09-13T05:00:00+00:00,318.92,319.04,318.8,318.8,25380
2025-09-13T06:00:00+00:00,318.8,318.98,318.78,318.96,11300
2025-09-13T07:00:00+00:00,319.3,319.3,319.3,319.3,510
2025-09-13T08:00:00+00:00,319.0,319.38,318.5,318.92,66250
2025-09-13T09:00:00+00:00,318.92,318.96,318.58,318.82,111910
2025-09-13T10:00:00+00:00,318.82,318.82,318.62,318.68,73660
2025-09-13T11:00:00+00:00,318.68,318.78,318.6,318.66,86030
2025-09-13T12:00:00+00:00,318.66,318.7,318.6,318.7,44850
2025-09-13T13:00:00+00:00,318.66,318.76,318.64,318.72,33000
2025-09-13T14:00:00+00:00,318.68,318.72,318.04,318.32,258350
2025-09-13T15:00:00+00:00,318.32,318.46,318.2,318.34,79230
2025-09-13T16:00:00+00:00,318.38,318.38,317.62,317.82,143430
2025-09-13T17:00:00+00:00,317.62,318.02,317.5,317.94,55040
2025-09-13T18:00:00+00:00,317.92,318.2,317.8,317.94,30410
2025-09-13T19:00:00+00:00,317.94,318.14,317.9,318.0,15180
2025-09-13T20:00:00+00:00,318.0,318.06,317.86,317.92,27510
2025-09-13T23:00:00+00:00,318.5,318.5,317.88,318.04,2170
2025-09-14T00:00:00+00:00,318.04,318.2,318.0,318.0,3270
2025-09-14T01:00:00+00:00,318.0,318.46,317.52,317.7,19790
2025-09-14T02:00:00+00:00,318.32,318.32,317.9,318.3,920
2025-09-14T03:00:00+00:00,318.22,318.3,318.04,318.2,1780
2025-09-14T04:00:00+00:00,318.06,318.2,317.64,318.04,9430
2025-09-14T05:00:00+00:00,317.98,318.1,317.92,318.1,12730
2025-09-14T06:00:00+00:00,318.1,318.24,318.0,318.24,8160
2025-09-14T07:00:00+00:00,318.24,318.26,317.84,318.02,97250
2025-09-14T08:00:00+00:00,318.08,318.1,317.76,317.76,99510
2025-09-14T09:00:00+00:00,317.76,318.22,317.76,318.22,232730
2025-09-14T10:00:00+00:00,318.22,318.9,318.2,318.54,170710
2025-09-14T11:00:00+00:00,318.54,318.76,318.52,318.74,120010
2025-09-14T12:00:00+00:00,318.76,319.22,318.74,318.9,411110
2025-09-14T13:00:00+00:00,318.98,319.32,318.74,318.76,174190
2025-09-14T14:00:00+00:00,318.84,319.0,318.68,318.9,67300
2025-09-14T15:00:00+00:00,318.98,319.0,318.68,318.8,154980
2025-09-14T16:00:00+00:00,318.3,319.08,318.3,318.82,35260
2025-09-14T17:00:00+00:00,318.82,318.94,318.74,318.94,32100
2025-09-14T18:00:00+00:00,318.94,319.24,318.86,319.04,77160
2025-09-14T19:00:00+00:00,319.06,319.3,318.7,318.88,60240
2025-09-14T20:00:00+00:00,318.86,319.12,318.68,318.98,37610
2025-09-15T03:00:00+00:00,319.4,319.4,319.4,319.4,12860
2025-09-15T04:00:00+00:00,319.3,319.68,318.78,319.18,879920
2025-09-15T05:00:00+00:00,319.18,319.3,318.94,319.06,323740
2025-09-15T06:00:00+00:00,319.04,319.18,318.2,318.56,1133370
2025-09-15T07:00:00+00:00,318.56,319.16,316.82,316.88,2500340
2025-09-15T08:00:00+00:00,316.94,317.18,315.6,316.3,2963690
2025-09-15T09:00:00+00:00,316.3,316.56,315.72,316.42,1671970
2025-09-15T10:00:00+00:00,316.38,316.82,315.62,315.66,1175760
2025-09-15T11:00:00+00:00,315.7,316.52,315.1,316.1,1306880
2025-09-15T12:00:00+00:00,316.06,316.7,315.56,315.8,1543210
2025-09-15T13:00:00+00:00,315.82,316.72,315.7,315.88,1297540
2025-09-15T14:00:00+00:00,315.84,316.38,315.3,315.94,1326080
2025-09-15T15:00:00+00:00,315.92,316.66,315.84,316.28,642320
2025-09-15T16:00:00+00:00,316.3,316.62,316.16,316.44,215510
2025-09-15T17:00:00+00:00,316.44,316.7,316.0,316.22,345330
2025-09-15T18:00:00+00:00,316.2,316.22,315.62,315.74,312780
2025-09-15T19:00:00+00:00,315.74,316.24,315.64,316.14,201210
2025-09-15T20:00:00+00:00,316.14,316.26,316.0,316.26,308900
2025-09-16T03:00:00+00:00,316.34,316.34,316.34,316.34,11740
2025-09-16T04:00:00+00:00,316.46,316.94,316.32,316.74,500820
2025-09-16T05:00:00+00:00,316.76,318.2,316.72,317.64,1334410
2025-09-16T06:00:00+00:00,317.6,317.7,316.82,316.98,1236400
2025-09-16T07:00:00+00:00,316.94,318.08,316.44,317.48,1730410
2025-09-16T08:00:00+00:00,317.44,317.64,315.36,315.78,1883840
2025-09-16T09:00:00+00:00,315.78,315.98,313.66,313.82,2804920
2025-09-16T10:00:00+00:00,313.84,314.48,313.28,314.34,1880640
2025-09-16T11:00:00+00:00,314.36,314.6,313.74,314.2,1167340
2025-09-16T12:00:00+00:00,314.2,314.36,313.62,314.12,597470
2025-09-16T13:00:00+00:00,314.06,316.14,313.22,315.42,2378830
2025-09-16T14:00:00+00:00,315.44,317.18,315.4,316.2,2282930
2025-09-16T15:00:00+00:00,316.2,316.26,314.84,315.14,904240
2025-09-16T16:00:00+00:00,315.2,316.1,315.14,315.92,382730
2025-09-16T17:00:00+00:00,315.92,315.92,315.26,315.6,310280
2025-09-16T18:00:00+00:00,315.58,315.88,315.44,315.8,207820
2025-09-16T19:00:00+00:00,315.78,315.8,315.38,315.38,280660
2025-09-16T20:00:00+00:00,315.42,315.56,315.24,315.5,246090
2025-09-17T03:00:00+00:00,315.7,315.7,315.7,315.7,28220
2025-09-17T04:00:00+00:00,315.78,316.18,315.6,316.0,437060
2025-09-17T05:00:00+00:00,316.0,316.0,315.8,315.96,104960
2025-09-17T06:00:00+00:00,315.96,316.06,314.52,314.7,1126370
2025-09-17T07:00:00+00:00,314.7,315.26,314.3,315.18,1060910
2025-09-17T08:00:00+00:00,315.18,315.3,314.34,314.64,759930
2025-09-17T09:00:00+00:00,314.66,315.12,313.7,313.98,940290
2025-09-17T10:00:00+00:00,313.96,315.82,313.8,315.36,2055840
2025-09-17T11:00:00+00:00,315.38,315.64,314.62,315.06,1020070
2025-09-17T12:00:00+00:00,315.06,315.16,313.86,314.34,1235770
2025-09-17T13:00:00+00:00,314.38,315.0,314.02,314.18,1014110
2025-09-17T14:00:00+00:00,314.18,317.7,314.18,317.54,4272840
2025-09-17T15:00:00+00:00,317.56,317.8,316.72,317.14,1455030
2025-09-17T16:00:00+00:00,317.48,318.2,317.02,317.06,1291190
2025-09-17T17:00:00+00:00,317.1,317.22,316.54,316.88,594190
2025-09-17T18:00:00+00:00,316.88,317.48,316.22,316.48,737200
2025-09-17T19:00:00+00:00,316.48,316.9,316.44,316.84,196300
2025-09-17T20:00:00+00:00,316.84,317.06,316.54,317.06,242700
2025-09-18T03:00:00+00:00,317.36,317.36,317.36,317.36,14980
2025-09-18T04:00:00+00:00,317.34,317.44,316.42,316.42,557100
2025-09-18T05:00:00+00:00,316.5,316.88,315.94,316.74,435310
2025-09-18T06:00:00+00:00,316.7,316.78,316.0,316.18,415880
2025-09-18T07:00:00+00:00,316.16,316.86,315.64,315.82,1579650
2025-09-18T08:00:00+00:00,315.8,316.28,315.38,315.92,1201870
2025-09-18T09:00:00+00:00,315.92,316.56,314.96,315.16,1466270
2025-09-18T10:00:00+00:00,315.16,315.64,314.36,314.42,1783740
2025-09-18T11:00:00+00:00,314.42,314.88,314.26,314.6,1382930
2025-09-18T12:00:00+00:00,314.58,315.14,313.8,314.54,4408180
2025-09-18T13:00:00+00:00,314.54,314.94,313.5,314.12,1583340
2025-09-18T14:00:00+00:00,314.12,315.32,314.1,314.84,1458720
2025-09-18T15:00:00+00:00,314.86,315.72,314.58,315.5,1116070
2025-09-18T16:00:00+00:00,315.58,315.74,315.12,315.38,604440
2025-09-18T17:00:00+00:00,315.42,315.44,312.2,312.64,1817160
2025-09-18T18:00:00+00:00,312.64,313.82,312.54,313.66,855550
2025-09-18T19:00:00+00:00,313.66,313.72,312.82,313.24,556800
2025-09-18T20:00:00+00:00,313.24,313.84,313.16,313.58,495990
2025-09-19T03:00:00+00:00,313.8,313.8,313.8,313.8,2360
2025-09-19T04:00:00+00:00,313.84,314.5,313.54,313.78,377710
2025-09-19T05:00:00+00:00,313.78,313.78,313.08,313.56,330560
2025-09-19T06:00:00+00:00,313.54,314.52,313.44,314.3,714820
2025-09-19T07:00:00+00:00,314.26,315.12,313.76,314.36,1429490
2025-09-19T08:00:00+00:00,314.36,314.36,313.26,313.5,1441150
2025-09-19T09:00:00+00:00,313.5,314.02,312.9,313.5,1694690
2025-09-19T10:00:00+00:00,313.52,313.72,312.4,312.84,1648240
2025-09-19T11:00:00+00:00,312.84,313.72,311.44,313.62,2000540
2025-09-19T12:00:00+00:00,313.64,313.76,312.78,313.48,1026910
2025-09-19T13:00:00+00:00,313.5,314.8,313.02,314.08,1456620
2025-09-19T14:00:00+00:00,314.08,314.12,310.32,310.54,3007740
2025-09-19T15:00:00+00:00,310.48,310.86,308.8,309.3,2687730
2025-09-19T16:00:00+00:00,309.44,309.96,308.5,309.32,2424370
2025-09-19T17:00:00+00:00,309.32,309.62,308.88,309.3,637540
2025-09-19T18:00:00+00:00,309.3,309.56,308.84,308.98,544160
2025-09-19T19:00:00+00:00,308.96,309.06,308.28,308.38,698140
2025-09-19T20:00:00+00:00,308.36,308.54,306.9,306.9,902020
2025-09-19T23:00:00+00:00,305.9,307.7,305.9,307.2,15050
2025-09-20T00:00:00+00:00,306.96,307.5,306.82,307.48,7260
2025-09-20T01:00:00+00:00,307.44,307.48,307.12,307.42,4250
2025-09-20T02:00:00+00:00,307.42,308.3,307.12,308.3,42280
2025-09-20T03:00:00+00:00,308.3,308.38,307.16,308.32,29990
2025-09-20T04:00:00+00:00,308.32,308.32,307.84,307.84,14490
2025-09-20T05:00:00+00:00,307.94,307.94,307.34,307.52,29680
2025-09-20T06:00:00+00:00,307.4,307.66,307.3,307.34,31630
2025-09-20T07:00:00+00:00,307.34,307.46,307.12,307.32,80990
2025-09-20T08:00:00+00:00,307.32,307.38,306.76,307.04,107020
2025-09-20T09:00:00+00:00,306.96,307.12,306.82,307.08,24120
2025-09-20T10:00:00+00:00,307.08,307.08,306.8,306.9,45900
2025-09-20T11:00:00+00:00,306.84,307.08,306.78,307.06,45240
2025-09-20T12:00:00+00:00,306.96,307.08,306.92,306.92,26130
2025-09-20T13:00:00+00:00,306.98,306.98,306.74,306.96,59920
2025-09-20T14:00:00+00:00,306.94,306.98,306.76,306.8,20950
2025-09-20T15:00:00+00:00,306.8,306.88,306.3,306.5,64680
2025-09-20T16:00:00+00:00,306.52,306.6,306.02,306.06,66570
2025-09-20T17:00:00+00:00,306.04,306.1,305.72,305.9,63680
2025-09-20T18:00:00+00:00,305.9,306.08,305.62,306.0,22670
2025-09-20T19:00:00+00:00,306.0,306.08,305.7,305.9,22010
2025-09-20T20:00:00+00:00,305.9,306.04,305.62,305.62,41060
2025-09-20T23:00:00+00:00,307.0,307.0,305.6,306.0,9710
2025-09-21T00:00:00+00:00,306.2,306.2,306.0,306.16,220
2025-09-21T01:00:00+00:00,306.16,306.18,306.0,306.16,1010
2025-09-21T02:00:00+00:00,306.04,306.16,305.62,305.72,3970
2025-09-21T03:00:00+00:00,306.14,306.16,305.8,306.16,2120
2025-09-21T04:00:00+00:00,306.16,306.3,305.9,306.28,6460
2025-09-21T05:00:00+00:00,306.28,306.34,306.06,306.3,10590
2025-09-21T06:00:00+00:00,306.32,306.4,306.14,306.16,31310
2025-09-21T07:00:00+00:00,306.32,306.34,305.96,306.0,15450
2025-09-21T08:00:00+00:00,306.0,306.26,305.6,306.06,50970
2025-09-21T09:00:00+00:00,306.04,306.34,306.0,306.1,45790
2025-09-21T10:00:00+00:00,306.1,306.26,306.1,306.18,11150
2025-09-21T11:00:00+00:00,306.12,306.2,305.7,306.18,37690
2025-09-21T12:00:00+00:00,306.0,306.2,305.92,306.18,24610
2025-09-21T13:00:00+00:00,306.18,306.18,306.02,306.1,6580
2025-09-21T14:00:00+00:00,306.12,306.3,306.04,306.24,22910
2025-09-21T15:00:00+00:00,306.2,306.24,306.14,306.24,12940
2025-09-21T16:00:00+00:00,306.22,306.24,306.12,306.14,16580
2025-09-21T17:00:00+00:00,306.14,306.22,306.12,306.12,17440
2025-09-21T18:00:00+00:00,306.2,306.28,306.1,306.16,43680
2025-09-21T19:00:00+00:00,306.28,306.4,306.12,306.34,88530
2025-09-21T20:00:00+00:00,306.24,306.74,306.18,306.68,34960
2025-09-22T03:00:00+00:00,307.0,307.0,307.0,307.0,15590
2025-09-22T04:00:00+00:00,307.1,308.2,306.66,307.58,1085340
2025-09-22T05:00:00+00:00,307.58,307.98,307.0,307.4,568860
2025-09-22T06:00:00+00:00,307.34,307.34,306.24,306.86,778230
2025-09-22T07:00:00+00:00,306.86,308.5,306.52,308.2,3312480
2025-09-22T08:00:00+00:00,308.16,308.42,307.28,307.78,1935910
2025-09-22T09:00:00+00:00,307.8,309.38,306.66,307.84,2694670
2025-09-22T10:00:00+00:00,307.82,308.38,307.3,307.98,1691970
2025-09-22T11:00:00+00:00,307.98,311.6,307.68,310.3,3156530
2025-09-22T12:00:00+00:00,310.3,310.8,309.08,309.32,2337090
2025-09-22T13:00:00+00:00,309.32,309.34,307.82,308.02,1403830
2025-09-22T14:00:00+00:00,308.04,310.2,308.02,309.34,2050440
2025-09-22T15:00:00+00:00,309.38,310.78,309.28,310.24,1164280
2025-09-22T16:00:00+00:00,309.9,310.46,309.58,310.24,495320
2025-09-22T17:00:00+00:00,310.24,310.52,309.28,310.1,676930
2025-09-22T18:00:00+00:00,310.1,310.66,310.1,310.6,542630
2025-09-22T19:00:00+00:00,310.6,310.9,310.32,310.68,375460
2025-09-22T20:00:00+00:00,310.68,310.96,310.68,310.88,540730
2025-09-23T03:00:00+00:00,310.92,310.92,310.92,310.92,12840
2025-09-23T04:00:00+00:00,310.92,311.92,310.9,311.5,776330
2025-09-23T05:00:00+00:00,311.52,312.1,311.5,311.68,395680
2025-09-23T06:00:00+00:00,311.66,312.76,311.28,312.18,1236280
2025-09-23T07:00:00+00:00,312.14,312.6,311.16,311.52,2269530
2025-09-23T08:00:00+00:00,311.5,312.3,310.2,312.08,2787640
2025-09-23T09:00:00+00:00,312.02,314.32,311.78,314.16,2766580
2025-09-23T10:00:00+00:00,314.16,314.6,313.3,314.46,1636900
2025-09-23T11:00:00+00:00,314.48,315.62,314.2,315.24,2391530
2025-09-23T12:00:00+00:00,315.26,316.2,315.02,316.06,2270900
2025-09-23T13:00:00+00:00,316.06,317.3,315.78,316.98,2228790
2025-09-23T14:00:00+00:00,316.98,317.0,315.22,316.86,2005600
2025-09-23T15:00:00+00:00,316.86,316.9,315.2,315.92,1221050
2025-09-23T16:00:00+00:00,315.9,315.9,313.52,313.96,1851400
2025-09-23T17:00:00+00:00,313.96,314.82,313.12,313.14,1171590
2025-09-23T18:00:00+00:00,313.12,313.78,312.42,312.64,915230
2025-09-23T19:00:00+00:00,312.62,312.62,307.46,307.6,5201360
2025-09-23T20:00:00+00:00,307.74,309.7,307.06,309.7,1665780
2025-09-24T03:00:00+00:00,309.9,309.9,309.9,309.9,44110
2025-09-24T04:00:00+00:00,309.82,312.1,309.72,311.04,2068570
2025-09-24T05:00:00+00:00,311.04,311.24,310.3,310.64,653380
2025-09-24T06:00:00+00:00,310.64,310.64,308.3,309.04,2979160
2025-09-24T07:00:00+00:00,309.0,310.76,307.9,310.42,3866980
2025-09-24T08:00:00+00:00,310.36,313.6,309.98,313.16,3781350
2025-09-24T09:00:00+00:00,313.2,313.6,312.5,313.04,1786040
2025-09-24T10:00:00+00:00,313.04,313.24,312.3,312.62,1028340
2025-09-24T11:00:00+00:00,312.64,315.1,312.3,314.98,1943340
2025-09-24T12:00:00+00:00,315.0,315.9,314.5,314.94,2107320
2025-09-24T13:00:00+00:00,314.96,316.18,313.96,315.14,1581730
2025-09-24T14:00:00+00:00,315.2,315.32,313.5,314.5,1387510
2025-09-24T15:00:00+00:00,314.5,314.82,312.46,313.18,1204510
2025-09-24T16:00:00+00:00,313.16,313.36,311.6,313.0,1094770
2025-09-24T17:00:00+00:00,313.02,314.04,312.46,312.56,680330
2025-09-24T18:00:00+00:00,312.64,313.56,312.3,312.76,428210
2025-09-24T19:00:00+00:00,312.78,314.2,312.74,314.14,425830
2025-09-24T20:00:00+00:00,314.14,314.78,313.76,314.78,432960
2025-09-25T03:00:00+00:00,314.9,314.9,314.9,314.9,23680
2025-09-25T04:00:00+00:00,314.88,315.5,314.24,315.2,510340
2025-09-25T05:00:00+00:00,315.18,315.5,314.92,314.96,377600
2025-09-25T06:00:00+00:00,314.94,315.4,313.82,315.34,982670
2025-09-25T07:00:00+00:00,315.34,315.34,313.2,313.64,1592010
2025-09-25T08:00:00+00:00,313.58,314.2,313.1,313.72,1119590
2025-09-25T09:00:00+00:00,313.7,314.4,312.48,313.46,1326910
2025-09-25T10:00:00+00:00,313.5,313.68,312.86,313.36,613810
2025-09-25T11:00:00+00:00,313.38,314.18,313.02,314.0,999060
2025-09-25T12:00:00+00:00,314.0,314.46,313.52,313.76,817080
2025-09-25T13:00:00+00:00,313.7,314.3,313.36,313.42,1015200
2025-09-25T14:00:00+00:00,313.42,313.96,313.22,313.4,882940
2025-09-25T15:00:00+00:00,313.4,313.54,310.86,311.98,2327660
2025-09-25T16:00:00+00:00,311.84,312.4,309.82,311.3,1698380
2025-09-25T17:00:00+00:00,311.26,311.44,310.62,310.64,331840
2025-09-25T18:00:00+00:00,310.64,310.92,310.2,310.58,255830
2025-09-25T19:00:00+00:00,310.5,310.92,310.4,310.56,207010
2025-09-25T20:00:00+00:00,310.6,310.96,310.3,310.96,209860
2025-09-26T03:00:00+00:00,311.5,311.5,311.5,311.5,8390
2025-09-26T04:00:00+00:00,311.48,312.28,310.58,310.6,906420
2025-09-26T05:00:00+00:00,310.64,311.86,310.64,311.06,528040
2025-09-26T06:00:00+00:00,311.06,312.12,311.06,311.64,881520
2025-09-26T07:00:00+00:00,311.7,312.54,310.12,310.6,2418280
2025-09-26T08:00:00+00:00,310.6,311.4,310.42,310.68,666590
2025-09-26T09:00:00+00:00,310.68,313.0,310.44,312.7,1358640
2025-09-26T10:00:00+00:00,312.7,313.16,311.7,312.58,1259240
2025-09-26T11:00:00+00:00,312.58,312.9,311.4,311.66,911440
2025-09-26T12:00:00+00:00,311.58,312.2,311.16,311.96,904040
2025-09-26T13:00:00+00:00,311.94,312.48,310.8,311.08,933730
2025-09-26T14:00:00+00:00,311.08,312.88,310.5,312.68,1687790
2025-09-26T15:00:00+00:00,312.66,313.08,312.22,312.88,1780130
2025-09-26T16:00:00+00:00,312.8,313.38,312.52,312.76,586160
2025-09-26T17:00:00+00:00,312.76,312.88,312.08,312.52,313640
2025-09-26T18:00:00+00:00,312.54,313.02,312.0,312.36,460950
2025-09-26T19:00:00+00:00,312.36,312.62,312.04,312.22,272680
2025-09-26T20:00:00+00:00,312.22,312.34,311.14,311.4,413010
2025-09-26T23:00:00+00:00,311.9,311.9,310.76,311.62,3790
2025-09-27T00:00:00+00:00,311.62,311.68,311.3,311.52,4230
2025-09-27T01:00:00+00:00,311.52,311.7,311.52,311.7,1120
2025-09-27T02:00:00+00:00,311.7,311.76,311.6,311.6,1480
2025-09-27T03:00:00+00:00,311.64,311.9,311.62,311.72,10000
2025-09-27T04:00:00+00:00,311.72,311.9,311.7,311.84,9550
2025-09-27T05:00:00+00:00,311.84,311.9,311.72,311.76,23160
2025-09-27T06:00:00+00:00,311.78,311.78,311.68,311.78,4650
2025-09-27T07:00:00+00:00,311.86,311.86,311.52,311.52,55260
2025-09-27T08:00:00+00:00,311.58,311.66,311.44,311.48,29110
2025-09-27T09:00:00+00:00,311.48,311.54,311.42,311.54,33150
2025-09-27T10:00:00+00:00,311.56,311.56,311.44,311.46,12740
2025-09-27T11:00:00+00:00,311.44,311.46,311.26,311.34,46700
2025-09-27T12:00:00+00:00,311.36,311.48,311.36,311.38,26110
2025-09-27T13:00:00+00:00,311.38,311.48,311.3,311.44,18780
2025-09-27T14:00:00+00:00,311.44,311.44,311.34,311.4,14010
2025-09-27T15:00:00+00:00,311.42,311.46,311.36,311.42,46210
2025-09-27T16:00:00+00:00,310.04,311.44,310.04,311.24,27730
2025-09-27T17:00:00+00:00,311.06,311.3,311.0,311.2,31030
2025-09-27T18:00:00+00:00,311.2,311.28,311.2,311.24,26960
2025-09-27T19:00:00+00:00,311.24,311.26,311.22,311.22,14450
2025-09-27T20:00:00+00:00,311.24,311.38,311.22,311.38,32440
2025-09-27T23:00:00+00:00,311.68,311.68,311.14,311.4,2580
2025-09-28T00:00:00+00:00,311.4,311.48,311.24,311.48,2750
2025-09-28T01:00:00+00:00,311.46,311.46,311.28,311.46,800
2025-09-28T02:00:00+00:00,311.46,311.46,311.28,311.46,2100
2025-09-28T03:00:00+00:00,311.44,311.46,311.42,311.46,1810
2025-09-28T04:00:00+00:00,311.48,311.66,311.46,311.6,19170
2025-09-28T05:00:00+00:00,311.58,311.64,311.48,311.54,12120
2025-09-28T06:00:00+00:00,311.54,311.62,311.34,311.34,5640
2025-09-28T07:00:00+00:00,311.34,311.66,311.34,311.4,43830
2025-09-28T08:00:00+00:00,311.4,311.46,311.38,311.42,26540
2025-09-28T09:00:00+00:00,311.42,311.44,311.32,311.42,57190
2025-09-28T10:00:00+00:00,311.42,311.52,311.4,311.5,33640
2025-09-28T11:00:00+00:00,311.5,311.6,311.46,311.58,31070
2025-09-28T12:00:00+00:00,311.54,311.58,311.42,311.48,57600
2025-09-28T13:00:00+00:00,311.48,311.52,311.44,311.46,25700
2025-09-28T14:00:00+00:00,311.44,311.6,311.36,311.44,65340
2025-09-28T15:00:00+00:00,311.4,311.44,311.14,311.22,88090
2025-09-28T16:00:00+00:00,310.92,311.52,310.92,311.24,44100
2025-09-28T17:00:00+00:00,311.16,311.26,311.16,311.22,11240
2025-09-28T18:00:00+00:00,311.22,311.24,311.12,311.12,15080
2025-09-28T19:00:00+00:00,311.12,311.2,311.12,311.14,16800
2025-09-28T20:00:00+00:00,311.14,311.34,311.14,311.28,29700
2025-09-29T03:00:00+00:00,311.6,311.6,311.6,311.6,180
2025-09-29T04:00:00+00:00,311.78,312.18,311.42,312.0,543160
2025-09-29T05:00:00+00:00,311.98,312.22,311.82,311.92,233780
2025-09-29T06:00:00+00:00,311.92,312.36,311.58,312.02,801740
2025-09-29T07:00:00+00:00,311.96,313.72,311.44,313.66,2433900
2025-09-29T08:00:00+00:00,313.66,314.88,313.6,313.8,2097240
2025-09-29T09:00:00+00:00,313.78,314.8,313.5,313.88,1137550
2025-09-29T10:00:00+00:00,313.9,314.42,313.36,313.54,875770
2025-09-29T11:00:00+00:00,313.52,313.92,313.38,313.56,639450
2025-09-29T12:00:00+00:00,313.58,313.7,312.5,312.56,1239750
2025-09-29T13:00:00+00:00,312.54,313.36,311.64,311.68,1438070
2025-09-29T14:00:00+00:00,311.68,312.38,311.5,311.56,951980
2025-09-29T15:00:00+00:00,311.62,311.62,308.38,309.1,3362530
2025-09-29T16:00:00+00:00,309.08,309.52,308.56,308.88,1296990
2025-09-29T17:00:00+00:00,308.86,309.04,308.2,308.6,633440
2025-09-29T18:00:00+00:00,308.62,308.7,307.58,308.6,1301150
2025-09-29T19:00:00+00:00,308.6,308.74,308.1,308.36,314020
2025-09-29T20:00:00+00:00,308.36,308.54,308.1,308.2,325840
2025-09-30T03:00:00+00:00,308.3,308.3,308.3,308.3,17100
2025-09-30T04:00:00+00:00,308.36,308.8,308.3,308.72,649620
2025-09-30T05:00:00+00:00,308.68,308.88,308.62,308.84,254150
2025-09-30T06:00:00+00:00,308.72,309.12,308.14,308.82,659990
2025-09-30T07:00:00+00:00,308.8,308.82,306.36,307.9,3562730
2025-09-30T08:00:00+00:00,307.9,307.92,305.64,306.56,2205360
2025-09-30T09:00:00+00:00,306.52,306.52,302.68,304.22,3796360
2025-09-30T10:00:00+00:00,304.2,305.12,303.0,304.72,1753710
2025-09-30T11:00:00+00:00,304.72,306.78,304.72,304.82,1949360
2025-09-30T12:00:00+00:00,304.82,306.04,304.36,305.64,858060
2025-09-30T13:00:00+00:00,305.64,308.4,304.44,308.08,1744400
2025-09-30T14:00:00+00:00,308.1,308.74,306.96,307.9,1407450
2025-09-30T15:00:00+00:00,307.96,308.5,307.58,308.46,1091880
2025-09-30T16:00:00+00:00,308.42,308.48,307.38,307.38,396610
2025-09-30T17:00:00+00:00,307.4,307.68,306.6,307.68,540350
2025-09-30T18:00:00+00:00,307.7,308.1,307.42,307.84,188660
2025-09-30T19:00:00+00:00,307.8,307.88,307.3,307.68,95250
2025-09-30T20:00:00+00:00,307.64,307.86,307.46,307.8,176710
2025-10-01T03:00:00+00:00,308.34,308.34,308.34,308.34,8070
2025-10-01T04:00:00+00:00,308.34,308.78,308.0,308.36,565160
2025-10-01T05:00:00+00:00,308.4,308.5,307.92,308.16,360720
2025-10-01T06:00:00+00:00,308.1,309.26,307.78,308.76,1367110
2025-10-01T07:00:00+00:00,308.76,308.82,306.86,307.02,1901630
2025-10-01T08:00:00+00:00,307.02,308.06,306.32,307.34,1578940
2025-10-01T09:00:00+00:00,307.34,308.12,307.1,307.4,710370
2025-10-01T10:00:00+00:00,307.4,307.48,306.6,307.18,854180
2025-10-01T11:00:00+00:00,307.18,307.66,306.9,306.94,592260
2025-10-01T12:00:00+00:00,306.94,306.94,305.12,306.2,2255390
2025-10-01T13:00:00+00:00,306.12,307.26,306.0,306.86,1005420
2025-10-01T14:00:00+00:00,306.86,306.86,303.52,305.3,2557380
2025-10-01T15:00:00+00:00,305.3,306.4,304.2,304.94,1287900
2025-10-01T16:00:00+00:00,304.76,305.34,304.04,304.38,604480
2025-10-01T17:00:00+00:00,304.38,304.6,303.7,304.3,519070
2025-10-01T18:00:00+00:00,304.3,304.6,303.7,304.48,358380
2025-10-01T19:00:00+00:00,304.46,304.9,304.32,304.74,285700
2025-10-01T20:00:00+00:00,304.78,305.48,304.76,305.22,349410
2025-10-02T03:00:00+00:00,305.0,305.0,305.0,305.0,39710
2025-10-02T04:00:00+00:00,304.94,305.38,302.66,303.74,866380
2025-10-02T05:00:00+00:00,303.7,303.7,302.66,302.88,924380
2025-10-02T06:00:00+00:00,302.96,303.68,302.8,303.18,863090
2025-10-02T07:00:00+00:00,303.08,303.5,301.24,301.7,3555350
2025-10-02T08:00:00+00:00,301.7,302.72,300.22,301.2,2856910
2025-10-02T09:00:00+00:00,301.18,302.3,300.5,302.14,1927500
2025-10-02T10:00:00+00:00,302.16,302.56,301.4,301.48,1460660
2025-10-02T11:00:00+00:00,301.5,302.0,300.38,301.88,1521770
2025-10-02T12:00:00+00:00,301.88,302.74,301.56,301.76,1407030
2025-10-02T13:00:00+00:00,301.76,302.38,300.68,300.7,1096540
2025-10-02T14:00:00+00:00,300.7,303.1,300.5,302.68,1763130
2025-10-02T15:00:00+00:00,302.68,302.82,301.2,301.9,975960
2025-10-02T16:00:00+00:00,301.94,302.2,301.28,301.34,491560
2025-10-02T17:00:00+00:00,301.44,301.66,300.88,301.44,375350
2025-10-02T18:00:00+00:00,301.48,301.5,300.24,300.42,816310
2025-10-02T19:00:00+00:00,300.5,301.64,300.26,301.48,795940
2025-10-02T20:00:00+00:00,301.48,301.88,300.6,301.08,358500
2025-10-03T03:00:00+00:00,301.6,301.6,301.6,301.6,11410
2025-10-03T04:00:00+00:00,301.58,303.3,301.14,303.24,772860
2025-10-03T05:00:00+00:00,303.24,304.4,302.84,303.16,992340
2025-10-03T06:00:00+00:00,303.18,303.88,302.74,303.64,608580
2025-10-03T07:00:00+00:00,303.64,305.7,303.64,304.74,2466140
2025-10-03T08:00:00+00:00,304.7,305.66,304.4,304.6,1123760
2025-10-03T09:00:00+00:00,304.6,304.78,302.3,302.32,1710820
2025-10-03T10:00:00+00:00,302.34,303.16,302.2,302.6,1251000
2025-10-03T11:00:00+00:00,302.6,302.66,300.8,301.54,1563730
2025-10-03T12:00:00+00:00,301.54,303.38,301.44,303.18,1063230
2025-10-03T13:00:00+00:00,303.18,303.2,301.52,302.18,810580
2025-10-03T14:00:00+00:00,302.18,302.3,300.9,302.0,1570710
2025-10-03T15:00:00+00:00,301.98,302.16,301.34,301.4,440900
2025-10-03T16:00:00+00:00,301.4,301.78,297.68,298.64,3587400
2025-10-03T17:00:00+00:00,298.64,299.08,297.8,298.08,906260
2025-10-03T18:00:00+00:00,298.06,298.8,297.92,298.32,527600
2025-10-03T19:00:00+00:00,298.32,298.42,297.5,298.2,556400
2025-10-03T20:00:00+00:00,298.18,298.18,297.12,297.92,730810
2025-10-03T23:00:00+00:00,295.0,295.0,290.54,294.4,52870
2025-10-04T00:00:00+00:00,293.96,294.34,293.88,294.22,3490
2025-10-04T01:00:00+00:00,294.0,294.38,293.88,294.26,10580
2025-10-04T02:00:00+00:00,293.88,294.44,293.88,294.36,19410
2025-10-04T03:00:00+00:00,294.04,294.44,293.88,294.4,17920
2025-10-04T04:00:00+00:00,294.4,294.54,294.2,294.5,30300
2025-10-04T05:00:00+00:00,294.38,294.5,293.8,293.98,42810
2025-10-04T06:00:00+00:00,294.0,294.18,293.8,293.9,51360
2025-10-04T07:00:00+00:00,293.9,293.9,291.02,292.02,427900
2025-10-04T08:00:00+00:00,292.02,292.36,291.26,291.62,182850
2025-10-04T09:00:00+00:00,291.96,292.32,291.44,291.68,119610
2025-10-04T10:00:00+00:00,291.56,291.86,291.22,291.3,85860
2025-10-04T11:00:00+00:00,291.6,292.44,291.28,292.16,85520
2025-10-04T12:00:00+00:00,292.16,292.52,291.74,292.1,70300
2025-10-04T13:00:00+00:00,292.24,292.5,291.74,292.02,35700
2025-10-04T14:00:00+00:00,291.84,292.4,291.42,292.26,82650
2025-10-04T15:00:00+00:00,292.24,292.74,291.5,292.52,66460
2025-10-04T16:00:00+00:00,292.22,292.54,292.06,292.2,17110
2025-10-04T17:00:00+00:00,292.12,292.4,292.1,292.36,9380
2025-10-04T18:00:00+00:00,292.34,292.38,292.0,292.0,15790
2025-10-04T19:00:00+00:00,292.06,292.06,291.82,291.9,14060
2025-10-04T20:00:00+00:00,291.9,291.98,291.54,291.54,35850
2025-10-04T23:00:00+00:00,292.2,293.18,291.6,292.0,4000
2025-10-05T00:00:00+00:00,292.0,292.6,291.98,292.52,310
2025-10-05T01:00:00+00:00,292.0,292.5,292.0,292.0,810
2025-10-05T02:00:00+00:00,292.5,292.5,292.0,292.48,1600
2025-10-05T03:00:00+00:00,292.48,292.48,291.8,291.8,8900
2025-10-05T04:00:00+00:00,291.8,292.3,290.28,291.4,96880
2025-10-05T05:00:00+00:00,291.38,291.92,290.78,291.72,45890
2025-10-05T06:00:00+00:00,291.7,291.9,291.28,291.9,24500
2025-10-05T07:00:00+00:00,291.9,292.6,291.5,292.36,61590
2025-10-05T08:00:00+00:00,292.4,292.6,291.76,292.6,58250
2025-10-05T09:00:00+00:00,292.6,292.7,292.4,292.6,23650
2025-10-05T10:00:00+00:00,292.58,292.74,292.44,292.72,25160
2025-10-05T11:00:00+00:00,292.72,293.4,292.6,293.2,102140
2025-10-05T12:00:00+00:00,293.2,293.38,292.8,293.02,31430
2025-10-05T13:00:00+00:00,293.1,293.22,292.94,293.16,16190
2025-10-05T14:00:00+00:00,293.04,293.44,293.0,293.42,25700
2025-10-05T15:00:00+00:00,293.42,294.46,293.22,294.1,180990
2025-10-05T16:00:00+00:00,294.1,294.64,294.02,294.32,95430
2025-10-05T17:00:00+00:00,294.34,294.64,294.3,294.52,42550
2025-10-05T18:00:00+00:00,294.5,294.64,294.12,294.4,25940
2025-10-05T19:00:00+00:00,294.18,294.9,294.18,294.88,50070
2025-10-05T20:00:00+00:00,294.88,295.0,294.24,294.9,82050
2025-10-06T04:00:00+00:00,294.76,296.0,294.5,295.7,334800
2025-10-06T05:00:00+00:00,295.7,295.9,295.26,295.3,120010
2025-10-06T06:00:00+00:00,295.3,295.8,294.48,295.8,246950
2025-10-06T07:00:00+00:00,295.8,300.8,295.08,300.38,5082630
2025-10-06T08:00:00+00:00,300.32,301.0,298.9,299.64,2251350
2025-10-06T09:00:00+00:00,299.68,300.8,299.6,300.8,1913190
2025-10-06T10:00:00+00:00,300.78,302.1,300.24,301.24,2251700
2025-10-06T11:00:00+00:00,301.24,301.74,298.6,298.62,2286820
2025-10-06T12:00:00+00:00,298.64,299.48,297.08,298.72,2513540
2025-10-06T13:00:00+00:00,298.72,301.4,298.6,301.34,2387480
2025-10-06T14:00:00+00:00,301.34,301.82,300.56,301.2,2229800
2025-10-06T15:00:00+00:00,301.22,303.0,301.12,302.64,1520190
2025-10-06T16:00:00+00:00,302.62,303.54,301.72,303.2,1133700
2025-10-06T17:00:00+00:00,303.2,303.3,302.2,302.22,544280
2025-10-06T18:00:00+00:00,302.22,302.62,302.1,302.44,238460
2025-10-06T19:00:00+00:00,302.46,302.98,302.24,302.84,253850
2025-10-06T20:00:00+00:00,302.86,303.18,302.1,302.12,610640
2025-10-07T03:00:00+00:00,302.3,302.3,302.3,302.3,17060
2025-10-07T04:00:00+00:00,302.34,302.76,302.0,302.04,727720
2025-10-07T05:00:00+00:00,302.1,304.2,302.0,304.14,755770
2025-10-07T06:00:00+00:00,304.14,304.38,302.3,302.4,1263670
2025-10-07T07:00:00+00:00,302.4,304.0,301.64,303.8,2539150
2025-10-07T08:00:00+00:00,303.82,306.32,303.82,305.48,3230740
2025-10-07T09:00:00+00:00,305.46,305.56,304.1,305.0,1756600
2025-10-07T10:00:00+00:00,305.0,305.14,303.3,304.16,1055950
2025-10-07T11:00:00+00:00,304.12,304.18,303.5,303.76,831100
2025-10-07T12:00:00+00:00,303.78,303.98,302.38,303.78,1242880
2025-10-07T13:00:00+00:00,303.78,304.08,302.5,303.7,942880
2025-10-07T14:00:00+00:00,303.7,303.86,302.64,303.76,1067830
2025-10-07T15:00:00+00:00,303.7,305.5,303.42,305.18,1397600
2025-10-07T16:00:00+00:00,305.18,305.2,304.14,304.6,361580
2025-10-07T17:00:00+00:00,304.58,304.92,304.42,304.56,165160
2025-10-07T18:00:00+00:00,304.58,304.6,303.64,304.12,380800
2025-10-07T19:00:00+00:00,304.12,304.22,303.54,303.9,166850
2025-10-07T20:00:00+00:00,303.92,304.58,303.84,304.58,282490
2025-10-08T03:00:00+00:00,304.94,304.94,304.94,304.94,4510
2025-10-08T04:00:00+00:00,304.94,305.2,304.5,305.04,524340
2025-10-08T05:00:00+00:00,305.06,305.12,304.32,304.66,222600
2025-10-08T06:00:00+00:00,304.64,304.94,304.2,304.5,482870
2025-10-08T07:00:00+00:00,304.5,305.18,303.64,303.88,2040480
2025-10-08T08:00:00+00:00,303.9,303.9,303.12,303.38,1617410
2025-10-08T09:00:00+00:00,303.38,303.38,301.76,301.88,2419170
2025-10-08T10:00:00+00:00,301.88,301.88,298.7,298.9,3160350
2025-10-08T11:00:00+00:00,298.9,298.94,296.18,296.46,4681230
2025-10-08T12:00:00+00:00,296.48,297.58,293.5,293.62,3440610
2025-10-08T13:00:00+00:00,293.64,294.2,292.16,292.46,4805750
2025-10-08T14:00:00+00:00,292.5,293.96,291.26,291.52,3357260
2025-10-08T15:00:00+00:00,291.44,292.9,289.5,290.6,4872660
2025-10-08T16:00:00+00:00,290.68,291.76,289.8,291.72,2519100
2025-10-08T17:00:00+00:00,291.7,292.36,291.2,291.7,1489860
2025-10-08T18:00:00+00:00,291.7,292.56,291.5,291.98,1084860
2025-10-08T19:00:00+00:00,291.98,292.06,291.0,291.22,681630
2025-10-08T20:00:00+00:00,291.22,291.42,290.82,291.2,441830
2025-10-09T03:00:00+00:00,292.18,292.18,292.18,292.18,16690
2025-10-09T04:00:00+00:00,292.18,292.72,290.62,292.68,1102680
2025-10-09T05:00:00+00:00,292.68,292.68,290.04,290.86,1169350
2025-10-09T06:00:00+00:00,290.94,290.94,286.5,289.6,4626420
2025-10-09T07:00:00+00:00,289.46,292.82,288.44,291.22,4794810
2025-10-09T08:00:00+00:00,291.22,291.96,281.0,286.34,9048260
2025-10-09T09:00:00+00:00,286.34,295.32,286.02,291.92,10717530
2025-10-09T10:00:00+00:00,291.92,295.86,291.76,293.56,5660120
2025-10-09T11:00:00+00:00,293.66,294.62,292.5,294.14,1635760
2025-10-09T12:00:00+00:00,294.1,296.06,293.52,294.08,2592200
2025-10-09T13:00:00+00:00,294.1,297.26,293.32,296.28,3512960
2025-10-09T14:00:00+00:00,296.3,297.0,294.76,296.1,2140300
2025-10-09T15:00:00+00:00,296.12,297.62,296.08,296.98,1847120
2025-10-09T16:00:00+00:00,296.98,296.98,294.52,294.76,1193550
2025-10-09T17:00:00+00:00,294.76,295.94,294.52,295.8,593500
2025-10-09T18:00:00+00:00,295.78,296.8,295.72,296.54,360770
2025-10-09T19:00:00+00:00,296.52,296.68,295.76,296.5,479400
2025-10-09T20:00:00+00:00,296.5,296.9,295.6,295.9,371980
2025-10-10T03:00:00+00:00,296.46,296.46,296.46,296.46,1610
2025-10-10T04:00:00+00:00,296.42,296.42,295.2,295.6,322300
2025-10-10T05:00:00+00:00,295.6,295.6,293.4,295.2,648540
2025-10-10T06:00:00+00:00,295.22,295.96,294.18,295.34,1299970
2025-10-10T07:00:00+00:00,295.2,295.38,294.08,294.98,1553140
2025-10-10T08:00:00+00:00,294.96,296.26,294.0,295.6,1338160
2025-10-10T09:00:00+00:00,295.6,296.26,295.0,295.66,1006910
2025-10-10T10:00:00+00:00,295.68,295.9,292.52,293.78,2042800
2025-10-10T11:00:00+00:00,293.78,294.16,292.18,292.76,1266270
2025-10-10T12:00:00+00:00,292.74,294.2,291.82,292.28,2188390
2025-10-10T13:00:00+00:00,292.28,292.72,288.8,290.3,4221970
2025-10-10T14:00:00+00:00,290.18,292.88,289.2,291.04,2662290
2025-10-10T15:00:00+00:00,291.1,291.7,290.3,290.8,1425610
2025-10-10T16:00:00+00:00,290.8,291.46,290.1,291.2,559150
2025-10-10T17:00:00+00:00,291.2,291.2,290.38,290.96,196960
2025-10-10T18:00:00+00:00,290.9,290.96,290.12,290.18,333340
2025-10-10T19:00:00+00:00,290.24,290.48,289.0,289.14,471770
2025-10-10T20:00:00+00:00,289.06,290.0,288.52,289.98,482540
2025-10-10T23:00:00+00:00,287.0,289.08,287.0,288.84,33860
2025-10-11T00:00:00+00:00,288.66,288.98,288.66,288.98,6530
2025-10-11T01:00:00+00:00,288.98,288.98,288.62,288.92,2360
2025-10-11T02:00:00+00:00,288.9,289.88,288.02,288.96,25310
2025-10-11T03:00:00+00:00,288.86,289.52,288.38,288.94,4060
2025-10-11T04:00:00+00:00,288.64,289.46,288.64,289.16,12400
2025-10-11T05:00:00+00:00,289.14,289.4,288.8,289.34,60460
2025-10-11T06:00:00+00:00,289.24,289.4,289.2,289.4,20030
2025-10-11T07:00:00+00:00,289.4,289.48,287.58,288.36,408600
2025-10-11T08:00:00+00:00,288.42,288.62,288.28,288.48,171070
2025-10-11T09:00:00+00:00,288.48,288.68,288.28,288.68,62280
2025-10-11T10:00:00+00:00,288.66,289.2,288.66,289.2,81910
2025-10-11T11:00:00+00:00,289.2,289.22,288.82,288.9,52360
2025-10-11T12:00:00+00:00,288.84,288.94,288.42,288.62,85580
2025-10-11T13:00:00+00:00,288.66,288.84,288.56,288.76,32530
2025-10-11T14:00:00+00:00,288.78,289.22,288.54,289.0,87210
2025-10-11T15:00:00+00:00,289.0,289.58,288.88,289.4,168750
2025-10-11T16:00:00+00:00,289.2,290.82,289.2,289.6,26700
2025-10-11T17:00:00+00:00,289.78,289.88,289.2,289.38,24240
2025-10-11T18:00:00+00:00,289.32,289.78,289.26,289.62,15810
2025-10-11T19:00:00+00:00,289.44,289.74,289.4,289.5,11470
2025-10-11T20:00:00+00:00,289.5,290.1,289.5,289.56,115280
2025-10-11T23:00:00+00:00,289.0,291.1,289.0,290.2,1890
2025-10-12T00:00:00+00:00,289.74,290.5,289.74,290.4,1080
2025-10-12T01:00:00+00:00,290.4,290.4,289.74,289.78,3470
2025-10-12T02:00:00+00:00,290.38,290.38,289.82,290.12,700
2025-10-12T03:00:00+00:00,290.12,290.38,289.84,289.88,3260
2025-10-12T04:00:00+00:00,289.98,290.36,289.84,290.3,7250
2025-10-12T05:00:00+00:00,290.1,290.4,289.94,290.14,29520
2025-10-12T06:00:00+00:00,290.14,290.2,289.94,290.0,8800
2025-10-12T07:00:00+00:00,289.98,291.56,289.88,290.72,276540
2025-10-12T08:00:00+00:00,290.72,291.0,290.66,290.8,101350
2025-10-12T09:00:00+00:00,290.74,291.14,290.72,290.94,112890
2025-10-12T10:00:00+00:00,291.0,291.14,290.88,291.0,57660
2025-10-12T11:00:00+00:00,291.0,291.1,290.8,290.96,56290
2025-10-12T12:00:00+00:00,290.96,291.06,290.7,290.78,47850
2025-10-12T13:00:00+00:00,290.76,290.86,290.74,290.8,25510
2025-10-12T14:00:00+00:00,290.86,291.08,290.8,291.02,65390
2025-10-12T15:00:00+00:00,291.02,291.08,290.6,290.86,78200
2025-10-12T16:00:00+00:00,291.24,291.3,290.52,290.82,19450
2025-10-12T17:00:00+00:00,290.74,290.98,290.74,290.86,17030
2025-10-12T18:00:00+00:00,290.9,290.98,290.86,290.96,10280
2025-10-12T19:00:00+00:00,290.92,291.06,290.88,290.92,18040
2025-10-12T20:00:00+00:00,290.96,291.0,290.9,290.94,42630
2025-10-13T03:00:00+00:00,291.56,291.56,291.56,291.56,8890
2025-10-13T04:00:00+00:00,291.68,292.8,291.5,292.62,622590
2025-10-13T05:00:00+00:00,292.68,292.72,291.8,291.86,534160
2025-10-13T06:00:00+00:00,291.9,293.36,291.1,292.88,1434410
2025-10-13T07:00:00+00:00,292.92,293.86,290.32,290.92,3233680
2025-10-13T08:00:00+00:00,290.92,291.4,288.88,290.62,2611090
2025-10-13T09:00:00+00:00,290.6,290.94,288.72,290.26,1375640
2025-10-13T10:00:00+00:00,290.26,290.36,288.32,288.74,1087610
2025-10-13T11:00:00+00:00,288.78,291.86,287.2,291.0,2887990
2025-10-13T12:00:00+00:00,291.06,293.48,291.04,292.6,2659710
2025-10-13T13:00:00+00:00,292.58,293.1,291.52,292.66,982470
2025-10-13T14:00:00+00:00,292.64,292.68,289.8,290.38,1842030
2025-10-13T15:00:00+00:00,290.36,291.5,289.9,291.0,504340
2025-10-13T16:00:00+00:00,291.18,291.5,290.46,291.5,334840
2025-10-13T17:00:00+00:00,291.48,291.5,290.84,290.94,306300
2025-10-13T18:00:00+00:00,290.9,291.28,290.62,290.9,186930
2025-10-13T19:00:00+00:00,290.84,290.88,290.16,290.48,258190
2025-10-13T20:00:00+00:00,290.5,290.82,290.18,290.5,239460
2025-10-14T03:00:00+00:00,290.94,290.94,290.94,290.94,5060
2025-10-14T04:00:00+00:00,290.94,291.88,290.6,291.0,440490
2025-10-14T05:00:00+00:00,291.0,291.2,290.68,291.1,138160
2025-10-14T06:00:00+00:00,291.04,291.04,289.54,289.82,1022120
2025-10-14T07:00:00+00:00,289.8,291.34,289.16,290.48,2050300
2025-10-14T08:00:00+00:00,290.48,291.22,289.92,291.04,1194730
2025-10-14T09:00:00+00:00,291.04,292.36,290.6,291.0,1937110
2025-10-14T10:00:00+00:00,291.0,292.1,290.52,291.84,1241840
2025-10-14T11:00:00+00:00,291.84,292.2,290.72,291.74,1336090
2025-10-14T12:00:00+00:00,291.72,291.8,289.48,290.22,2898840
2025-10-14T13:00:00+00:00,290.2,290.52,289.24,289.38,2715900
2025-10-14T14:00:00+00:00,289.36,291.2,289.22,291.0,1585080
2025-10-14T15:00:00+00:00,291.02,292.48,291.0,291.4,1901010
2025-10-14T16:00:00+00:00,291.42,291.62,290.26,290.5,760190
2025-10-14T17:00:00+00:00,290.5,290.58,290.06,290.14,276520
2025-10-14T18:00:00+00:00,290.14,290.32,289.9,290.2,335110
2025-10-14T19:00:00+00:00,290.18,290.26,289.8,290.2,158010
2025-10-14T20:00:00+00:00,290.14,291.52,290.1,291.52,537560
2025-10-15T03:00:00+00:00,291.5,291.5,291.5,291.5,10070
2025-10-15T04:00:00+00:00,291.5,291.76,290.16,290.5,470410
2025-10-15T05:00:00+00:00,290.5,290.78,290.3,290.56,227850
2025-10-15T06:00:00+00:00,290.5,290.78,290.0,290.56,508000
2025-10-15T07:00:00+00:00,290.5,290.8,289.02,289.8,2195700
2025-10-15T08:00:00+00:00,289.76,290.68,289.62,290.06,1005260
2025-10-15T09:00:00+00:00,290.02,290.9,289.6,290.44,1343050
2025-10-15T10:00:00+00:00,290.46,292.02,290.4,290.64,2092730
2025-10-15T11:00:00+00:00,290.64,292.82,290.0,292.28,2443470
2025-10-15T12:00:00+00:00,292.3,293.26,291.88,292.7,2198350
2025-10-15T13:00:00+00:00,292.7,292.82,290.8,290.98,1468000
2025-10-15T14:00:00+00:00,291.0,291.5,290.26,290.34,1195650
2025-10-15T15:00:00+00:00,290.34,290.98,290.08,290.74,587140
2025-10-15T16:00:00+00:00,290.76,290.96,290.0,290.22,829240
2025-10-15T17:00:00+00:00,290.2,290.3,288.8,289.9,1074060
2025-10-15T18:00:00+00:00,289.9,290.22,289.84,290.08,206700
2025-10-15T19:00:00+00:00,290.08,290.28,289.76,290.04,209610
2025-10-15T20:00:00+00:00,290.02,290.1,289.54,290.1,213810
2025-10-16T03:00:00+00:00,290.3,290.3,290.3,290.3,11240
2025-10-16T04:00:00+00:00,290.5,290.78,290.08,290.46,422160
2025-10-16T05:00:00+00:00,290.4,290.6,290.38,290.38,88460
2025-10-16T06:00:00+00:00,290.46,290.48,289.8,289.96,389710
2025-10-16T07:00:00+00:00,289.94,290.62,289.4,290.16,1369870
2025-10-16T08:00:00+00:00,290.16,290.8,289.52,290.34,1119070
2025-10-16T09:00:00+00:00,290.36,291.26,290.14,290.8,1070920
2025-10-16T10:00:00+00:00,290.8,291.16,290.58,290.76,480830
2025-10-16T11:00:00+00:00,290.8,291.68,290.12,290.68,1701930
2025-10-16T12:00:00+00:00,290.68,291.82,290.6,291.56,1881490
2025-10-16T13:00:00+00:00,291.56,292.14,291.32,291.84,1375220
2025-10-16T14:00:00+00:00,291.84,299.8,291.72,297.5,10864970
2025-10-16T15:00:00+00:00,297.56,298.34,296.34,297.74,2231300
2025-10-16T16:00:00+00:00,297.8,298.08,294.32,295.28,2053450
2025-10-16T17:00:00+00:00,295.3,307.62,295.22,306.54,11467580
2025-10-16T18:00:00+00:00,306.54,306.7,305.04,306.24,3016430
2025-10-16T19:00:00+00:00,306.3,308.6,306.12,308.14,1993830
2025-10-16T20:00:00+00:00,308.2,314.0,308.18,313.1,2277070
2025-10-17T03:00:00+00:00,314.76,314.76,314.76,314.76,67500
2025-10-17T04:00:00+00:00,314.8,316.26,312.52,312.76,3219450
2025-10-17T05:00:00+00:00,312.76,313.1,309.78,311.7,1931920
2025-10-17T06:00:00+00:00,311.72,312.0,309.64,310.1,1667840
2025-10-17T07:00:00+00:00,310.02,310.96,308.74,309.12,3888320
2025-10-17T08:00:00+00:00,309.12,310.18,308.94,309.2,1804910
2025-10-17T09:00:00+00:00,309.2,310.7,308.26,310.4,2115090
2025-10-17T10:00:00+00:00,310.4,311.18,309.52,310.1,1545490
2025-10-17T11:00:00+00:00,310.02,315.78,309.9,314.48,4709680
2025-10-17T12:00:00+00:00,314.48,315.9,313.88,315.24,2659530
2025-10-17T13:00:00+00:00,315.2,315.52,312.54,313.6,2525610
2025-10-17T14:00:00+00:00,313.56,313.9,311.02,311.42,1861580
2025-10-17T15:00:00+00:00,311.48,313.48,311.3,313.4,1395790
2025-10-17T16:00:00+00:00,313.32,313.48,312.5,312.82,345080
2025-10-17T17:00:00+00:00,312.9,314.6,312.76,313.5,2216850
2025-10-17T18:00:00+00:00,313.52,314.06,311.26,311.54,1057890
2025-10-17T19:00:00+00:00,311.66,311.74,310.24,311.18,582380
2025-10-17T20:00:00+00:00,311.22,311.58,310.76,310.92,393700
2025-10-17T23:00:00+00:00,313.4,313.4,310.42,312.4,78140
2025-10-18T00:00:00+00:00,312.36,312.44,312.18,312.44,12450
2025-10-18T01:00:00+00:00,312.44,312.44,312.22,312.42,2260
2025-10-18T02:00:00+00:00,312.42,312.42,312.2,312.28,5940
2025-10-18T03:00:00+00:00,312.28,312.44,312.28,312.44,11890
2025-10-18T04:00:00+00:00,312.44,312.7,312.08,312.66,36700
2025-10-18T05:00:00+00:00,312.66,313.28,312.4,313.2,41350
2025-10-18T06:00:00+00:00,313.06,313.28,312.66,312.9,38080
2025-10-18T07:00:00+00:00,312.7,315.98,312.2,315.26,1179810
2025-10-18T08:00:00+00:00,315.26,316.08,315.22,315.36,879550
2025-10-18T09:00:00+00:00,315.36,315.56,314.98,315.28,368580
2025-10-18T10:00:00+00:00,315.28,315.56,315.0,315.1,222320
2025-10-18T11:00:00+00:00,315.1,315.3,314.98,315.22,211050
2025-10-18T12:00:00+00:00,315.22,315.4,315.14,315.22,114320
2025-10-18T13:00:00+00:00,315.22,315.42,315.2,315.38,96580
2025-10-18T14:00:00+00:00,315.36,315.48,315.3,315.4,111470
2025-10-18T15:00:00+00:00,315.4,315.4,315.2,315.36,106290
2025-10-18T16:00:00+00:00,315.22,316.04,315.2,315.22,86210
2025-10-18T17:00:00+00:00,315.22,315.22,314.98,315.06,36500
2025-10-18T18:00:00+00:00,315.06,315.36,315.04,315.24,56600
2025-10-18T19:00:00+00:00,315.36,315.38,315.1,315.3,35720
2025-10-18T20:00:00+00:00,315.3,315.36,315.18,315.32,40670
2025-10-18T23:00:00+00:00,315.82,316.1,314.88,315.58,7130
2025-10-19T00:00:00+00:00,315.58,315.58,315.3,315.48,1520
2025-10-19T01:00:00+00:00,315.34,315.68,315.32,315.4,6550
2025-10-19T02:00:00+00:00,315.6,315.7,315.3,315.34,9790
2025-10-19T03:00:00+00:00,315.68,315.86,315.36,315.7,4850
2025-10-19T04:00:00+00:00,315.74,315.86,315.7,315.74,20810
2025-10-19T05:00:00+00:00,315.74,315.74,315.46,315.68,8390
2025-10-19T06:00:00+00:00,315.56,315.7,315.44,315.44,45370
2025-10-19T07:00:00+00:00,315.5,315.84,313.3,313.9,1035820
2025-10-19T08:00:00+00:00,313.9,314.32,313.62,313.82,171790
2025-10-19T09:00:00+00:00,313.82,314.42,313.8,314.4,135920
2025-10-19T10:00:00+00:00,314.42,314.6,314.3,314.42,140650
2025-10-19T11:00:00+00:00,314.48,314.5,313.8,313.84,163740
2025-10-19T12:00:00+00:00,313.9,313.9,313.26,313.26,174510
2025-10-19T13:00:00+00:00,313.26,313.34,312.2,313.0,309700
2025-10-19T14:00:00+00:00,313.0,313.86,313.0,313.58,201000
2025-10-19T15:00:00+00:00,313.56,313.98,313.26,313.94,187890
2025-10-19T16:00:00+00:00,315.0,319.28,313.08,314.08,75890
2025-10-19T17:00:00+00:00,314.08,314.94,314.08,314.64,125270
2025-10-19T18:00:00+00:00,314.48,314.74,314.28,314.48,51640
2025-10-19T19:00:00+00:00,314.48,314.56,314.16,314.32,42130
2025-10-19T20:00:00+00:00,314.32,314.5,313.84,314.12,145170
2025-10-20T03:00:00+00:00,314.28,314.28,314.28,314.28,7620
2025-10-20T04:00:00+00:00,314.26,314.42,312.9,313.36,473600
2025-10-20T05:00:00+00:00,313.34,314.34,313.24,313.62,388400
2025-10-20T06:00:00+00:00,313.68,313.86,312.42,312.82,956710
2025-10-20T07:00:00+00:00,312.7,317.16,311.96,315.58,5469880
2025-10-20T08:00:00+00:00,315.66,316.98,315.2,315.68,2137110
2025-10-20T09:00:00+00:00,315.68,315.84,313.7,313.84,1846010
2025-10-20T10:00:00+00:00,313.82,314.66,313.22,314.04,1283660
2025-10-20T11:00:00+00:00,313.98,315.7,313.8,314.98,1545590
2025-10-20T12:00:00+00:00,314.98,315.78,314.78,315.64,808460
2025-10-20T13:00:00+00:00,315.62,315.76,314.4,314.48,677600
2025-10-20T14:00:00+00:00,314.46,315.44,314.4,314.52,688910
2025-10-20T15:00:00+00:00,314.54,315.0,314.22,314.6,352270
2025-10-20T16:00:00+00:00,314.56,314.84,314.12,314.4,300050
2025-10-20T17:00:00+00:00,314.32,314.56,314.32,314.48,174220
2025-10-20T18:00:00+00:00,314.48,314.5,314.26,314.4,162880
2025-10-20T19:00:00+00:00,314.42,314.68,314.3,314.52,362050
2025-10-20T20:00:00+00:00,314.52,314.62,314.22,314.4,212980
2025-10-21T03:00:00+00:00,314.1,314.1,314.1,314.1,2560
2025-10-21T04:00:00+00:00,314.46,314.46,305.52,308.48,4970720
2025-10-21T05:00:00+00:00,308.48,309.64,306.88,309.3,2034930
2025-10-21T06:00:00+00:00,309.3,310.0,307.48,309.48,2685710
2025-10-21T07:00:00+00:00,309.56,310.52,308.5,308.76,2092240
2025-10-21T08:00:00+00:00,308.84,309.26,306.14,306.7,3061610
2025-10-21T09:00:00+00:00,306.66,309.16,306.32,308.38,2120490
2025-10-21T10:00:00+00:00,308.32,309.26,307.28,308.92,1632800
2025-10-21T11:00:00+00:00,308.92,309.46,308.12,309.32,937700
2025-10-21T12:00:00+00:00,309.3,309.4,306.82,307.4,1419090
2025-10-21T13:00:00+00:00,307.4,307.84,305.86,306.42,956740
2025-10-21T14:00:00+00:00,306.42,306.42,302.72,302.78,2943890
2025-10-21T15:00:00+00:00,302.76,302.76,296.2,299.7,7950320
2025-10-21T16:00:00+00:00,299.66,302.76,299.0,302.6,2779610
2025-10-21T17:00:00+00:00,302.6,302.6,298.52,298.9,2077130
2025-10-21T18:00:00+00:00,298.9,299.72,298.66,298.98,595820
2025-10-21T19:00:00+00:00,298.98,300.58,298.12,298.6,1067610
2025-10-21T20:00:00+00:00,298.6,302.2,298.44,302.2,903160
2025-10-22T03:00:00+00:00,302.18,302.18,302.18,302.18,41280
2025-10-22T04:00:00+00:00,302.16,302.52,300.6,301.84,1058620
2025-10-22T05:00:00+00:00,301.8,302.5,301.22,301.6,633780
2025-10-22T06:00:00+00:00,301.7,301.96,300.42,300.94,1375010
2025-10-22T07:00:00+00:00,301.0,301.44,299.64,300.56,2258050
2025-10-22T08:00:00+00:00,300.5,301.68,298.76,301.1,2666350
2025-10-22T09:00:00+00:00,301.1,302.0,300.56,301.34,1698960
2025-10-22T10:00:00+00:00,301.36,301.4,298.8,299.02,2219170
2025-10-22T11:00:00+00:00,299.08,299.08,297.06,297.62,2641520
2025-10-22T12:00:00+00:00,297.64,298.58,296.1,296.76,2615850
2025-10-22T13:00:00+00:00,296.88,300.1,296.54,299.68,3163200
2025-10-22T14:00:00+00:00,299.7,300.28,298.12,298.4,1681350
2025-10-22T15:00:00+00:00,298.42,299.58,298.04,298.58,589310
2025-10-22T16:00:00+00:00,298.56,298.62,297.24,298.36,587930
2025-10-22T17:00:00+00:00,298.44,298.58,297.06,297.66,778850
2025-10-22T18:00:00+00:00,297.66,298.0,297.4,297.64,305580
2025-10-22T19:00:00+00:00,297.6,297.64,292.16,295.1,7619460
2025-10-22T20:00:00+00:00,295.3,297.74,293.2,296.0,4223500
2025-10-23T03:00:00+00:00,289.98,289.98,289.98,289.98,135820
2025-10-23T04:00:00+00:00,289.98,292.9,289.98,291.3,3059100
2025-10-23T05:00:00+00:00,291.3,292.58,290.7,292.56,1160560
2025-10-23T06:00:00+00:00,292.54,293.36,291.9,292.0,1311750
2025-10-23T07:00:00+00:00,292.02,294.62,291.74,294.2,2729550
2025-10-23T08:00:00+00:00,294.1,294.1,291.8,292.38,1996830
2025-10-23T09:00:00+00:00,292.38,293.38,291.9,292.58,1057850
2025-10-23T10:00:00+00:00,292.58,293.08,291.72,291.86,818310
2025-10-23T11:00:00+00:00,291.82,293.26,291.72,292.42,1344760
2025-10-23T12:00:00+00:00,292.52,294.46,292.5,293.16,1246780
2025-10-23T13:00:00+00:00,293.12,294.18,292.96,293.2,735230
2025-10-23T14:00:00+00:00,293.2,293.62,292.72,293.04,501660
2025-10-23T15:00:00+00:00,293.0,295.64,292.5,294.4,1662420
2025-10-23T16:00:00+00:00,294.3,294.72,293.08,294.02,794910
2025-10-23T17:00:00+00:00,294.0,295.48,293.6,294.78,722410
2025-10-23T18:00:00+00:00,294.8,295.0,293.84,294.24,474370
2025-10-23T19:00:00+00:00,294.24,294.62,293.92,294.14,206380
2025-10-23T20:00:00+00:00,294.14,295.44,294.02,295.4,671230
2025-10-24T03:00:00+00:00,295.96,295.96,295.96,295.96,55430
2025-10-24T04:00:00+00:00,295.68,296.18,295.2,295.66,556910
2025-10-24T05:00:00+00:00,295.66,296.48,295.56,296.4,593360
2025-10-24T06:00:00+00:00,296.28,296.42,295.64,295.82,849350
2025-10-24T07:00:00+00:00,295.82,296.1,293.5,293.72,1546740
2025-10-24T08:00:00+00:00,293.74,294.48,293.54,294.08,1257420
2025-10-24T09:00:00+00:00,294.04,294.26,292.58,293.18,1367420
2025-10-24T10:00:00+00:00,293.2,299.26,290.08,290.7,10162360
2025-10-24T11:00:00+00:00,290.7,292.38,290.0,291.64,3481880
2025-10-24T12:00:00+00:00,291.64,293.58,291.0,293.08,2199600
2025-10-24T13:00:00+00:00,293.1,293.12,291.62,292.48,873040
2025-10-24T14:00:00+00:00,292.5,292.98,291.9,292.6,627710
2025-10-24T15:00:00+00:00,292.6,292.6,291.56,292.1,472480
2025-10-24T16:00:00+00:00,292.08,292.12,291.32,291.5,333130
2025-10-24T17:00:00+00:00,291.5,291.96,291.3,291.42,336630
2025-10-24T18:00:00+00:00,291.38,291.38,290.42,290.84,422710
2025-10-24T19:00:00+00:00,290.84,291.26,290.68,291.18,163190
2025-10-24T20:00:00+00:00,291.14,291.22,290.2,290.5,393930
2025-10-24T23:00:00+00:00,289.86,291.44,289.86,290.7,11320
2025-10-25T00:00:00+00:00,290.7,290.98,290.7,290.86,1270
2025-10-25T01:00:00+00:00,290.96,291.06,290.78,291.06,4060
2025-10-25T02:00:00+00:00,290.78,291.28,290.78,291.2,1490
2025-10-25T03:00:00+00:00,291.18,291.18,290.7,290.94,21850
2025-10-25T04:00:00+00:00,290.74,290.94,290.6,290.78,6970
2025-10-25T05:00:00+00:00,290.78,291.18,290.72,290.88,19520
2025-10-25T06:00:00+00:00,290.8,291.04,290.8,290.9,21720
2025-10-25T07:00:00+00:00,290.9,291.04,290.8,291.0,39360
2025-10-25T08:00:00+00:00,291.0,291.1,290.78,290.92,28450
2025-10-25T09:00:00+00:00,290.92,291.1,290.92,290.96,15310
2025-10-25T10:00:00+00:00,290.96,291.36,290.78,290.84,57940
2025-10-25T11:00:00+00:00,290.98,291.0,290.7,290.88,34990
2025-10-25T12:00:00+00:00,290.84,290.96,290.74,290.82,19190
2025-10-25T13:00:00+00:00,290.82,290.9,290.4,290.6,127410
2025-10-25T14:00:00+00:00,290.6,290.6,290.44,290.54,34160
2025-10-25T15:00:00+00:00,290.54,290.72,290.4,290.54,66390
2025-10-25T16:00:00+00:00,290.54,290.56,290.42,290.54,23190
2025-10-25T17:00:00+00:00,290.54,290.7,290.48,290.62,32000
2025-10-25T18:00:00+00:00,290.68,290.7,290.1,290.56,70290
2025-10-25T19:00:00+00:00,290.56,290.58,290.36,290.46,25620
2025-10-25T20:00:00+00:00,290.42,290.5,290.1,290.24,110510
2025-10-25T23:00:00+00:00,290.56,291.1,290.32,290.78,21770
2025-10-26T00:00:00+00:00,290.78,290.84,290.7,290.84,670
2025-10-26T01:00:00+00:00,290.84,290.84,290.62,290.76,1460
2025-10-26T02:00:00+00:00,290.76,290.8,290.6,290.8,2350
2025-10-26T03:00:00+00:00,290.8,290.8,290.7,290.74,230
2025-10-26T04:00:00+00:00,290.66,290.78,290.6,290.72,20230
2025-10-26T05:00:00+00:00,290.74,290.76,290.62,290.68,4240
2025-10-26T06:00:00+00:00,290.68,290.78,290.48,290.5,52210
2025-10-26T07:00:00+00:00,290.68,290.7,290.42,290.6,20170
2025-10-26T08:00:00+00:00,290.48,290.6,290.46,290.52,14560
2025-10-26T09:00:00+00:00,290.52,290.6,290.5,290.56,11020
2025-10-26T10:00:00+00:00,290.52,290.56,290.42,290.48,17240
2025-10-26T11:00:00+00:00,290.5,290.52,290.22,290.24,59350
2025-10-26T12:00:00+00:00,290.3,290.4,289.08,290.18,155920
2025-10-26T13:00:00+00:00,290.0,290.2,289.76,289.9,37910
2025-10-26T14:00:00+00:00,289.76,289.9,289.42,289.84,62820
2025-10-26T15:00:00+00:00,289.78,289.86,289.64,289.66,25640
2025-10-26T16:00:00+00:00,289.68,289.9,289.64,289.8,37310
2025-10-26T17:00:00+00:00,289.84,290.18,289.74,290.14,23810
2025-10-26T18:00:00+00:00,290.14,290.16,289.74,289.98,26520
2025-10-26T19:00:00+00:00,289.88,290.5,289.52,290.3,151810
2025-10-26T20:00:00+00:00,290.3,290.3,289.3,289.92,72660
2025-10-27T03:00:00+00:00,290.18,290.18,290.18,290.18,12280
2025-10-27T04:00:00+00:00,290.14,290.2,286.64,287.66,1658650
2025-10-27T05:00:00+00:00,287.66,288.18,286.98,287.64,898570
2025-10-27T06:00:00+00:00,287.68,287.86,283.06,284.9,2980610
2025-10-27T07:00:00+00:00,284.9,287.36,284.0,286.9,3724730
2025-10-27T08:00:00+00:00,286.92,287.3,285.76,286.0,1283640
2025-10-27T09:00:00+00:00,286.04,287.72,285.9,286.74,1255590
2025-10-27T10:00:00+00:00,286.78,286.96,285.0,285.3,1612230
2025-10-27T11:00:00+00:00,285.3,285.92,282.0,283.08,4013140
2025-10-27T12:00:00+00:00,283.08,285.12,282.68,284.6,2172820
2025-10-27T13:00:00+00:00,284.54,284.96,283.24,284.18,1326930
2025-10-27T14:00:00+00:00,284.18,285.42,283.66,284.7,1568320
2025-10-27T15:00:00+00:00,284.66,285.08,283.6,283.96,652290
2025-10-27T16:00:00+00:00,283.96,284.88,283.34,284.62,402310
2025-10-27T17:00:00+00:00,284.66,284.84,284.28,284.52,243950
2025-10-27T18:00:00+00:00,284.52,284.52,283.56,284.0,410270
2025-10-27T19:00:00+00:00,284.0,284.38,283.9,284.2,168020
2025-10-27T20:00:00+00:00,284.2,284.3,282.28,283.2,643080
2025-10-28T03:00:00+00:00,283.52,283.52,283.52,283.52,1000
2025-10-28T04:00:00+00:00,283.6,283.92,282.14,283.78,1144190
2025-10-28T05:00:00+00:00,283.82,284.3,283.22,283.8,706470
2025-10-28T06:00:00+00:00,283.84,286.6,283.84,286.18,2177090
2025-10-28T07:00:00+00:00,286.2,286.9,285.32,286.36,1752130
2025-10-28T08:00:00+00:00,286.38,291.66,286.26,291.44,6758740
2025-10-28T09:00:00+00:00,291.4,293.0,290.84,292.4,3609550
2025-10-28T10:00:00+00:00,292.4,292.62,291.38,291.84,1650010
2025-10-28T11:00:00+00:00,291.88,294.32,291.84,293.62,2852810
2025-10-28T12:00:00+00:00,293.58,294.66,291.54,291.92,2289900
2025-10-28T13:00:00+00:00,291.9,292.68,290.32,291.74,2008100
2025-10-28T14:00:00+00:00,291.76,292.7,291.0,291.0,1150270
2025-10-28T15:00:00+00:00,291.0,291.28,289.78,290.7,1175530
2025-10-28T16:00:00+00:00,290.66,291.84,289.86,291.46,844890
2025-10-28T17:00:00+00:00,291.42,292.98,291.3,292.6,1033830
2025-10-28T18:00:00+00:00,292.58,292.58,291.2,291.96,405270
2025-10-28T19:00:00+00:00,291.96,292.24,291.44,291.8,256670
2025-10-28T20:00:00+00:00,291.9,292.14,291.5,291.7,363960
2025-10-29T03:00:00+00:00,292.02,292.02,292.02,292.02,2360
2025-10-29T04:00:00+00:00,292.18,293.5,291.62,293.02,722430
2025-10-29T05:00:00+00:00,293.1,293.1,292.74,292.82,288890
2025-10-29T06:00:00+00:00,292.8,292.9,291.54,292.54,1124750
2025-10-29T07:00:00+00:00,292.56,293.9,292.18,293.08,2974850
2025-10-29T08:00:00+00:00,293.08,293.82,292.76,293.46,1286120
2025-10-29T09:00:00+00:00,293.46,293.62,292.3,293.3,1406850
2025-10-29T10:00:00+00:00,293.28,293.6,292.88,293.18,934640
2025-10-29T11:00:00+00:00,293.2,294.42,292.6,293.34,2087320
2025-10-29T12:00:00+00:00,293.36,293.76,292.82,293.4,1164370
2025-10-29T13:00:00+00:00,293.38,293.38,291.76,292.4,1827660
2025-10-29T14:00:00+00:00,292.4,292.8,291.92,292.08,672620
2025-10-29T15:00:00+00:00,292.1,293.34,291.92,293.34,583280
2025-10-29T16:00:00+00:00,293.14,293.58,292.56,292.84,826040
2025-10-29T17:00:00+00:00,292.9,292.9,292.58,292.68,289000
2025-10-29T18:00:00+00:00,292.72,292.78,292.08,292.38,554560
2025-10-29T19:00:00+00:00,292.4,292.82,292.26,292.68,147040
2025-10-29T20:00:00+00:00,292.68,292.9,292.32,292.66,266640
2025-10-30T03:00:00+00:00,292.72,292.72,292.72,292.72,2220
2025-10-30T04:00:00+00:00,292.8,292.9,291.02,292.08,782370
2025-10-30T05:00:00+00:00,292.06,292.36,291.7,291.9,155310
2025-10-30T06:00:00+00:00,291.9,294.32,291.82,294.08,1905070
2025-10-30T07:00:00+00:00,294.14,296.0,294.14,294.7,4664830
2025-10-30T08:00:00+00:00,294.76,296.24,294.64,295.46,1639160
2025-10-30T09:00:00+00:00,295.44,298.46,295.16,297.86,3998610
2025-10-30T10:00:00+00:00,297.86,298.3,296.12,297.32,2770190
2025-10-30T11:00:00+00:00,297.3,298.0,297.08,297.74,1209650
2025-10-30T12:00:00+00:00,297.78,299.2,296.94,298.68,2889990
2025-10-30T13:00:00+00:00,298.7,300.48,298.44,300.42,2660770
2025-10-30T14:00:00+00:00,300.44,300.48,297.34,297.84,2252320
2025-10-30T15:00:00+00:00,297.84,298.5,297.2,298.0,651440
2025-10-30T16:00:00+00:00,297.98,299.42,297.78,298.6,998330
2025-10-30T17:00:00+00:00,298.6,298.72,297.6,297.8,590210
2025-10-30T18:00:00+00:00,297.78,298.54,297.72,298.2,514550
2025-10-30T19:00:00+00:00,298.22,298.32,297.84,298.1,257760
2025-10-30T20:00:00+00:00,298.02,298.44,297.88,297.88,251510
2025-10-31T03:00:00+00:00,297.58,297.58,297.58,297.58,12760
2025-10-31T04:00:00+00:00,297.54,300.0,297.14,299.92,1015780
2025-10-31T05:00:00+00:00,299.92,299.94,298.8,299.28,575610
2025-10-31T06:00:00+00:00,299.22,299.3,297.76,298.48,987290
2025-10-31T07:00:00+00:00,298.38,298.5,296.38,296.84,2519880
2025-10-31T08:00:00+00:00,296.8,297.7,295.76,296.52,2040000
2025-10-31T09:00:00+00:00,296.5,297.9,296.06,297.62,1194720
2025-10-31T10:00:00+00:00,297.62,297.88,296.72,296.86,1158390
2025-10-31T11:00:00+00:00,296.86,296.86,295.02,296.3,1968570
2025-10-31T12:00:00+00:00,296.28,296.8,296.1,296.34,890810
2025-10-31T13:00:00+00:00,296.3,296.6,295.24,295.54,1024770
2025-10-31T14:00:00+00:00,295.42,296.46,295.32,296.18,762920
2025-10-31T15:00:00+00:00,296.18,296.18,295.38,295.72,586950
2025-10-31T16:00:00+00:00,295.72,296.04,295.34,295.58,367590
2025-10-31T17:00:00+00:00,295.6,295.68,292.2,293.2,3326470
2025-10-31T18:00:00+00:00,293.14,293.74,292.96,293.24,381160
2025-10-31T19:00:00+00:00,293.18,293.48,292.66,292.76,326440
2025-10-31T20:00:00+00:00,292.76,294.24,292.62,294.0,530000
2025-11-01T03:00:00+00:00,294.06,294.06,294.06,294.06,5880
2025-11-01T04:00:00+00:00,294.08,294.58,293.68,294.48,316820
2025-11-01T05:00:00+00:00,294.48,295.98,294.48,294.9,412750
2025-11-01T06:00:00+00:00,294.88,295.32,293.62,294.24,472660
2025-11-01T07:00:00+00:00,294.28,295.88,294.18,295.66,1139460
2025-11-01T08:00:00+00:00,295.7,295.88,295.02,295.2,530660
2025-11-01T09:00:00+00:00,295.24,295.84,294.62,295.14,543550
2025-11-01T10:00:00+00:00,295.14,295.14,294.38,294.98,509020
2025-11-01T11:00:00+00:00,294.98,295.1,294.42,294.5,298170
2025-11-01T12:00:00+00:00,294.48,294.76,294.04,294.52,471190
2025-11-01T13:00:00+00:00,294.52,295.16,294.36,294.9,401790
2025-11-01T14:00:00+00:00,294.88,295.06,294.76,294.96,204440
2025-11-01T15:00:00+00:00,294.96,295.18,294.86,295.04,209050
2025-11-01T16:00:00+00:00,295.06,295.06,294.8,294.98,140410
2025-11-01T17:00:00+00:00,294.96,295.06,294.82,294.98,137510
2025-11-01T18:00:00+00:00,294.92,294.96,294.84,294.9,67390
2025-11-01T19:00:00+00:00,294.9,294.92,294.2,294.44,284150
2025-11-01T20:00:00+00:00,294.36,294.78,293.3,294.36,515050
2025-11-01T23:00:00+00:00,294.72,294.74,294.36,294.42,32950
2025-11-02T00:00:00+00:00,294.42,294.68,294.0,294.62,23910
2025-11-02T01:00:00+00:00,294.58,294.7,294.32,294.66,9880
2025-11-02T02:00:00+00:00,294.66,294.7,294.56,294.7,5000
2025-11-02T03:00:00+00:00,294.6,294.68,294.42,294.5,2100
2025-11-02T04:00:00+00:00,294.48,294.6,294.48,294.5,12310
2025-11-02T05:00:00+00:00,294.58,294.62,294.48,294.54,12990
2025-11-02T06:00:00+00:00,294.54,294.58,294.3,294.42,15190
2025-11-02T07:00:00+00:00,294.38,294.68,294.22,294.4,43700
2025-11-02T08:00:00+00:00,294.64,294.64,294.32,294.5,7010
2025-11-02T09:00:00+00:00,294.5,294.54,294.38,294.46,6250
2025-11-02T10:00:00+00:00,294.48,294.54,294.4,294.5,10690
2025-11-02T11:00:00+00:00,294.5,294.52,294.46,294.48,11040
2025-11-02T12:00:00+00:00,294.48,294.5,294.42,294.44,7960
2025-11-02T13:00:00+00:00,294.46,294.5,294.42,294.48,12380
2025-11-02T14:00:00+00:00,294.46,294.48,294.44,294.44,3440
2025-11-02T15:00:00+00:00,294.46,294.46,294.28,294.38,23640
2025-11-02T16:00:00+00:00,294.36,294.4,294.2,294.2,33200
2025-11-02T17:00:00+00:00,294.32,294.46,294.2,294.42,12930
2025-11-02T18:00:00+00:00,294.36,294.44,294.3,294.36,8710
2025-11-02T19:00:00+00:00,294.34,294.4,294.2,294.3,13680
2025-11-02T20:00:00+00:00,294.3,294.32,294.2,294.3,10070
2025-11-03T03:00:00+00:00,295.24,295.24,295.24,295.24,5000
2025-11-03T04:00:00+00:00,295.24,296.64,295.1,296.4,478350
2025-11-03T05:00:00+00:00,296.5,296.62,296.2,296.5,165020
2025-11-03T06:00:00+00:00,296.44,298.36,296.44,297.9,1138640
2025-11-03T07:00:00+00:00,298.04,300.3,297.98,299.92,3064240
2025-11-03T08:00:00+00:00,299.94,300.16,298.72,298.92,1490690
2025-11-03T09:00:00+00:00,298.94,299.38,298.56,298.94,616630
2025-11-03T10:00:00+00:00,298.9,299.14,298.54,298.9,518130
2025-11-03T11:00:00+00:00,298.9,299.0,298.54,298.74,292610
2025-11-03T12:00:00+00:00,298.8,299.66,298.76,299.36,569200
2025-11-03T13:00:00+00:00,299.34,299.6,298.86,298.96,293050
2025-11-03T14:00:00+00:00,298.94,299.48,298.92,299.48,240130
2025-11-03T15:00:00+00:00,299.44,299.5,299.02,299.2,229370
2025-11-03T16:00:00+00:00,299.16,299.44,299.06,299.34,209260
2025-11-03T17:00:00+00:00,299.32,299.4,299.1,299.16,178870
2025-11-03T18:00:00+00:00,299.24,299.24,298.6,298.84,338870
2025-11-03T19:00:00+00:00,298.82,298.98,298.58,298.7,212970
2025-11-03T20:00:00+00:00,298.64,299.1,298.3,299.1,309360
2025-11-03T23:00:00+00:00,299.46,299.46,297.94,298.8,2480
2025-11-04T00:00:00+00:00,298.8,299.1,298.8,299.1,13680
2025-11-04T01:00:00+00:00,299.12,299.12,298.82,299.1,320
2025-11-04T02:00:00+00:00,299.08,299.1,298.9,298.92,670
2025-11-04T03:00:00+00:00,299.0,299.1,299.0,299.04,2590
2025-11-04T04:00:00+00:00,299.08,299.32,299.0,299.2,17020
2025-11-04T05:00:00+00:00,299.24,299.3,299.0,299.0,27720
2025-11-04T06:00:00+00:00,299.0,299.1,298.84,299.0,26490
2025-11-04T07:00:00+00:00,298.94,299.06,298.92,298.96,21720
2025-11-04T08:00:00+00:00,298.96,299.0,298.9,298.9,33390
2025-11-04T09:00:00+00:00,298.9,299.02,298.9,298.98,14730
2025-11-04T10:00:00+00:00,299.0,299.06,298.88,298.9,32090
2025-11-04T11:00:00+00:00,298.9,299.06,298.9,299.0,15310
2025-11-04T12:00:00+00:00,299.0,299.04,298.94,298.98,6370
2025-11-04T13:00:00+00:00,298.98,299.04,298.8,298.84,76030
2025-11-04T14:00:00+00:00,298.8,298.88,298.1,298.7,101510
2025-11-04T15:00:00+00:00,298.8,298.8,298.4,298.44,52160
2025-11-04T16:00:00+00:00,298.44,298.66,298.44,298.62,9150
2025-11-04T17:00:00+00:00,298.62,298.74,298.52,298.66,22220
2025-11-04T18:00:00+00:00,298.64,298.68,298.5,298.52,75890
2025-11-04T19:00:00+00:00,298.52,298.58,298.42,298.56,55850
2025-11-04T20:00:00+00:00,298.54,298.68,298.4,298.5,97060
2025-11-05T03:00:00+00:00,298.94,298.94,298.94,298.94,40870
2025-11-05T04:00:00+00:00,298.96,298.96,296.06,297.38,971580
2025-11-05T05:00:00+00:00,297.38,298.8,297.1,298.1,759050
2025-11-05T06:00:00+00:00,298.12,299.4,298.04,298.72,1568710
2025-11-05T07:00:00+00:00,298.7,299.16,297.62,298.78,1521610
2025-11-05T08:00:00+00:00,298.76,301.26,298.6,300.36,2960280
2025-11-05T09:00:00+00:00,300.34,300.56,299.42,300.08,1196740
2025-11-05T10:00:00+00:00,300.1,301.92,300.08,301.26,2794310
2025-11-05T11:00:00+00:00,301.26,302.32,301.12,301.92,1491840
2025-11-05T12:00:00+00:00,301.94,302.0,301.0,301.14,1038090
2025-11-05T13:00:00+00:00,301.14,301.78,299.92,299.98,1400080
2025-11-05T14:00:00+00:00,299.96,300.5,297.82,298.6,3551950
2025-11-05T15:00:00+00:00,298.6,299.32,296.76,297.54,2674240
2025-11-05T16:00:00+00:00,297.54,297.66,296.8,297.34,981830
2025-11-05T17:00:00+00:00,297.34,297.7,297.04,297.2,419120
2025-11-05T18:00:00+00:00,297.26,297.26,296.62,297.02,714180
2025-11-05T19:00:00+00:00,296.98,297.5,296.94,297.3,355750
2025-11-05T20:00:00+00:00,297.2,297.38,296.66,296.98,373940
2025-11-06T03:00:00+00:00,297.24,297.24,297.24,297.24,4790
2025-11-06T04:00:00+00:00,297.22,298.22,297.02,297.98,911010
2025-11-06T05:00:00+00:00,297.98,298.22,297.72,297.86,297320
2025-11-06T06:00:00+00:00,297.8,298.48,297.36,298.16,815880
2025-11-06T07:00:00+00:00,298.2,298.36,296.26,296.68,1671190
2025-11-06T08:00:00+00:00,296.66,297.0,295.0,295.14,2465730
2025-11-06T09:00:00+00:00,295.12,295.56,294.5,295.46,1720780
2025-11-06T10:00:00+00:00,295.46,295.76,294.6,295.0,815440
2025-11-06T11:00:00+00:00,295.0,295.16,294.3,295.12,963820
2025-11-06T12:00:00+00:00,295.12,296.0,294.9,295.72,934670
2025-11-06T13:00:00+00:00,295.72,295.78,294.58,294.74,773280
2025-11-06T14:00:00+00:00,294.78,295.66,294.5,295.66,681780
2025-11-06T15:00:00+00:00,295.64,295.68,295.18,295.64,378760
2025-11-06T16:00:00+00:00,295.68,295.78,295.38,295.62,320250
2025-11-06T17:00:00+00:00,295.62,296.78,295.2,296.54,816130
2025-11-06T18:00:00+00:00,296.6,296.78,296.3,296.5,380020
2025-11-06T19:00:00+00:00,296.52,296.74,296.36,296.64,306090
2025-11-06T20:00:00+00:00,296.68,296.7,296.22,296.34,381340
2025-11-07T03:00:00+00:00,295.3,295.3,295.3,295.3,34530
2025-11-07T04:00:00+00:00,295.3,296.38,293.04,295.9,1279240
2025-11-07T05:00:00+00:00,295.9,295.98,294.82,295.62,262900
2025-11-07T06:00:00+00:00,295.6,296.9,295.6,296.22,815140
2025-11-07T07:00:00+00:00,296.2,298.36,296.2,297.22,2476810
2025-11-07T08:00:00+00:00,297.26,297.7,296.24,297.26,1016230
2025-11-07T09:00:00+00:00,297.3,298.1,297.26,297.26,854420
2025-11-07T10:00:00+00:00,297.3,297.62,296.9,297.14,670940
2025-11-07T11:00:00+00:00,297.18,297.64,297.14,297.6,465120
2025-11-07T12:00:00+00:00,297.62,297.78,297.2,297.3,480600
2025-11-07T13:00:00+00:00,297.28,297.76,297.04,297.58,478780
2025-11-07T14:00:00+00:00,297.64,298.32,297.58,298.12,884880
2025-11-07T15:00:00+00:00,298.14,298.14,297.38,297.4,460110
2025-11-07T16:00:00+00:00,297.48,298.22,297.44,297.7,466790
2025-11-07T17:00:00+00:00,297.7,298.34,297.18,297.38,767460
2025-11-07T18:00:00+00:00,297.4,297.4,296.2,296.82,1160310
2025-11-07T19:00:00+00:00,296.82,296.84,296.54,296.68,237830
2025-11-07T20:00:00+00:00,296.64,296.96,296.56,296.84,391510
2025-11-07T23:00:00+00:00,297.34,297.4,296.6,297.32,46640
2025-11-08T00:00:00+00:00,297.32,297.32,296.7,297.26,28830
2025-11-08T01:00:00+00:00,297.22,297.22,297.02,297.18,1710
2025-11-08T02:00:00+00:00,297.02,297.18,297.0,297.18,2150
2025-11-08T03:00:00+00:00,297.16,297.18,297.02,297.18,18240
2025-11-08T04:00:00+00:00,297.18,297.24,297.1,297.22,47570
2025-11-08T05:00:00+00:00,297.22,297.22,297.1,297.16,19990
2025-11-08T06:00:00+00:00,297.16,297.16,296.98,296.98,10760
2025-11-08T07:00:00+00:00,297.14,297.78,296.98,297.4,151990
2025-11-08T08:00:00+00:00,297.4,297.4,297.24,297.38,73540
2025-11-08T09:00:00+00:00,297.34,297.44,297.3,297.36,48040
2025-11-08T10:00:00+00:00,297.36,297.36,297.02,297.2,89480
2025-11-08T11:00:00+00:00,297.16,297.28,297.1,297.18,37280
2025-11-08T12:00:00+00:00,297.2,297.34,297.16,297.26,85440
2025-11-08T13:00:00+00:00,297.2,297.3,297.18,297.2,44080
2025-11-08T14:00:00+00:00,297.2,297.26,297.14,297.2,21730
2025-11-08T15:00:00+00:00,297.18,297.18,297.02,297.06,58950
2025-11-08T16:00:00+00:00,297.02,297.2,296.98,297.08,24950
2025-11-08T17:00:00+00:00,297.08,297.16,296.98,297.06,26600
2025-11-08T18:00:00+00:00,297.08,297.1,296.82,297.0,28470
2025-11-08T19:00:00+00:00,297.04,297.2,296.96,297.02,31180
2025-11-08T20:00:00+00:00,297.06,297.1,296.9,297.06,40090
2025-11-08T23:00:00+00:00,296.88,297.3,296.88,297.2,13760
2025-11-09T00:00:00+00:00,297.2,297.26,297.2,297.24,160
2025-11-09T01:00:00+00:00,297.26,297.3,297.2,297.3,6450
2025-11-09T02:00:00+00:00,297.3,297.38,297.2,297.2,3210
2025-11-09T03:00:00+00:00,297.38,297.38,297.24,297.26,1670
2025-11-09T04:00:00+00:00,297.26,297.32,297.22,297.28,7360
2025-11-09T05:00:00+00:00,297.28,297.3,297.2,297.26,21960
2025-11-09T06:00:00+00:00,297.26,297.72,297.2,297.72,13880
2025-11-09T07:00:00+00:00,297.72,297.72,297.34,297.52,89200
2025-11-09T08:00:00+00:00,297.52,297.52,297.22,297.48,63610
2025-11-09T09:00:00+00:00,297.46,297.5,297.42,297.44,28070
2025-11-09T10:00:00+00:00,297.48,297.48,297.4,297.44,28360
2025-11-09T11:00:00+00:00,297.44,297.46,297.38,297.4,56290
2025-11-09T12:00:00+00:00,297.4,297.46,297.38,297.42,30730
2025-11-09T13:00:00+00:00,297.42,297.48,297.38,297.48,42200
2025-11-09T14:00:00+00:00,297.42,297.5,297.42,297.5,39470
2025-11-09T15:00:00+00:00,297.46,297.56,297.38,297.46,59540
2025-11-09T16:00:00+00:00,298.36,298.36,297.4,297.4,24470
2025-11-09T17:00:00+00:00,297.42,297.86,297.34,297.7,72790
2025-11-09T18:00:00+00:00,297.78,297.8,297.5,297.64,16820
2025-11-09T19:00:00+00:00,297.6,297.76,297.6,297.68,28190
2025-11-09T20:00:00+00:00,297.72,297.74,297.4,297.66,126580
2025-11-10T03:00:00+00:00,297.8,297.8,297.8,297.8,11840
2025-11-10T04:00:00+00:00,297.8,299.62,297.78,299.4,1224240
2025-11-10T05:00:00+00:00,299.38,299.4,298.94,299.1,268100
2025-11-10T06:00:00+00:00,299.1,299.8,298.64,299.48,1553270
2025-11-10T07:00:00+00:00,299.52,300.92,299.4,300.7,2419020
2025-11-10T08:00:00+00:00,300.7,300.84,299.32,299.66,1739210
2025-11-10T09:00:00+00:00,299.66,300.26,299.04,299.24,1231440
2025-11-10T10:00:00+00:00,299.2,300.0,299.16,299.6,1109990
2025-11-10T11:00:00+00:00,299.56,299.72,298.64,298.74,1042960
2025-11-10T12:00:00+00:00,298.72,298.88,298.04,298.1,1435490
2025-11-10T13:00:00+00:00,298.06,298.22,297.1,297.86,1459120
2025-11-10T14:00:00+00:00,297.86,297.9,295.42,295.58,2114690
2025-11-10T15:00:00+00:00,295.5,296.38,295.0,296.2,2066620
2025-11-10T16:00:00+00:00,296.16,296.28,295.38,296.2,572980
2025-11-10T17:00:00+00:00,296.18,296.5,295.68,296.3,737970
2025-11-10T18:00:00+00:00,296.3,296.42,295.68,296.36,286590
2025-11-10T19:00:00+00:00,296.38,296.44,296.2,296.28,158720
2025-11-10T20:00:00+00:00,296.24,296.3,296.0,296.26,223130
2025-11-11T03:00:00+00:00,296.62,296.62,296.62,296.62,6150
2025-11-11T04:00:00+00:00,296.64,297.16,295.3,295.74,788280
2025-11-11T05:00:00+00:00,295.86,296.96,295.8,296.66,274820
2025-11-11T06:00:00+00:00,296.66,296.94,296.3,296.42,468070
2025-11-11T07:00:00+00:00,296.34,297.58,295.82,296.98,1542040
2025-11-11T08:00:00+00:00,296.98,297.08,296.3,296.54,641030
2025-11-11T09:00:00+00:00,296.52,297.2,295.98,296.58,851270
2025-11-11T10:00:00+00:00,296.6,296.86,296.06,296.4,879940
2025-11-11T11:00:00+00:00,296.4,297.92,296.32,297.26,1198120
2025-11-11T12:00:00+00:00,297.22,297.74,297.18,297.5,887350
2025-11-11T13:00:00+00:00,297.48,298.38,297.36,297.94,1610630
2025-11-11T14:00:00+00:00,298.0,298.36,297.32,297.48,923880
2025-11-11T15:00:00+00:00,297.46,297.56,296.92,297.14,601780
2025-11-11T16:00:00+00:00,297.26,297.76,297.06,297.38,288380
2025-11-11T17:00:00+00:00,297.4,298.24,297.38,297.94,667250
2025-11-11T18:00:00+00:00,297.92,298.0,297.16,297.76,386570
2025-11-11T19:00:00+00:00,297.76,297.84,297.56,297.74,206270
2025-11-11T20:00:00+00:00,297.76,297.9,297.68,297.9,314350
2025-11-12T03:00:00+00:00,298.2,298.2,298.2,298.2,41450
2025-11-12T04:00:00+00:00,298.2,298.62,297.44,297.8,421320
2025-11-12T05:00:00+00:00,297.82,298.16,297.8,298.16,364370
2025-11-12T06:00:00+00:00,298.14,298.16,297.72,297.9,421250
2025-11-12T07:00:00+00:00,297.9,298.12,296.82,297.16,1622070
2025-11-12T08:00:00+00:00,297.14,297.26,296.52,297.08,831560
2025-11-12T09:00:00+00:00,297.06,297.6,297.04,297.34,754410
2025-11-12T10:00:00+00:00,297.3,297.34,296.42,296.58,661170
2025-11-12T11:00:00+00:00,296.56,297.2,296.4,296.92,578600
2025-11-12T12:00:00+00:00,296.88,296.88,294.32,295.36,2929830
2025-11-12T13:00:00+00:00,295.36,295.5,294.52,294.98,944410
2025-11-12T14:00:00+00:00,294.98,295.24,294.26,294.94,971690
2025-11-12T15:00:00+00:00,294.9,295.38,294.82,295.12,409100
2025-11-12T16:00:00+00:00,295.14,295.34,293.5,294.2,1094180
2025-11-12T17:00:00+00:00,294.22,294.8,294.04,294.14,355330
2025-11-12T18:00:00+00:00,294.14,294.64,294.04,294.5,218160
2025-11-12T19:00:00+00:00,294.5,294.96,294.32,294.66,260890
2025-11-12T20:00:00+00:00,294.66,294.96,294.4,294.92,352020
2025-11-13T03:00:00+00:00,295.3,295.3,295.3,295.3,1520
2025-11-13T04:00:00+00:00,295.3,295.4,294.74,294.82,319680
2025-11-13T05:00:00+00:00,294.86,295.4,294.8,295.4,212290
2025-11-13T06:00:00+00:00,295.4,296.18,295.14,295.44,853420
2025-11-13T07:00:00+00:00,295.42,296.0,294.56,295.28,1511950
2025-11-13T08:00:00+00:00,295.32,297.18,295.1,297.1,2367110
2025-11-13T09:00:00+00:00,297.1,297.22,296.12,296.2,837880
2025-11-13T10:00:00+00:00,296.18,296.78,296.02,296.16,847730
2025-11-13T11:00:00+00:00,296.16,296.28,295.38,295.5,781790
2025-11-13T12:00:00+00:00,295.5,295.98,295.3,295.72,506650
2025-11-13T13:00:00+00:00,295.72,295.86,295.3,295.5,281310
2025-11-13T14:00:00+00:00,295.5,295.74,294.82,295.02,635730
2025-11-13T15:00:00+00:00,295.02,295.34,294.92,295.2,216270
2025-11-13T16:00:00+00:00,295.24,295.8,295.16,295.58,387390
2025-11-13T17:00:00+00:00,295.58,295.86,295.5,295.68,297830
2025-11-13T18:00:00+00:00,295.7,296.24,295.38,295.52,638190
2025-11-13T19:00:00+00:00,295.54,295.62,295.12,295.38,193930
2025-11-13T20:00:00+00:00,295.36,295.4,295.06,295.16,301270
2025-11-14T03:00:00+00:00,295.5,295.5,295.5,295.5,1090
2025-11-14T04:00:00+00:00,295.48,295.68,295.2,295.6,228580
2025-11-14T05:00:00+00:00,295.54,296.08,295.54,296.08,210950
2025-11-14T06:00:00+00:00,296.08,296.44,295.76,296.18,483330
2025-11-14T07:00:00+00:00,296.24,296.8,295.94,296.18,1151510
2025-11-14T08:00:00+00:00,296.12,296.2,293.84,294.58,2611290
2025-11-14T09:00:00+00:00,294.58,294.58,293.92,294.32,988250
2025-11-14T10:00:00+00:00,294.3,294.74,294.12,294.28,534300
2025-11-14T11:00:00+00:00,294.24,294.3,293.12,293.32,1145250
2025-11-14T12:00:00+00:00,293.3,293.56,292.12,292.44,2656030
2025-11-14T13:00:00+00:00,292.42,292.86,291.68,292.12,908480
2025-11-14T14:00:00+00:00,292.1,292.86,291.9,292.62,767450
2025-11-14T15:00:00+00:00,292.62,292.84,292.3,292.7,693410
2025-11-14T16:00:00+00:00,292.7,292.84,292.36,292.44,239980
2025-11-14T17:00:00+00:00,292.42,292.5,291.82,291.9,353520
2025-11-14T18:00:00+00:00,291.9,291.9,291.5,291.86,292970
2025-11-14T19:00:00+00:00,291.86,292.26,291.5,292.0,456710
2025-11-14T20:00:00+00:00,292.02,292.52,291.76,292.4,663390
2025-11-14T23:00:00+00:00,292.4,293.1,292.0,293.0,12620
2025-11-15T00:00:00+00:00,293.0,293.0,292.72,292.96,830
2025-11-15T01:00:00+00:00,292.98,292.98,292.74,292.74,1610
2025-11-15T02:00:00+00:00,292.74,292.94,292.72,292.92,1960
2025-11-15T03:00:00+00:00,292.86,292.92,292.72,292.92,8190
2025-11-15T04:00:00+00:00,292.76,292.9,292.4,292.74,95330
2025-11-15T05:00:00+00:00,292.46,292.72,292.4,292.58,30790
2025-11-15T06:00:00+00:00,292.58,292.96,292.46,292.96,34100
2025-11-15T07:00:00+00:00,292.96,292.98,291.56,292.36,160660
2025-11-15T08:00:00+00:00,292.32,292.48,292.22,292.46,69240
2025-11-15T09:00:00+00:00,292.44,292.46,292.18,292.22,64850
2025-11-15T10:00:00+00:00,292.2,292.3,292.1,292.14,67830
2025-11-15T11:00:00+00:00,292.14,292.2,292.02,292.06,77110
2025-11-15T12:00:00+00:00,292.04,292.12,292.0,292.1,28030
2025-11-15T13:00:00+00:00,292.1,292.26,292.06,292.16,101150
2025-11-15T14:00:00+00:00,292.18,292.2,291.74,292.14,65370
2025-11-15T15:00:00+00:00,292.04,292.12,291.72,291.82,81410
2025-11-15T16:00:00+00:00,292.18,292.18,291.7,291.78,33230
2025-11-15T17:00:00+00:00,291.76,291.8,291.52,291.62,72680
2025-11-15T18:00:00+00:00,291.68,291.7,291.44,291.5,34920
2025-11-15T19:00:00+00:00,291.5,291.62,291.48,291.58,13400
2025-11-15T20:00:00+00:00,291.58,291.62,291.4,291.48,60960
2025-11-15T23:00:00+00:00,291.8,291.8,291.3,291.48,5750
2025-11-16T00:00:00+00:00,291.64,291.8,291.48,291.62,6760
2025-11-16T01:00:00+00:00,291.8,291.82,291.62,291.82,2800
2025-11-16T02:00:00+00:00,291.92,291.94,291.7,291.92,1060
2025-11-16T03:00:00+00:00,291.92,291.96,291.88,291.88,4290
2025-11-16T04:00:00+00:00,291.88,291.94,291.68,291.82,9650
2025-11-16T05:00:00+00:00,291.8,291.9,291.64,291.72,12190
2025-11-16T06:00:00+00:00,291.72,291.78,291.64,291.78,17270
2025-11-16T07:00:00+00:00,291.78,291.8,291.12,291.3,189290
2025-11-16T08:00:00+00:00,291.3,291.52,291.28,291.52,76830
2025-11-16T09:00:00+00:00,291.5,291.58,291.3,291.42,51650
2025-11-16T10:00:00+00:00,291.48,291.7,291.3,291.4,103680
2025-11-16T11:00:00+00:00,291.4,291.5,291.38,291.48,37190
2025-11-16T12:00:00+00:00,291.48,291.52,291.42,291.48,17990
2025-11-16T13:00:00+00:00,291.48,291.62,291.44,291.54,49390
2025-11-16T14:00:00+00:00,291.58,291.7,291.52,291.7,26060
2025-11-16T15:00:00+00:00,291.68,291.9,291.68,291.76,72380
2025-11-16T16:00:00+00:00,292.2,292.2,291.52,291.82,8220
2025-11-16T17:00:00+00:00,291.82,291.86,291.76,291.86,15530
2025-11-16T18:00:00+00:00,291.86,291.86,291.78,291.86,11440
2025-11-16T19:00:00+00:00,291.84,291.86,291.76,291.82,20910
2025-11-16T20:00:00+00:00,291.78,291.84,291.7,291.82,62010
2025-11-17T03:00:00+00:00,291.78,291.78,291.78,291.78,11690
2025-11-17T04:00:00+00:00,291.76,291.8,291.1,291.34,605660
2025-11-17T05:00:00+00:00,291.34,291.46,290.64,290.88,429380
2025-11-17T06:00:00+00:00,290.86,291.28,290.52,291.08,621610
2025-11-17T07:00:00+00:00,291.1,293.5,290.72,292.94,2836150
2025-11-17T08:00:00+00:00,292.96,294.26,292.12,292.24,2275780
2025-11-17T09:00:00+00:00,292.26,293.18,291.98,292.36,959200
2025-11-17T10:00:00+00:00,292.36,292.68,291.64,292.04,751800
2025-11-17T11:00:00+00:00,292.04,292.26,291.28,291.88,1005960
2025-11-17T12:00:00+00:00,291.9,291.96,291.42,291.62,359750
2025-11-17T13:00:00+00:00,291.62,291.82,291.0,291.46,735770
2025-11-17T14:00:00+00:00,291.46,292.2,291.36,291.96,608120
2025-11-17T15:00:00+00:00,291.96,292.16,291.7,291.84,289550
2025-11-17T16:00:00+00:00,291.8,292.12,291.54,291.8,181610
2025-11-17T17:00:00+00:00,291.82,291.82,291.3,291.3,201090
2025-11-17T18:00:00+00:00,291.3,291.44,291.04,291.1,357680
2025-11-17T19:00:00+00:00,291.12,291.32,290.72,291.06,363110
2025-11-17T20:00:00+00:00,290.96,291.24,290.62,290.7,244340
2025-11-18T03:00:00+00:00,290.7,290.7,290.7,290.7,13240
2025-11-18T04:00:00+00:00,290.66,291.46,290.0,291.12,904780
2025-11-18T05:00:00+00:00,291.22,291.32,289.26,289.86,1532700
2025-11-18T06:00:00+00:00,289.84,290.9,289.58,290.48,1021840
2025-11-18T07:00:00+00:00,290.48,295.24,290.02,293.3,6832820
2025-11-18T08:00:00+00:00,293.3,299.82,292.48,298.74,8388850
2025-11-18T09:00:00+00:00,298.78,299.72,296.38,297.68,3602580
2025-11-18T10:00:00+00:00,297.68,298.2,296.12,296.5,1266900
2025-11-18T11:00:00+00:00,296.5,298.34,296.18,297.36,1487690
2025-11-18T12:00:00+00:00,297.46,297.94,297.12,297.82,1035530
2025-11-18T13:00:00+00:00,297.8,298.58,297.58,297.6,1260840
2025-11-18T14:00:00+00:00,297.62,298.76,297.56,297.76,841870
2025-11-18T15:00:00+00:00,297.78,298.2,297.58,297.96,331240
2025-11-18T16:00:00+00:00,298.0,298.16,297.5,297.76,446020
2025-11-18T17:00:00+00:00,297.76,297.9,297.5,297.6,284780
2025-11-18T18:00:00+00:00,297.6,298.5,297.6,298.4,358790
2025-11-18T19:00:00+00:00,298.4,299.64,298.36,298.62,660230
2025-11-18T20:00:00+00:00,298.56,298.84,295.12,297.16,1594400
2025-11-19T03:00:00+00:00,297.7,297.7,297.7,297.7,9570
2025-11-19T04:00:00+00:00,297.8,300.8,297.66,300.36,1799580
2025-11-19T05:00:00+00:00,300.36,301.9,300.1,300.68,1244740
2025-11-19T06:00:00+00:00,300.68,301.08,300.04,300.5,1301030
2025-11-19T07:00:00+00:00,300.5,302.0,299.62,301.26,2857950
2025-11-19T08:00:00+00:00,301.24,302.96,299.8,300.9,4107980
2025-11-19T09:00:00+00:00,300.86,300.9,298.32,298.9,1943330
2025-11-19T10:00:00+00:00,298.92,300.38,298.78,299.98,1016110
2025-11-19T11:00:00+00:00,299.98,304.86,299.56,304.28,4841780
2025-11-19T12:00:00+00:00,304.28,306.56,304.2,305.58,4922390
2025-11-19T13:00:00+00:00,305.58,309.5,305.58,308.4,5200530
2025-11-19T14:00:00+00:00,308.38,309.0,305.5,307.22,3307370
2025-11-19T15:00:00+00:00,307.3,307.5,305.5,306.62,1412000
2025-11-19T16:00:00+00:00,306.6,308.08,304.32,307.0,2077190
2025-11-19T17:00:00+00:00,306.98,307.44,305.92,306.84,641780
2025-11-19T18:00:00+00:00,306.86,307.66,303.8,305.24,2018320
2025-11-19T19:00:00+00:00,305.24,305.28,303.88,304.6,813990
2025-11-19T20:00:00+00:00,304.54,305.6,304.12,305.6,484140
2025-11-20T03:00:00+00:00,305.7,305.7,305.7,305.7,36830
2025-11-20T04:00:00+00:00,305.78,308.96,305.6,307.8,1617220
2025-11-20T05:00:00+00:00,307.8,308.24,307.02,307.84,825130
2025-11-20T06:00:00+00:00,307.84,307.86,306.44,306.98,974540
2025-11-20T07:00:00+00:00,307.02,309.74,305.8,307.58,8264020
2025-11-20T08:00:00+00:00,307.58,308.32,306.5,308.04,1474100
2025-11-20T09:00:00+00:00,308.04,308.98,307.02,307.36,2327020
2025-11-20T10:00:00+00:00,307.34,308.0,306.78,307.22,954160
2025-11-20T11:00:00+00:00,307.22,307.28,305.5,305.8,1546910
2025-11-20T12:00:00+00:00,305.82,305.82,303.04,305.26,3053780
2025-11-20T13:00:00+00:00,305.26,305.88,304.08,304.22,1905840
2025-11-20T14:00:00+00:00,304.2,305.26,303.58,304.34,1427920
2025-11-20T15:00:00+00:00,304.3,304.66,303.94,304.66,352070
2025-11-20T16:00:00+00:00,304.68,305.76,304.1,304.64,1235410
2025-11-20T17:00:00+00:00,304.66,312.0,304.16,310.9,4192960
2025-11-20T18:00:00+00:00,310.74,312.0,307.04,308.6,5803970
2025-11-20T19:00:00+00:00,308.6,310.74,308.0,310.5,1683650
2025-11-20T20:00:00+00:00,310.52,311.1,309.52,310.7,1077410
2025-11-21T03:00:00+00:00,311.32,311.32,311.32,311.32,50800
2025-11-21T04:00:00+00:00,311.4,311.9,309.6,311.2,1629460
2025-11-21T05:00:00+00:00,311.14,311.5,309.36,309.38,937940
2025-11-21T06:00:00+00:00,309.42,309.58,307.72,309.12,1374860
2025-11-21T07:00:00+00:00,309.1,309.7,308.12,309.12,1558470
2025-11-21T08:00:00+00:00,309.12,309.44,308.1,308.4,1060380
2025-11-21T09:00:00+00:00,308.4,308.62,308.06,308.38,557370
2025-11-21T10:00:00+00:00,308.42,308.52,306.6,306.86,1368460
2025-11-21T11:00:00+00:00,306.84,307.42,305.62,306.14,1190610
2025-11-21T12:00:00+00:00,306.18,308.56,305.0,307.48,2640890
2025-11-21T13:00:00+00:00,307.46,307.72,306.02,306.84,1214170
2025-11-21T14:00:00+00:00,306.88,311.04,306.8,309.6,3858930
2025-11-21T15:00:00+00:00,309.64,310.48,309.14,309.88,1662620
2025-11-21T16:00:00+00:00,309.66,309.82,308.1,308.96,1061810
2025-11-21T17:00:00+00:00,308.96,311.6,308.92,310.02,2179010
2025-11-21T18:00:00+00:00,310.04,310.82,309.18,310.1,572310
2025-11-21T19:00:00+00:00,310.08,310.1,309.54,309.8,279380
2025-11-21T20:00:00+00:00,309.82,309.82,309.0,309.48,489990
2025-11-21T23:00:00+00:00,310.8,311.48,309.36,310.28,92760
2025-11-22T00:00:00+00:00,310.28,311.48,310.22,310.66,28580
2025-11-22T01:00:00+00:00,310.66,311.5,310.66,311.48,78500
2025-11-22T02:00:00+00:00,310.8,311.38,310.7,310.74,10340
2025-11-22T03:00:00+00:00,310.76,311.14,310.62,310.62,44010
2025-11-22T04:00:00+00:00,310.64,310.8,309.84,309.9,55310
2025-11-22T05:00:00+00:00,310.1,310.26,309.82,310.02,32370
2025-11-22T06:00:00+00:00,310.02,310.82,310.02,310.68,56680
2025-11-22T07:00:00+00:00,310.62,310.74,310.3,310.46,64370
2025-11-22T08:00:00+00:00,310.46,310.7,310.4,310.66,50890
2025-11-22T09:00:00+00:00,310.68,310.68,310.48,310.62,52350
2025-11-22T10:00:00+00:00,310.62,310.96,310.6,310.92,81150
2025-11-22T11:00:00+00:00,310.88,313.34,310.72,312.52,724590
2025-11-22T12:00:00+00:00,312.48,312.9,312.24,312.56,109970
2025-11-22T13:00:00+00:00,312.56,312.68,311.86,311.9,127240
2025-11-22T14:00:00+00:00,311.9,312.18,311.82,311.98,87550
2025-11-22T15:00:00+00:00,311.98,312.0,311.62,311.74,50840
2025-11-22T16:00:00+00:00,311.74,312.26,311.74,312.1,33790
2025-11-22T17:00:00+00:00,312.16,312.2,311.6,311.82,65280
2025-11-22T18:00:00+00:00,312.04,312.1,311.8,311.96,36890
2025-11-22T19:00:00+00:00,311.96,312.1,311.8,311.8,38520
2025-11-22T20:00:00+00:00,311.8,312.0,311.74,311.9,86800
2025-11-22T23:00:00+00:00,311.72,313.24,311.72,312.2,22020
2025-11-23T00:00:00+00:00,312.2,312.4,312.14,312.14,2990
2025-11-23T01:00:00+00:00,312.1,312.34,312.1,312.14,3730
2025-11-23T02:00:00+00:00,312.3,312.38,312.14,312.14,9160
2025-11-23T03:00:00+00:00,312.28,312.38,311.86,312.18,12690
2025-11-23T04:00:00+00:00,311.94,312.34,311.92,312.28,14500
2025-11-23T05:00:00+00:00,312.02,312.32,312.02,312.12,9760
2025-11-23T06:00:00+00:00,312.26,312.56,312.08,312.3,28490
2025-11-23T07:00:00+00:00,312.24,312.42,312.16,312.28,54920
2025-11-23T08:00:00+00:00,312.2,312.28,312.16,312.16,12460
2025-11-23T09:00:00+00:00,312.26,312.36,312.08,312.18,85270
2025-11-23T10:00:00+00:00,312.18,312.4,312.1,312.36,68130
2025-11-23T11:00:00+00:00,312.38,312.44,312.08,312.28,111230
2025-11-23T12:00:00+00:00,312.18,312.26,312.0,312.14,72040
2025-11-23T13:00:00+00:00,312.14,312.2,312.02,312.14,25870
2025-11-23T14:00:00+00:00,312.14,312.18,312.08,312.1,19100
2025-11-23T15:00:00+00:00,312.12,312.14,311.92,311.96,68860
2025-11-23T16:00:00+00:00,312.06,312.22,311.92,312.16,79540
2025-11-23T17:00:00+00:00,312.12,312.32,311.9,311.96,104390
2025-11-23T18:00:00+00:00,311.94,312.08,311.7,311.8,64150
2025-11-23T19:00:00+00:00,311.78,312.2,311.32,312.0,181760
2025-11-23T20:00:00+00:00,311.92,312.2,311.7,312.16,136310
2025-11-24T03:00:00+00:00,311.54,311.54,311.54,311.54,47410
2025-11-24T04:00:00+00:00,311.54,313.3,311.36,312.42,1367370
2025-11-24T05:00:00+00:00,312.42,312.76,312.38,312.48,278770
2025-11-24T06:00:00+00:00,312.42,312.68,311.7,312.12,738930
2025-11-24T07:00:00+00:00,312.08,312.86,310.62,310.74,2262770
2025-11-24T08:00:00+00:00,310.7,311.24,307.38,308.14,2405310
2025-11-24T09:00:00+00:00,308.1,309.16,307.62,308.18,1822870
2025-11-24T10:00:00+00:00,308.14,308.3,306.84,308.24,1712290
2025-11-24T11:00:00+00:00,308.22,308.86,307.72,308.72,842940
2025-11-24T12:00:00+00:00,308.72,309.08,307.74,308.12,782190
2025-11-24T13:00:00+00:00,308.12,310.0,307.92,309.12,1427150
2025-11-24T14:00:00+00:00,309.16,309.2,306.52,307.14,2101220
2025-11-24T15:00:00+00:00,307.06,307.86,306.84,307.5,373590
2025-11-24T16:00:00+00:00,307.42,307.76,306.78,307.4,405590
2025-11-24T17:00:00+00:00,307.4,307.62,307.0,307.38,182800
2025-11-24T18:00:00+00:00,307.38,307.4,307.06,307.18,114450
2025-11-24T19:00:00+00:00,307.16,307.5,307.1,307.1,196060
2025-11-24T20:00:00+00:00,307.12,308.06,307.0,307.52,567370
2025-11-25T03:00:00+00:00,308.08,308.08,308.08,308.08,10210
2025-11-25T04:00:00+00:00,308.2,308.8,307.54,308.28,394650
2025-11-25T05:00:00+00:00,308.3,308.58,308.06,308.5,277710
2025-11-25T06:00:00+00:00,308.4,308.78,307.6,308.16,761410
2025-11-25T07:00:00+00:00,308.18,309.24,307.82,308.42,1119740
2025-11-25T08:00:00+00:00,308.44,308.72,306.04,306.34,1800420
2025-11-25T09:00:00+00:00,306.38,307.0,305.3,306.88,1375390
2025-11-25T10:00:00+00:00,306.88,307.0,306.18,306.66,509300
2025-11-25T11:00:00+00:00,306.6,308.0,306.2,307.1,823810
2025-11-25T12:00:00+00:00,307.1,310.9,306.32,308.3,4290640
2025-11-25T13:00:00+00:00,308.32,310.16,308.16,309.7,1789950
2025-11-25T14:00:00+00:00,309.68,310.34,308.58,309.76,1175600
2025-11-25T15:00:00+00:00,309.7,310.0,309.06,309.88,587420
2025-11-25T16:00:00+00:00,309.86,311.5,309.24,311.1,2076840
2025-11-25T17:00:00+00:00,311.08,311.32,309.52,310.42,897960
2025-11-25T18:00:00+00:00,310.44,310.88,310.0,310.4,424220
2025-11-25T19:00:00+00:00,310.32,311.32,310.2,310.5,734520
2025-11-25T20:00:00+00:00,310.56,310.9,309.8,309.98,471070
2025-11-26T03:00:00+00:00,310.02,310.02,310.02,310.02,26170
2025-11-26T04:00:00+00:00,310.28,310.3,308.54,309.0,757050
2025-11-26T05:00:00+00:00,309.02,309.86,309.0,309.8,243500
2025-11-26T06:00:00+00:00,309.78,310.6,309.26,309.82,717400
2025-11-26T07:00:00+00:00,309.78,310.58,309.1,310.52,1358210
2025-11-26T08:00:00+00:00,310.54,310.84,309.9,310.02,1527070
2025-11-26T09:00:00+00:00,310.04,310.8,309.6,309.84,1107190
2025-11-26T10:00:00+00:00,309.86,310.38,309.54,310.16,619680
2025-11-26T11:00:00+00:00,310.16,310.68,309.88,310.02,456490
2025-11-26T12:00:00+00:00,309.98,310.3,309.74,310.18,390190
2025-11-26T13:00:00+00:00,310.18,310.2,309.64,309.88,380950
2025-11-26T14:00:00+00:00,309.88,310.14,309.68,309.94,392280
2025-11-26T15:00:00+00:00,309.96,310.3,309.8,309.8,391300
2025-11-26T16:00:00+00:00,309.94,310.06,309.78,309.84,153650
2025-11-26T17:00:00+00:00,309.82,310.14,309.78,309.92,127910
2025-11-26T18:00:00+00:00,309.92,310.0,309.36,309.5,298560
2025-11-26T19:00:00+00:00,309.58,309.8,309.5,309.74,106590
2025-11-26T20:00:00+00:00,309.76,309.76,309.46,309.58,239720
2025-11-27T03:00:00+00:00,309.8,309.8,309.8,309.8,580
2025-11-27T04:00:00+00:00,309.98,310.26,309.3,309.54,219670
2025-11-27T05:00:00+00:00,309.5,310.38,309.4,310.26,404280
2025-11-27T06:00:00+00:00,310.24,310.7,310.14,310.44,433250
2025-11-27T07:00:00+00:00,310.44,310.68,309.4,309.54,946840
2025-11-27T08:00:00+00:00,309.54,310.04,308.82,309.28,935210
2025-11-27T09:00:00+00:00,309.3,309.52,308.68,309.04,694730
2025-11-27T10:00:00+00:00,309.08,309.22,308.02,309.14,1034290
2025-11-27T11:00:00+00:00,309.16,309.66,308.86,309.44,632820
2025-11-27T12:00:00+00:00,309.44,309.48,308.4,308.58,933580
2025-11-27T13:00:00+00:00,308.6,309.48,308.4,309.04,1242970
2025-11-27T14:00:00+00:00,309.04,309.12,303.58,304.64,5771980
2025-11-27T15:00:00+00:00,304.66,305.5,303.8,305.46,1222430
2025-11-27T16:00:00+00:00,305.46,305.48,304.68,304.72,535010
2025-11-27T17:00:00+00:00,304.72,305.12,304.6,305.0,240870
2025-11-27T18:00:00+00:00,304.98,305.06,304.74,304.88,181500
2025-11-27T19:00:00+00:00,304.88,305.04,304.5,304.6,216640
2025-11-27T20:00:00+00:00,304.6,304.96,304.22,304.94,307870
2025-11-28T03:00:00+00:00,305.0,305.0,305.0,305.0,7240
2025-11-28T04:00:00+00:00,304.94,305.36,304.42,305.1,291550
2025-11-28T05:00:00+00:00,305.14,305.2,304.5,305.08,204330
2025-11-28T06:00:00+00:00,305.06,305.98,304.78,305.64,703800
2025-11-28T07:00:00+00:00,305.62,306.36,305.38,306.02,860030
2025-11-28T08:00:00+00:00,306.04,306.04,305.02,305.72,580130
2025-11-28T09:00:00+00:00,305.74,306.9,304.8,306.4,1287940
2025-11-28T10:00:00+00:00,306.42,306.68,306.06,306.52,643320
2025-11-28T11:00:00+00:00,306.54,306.7,306.06,306.34,435580
2025-11-28T12:00:00+00:00,306.34,306.54,305.44,305.88,504130
2025-11-28T13:00:00+00:00,305.88,307.48,305.68,307.1,2007940
2025-11-28T14:00:00+00:00,307.1,309.18,307.04,309.18,1992150
2025-11-28T15:00:00+00:00,309.18,313.32,309.18,311.32,3760370
2025-11-28T16:00:00+00:00,311.34,311.5,310.62,311.2,949970
2025-11-28T17:00:00+00:00,311.2,311.86,311.18,311.54,673230
2025-11-28T18:00:00+00:00,311.54,312.34,311.04,311.28,581820
2025-11-28T19:00:00+00:00,311.28,311.38,311.0,311.1,243320
2025-11-28T20:00:00+00:00,311.12,311.66,311.06,311.66,497980
2025-11-28T23:00:00+00:00,311.88,311.9,311.02,311.66,17650
2025-11-29T00:00:00+00:00,311.66,311.66,311.22,311.38,4910
2025-11-29T01:00:00+00:00,311.38,311.44,311.24,311.44,1770
2025-11-29T02:00:00+00:00,311.44,311.44,311.26,311.42,1470
2025-11-29T03:00:00+00:00,311.42,311.78,311.26,311.62,17420
2025-11-29T04:00:00+00:00,311.64,311.66,311.46,311.46,4940
2025-11-29T05:00:00+00:00,311.4,311.6,311.4,311.48,13580
2025-11-29T06:00:00+00:00,311.5,311.6,311.46,311.56,28140
2025-11-29T07:00:00+00:00,311.6,311.7,311.48,311.62,78160
2025-11-29T08:00:00+00:00,311.6,311.64,311.56,311.58,35100
2025-11-29T09:00:00+00:00,311.6,311.62,311.56,311.6,37150
2025-11-29T10:00:00+00:00,311.58,311.64,311.58,311.6,51530
2025-11-29T11:00:00+00:00,311.6,311.6,311.54,311.58,64510
2025-11-29T12:00:00+00:00,311.58,311.68,311.54,311.62,63120
2025-11-29T13:00:00+00:00,311.62,311.66,311.58,311.58,39430
2025-11-29T14:00:00+00:00,311.58,311.62,311.54,311.6,32040
2025-11-29T15:00:00+00:00,311.6,311.62,311.4,311.48,102810
2025-11-29T16:00:00+00:00,311.8,311.8,311.22,311.5,9920
2025-11-29T17:00:00+00:00,311.48,311.52,311.44,311.44,8370
2025-11-29T18:00:00+00:00,311.5,311.5,311.44,311.5,12100
2025-11-29T19:00:00+00:00,311.48,311.5,311.44,311.44,28170
2025-11-29T20:00:00+00:00,311.46,311.62,311.44,311.62,74130
2025-11-29T23:00:00+00:00,311.44,311.76,311.44,311.7,3620
2025-11-30T00:00:00+00:00,311.7,311.76,311.5,311.54,3540
2025-11-30T01:00:00+00:00,311.56,311.56,311.46,311.48,10320
2025-11-30T02:00:00+00:00,311.48,311.52,311.48,311.48,1560
2025-11-30T03:00:00+00:00,311.52,311.58,311.5,311.52,2030
2025-11-30T04:00:00+00:00,311.58,311.58,311.5,311.5,7470
2025-11-30T05:00:00+00:00,311.5,311.52,311.48,311.52,10440
2025-11-30T06:00:00+00:00,311.5,311.62,311.5,311.62,20020
2025-11-30T07:00:00+00:00,311.48,311.96,311.48,311.9,120470
2025-11-30T08:00:00+00:00,311.9,312.94,311.9,312.58,245680
2025-11-30T09:00:00+00:00,312.6,312.6,312.34,312.6,163900
2025-11-30T10:00:00+00:00,312.6,312.6,312.4,312.54,32550
2025-11-30T11:00:00+00:00,312.54,312.56,312.4,312.5,40810
2025-11-30T12:00:00+00:00,312.5,312.8,312.46,312.8,114860
2025-11-30T13:00:00+00:00,312.8,312.84,312.54,312.78,90010
2025-11-30T14:00:00+00:00,312.76,312.9,312.5,312.84,119380
2025-11-30T15:00:00+00:00,312.84,313.26,312.68,313.0,277580
2025-11-30T16:00:00+00:00,313.2,313.88,312.76,313.18,44970
2025-11-30T17:00:00+00:00,313.18,316.2,313.1,315.04,577970
2025-11-30T18:00:00+00:00,315.14,315.44,314.84,314.94,158790
2025-11-30T19:00:00+00:00,314.94,315.44,313.28,313.7,211810
2025-11-30T20:00:00+00:00,313.7,314.18,313.36,313.9,116080
2025-12-01T03:00:00+00:00,313.6,313.6,313.6,313.6,58210
2025-12-01T04:00:00+00:00,313.62,314.0,312.72,312.76,767750
2025-12-01T05:00:00+00:00,312.8,313.4,312.48,313.08,312600
2025-12-01T06:00:00+00:00,313.06,313.06,311.6,312.66,1052320
2025-12-01T07:00:00+00:00,312.66,312.66,311.04,311.54,1622780
2025-12-01T08:00:00+00:00,311.56,313.08,311.34,312.38,1361470
2025-12-01T09:00:00+00:00,312.46,314.72,312.3,313.7,1809570
2025-12-01T10:00:00+00:00,313.7,314.42,313.0,313.52,1152480
2025-12-01T11:00:00+00:00,313.52,313.76,312.84,313.42,575160
2025-12-01T12:00:00+00:00,313.44,314.34,313.4,314.28,583290
2025-12-01T13:00:00+00:00,314.28,314.8,314.02,314.58,732570
2025-12-01T14:00:00+00:00,314.58,314.7,313.68,313.96,653110
2025-12-01T15:00:00+00:00,314.0,314.24,313.44,313.8,384090
2025-12-01T16:00:00+00:00,313.84,314.18,313.72,313.96,213890
2025-12-01T17:00:00+00:00,313.94,314.38,313.9,314.1,207010
2025-12-01T18:00:00+00:00,314.1,314.1,313.14,313.56,449530
2025-12-01T19:00:00+00:00,313.56,313.58,312.12,312.2,433640
2025-12-01T20:00:00+00:00,312.22,312.7,311.7,312.64,817300
2025-12-02T03:00:00+00:00,312.88,312.88,312.88,312.88,14300
2025-12-02T04:00:00+00:00,312.86,312.86,312.2,312.2,263770
2025-12-02T05:00:00+00:00,312.2,312.36,311.96,312.34,229730
2025-12-02T06:00:00+00:00,312.32,312.86,312.32,312.66,447530
2025-12-02T07:00:00+00:00,312.66,313.2,312.26,312.68,807530
2025-12-02T08:00:00+00:00,312.68,314.22,312.52,313.7,861200
2025-12-02T09:00:00+00:00,313.72,314.32,313.44,314.16,787670
2025-12-02T10:00:00+00:00,314.16,314.98,313.96,314.9,1347900
2025-12-02T11:00:00+00:00,314.94,315.0,314.22,314.44,1091410
2025-12-02T12:00:00+00:00,314.46,315.5,314.22,315.06,790040
2025-12-02T13:00:00+00:00,315.1,315.82,314.86,315.44,1412620
2025-12-02T14:00:00+00:00,315.44,315.6,314.02,314.96,1328330
2025-12-02T15:00:00+00:00,315.0,315.16,312.0,313.3,2623790
2025-12-02T16:00:00+00:00,313.14,313.68,313.02,313.36,480600
2025-12-02T17:00:00+00:00,313.34,313.92,313.04,313.1,305880
2025-12-02T18:00:00+00:00,313.14,314.54,312.64,313.98,713930
2025-12-02T19:00:00+00:00,313.98,314.0,313.14,313.64,219320
2025-12-02T20:00:00+00:00,313.68,313.98,312.5,312.92,406700
2025-12-03T03:00:00+00:00,309.2,309.2,309.2,309.2,93880
2025-12-03T04:00:00+00:00,309.12,309.96,308.0,309.5,2004960
2025-12-03T05:00:00+00:00,309.5,310.3,309.4,309.9,781480
2025-12-03T06:00:00+00:00,309.86,310.8,309.56,310.42,1093530
2025-12-03T07:00:00+00:00,310.42,310.44,308.28,308.58,2184720
2025-12-03T08:00:00+00:00,308.56,308.66,307.36,308.42,1965650
2025-12-03T09:00:00+00:00,308.42,309.28,308.14,309.1,964880
2025-12-03T10:00:00+00:00,309.06,309.32,308.62,309.0,648750
2025-12-03T11:00:00+00:00,309.0,309.3,308.64,309.06,474350
2025-12-03T12:00:00+00:00,309.06,309.08,308.4,308.7,567200
2025-12-03T13:00:00+00:00,308.7,308.72,308.04,308.38,577660
2025-12-03T14:00:00+00:00,308.38,310.18,308.3,309.86,1749850
2025-12-03T15:00:00+00:00,309.86,311.28,309.6,311.0,1426380
2025-12-03T16:00:00+00:00,310.98,311.2,310.0,310.44,1106560
2025-12-03T17:00:00+00:00,310.46,310.62,309.92,309.98,210920
2025-12-03T18:00:00+00:00,309.96,310.28,309.74,310.24,212920
2025-12-03T19:00:00+00:00,310.24,310.54,310.2,310.26,326090
2025-12-03T20:00:00+00:00,310.26,310.46,309.8,310.46,279510
2025-12-04T03:00:00+00:00,311.36,311.36,311.36,311.36,14640
2025-12-04T04:00:00+00:00,311.36,312.48,311.34,311.7,1308000
2025-12-04T05:00:00+00:00,311.68,311.7,311.18,311.64,357360
2025-12-04T06:00:00+00:00,311.58,312.5,311.58,312.04,903070
2025-12-04T07:00:00+00:00,312.02,312.38,311.6,312.2,1441310
2025-12-04T08:00:00+00:00,312.26,312.86,312.06,312.46,1402840
2025-12-04T09:00:00+00:00,312.44,312.54,312.06,312.3,515400
2025-12-04T10:00:00+00:00,312.28,312.5,312.08,312.24,534130
2025-12-04T11:00:00+00:00,312.26,312.6,312.16,312.48,460230
2025-12-04T12:00:00+00:00,312.48,312.86,312.08,312.56,706920
2025-12-04T13:00:00+00:00,312.58,312.96,311.54,312.04,691310
2025-12-04T14:00:00+00:00,312.02,312.1,311.2,311.2,611130
2025-12-04T15:00:00+00:00,311.2,311.6,311.2,311.56,372020
2025-12-04T16:00:00+00:00,311.54,311.74,311.36,311.44,216910
2025-12-04T17:00:00+00:00,311.42,311.46,311.24,311.42,153120
2025-12-04T18:00:00+00:00,311.4,311.52,311.32,311.46,128720
2025-12-04T19:00:00+00:00,311.46,311.56,311.46,311.48,131620
2025-12-04T20:00:00+00:00,311.48,311.9,311.42,311.9,251130
2025-12-05T03:00:00+00:00,312.2,312.2,312.2,312.2,4470
2025-12-05T04:00:00+00:00,312.2,312.4,311.58,312.26,418820
2025-12-05T05:00:00+00:00,312.24,312.38,312.08,312.24,179440
2025-12-05T06:00:00+00:00,312.24,312.64,312.06,312.42,413740
2025-12-05T07:00:00+00:00,312.46,314.72,312.2,314.44,3177400
2025-12-05T08:00:00+00:00,314.42,315.78,313.9,315.2,3320130
2025-12-05T09:00:00+00:00,315.2,317.72,315.06,316.68,3593610
2025-12-05T10:00:00+00:00,316.68,316.86,315.94,316.4,1080730
2025-12-05T11:00:00+00:00,316.36,318.5,315.86,317.92,2632020
2025-12-05T12:00:00+00:00,317.94,318.44,317.76,317.84,1248420
2025-12-05T13:00:00+00:00,317.84,318.3,317.22,317.94,1111640
2025-12-05T14:00:00+00:00,317.98,319.24,317.72,318.98,1784690
2025-12-05T15:00:00+00:00,319.0,319.3,318.04,318.72,1105470
2025-12-05T16:00:00+00:00,318.72,318.72,317.84,318.34,526180
2025-12-05T17:00:00+00:00,318.32,318.36,318.04,318.22,242780
2025-12-05T18:00:00+00:00,318.22,318.52,317.92,318.36,419300
2025-12-05T19:00:00+00:00,318.42,318.7,318.32,318.64,370480
2025-12-05T20:00:00+00:00,318.64,319.06,318.5,319.0,691720
2025-12-05T23:00:00+00:00,319.48,319.48,319.06,319.3,21850
2025-12-06T00:00:00+00:00,319.28,319.3,319.12,319.2,12130
2025-12-06T01:00:00+00:00,319.26,319.3,319.14,319.3,7790
2025-12-06T02:00:00+00:00,319.16,319.16,318.7,319.02,20040
2025-12-06T03:00:00+00:00,319.02,319.02,318.78,318.8,2990
2025-12-06T04:00:00+00:00,318.78,319.2,318.78,319.0,32420
2025-12-06T05:00:00+00:00,318.98,319.2,318.92,319.18,19530
2025-12-06T06:00:00+00:00,319.16,319.16,319.06,319.12,16800
2025-12-06T07:00:00+00:00,319.12,319.18,319.04,319.08,44510
2025-12-06T08:00:00+00:00,319.08,319.28,319.04,319.1,44640
2025-12-06T09:00:00+00:00,319.22,319.22,319.1,319.22,14600
2025-12-06T10:00:00+00:00,319.22,319.28,319.16,319.16,44090
2025-12-06T11:00:00+00:00,319.18,319.4,319.16,319.4,82250
2025-12-06T12:00:00+00:00,319.38,319.64,319.36,319.62,167740
2025-12-06T13:00:00+00:00,319.62,321.26,319.58,320.36,228160
2025-12-06T14:00:00+00:00,320.36,320.88,320.34,320.6,101340
2025-12-06T15:00:00+00:00,320.6,320.6,319.78,320.08,80780
2025-12-06T16:00:00+00:00,320.08,320.18,320.0,320.06,18200
2025-12-06T17:00:00+00:00,320.04,320.06,319.8,320.0,25560
2025-12-06T18:00:00+00:00,319.96,319.98,319.76,319.78,17700
2025-12-06T19:00:00+00:00,319.8,319.8,319.24,319.64,101190
2025-12-06T20:00:00+00:00,319.66,319.96,319.44,319.9,52790
2025-12-06T23:00:00+00:00,320.56,321.0,319.44,320.42,24800
2025-12-07T00:00:00+00:00,320.42,320.5,320.3,320.46,7800
2025-12-07T01:00:00+00:00,320.48,320.5,320.32,320.34,3400
2025-12-07T02:00:00+00:00,320.32,320.32,320.26,320.26,5820
2025-12-07T03:00:00+00:00,320.32,320.32,320.26,320.28,4940
2025-12-07T04:00:00+00:00,320.28,320.3,320.06,320.06,6960
2025-12-07T05:00:00+00:00,320.08,320.6,320.08,320.6,50810
2025-12-07T06:00:00+00:00,320.6,320.66,320.34,320.54,42700
2025-12-07T07:00:00+00:00,320.54,320.88,320.54,320.82,58350
2025-12-07T08:00:00+00:00,320.82,322.14,320.74,321.76,211320
2025-12-07T09:00:00+00:00,321.76,322.38,321.76,321.98,337520
2025-12-07T10:00:00+00:00,321.98,322.04,321.52,321.6,77850
2025-12-07T11:00:00+00:00,321.64,321.8,321.6,321.6,163860
2025-12-07T12:00:00+00:00,321.68,321.68,321.38,321.54,94480
2025-12-07T13:00:00+00:00,321.56,321.6,321.34,321.36,41630
2025-12-07T14:00:00+00:00,321.4,321.58,321.36,321.42,42540
2025-12-07T15:00:00+00:00,321.4,321.66,320.98,321.16,163940
2025-12-07T16:00:00+00:00,321.24,321.44,319.5,319.6,258290
2025-12-07T17:00:00+00:00,320.02,320.26,319.52,320.0,181910
2025-12-07T18:00:00+00:00,320.1,320.16,319.76,319.98,76270
2025-12-07T19:00:00+00:00,319.98,320.02,319.76,319.9,43530
2025-12-07T20:00:00+00:00,319.9,320.28,319.88,320.2,75140
2025-12-08T03:00:00+00:00,319.7,319.7,319.7,319.7,39620
2025-12-08T04:00:00+00:00,319.72,322.34,319.58,321.94,2058830
2025-12-08T05:00:00+00:00,321.92,323.3,321.78,322.56,1053520
2025-12-08T06:00:00+00:00,322.5,322.58,321.76,322.22,1068540
2025-12-08T07:00:00+00:00,322.22,322.9,321.24,322.58,2258120
2025-12-08T08:00:00+00:00,322.6,324.38,322.58,322.72,2411940
2025-12-08T09:00:00+00:00,322.7,322.72,322.0,322.24,999400
2025-12-08T10:00:00+00:00,322.26,322.42,320.56,321.48,1548680
2025-12-08T11:00:00+00:00,321.48,322.32,321.24,321.66,825060
2025-12-08T12:00:00+00:00,321.66,321.66,319.76,320.34,2323370
2025-12-08T13:00:00+00:00,320.3,321.28,319.96,320.86,1131350
2025-12-08T14:00:00+00:00,320.8,321.1,319.1,319.48,2052530
2025-12-08T15:00:00+00:00,319.48,320.14,319.18,319.24,742760
2025-12-08T16:00:00+00:00,319.22,320.24,319.22,319.98,663140
2025-12-08T17:00:00+00:00,319.98,320.68,319.1,319.28,1006720
2025-12-08T18:00:00+00:00,319.28,319.44,317.3,318.02,1938230
2025-12-08T19:00:00+00:00,318.06,318.42,317.8,318.24,347580
2025-12-08T20:00:00+00:00,318.24,318.62,318.06,318.48,317530
2025-12-09T03:00:00+00:00,318.52,318.52,318.52,318.52,5790
2025-12-09T04:00:00+00:00,318.68,319.58,318.54,319.18,567990
2025-12-09T05:00:00+00:00,319.18,319.2,318.16,318.58,241570
2025-12-09T06:00:00+00:00,318.56,319.2,317.82,318.76,571230
2025-12-09T07:00:00+00:00,318.82,319.68,318.3,318.6,1537250
2025-12-09T08:00:00+00:00,318.6,319.26,318.48,319.0,833720
2025-12-09T09:00:00+00:00,318.98,319.4,318.86,319.14,553860
2025-12-09T10:00:00+00:00,319.12,319.4,318.9,319.12,426560
2025-12-09T11:00:00+00:00,319.12,322.98,319.04,322.38,4220890
2025-12-09T12:00:00+00:00,322.4,322.8,321.52,321.8,996480
2025-12-09T13:00:00+00:00,321.8,322.88,321.7,322.34,911600
2025-12-09T14:00:00+00:00,322.36,322.5,320.22,320.54,1464160
2025-12-09T15:00:00+00:00,320.52,321.28,320.1,320.92,594490
2025-12-09T16:00:00+00:00,320.98,321.3,320.78,321.04,318180
2025-12-09T17:00:00+00:00,321.04,321.44,320.58,321.26,385790
2025-12-09T18:00:00+00:00,321.28,322.3,321.24,322.3,635550
2025-12-09T19:00:00+00:00,322.3,324.74,322.3,324.14,4286490
2025-12-09T20:00:00+00:00,324.18,324.22,322.66,323.04,1001450
2025-12-10T03:00:00+00:00,323.42,323.42,323.42,323.42,23390
2025-12-10T04:00:00+00:00,323.46,324.6,323.04,323.46,1116220
2025-12-10T05:00:00+00:00,323.46,323.94,323.2,323.48,338730
2025-12-10T06:00:00+00:00,323.46,323.98,322.64,323.86,832560
2025-12-10T07:00:00+00:00,323.8,324.14,322.68,323.04,1333700
2025-12-10T08:00:00+00:00,323.04,324.44,322.82,324.12,1031530
2025-12-10T09:00:00+00:00,324.14,324.6,323.42,323.64,1201740
2025-12-10T10:00:00+00:00,323.64,323.66,322.8,323.28,456110
2025-12-10T11:00:00+00:00,323.28,323.5,322.7,323.18,576080
2025-12-10T12:00:00+00:00,323.18,323.32,323.0,323.2,251060
2025-12-10T13:00:00+00:00,323.2,323.26,322.8,323.18,342850
2025-12-10T14:00:00+00:00,323.2,324.08,322.16,322.34,1275500
2025-12-10T15:00:00+00:00,322.38,322.92,322.36,322.42,531520
2025-12-10T16:00:00+00:00,322.46,323.6,322.02,323.14,822300
2025-12-10T17:00:00+00:00,323.16,323.4,322.96,323.14,138670
2025-12-10T18:00:00+00:00,323.14,323.58,322.98,323.3,503820
2025-12-10T19:00:00+00:00,323.32,323.8,323.22,323.6,279920
2025-12-10T20:00:00+00:00,323.6,323.62,323.16,323.5,256780
2025-12-11T03:00:00+00:00,323.6,323.6,323.6,323.6,1170
2025-12-11T04:00:00+00:00,323.64,323.96,323.44,323.8,276070
2025-12-11T05:00:00+00:00,323.8,324.8,323.8,324.7,928840
2025-12-11T06:00:00+00:00,324.6,326.3,324.2,325.76,2634420
2025-12-11T07:00:00+00:00,325.74,326.42,325.42,325.52,2530990
2025-12-11T08:00:00+00:00,325.54,326.92,325.52,326.76,4027120
2025-12-11T09:00:00+00:00,326.76,327.5,326.5,326.52,2136410
2025-12-11T10:00:00+00:00,326.52,327.16,325.94,326.86,1558310
2025-12-11T11:00:00+00:00,326.92,326.94,326.32,326.42,450080
2025-12-11T12:00:00+00:00,326.44,327.32,326.42,327.2,736130
2025-12-11T13:00:00+00:00,327.22,327.44,326.78,327.28,628800
2025-12-11T14:00:00+00:00,327.3,328.3,326.06,326.06,1960800
2025-12-11T15:00:00+00:00,326.06,326.66,324.7,325.72,2907960
2025-12-11T16:00:00+00:00,325.7,330.5,325.62,328.34,4832870
2025-12-11T17:00:00+00:00,328.34,328.78,328.06,328.72,411860
2025-12-11T18:00:00+00:00,328.72,328.74,327.22,327.72,677640
2025-12-11T19:00:00+00:00,327.7,327.74,326.82,327.5,485080
2025-12-11T20:00:00+00:00,327.48,327.5,326.7,326.86,372050
2025-12-12T03:00:00+00:00,326.8,326.8,326.8,326.8,37720
2025-12-12T04:00:00+00:00,326.7,328.24,326.52,327.96,798110
2025-12-12T05:00:00+00:00,327.96,328.14,327.44,327.68,366940
2025-12-12T06:00:00+00:00,327.6,327.6,326.9,327.34,562710
2025-12-12T07:00:00+00:00,327.34,327.48,326.6,326.76,843600
2025-12-12T08:00:00+00:00,326.76,327.5,325.24,325.56,2114100
2025-12-12T09:00:00+00:00,325.56,326.2,325.44,325.8,735310
2025-12-12T10:00:00+00:00,325.78,327.4,325.56,325.56,1415550
2025-12-12T11:00:00+00:00,325.58,326.1,322.92,323.74,2497670
2025-12-12T12:00:00+00:00,323.74,324.0,323.4,323.66,607950
2025-12-12T13:00:00+00:00,323.6,323.6,322.14,323.06,1912690
2025-12-12T14:00:00+00:00,323.06,324.2,322.62,323.66,1194850
2025-12-12T15:00:00+00:00,323.66,324.0,323.0,323.7,1060590
2025-12-12T16:00:00+00:00,323.52,323.68,322.24,323.0,1094680
2025-12-12T17:00:00+00:00,322.98,323.06,320.7,320.98,1222820
2025-12-12T18:00:00+00:00,320.98,320.98,317.28,318.0,2724910
2025-12-12T19:00:00+00:00,317.98,318.86,317.44,318.24,1051490
2025-12-12T20:00:00+00:00,318.22,318.5,317.94,318.1,474010
2025-12-12T23:00:00+00:00,318.4,318.66,317.58,318.62,9870
2025-12-13T00:00:00+00:00,318.64,319.86,317.9,319.0,31700
2025-12-13T01:00:00+00:00,319.0,319.5,318.72,318.74,9070
2025-12-13T02:00:00+00:00,318.98,319.26,318.52,318.52,24530
2025-12-13T03:00:00+00:00,318.52,319.12,318.2,318.82,71000
2025-12-13T04:00:00+00:00,319.08,320.0,318.82,319.8,131260
2025-12-13T05:00:00+00:00,319.86,320.46,319.34,320.0,170090
2025-12-13T06:00:00+00:00,319.98,320.46,319.82,319.88,62440
2025-12-13T07:00:00+00:00,319.86,320.52,319.7,320.28,469810
2025-12-13T08:00:00+00:00,320.28,320.36,320.04,320.16,133620
2025-12-13T09:00:00+00:00,320.12,320.2,319.4,319.92,397230
2025-12-13T10:00:00+00:00,319.78,319.92,319.62,319.68,106580
2025-12-13T11:00:00+00:00,319.68,319.84,319.66,319.74,67870
2025-12-13T12:00:00+00:00,319.74,319.82,319.6,319.8,65580
2025-12-13T13:00:00+00:00,319.74,319.88,319.72,319.88,31650
2025-12-13T14:00:00+00:00,319.88,320.02,319.74,319.98,83580
2025-12-13T15:00:00+00:00,319.98,320.48,319.58,320.06,224340
2025-12-13T16:00:00+00:00,319.48,320.08,319.48,320.0,18270
2025-12-13T17:00:00+00:00,319.98,319.98,319.74,319.8,30990
2025-12-13T18:00:00+00:00,319.8,319.8,319.54,319.56,34860
2025-12-13T19:00:00+00:00,319.64,319.78,319.54,319.76,28680
2025-12-13T20:00:00+00:00,319.76,319.8,319.62,319.8,67760
2025-12-13T23:00:00+00:00,319.64,320.54,319.64,320.0,6950
2025-12-14T00:00:00+00:00,320.02,320.02,319.86,319.86,2110
2025-12-14T01:00:00+00:00,320.0,320.0,319.82,320.0,620
2025-12-14T02:00:00+00:00,319.82,320.0,319.82,319.98,2850
2025-12-14T03:00:00+00:00,319.98,320.12,319.84,320.06,7970
2025-12-14T04:00:00+00:00,320.06,320.38,319.9,320.14,10920
2025-12-14T05:00:00+00:00,319.92,320.14,319.9,319.96,40540
2025-12-14T06:00:00+00:00,320.06,320.3,319.9,320.06,49560
2025-12-14T07:00:00+00:00,320.12,320.38,319.74,319.78,82240
2025-12-14T08:00:00+00:00,319.8,319.8,318.88,319.02,224490
2025-12-14T09:00:00+00:00,319.04,319.12,318.52,318.58,221680
2025-12-14T10:00:00+00:00,318.54,319.02,318.54,318.92,101780
2025-12-14T11:00:00+00:00,318.92,319.02,318.82,319.02,47320
2025-12-14T12:00:00+00:00,319.0,319.14,318.74,318.76,80900
2025-12-14T13:00:00+00:00,318.82,319.02,318.72,318.94,61250
2025-12-14T14:00:00+00:00,318.92,319.04,318.72,319.04,78000
2025-12-14T15:00:00+00:00,318.94,319.18,318.88,319.0,92160
2025-12-14T16:00:00+00:00,318.76,319.32,318.76,319.26,22800
2025-12-14T17:00:00+00:00,319.26,319.68,319.1,319.3,50150
2025-12-14T18:00:00+00:00,319.38,319.38,319.12,319.12,20980
2025-12-14T19:00:00+00:00,319.12,319.18,318.78,319.0,47340
2025-12-14T20:00:00+00:00,319.0,319.08,318.8,319.04,78220
2025-12-15T03:00:00+00:00,319.9,319.9,319.9,319.9,59090
2025-12-15T04:00:00+00:00,319.88,320.54,319.48,320.24,675360
2025-12-15T05:00:00+00:00,320.24,321.9,319.88,321.6,965760
2025-12-15T06:00:00+00:00,321.6,322.4,320.74,321.48,1836430
2025-12-15T07:00:00+00:00,321.46,321.6,320.54,321.3,1097310
2025-12-15T08:00:00+00:00,321.3,321.4,320.36,320.98,1082030
2025-12-15T09:00:00+00:00,320.96,322.08,320.96,321.82,1111980
2025-12-15T10:00:00+00:00,321.8,323.18,321.74,322.72,1586540
2025-12-15T11:00:00+00:00,322.74,323.78,322.28,323.48,1742720
2025-12-15T12:00:00+00:00,323.44,323.74,321.8,322.24,1862990
2025-12-15T13:00:00+00:00,322.24,322.78,321.12,322.74,1306820
2025-12-15T14:00:00+00:00,322.74,323.98,322.54,323.94,1314170
2025-12-15T15:00:00+00:00,323.96,324.0,323.22,323.86,760610
2025-12-15T16:00:00+00:00,323.82,325.02,322.7,323.14,2071870
2025-12-15T17:00:00+00:00,323.14,323.84,322.74,323.64,278950
2025-12-15T18:00:00+00:00,323.64,323.8,323.2,323.32,225830
2025-12-15T19:00:00+00:00,323.32,323.8,323.3,323.54,178160
2025-12-15T20:00:00+00:00,323.54,324.3,323.2,323.92,585170
2025-12-16T03:00:00+00:00,324.18,324.18,324.18,324.18,14360
2025-12-16T04:00:00+00:00,324.18,325.72,323.96,324.86,850320
2025-12-16T05:00:00+00:00,324.8,325.44,324.5,325.02,370270
2025-12-16T06:00:00+00:00,325.0,325.12,324.48,324.6,498920
2025-12-16T07:00:00+00:00,324.58,327.3,324.16,327.18,2562710
2025-12-16T08:00:00+00:00,327.14,327.7,326.2,327.1,1862790
2025-12-16T09:00:00+00:00,327.1,327.44,326.58,327.02,1375750
2025-12-16T10:00:00+00:00,327.06,327.56,327.02,327.12,1474620
2025-12-16T11:00:00+00:00,327.12,327.32,326.7,326.96,1027830
2025-12-16T12:00:00+00:00,326.96,327.96,326.92,327.66,1656400
2025-12-16T13:00:00+00:00,327.66,327.7,327.14,327.34,999440
2025-12-16T14:00:00+00:00,327.36,327.98,327.36,327.74,821330
2025-12-16T15:00:00+00:00,327.74,327.8,326.92,326.96,561200
2025-12-16T16:00:00+00:00,327.0,327.16,326.3,326.42,830920
2025-12-16T17:00:00+00:00,326.34,326.7,326.22,326.36,327730
2025-12-16T18:00:00+00:00,326.36,326.64,326.24,326.6,155530
2025-12-16T19:00:00+00:00,326.6,326.62,326.4,326.58,222820
2025-12-16T20:00:00+00:00,326.62,326.88,326.48,326.84,387250
2025-12-17T03:00:00+00:00,327.1,327.1,327.1,327.1,12160
2025-12-17T04:00:00+00:00,327.12,328.4,327.0,328.18,792850
2025-12-17T05:00:00+00:00,328.2,328.52,327.8,327.82,372120
2025-12-17T06:00:00+00:00,327.82,327.82,326.86,327.06,1035890
2025-12-17T07:00:00+00:00,327.04,327.34,324.76,325.54,3062950
2025-12-17T08:00:00+00:00,325.54,326.96,325.32,325.4,2032400
2025-12-17T09:00:00+00:00,325.4,325.42,323.32,323.5,3405830
2025-12-17T10:00:00+00:00,323.5,324.18,323.22,323.7,1262710
2025-12-17T11:00:00+00:00,323.7,323.8,322.4,322.9,1444540
2025-12-17T12:00:00+00:00,322.92,323.58,322.54,323.02,909920
2025-12-17T13:00:00+00:00,323.08,323.34,322.1,322.2,1122930
2025-12-17T14:00:00+00:00,322.2,323.42,321.44,323.14,1660770
2025-12-17T15:00:00+00:00,323.14,324.4,322.22,324.36,1661880
2025-12-17T16:00:00+00:00,324.34,325.16,323.84,324.18,1573750
2025-12-17T17:00:00+00:00,324.16,324.66,323.96,324.46,292100
2025-12-17T18:00:00+00:00,324.46,324.6,324.06,324.12,201810
2025-12-17T19:00:00+00:00,324.12,324.8,323.2,324.46,755170
2025-12-17T20:00:00+00:00,324.5,324.8,324.22,324.56,333840
2025-12-18T03:00:00+00:00,325.38,325.38,325.38,325.38,9240
2025-12-18T04:00:00+00:00,325.38,326.5,325.02,325.24,918850
2025-12-18T05:00:00+00:00,325.24,325.64,325.14,325.14,199980
2025-12-18T06:00:00+00:00,325.16,325.38,324.62,325.22,383900
2025-12-18T07:00:00+00:00,325.22,325.96,324.86,325.94,1219800
2025-12-18T08:00:00+00:00,325.96,326.1,325.18,325.54,959730
2025-12-18T09:00:00+00:00,325.56,325.76,325.04,325.56,1289830
2025-12-18T10:00:00+00:00,325.54,325.74,325.18,325.32,746570
2025-12-18T11:00:00+00:00,325.3,325.32,323.36,324.08,1345550
2025-12-18T12:00:00+00:00,324.1,325.5,323.94,324.7,1665890
2025-12-18T13:00:00+00:00,324.66,324.92,323.64,323.86,1190190
2025-12-18T14:00:00+00:00,323.86,324.18,321.6,321.82,2032030
2025-12-18T15:00:00+00:00,321.8,322.56,321.16,321.16,1894040
2025-12-18T16:00:00+00:00,321.24,322.62,321.14,322.34,805820
2025-12-18T17:00:00+00:00,322.34,322.36,321.68,322.36,196980
2025-12-18T18:00:00+00:00,322.36,322.8,322.24,322.72,345430
2025-12-18T19:00:00+00:00,322.72,323.68,322.68,323.28,759220
2025-12-18T20:00:00+00:00,323.26,323.54,323.18,323.54,250940
2025-12-19T03:00:00+00:00,323.98,323.98,323.98,323.98,27540
2025-12-19T04:00:00+00:00,324.0,324.5,323.3,323.88,691090
2025-12-19T05:00:00+00:00,323.88,324.04,323.46,323.96,416550
2025-12-19T06:00:00+00:00,323.96,324.84,323.84,324.44,850380
2025-12-19T07:00:00+00:00,324.5,326.06,324.5,325.6,2150180
2025-12-19T08:00:00+00:00,325.62,325.8,324.5,325.34,1627750
2025-12-19T09:00:00+00:00,325.34,325.6,324.66,325.26,1354710
2025-12-19T10:00:00+00:00,325.26,326.3,318.44,322.38,12106520
2025-12-19T11:00:00+00:00,322.38,323.4,321.66,323.38,2490170
2025-12-19T12:00:00+00:00,323.38,323.46,321.12,321.28,2113270
2025-12-19T13:00:00+00:00,321.26,321.4,318.9,319.6,4370380
2025-12-19T14:00:00+00:00,319.58,319.7,317.6,317.96,2777150
2025-12-19T15:00:00+00:00,318.0,318.88,317.96,318.12,1543120
2025-12-19T16:00:00+00:00,318.16,318.88,317.8,318.74,816870
2025-12-19T17:00:00+00:00,318.74,319.42,318.4,319.32,882390
2025-12-19T18:00:00+00:00,319.3,319.8,318.78,319.04,458580
2025-12-19T19:00:00+00:00,319.04,319.28,318.9,318.9,214230
2025-12-19T20:00:00+00:00,318.92,319.14,318.66,319.14,469430
2025-12-19T23:00:00+00:00,318.22,321.66,316.14,320.14,78330
2025-12-20T00:00:00+00:00,320.24,320.76,320.24,320.4,9320
2025-12-20T01:00:00+00:00,320.38,320.58,320.2,320.28,12240
2025-12-20T02:00:00+00:00,320.2,320.28,319.9,319.96,14550
2025-12-20T03:00:00+00:00,319.96,320.26,319.96,320.2,8450
2025-12-20T04:00:00+00:00,320.06,320.2,319.96,319.98,23450
2025-12-20T05:00:00+00:00,319.96,319.98,319.6,319.66,36560
2025-12-20T06:00:00+00:00,319.64,319.86,319.64,319.86,15190
2025-12-20T07:00:00+00:00,319.76,319.9,319.54,319.6,156230
2025-12-20T08:00:00+00:00,319.54,319.76,319.38,319.5,142980
2025-12-20T09:00:00+00:00,319.5,319.58,319.32,319.5,76930
2025-12-20T10:00:00+00:00,319.5,319.52,319.28,319.38,34780
2025-12-20T11:00:00+00:00,319.38,319.56,319.34,319.52,50080
2025-12-20T12:00:00+00:00,319.52,319.8,319.5,319.6,62430
2025-12-20T13:00:00+00:00,319.64,319.82,319.58,319.68,53230
2025-12-20T14:00:00+00:00,319.68,319.74,319.5,319.74,109090
2025-12-20T15:00:00+00:00,319.74,319.74,319.5,319.6,45330
2025-12-20T16:00:00+00:00,319.5,319.68,319.34,319.48,25530
2025-12-20T17:00:00+00:00,319.46,319.5,319.46,319.46,18390
2025-12-20T18:00:00+00:00,319.5,319.6,319.46,319.48,36000
2025-12-20T19:00:00+00:00,319.56,319.58,319.48,319.56,12390
2025-12-20T20:00:00+00:00,319.56,319.56,319.44,319.5,74960
2025-12-20T23:00:00+00:00,319.34,319.84,319.2,319.66,3590
2025-12-21T00:00:00+00:00,319.64,319.66,319.44,319.44,1330
2025-12-21T01:00:00+00:00,319.44,319.66,319.44,319.46,1300
2025-12-21T02:00:00+00:00,319.64,319.7,319.42,319.66,12180
2025-12-21T03:00:00+00:00,319.6,319.66,319.48,319.6,3720
2025-12-21T04:00:00+00:00,319.64,319.68,319.54,319.6,13310
2025-12-21T05:00:00+00:00,319.58,319.64,319.54,319.64,11000
2025-12-21T06:00:00+00:00,319.64,319.64,319.56,319.58,6860
2025-12-21T07:00:00+00:00,319.58,319.78,319.16,319.42,122790
2025-12-21T08:00:00+00:00,319.42,319.56,319.4,319.44,42250
2025-12-21T09:00:00+00:00,319.5,319.5,318.82,319.28,341970
2025-12-21T10:00:00+00:00,319.28,319.28,319.04,319.16,31460
2025-12-21T11:00:00+00:00,319.14,319.26,318.98,319.16,55270
2025-12-21T12:00:00+00:00,319.18,319.18,318.98,319.12,49490
2025-12-21T13:00:00+00:00,319.16,319.18,318.84,318.88,97490
2025-12-21T14:00:00+00:00,318.96,319.14,318.82,318.96,121290
2025-12-21T15:00:00+00:00,319.04,319.18,318.98,319.18,49180
2025-12-21T16:00:00+00:00,319.24,319.32,318.8,319.14,21430
2025-12-21T17:00:00+00:00,319.14,319.22,318.9,319.02,39850
2025-12-21T18:00:00+00:00,319.02,319.34,318.92,319.2,42730
2025-12-21T19:00:00+00:00,319.2,319.26,319.14,319.26,28040
2025-12-21T20:00:00+00:00,319.2,319.36,318.96,319.2,61640
2025-12-22T03:00:00+00:00,319.26,319.26,319.26,319.26,6740
2025-12-22T04:00:00+00:00,319.46,320.5,319.2,319.58,617430
2025-12-22T05:00:00+00:00,319.62,320.04,319.2,319.38,363920
2025-12-22T06:00:00+00:00,319.36,319.36,318.16,318.72,1105410
2025-12-22T07:00:00+00:00,318.7,318.72,316.06,316.48,2909950
2025-12-22T08:00:00+00:00,316.48,317.24,316.22,317.1,1258550
2025-12-22T09:00:00+00:00,317.14,318.26,316.76,317.5,2000880
2025-12-22T10:00:00+00:00,317.5,317.9,317.28,317.5,750470
2025-12-22T11:00:00+00:00,317.48,317.6,316.88,317.12,866570
2025-12-22T12:00:00+00:00,317.1,317.76,316.54,317.38,1056570
2025-12-22T13:00:00+00:00,317.4,317.78,317.06,317.18,1093040
2025-12-22T14:00:00+00:00,317.16,317.26,316.28,316.44,1201620
2025-12-22T15:00:00+00:00,316.42,316.54,316.1,316.54,587750
2025-12-22T16:00:00+00:00,316.56,316.88,316.4,316.42,406220
2025-12-22T17:00:00+00:00,316.44,316.48,316.2,316.32,179350
2025-12-22T18:00:00+00:00,316.32,316.32,315.14,315.54,663660
2025-12-22T19:00:00+00:00,315.58,315.58,314.1,314.24,1043230
2025-12-22T20:00:00+00:00,314.22,314.78,314.2,314.78,380250
2025-12-23T03:00:00+00:00,314.88,314.88,314.88,314.88,7630
2025-12-23T04:00:00+00:00,314.96,315.52,314.78,315.3,642130
2025-12-23T05:00:00+00:00,315.3,315.5,314.5,314.68,339040
2025-12-23T06:00:00+00:00,314.64,314.88,313.6,314.38,650630
2025-12-23T07:00:00+00:00,314.38,316.24,313.9,315.92,2896200
2025-12-23T08:00:00+00:00,316.04,316.54,314.52,315.18,1829290
2025-12-23T09:00:00+00:00,315.18,315.36,314.56,314.84,1087080
2025-12-23T10:00:00+00:00,314.82,315.62,314.62,315.46,870150
2025-12-23T11:00:00+00:00,315.46,317.2,315.18,316.84,1366210
2025-12-23T12:00:00+00:00,316.84,316.96,315.52,316.18,1682180
2025-12-23T13:00:00+00:00,316.18,317.28,316.1,317.16,794440
2025-12-23T14:00:00+00:00,317.16,317.72,316.62,317.2,1492540
2025-12-23T15:00:00+00:00,317.24,317.84,317.22,317.84,718420
2025-12-23T16:00:00+00:00,317.82,318.0,317.1,317.12,551720
2025-12-23T17:00:00+00:00,317.1,317.26,316.82,316.82,199920
2025-12-23T18:00:00+00:00,316.84,317.58,316.82,317.44,259620
2025-12-23T19:00:00+00:00,317.46,317.48,317.14,317.28,151670
2025-12-23T20:00:00+00:00,317.28,317.66,317.12,317.64,475520
2025-12-24T03:00:00+00:00,318.0,318.0,318.0,318.0,32740
2025-12-24T04:00:00+00:00,318.0,318.24,317.24,317.46,592340
2025-12-24T05:00:00+00:00,317.46,317.8,317.22,317.56,237540
2025-12-24T06:00:00+00:00,317.56,317.58,316.4,316.68,533980
2025-12-24T07:00:00+00:00,316.66,316.88,316.02,316.32,998860
2025-12-24T08:00:00+00:00,316.3,317.0,315.0,315.74,1803030
2025-12-24T09:00:00+00:00,315.7,315.98,315.22,315.28,853860
2025-12-24T10:00:00+00:00,315.28,316.38,315.24,316.24,1116600
2025-12-24T11:00:00+00:00,316.26,317.3,316.04,316.74,1509470
2025-12-24T12:00:00+00:00,316.74,317.44,316.28,316.72,1414950
2025-12-24T13:00:00+00:00,316.72,316.74,316.38,316.58,768360
2025-12-24T14:00:00+00:00,316.6,316.88,316.16,316.24,870360
2025-12-24T15:00:00+00:00,316.22,316.7,315.14,315.56,1099470
2025-12-24T16:00:00+00:00,315.56,315.82,315.22,315.26,727870
2025-12-24T17:00:00+00:00,315.26,315.54,315.16,315.54,226530
2025-12-24T18:00:00+00:00,315.5,315.56,315.32,315.5,130870
2025-12-24T19:00:00+00:00,315.52,315.86,315.46,315.74,234740
2025-12-24T20:00:00+00:00,315.76,315.78,315.52,315.7,195820
2025-12-25T03:00:00+00:00,315.96,315.96,315.96,315.96,10010
2025-12-25T04:00:00+00:00,315.9,315.98,315.3,315.46,252440
2025-12-25T05:00:00+00:00,315.52,315.7,315.38,315.6,122260
2025-12-25T06:00:00+00:00,315.6,315.66,314.26,315.06,655110
2025-12-25T07:00:00+00:00,315.06,315.4,314.18,315.38,1871460
2025-12-25T08:00:00+00:00,315.38,317.3,315.2,317.16,2299440
2025-12-25T09:00:00+00:00,317.16,317.7,316.92,316.98,1509070
2025-12-25T10:00:00+00:00,317.02,317.08,316.34,316.46,780640
2025-12-25T11:00:00+00:00,316.44,316.62,316.02,316.46,663980
2025-12-25T12:00:00+00:00,316.46,316.6,315.66,316.3,938350
2025-12-25T13:00:00+00:00,316.28,317.0,315.96,316.2,775460
2025-12-25T14:00:00+00:00,316.2,316.7,315.92,316.64,526270
2025-12-25T15:00:00+00:00,316.64,316.7,316.4,316.48,232570
2025-12-25T16:00:00+00:00,316.46,317.28,316.1,316.9,827400
2025-12-25T17:00:00+00:00,316.9,317.02,316.56,316.64,167570
2025-12-25T18:00:00+00:00,316.6,316.76,316.44,316.72,258790
2025-12-25T19:00:00+00:00,316.72,317.3,316.3,316.66,605110
2025-12-25T20:00:00+00:00,316.7,316.8,316.32,316.7,292140
2025-12-26T03:00:00+00:00,316.98,316.98,316.98,316.98,1520
2025-12-26T04:00:00+00:00,316.9,317.48,316.84,317.18,366850
2025-12-26T05:00:00+00:00,317.2,317.36,316.78,316.9,421130
2025-12-26T06:00:00+00:00,316.9,320.8,316.78,319.9,3995220
2025-12-26T07:00:00+00:00,319.88,320.7,319.88,320.5,2226200
2025-12-26T08:00:00+00:00,320.5,321.34,320.18,320.4,2244760
2025-12-26T09:00:00+00:00,320.4,320.94,320.1,320.78,1401750
2025-12-26T10:00:00+00:00,320.76,321.0,320.42,320.94,1050010
2025-12-26T11:00:00+00:00,320.96,321.82,320.6,321.7,1664240
2025-12-26T12:00:00+00:00,321.68,323.42,321.66,322.48,2551340
2025-12-26T13:00:00+00:00,322.48,323.3,322.34,323.26,1174980
2025-12-26T14:00:00+00:00,323.26,323.76,323.0,323.1,1711370
2025-12-26T15:00:00+00:00,323.08,323.28,322.2,322.28,854400
2025-12-26T16:00:00+00:00,322.3,323.1,322.22,322.48,522330
2025-12-26T17:00:00+00:00,322.46,323.5,322.44,323.3,621730
2025-12-26T18:00:00+00:00,323.3,323.42,322.88,323.34,260390
2025-12-26T19:00:00+00:00,323.34,323.96,323.32,323.84,560180
2025-12-26T20:00:00+00:00,323.88,325.5,323.86,324.74,1234860
2025-12-26T23:00:00+00:00,325.86,325.86,324.8,325.02,42010
2025-12-27T00:00:00+00:00,325.12,325.18,325.0,325.16,2390
2025-12-27T01:00:00+00:00,325.16,325.16,324.88,325.14,5270
2025-12-27T02:00:00+00:00,324.92,325.14,324.9,325.12,3750
2025-12-27T03:00:00+00:00,325.02,325.44,325.0,325.14,19550
2025-12-27T04:00:00+00:00,325.16,325.48,325.16,325.48,24350
2025-12-27T05:00:00+00:00,325.48,325.48,325.32,325.36,28230
2025-12-27T06:00:00+00:00,325.34,325.5,325.32,325.5,42560
2025-12-27T07:00:00+00:00,325.56,326.24,325.1,326.06,665120
2025-12-27T08:00:00+00:00,326.06,326.1,325.6,325.8,273050
2025-12-27T09:00:00+00:00,325.8,326.0,325.7,325.8,220440
2025-12-27T10:00:00+00:00,325.8,325.96,325.72,325.88,95460
2025-12-27T11:00:00+00:00,325.88,325.94,325.68,325.72,77160
2025-12-27T12:00:00+00:00,325.72,325.72,325.1,325.5,223030
2025-12-27T13:00:00+00:00,325.44,325.52,325.4,325.46,94980
2025-12-27T14:00:00+00:00,325.46,325.6,325.4,325.54,55660
2025-12-27T15:00:00+00:00,325.5,325.58,325.36,325.36,90070
2025-12-27T16:00:00+00:00,325.14,325.82,324.8,325.16,65680
2025-12-27T17:00:00+00:00,325.16,325.22,324.92,324.98,52420
2025-12-27T18:00:00+00:00,324.96,325.04,324.8,325.0,63150
2025-12-27T19:00:00+00:00,324.86,325.06,324.86,324.86,40790
2025-12-27T20:00:00+00:00,324.94,325.1,324.84,325.0,75480
2025-12-27T23:00:00+00:00,324.54,325.84,324.52,325.22,3990
2025-12-28T00:00:00+00:00,325.22,325.28,325.16,325.28,1670
2025-12-28T01:00:00+00:00,325.28,325.3,325.18,325.18,1960
2025-12-28T02:00:00+00:00,325.3,325.3,325.16,325.18,1060
2025-12-28T03:00:00+00:00,325.2,325.32,325.18,325.28,7180
2025-12-28T04:00:00+00:00,325.32,325.36,325.24,325.3,13630
2025-12-28T05:00:00+00:00,325.3,325.36,325.26,325.28,17120
2025-12-28T06:00:00+00:00,325.28,325.46,325.12,325.12,27090
2025-12-28T07:00:00+00:00,325.14,325.4,323.42,323.8,614260
2025-12-28T08:00:00+00:00,323.82,324.5,323.8,324.04,211710
2025-12-28T09:00:00+00:00,324.08,324.36,324.04,324.12,105950
2025-12-28T10:00:00+00:00,324.12,324.34,324.0,324.02,41920
2025-12-28T11:00:00+00:00,324.1,324.44,324.02,324.44,117110
2025-12-28T12:00:00+00:00,324.44,324.92,324.42,324.74,182940
2025-12-28T13:00:00+00:00,324.72,324.88,324.64,324.66,81570
2025-12-28T14:00:00+00:00,324.66,324.8,324.42,324.46,134990
2025-12-28T15:00:00+00:00,324.42,324.84,324.24,324.6,219800
2025-12-28T16:00:00+00:00,324.98,325.88,324.34,325.62,216320
2025-12-28T17:00:00+00:00,325.54,325.6,324.82,325.1,239750
2025-12-28T18:00:00+00:00,325.1,325.38,324.96,325.3,79570
2025-12-28T19:00:00+00:00,325.3,325.5,325.3,325.48,101630
2025-12-28T20:00:00+00:00,325.48,325.5,325.1,325.28,142690
2025-12-29T03:00:00+00:00,325.5,325.5,325.5,325.5,51040
2025-12-29T04:00:00+00:00,325.5,325.66,323.18,324.32,1582650
2025-12-29T05:00:00+00:00,324.3,325.4,324.0,324.68,560410
2025-12-29T06:00:00+00:00,324.66,324.9,323.92,324.36,737280
2025-12-29T07:00:00+00:00,324.38,325.18,324.1,325.0,1209060
2025-12-29T08:00:00+00:00,325.02,331.38,324.96,331.32,4670160
2025-12-29T09:00:00+00:00,331.32,332.44,329.02,330.06,5084120
2025-12-29T10:00:00+00:00,330.1,331.7,329.94,331.5,2121690
2025-12-29T11:00:00+00:00,331.54,332.6,331.26,332.6,1830450
2025-12-29T12:00:00+00:00,332.58,333.42,331.2,332.5,3350280
2025-12-29T13:00:00+00:00,332.52,333.08,329.24,330.4,3438570
2025-12-29T14:00:00+00:00,330.36,331.86,330.22,331.7,2106560
2025-12-29T15:00:00+00:00,331.68,331.7,327.14,327.5,4937690
2025-12-29T16:00:00+00:00,327.58,329.3,325.8,327.5,3555510
2025-12-29T17:00:00+00:00,327.52,328.08,327.14,327.18,577060
2025-12-29T18:00:00+00:00,327.2,327.86,326.4,327.66,566580
2025-12-29T19:00:00+00:00,327.68,327.96,327.12,327.64,396810
2025-12-29T20:00:00+00:00,327.64,327.78,326.5,327.46,562660
2025-12-30T03:00:00+00:00,327.4,327.4,327.4,327.4,6730
2025-12-30T04:00:00+00:00,327.4,330.0,327.2,328.72,1456790
2025-12-30T05:00:00+00:00,328.76,329.42,328.54,329.0,362550
2025-12-30T06:00:00+00:00,328.98,329.08,327.92,328.6,657150
2025-12-30T07:00:00+00:00,328.6,328.6,326.8,326.82,1246230
2025-12-30T08:00:00+00:00,326.86,326.86,325.28,326.06,1465730
2025-12-30T09:00:00+00:00,326.12,326.34,325.7,326.1,1674500
2025-12-30T10:00:00+00:00,326.1,326.26,325.82,326.08,1673630
2025-12-30T11:00:00+00:00,326.02,327.28,325.96,327.18,747340
2025-12-30T12:00:00+00:00,327.14,328.14,327.08,328.12,844850
2025-12-30T13:00:00+00:00,328.14,328.78,328.04,328.46,976580
2025-12-30T14:00:00+00:00,328.48,328.96,327.74,327.78,907570
2025-12-30T15:00:00+00:00,327.88,328.3,327.5,327.76,494580
2025-12-30T16:00:00+00:00,328.1,328.46,327.72,328.42,229990
2025-12-30T17:00:00+00:00,328.4,328.58,328.04,328.26,207060
2025-12-30T18:00:00+00:00,328.26,328.3,327.9,327.98,280290
2025-12-30T19:00:00+00:00,328.0,328.12,327.6,328.02,371020
2025-12-30T20:00:00+00:00,328.04,328.32,327.18,328.0,682810
2025-12-30T23:00:00+00:00,328.72,328.78,327.24,328.4,25820
2025-12-31T00:00:00+00:00,328.4,328.44,327.62,328.2,9960
2025-12-31T01:00:00+00:00,328.18,328.18,327.66,328.16,2950
2025-12-31T02:00:00+00:00,328.14,328.42,327.78,328.0,6540
2025-12-31T03:00:00+00:00,328.0,328.32,327.74,328.1,5520
2025-12-31T04:00:00+00:00,327.92,328.08,327.9,328.0,3920
2025-12-31T05:00:00+00:00,328.0,328.3,328.0,328.12,29280
2025-12-31T06:00:00+00:00,328.26,328.48,328.06,328.4,44460
2025-12-31T07:00:00+00:00,328.4,328.5,328.26,328.44,39210
2025-12-31T08:00:00+00:00,328.44,328.78,328.42,328.62,81010
2025-12-31T09:00:00+00:00,328.62,328.62,328.28,328.34,33000
2025-12-31T10:00:00+00:00,328.34,328.46,328.2,328.38,39580
2025-12-31T11:00:00+00:00,328.42,328.44,328.34,328.34,19050
2025-12-31T12:00:00+00:00,328.4,328.42,328.26,328.3,19870
2025-12-31T13:00:00+00:00,328.26,328.34,328.14,328.26,31930
2025-12-31T14:00:00+00:00,328.16,328.26,328.06,328.16,25800
2025-12-31T15:00:00+00:00,328.1,328.2,328.08,328.12,19530
2025-12-31T16:00:00+00:00,328.12,328.14,327.82,328.0,66660
2025-12-31T17:00:00+00:00,327.98,328.02,327.84,327.88,19020
2025-12-31T18:00:00+00:00,327.88,328.0,327.72,327.98,32700
2025-12-31T19:00:00+00:00,327.84,328.08,327.62,328.06,50080
2025-12-31T20:00:00+00:00,328.06,328.06,327.12,327.9,78940
2026-01-01T23:00:00+00:00,327.9,328.46,327.5,328.08,14560
2026-01-02T00:00:00+00:00,328.08,328.1,328.02,328.1,4430
2026-01-02T01:00:00+00:00,328.02,328.08,328.02,328.04,1250
2026-01-02T02:00:00+00:00,328.02,328.28,328.02,328.06,2910
2026-01-02T03:00:00+00:00,328.06,328.3,328.06,328.3,3720
2026-01-02T04:00:00+00:00,328.3,328.4,328.08,328.4,10310
2026-01-02T05:00:00+00:00,328.46,328.8,328.1,328.5,44840
2026-01-02T06:00:00+00:00,328.52,328.52,328.24,328.34,23200
2026-01-02T07:00:00+00:00,328.34,328.48,328.2,328.26,100570
2026-01-02T08:00:00+00:00,328.26,328.36,328.26,328.26,15500
2026-01-02T09:00:00+00:00,328.28,328.34,328.1,328.14,48240
2026-01-02T10:00:00+00:00,328.14,328.26,328.14,328.2,22270
2026-01-02T11:00:00+00:00,328.22,328.24,328.02,328.12,36260
2026-01-02T12:00:00+00:00,328.12,328.16,328.08,328.16,6270
2026-01-02T13:00:00+00:00,328.12,328.22,328.0,328.18,45700
2026-01-02T14:00:00+00:00,328.18,328.2,328.06,328.14,19550
2026-01-02T15:00:00+00:00,328.14,328.24,328.12,328.12,27980
2026-01-02T16:00:00+00:00,328.12,328.22,328.12,328.16,12180
2026-01-02T17:00:00+00:00,328.16,328.18,328.08,328.14,20590
2026-01-02T18:00:00+00:00,328.14,328.14,328.04,328.12,22880
2026-01-02T19:00:00+00:00,328.12,328.98,327.98,328.3,191660
2026-01-02T20:00:00+00:00,328.46,328.5,327.98,328.16,59100
2026-01-02T23:00:00+00:00,327.96,328.66,327.9,328.62,22940
2026-01-03T00:00:00+00:00,328.6,328.6,328.44,328.56,600
2026-01-03T01:00:00+00:00,328.44,328.58,328.16,328.46,4860
2026-01-03T02:00:00+00:00,328.46,328.5,328.22,328.48,3730
2026-01-03T03:00:00+00:00,328.48,328.5,328.34,328.4,5360
2026-01-03T04:00:00+00:00,328.34,328.5,328.28,328.5,6240
2026-01-03T05:00:00+00:00,328.48,328.62,328.4,328.58,9740
2026-01-03T06:00:00+00:00,328.58,328.6,328.46,328.48,13270
2026-01-03T07:00:00+00:00,328.48,328.52,328.22,328.36,42860
2026-01-03T08:00:00+00:00,328.36,328.46,328.12,328.26,62340
2026-01-03T09:00:00+00:00,328.32,328.34,328.2,328.26,37090
2026-01-03T10:00:00+00:00,328.28,328.3,328.16,328.24,24310
2026-01-03T11:00:00+00:00,328.2,328.36,328.2,328.3,22740
2026-01-03T12:00:00+00:00,328.32,328.32,328.2,328.24,24190
2026-01-03T13:00:00+00:00,328.24,328.3,328.2,328.28,17830
2026-01-03T14:00:00+00:00,328.28,328.28,328.22,328.26,6630
2026-01-03T15:00:00+00:00,328.26,328.28,328.22,328.28,19990
2026-01-03T16:00:00+00:00,328.26,328.28,327.98,328.1,92740
2026-01-03T17:00:00+00:00,328.06,328.1,327.86,327.96,31440
2026-01-03T18:00:00+00:00,327.96,328.08,327.9,328.0,29100
2026-01-03T19:00:00+00:00,328.0,328.06,327.94,328.02,24390
2026-01-03T20:00:00+00:00,327.96,328.0,327.72,327.72,46240
2026-01-03T23:00:00+00:00,328.12,328.16,327.72,328.02,12660
2026-01-04T00:00:00+00:00,328.02,328.06,327.8,328.0,4530
2026-01-04T01:00:00+00:00,328.0,328.04,327.92,328.04,330
2026-01-04T02:00:00+00:00,328.04,328.1,328.04,328.1,8370
2026-01-04T03:00:00+00:00,328.1,328.2,328.0,328.2,14330
2026-01-04T04:00:00+00:00,328.22,328.3,328.02,328.12,20440
2026-01-04T05:00:00+00:00,328.12,328.14,327.74,327.78,20440
2026-01-04T06:00:00+00:00,327.98,328.0,327.84,327.98,11290
2026-01-04T07:00:00+00:00,327.94,328.02,327.9,327.98,35550
2026-01-04T08:00:00+00:00,327.98,328.06,327.92,328.04,12730
2026-01-04T09:00:00+00:00,328.02,328.06,327.98,328.02,20070
2026-01-04T10:00:00+00:00,328.04,328.04,328.0,328.0,10780
2026-01-04T11:00:00+00:00,328.02,328.04,327.96,328.02,10100
2026-01-04T12:00:00+00:00,328.04,328.04,327.96,328.0,12280
2026-01-04T13:00:00+00:00,328.0,328.04,327.94,327.98,18330
2026-01-04T14:00:00+00:00,327.98,327.98,327.88,327.96,24090
2026-01-04T15:00:00+00:00,327.92,328.02,327.92,327.98,18980
2026-01-04T16:00:00+00:00,328.0,328.0,327.94,328.0,10380
2026-01-04T17:00:00+00:00,327.98,328.12,327.96,328.1,30720
2026-01-04T18:00:00+00:00,328.1,328.14,328.04,328.08,20390
2026-01-04T19:00:00+00:00,328.14,328.18,328.06,328.12,28280
2026-01-04T20:00:00+00:00,328.16,328.16,328.0,328.04,48110
2026-01-05T03:00:00+00:00,328.04,328.04,328.04,328.04,28770
2026-01-05T04:00:00+00:00,328.08,328.08,326.26,326.58,846470
2026-01-05T05:00:00+00:00,326.52,327.04,326.32,326.84,448830
2026-01-05T06:00:00+00:00,326.84,326.9,325.44,325.76,964600
2026-01-05T07:00:00+00:00,325.76,325.98,324.8,325.4,1433770
2026-01-05T08:00:00+00:00,325.42,326.08,325.2,326.08,501370
2026-01-05T09:00:00+00:00,326.08,326.74,325.88,326.66,675070
2026-01-05T10:00:00+00:00,326.66,326.84,326.26,326.5,365020
2026-01-05T11:00:00+00:00,326.52,326.74,326.12,326.28,307040
2026-01-05T12:00:00+00:00,326.32,326.68,326.0,326.52,215290
2026-01-05T13:00:00+00:00,326.52,327.4,326.5,327.24,594660
2026-01-05T14:00:00+00:00,327.26,327.58,326.88,327.46,843520
2026-01-05T15:00:00+00:00,327.46,327.66,327.3,327.56,250340
2026-01-05T16:00:00+00:00,327.54,327.64,327.14,327.34,218050
2026-01-05T17:00:00+00:00,327.38,327.38,326.7,327.0,386220
2026-01-05T18:00:00+00:00,327.0,327.38,327.0,327.18,117770
2026-01-05T19:00:00+00:00,327.18,327.26,326.88,327.2,137510
2026-01-05T20:00:00+00:00,327.2,327.3,326.56,326.7,305230
2026-01-06T03:00:00+00:00,327.38,327.38,327.38,327.38,9960
2026-01-06T04:00:00+00:00,327.38,328.16,327.16,327.9,491430
2026-01-06T05:00:00+00:00,327.94,327.96,327.58,327.82,143530
2026-01-06T06:00:00+00:00,327.82,328.92,327.4,328.78,859400
2026-01-06T07:00:00+00:00,328.76,329.88,328.26,329.5,1339360
2026-01-06T08:00:00+00:00,329.54,330.68,329.24,330.42,1281960
2026-01-06T09:00:00+00:00,330.42,330.62,329.36,329.38,910720
2026-01-06T10:00:00+00:00,329.36,330.0,329.04,329.7,451550
2026-01-06T11:00:00+00:00,329.7,329.76,328.74,328.98,550880
2026-01-06T12:00:00+00:00,328.98,328.98,328.38,328.84,672470
2026-01-06T13:00:00+00:00,328.84,329.1,328.34,328.46,330210
2026-01-06T14:00:00+00:00,328.4,328.8,328.12,328.18,720740
2026-01-06T15:00:00+00:00,328.2,328.86,328.16,328.86,291470
2026-01-06T16:00:00+00:00,328.76,329.24,328.66,329.1,424000
2026-01-06T17:00:00+00:00,329.12,329.12,328.5,328.82,345970
2026-01-06T18:00:00+00:00,328.78,328.9,328.56,328.76,172750
2026-01-06T19:00:00+00:00,328.74,329.68,328.56,329.34,538570
2026-01-06T20:00:00+00:00,329.36,330.2,329.36,330.2,947870
2026-01-06T23:00:00+00:00,327.76,327.76,326.0,327.2,128750
2026-01-07T00:00:00+00:00,327.14,327.2,326.84,327.0,20570
2026-01-07T01:00:00+00:00,327.1,327.2,327.0,327.1,14550
2026-01-07T02:00:00+00:00,327.1,327.18,327.04,327.06,2540
2026-01-07T03:00:00+00:00,327.1,327.18,327.02,327.02,14290
2026-01-07T04:00:00+00:00,327.16,327.2,327.0,327.1,18070
2026-01-07T05:00:00+00:00,327.1,327.52,327.1,327.3,110470
2026-01-07T06:00:00+00:00,327.3,327.36,327.1,327.16,72300
2026-01-07T07:00:00+00:00,327.2,327.38,327.14,327.22,63200
2026-01-07T08:00:00+00:00,327.14,327.26,327.14,327.16,36550
2026-01-07T09:00:00+00:00,327.16,327.22,327.16,327.2,17210
2026-01-07T10:00:00+00:00,327.2,327.22,327.16,327.2,20110
2026-01-07T11:00:00+00:00,327.2,327.24,327.18,327.18,21820
2026-01-07T12:00:00+00:00,327.18,327.26,327.14,327.18,31440
2026-01-07T13:00:00+00:00,327.18,327.2,326.82,326.84,152500
2026-01-07T14:00:00+00:00,326.84,326.94,326.32,326.36,75510
2026-01-07T15:00:00+00:00,326.36,326.58,326.18,326.3,60350
2026-01-07T16:00:00+00:00,326.32,326.8,326.14,326.14,79880
2026-01-07T17:00:00+00:00,326.38,326.68,326.14,326.44,50560
2026-01-07T18:00:00+00:00,326.52,326.7,326.34,326.5,24850
2026-01-07T19:00:00+00:00,326.58,326.62,326.28,326.28,27250
2026-01-07T20:00:00+00:00,326.28,326.48,326.04,326.18,47610
2026-01-08T06:00:00+00:00,326.4,326.4,326.4,326.4,25910
2026-01-08T07:00:00+00:00,326.4,326.42,324.82,325.18,2207990
2026-01-08T08:00:00+00:00,325.18,325.62,325.0,325.56,396760
2026-01-08T09:00:00+00:00,325.56,326.14,325.36,325.76,466850
2026-01-08T10:00:00+00:00,325.76,325.86,324.88,325.0,619730
2026-01-08T11:00:00+00:00,325.0,325.1,324.5,324.58,629900
2026-01-08T12:00:00+00:00,324.56,324.7,323.58,323.68,1170600
2026-01-08T13:00:00+00:00,323.68,324.34,323.58,323.7,487650
2026-01-08T14:00:00+00:00,323.72,324.38,323.62,324.18,437150
2026-01-08T15:00:00+00:00,324.16,324.4,324.08,324.1,282200
2026-01-08T16:00:00+00:00,324.2,324.22,324.0,324.1,247230
2026-01-08T17:00:00+00:00,324.08,324.1,323.5,323.76,571470
2026-01-08T18:00:00+00:00,323.76,324.22,323.6,324.2,408020
2026-01-08T19:00:00+00:00,324.18,324.28,323.68,323.86,278760
2026-01-08T20:00:00+00:00,323.86,324.0,323.62,323.62,400720
2026-01-09T03:00:00+00:00,323.62,323.62,323.62,323.62,4610
2026-01-09T04:00:00+00:00,323.56,325.6,321.1,324.8,1305690
2026-01-09T05:00:00+00:00,324.92,325.46,324.62,324.84,318430
2026-01-09T06:00:00+00:00,324.9,325.26,324.1,324.42,580110
2026-01-09T07:00:00+00:00,324.4,324.94,324.2,324.66,538800
2026-01-09T08:00:00+00:00,324.66,324.9,324.4,324.84,369670
2026-01-09T09:00:00+00:00,324.84,324.84,324.4,324.6,203390
2026-01-09T10:00:00+00:00,324.6,324.68,324.4,324.52,205520
2026-01-09T11:00:00+00:00,324.54,325.18,324.42,324.88,705550
2026-01-09T12:00:00+00:00,324.92,324.98,324.44,324.48,294860
2026-01-09T13:00:00+00:00,324.48,324.56,324.1,324.4,318220
2026-01-09T14:00:00+00:00,324.4,324.62,324.1,324.3,344500
2026-01-09T15:00:00+00:00,324.3,324.46,324.2,324.2,125660
2026-01-09T16:00:00+00:00,324.28,324.8,324.16,324.46,238140
2026-01-09T17:00:00+00:00,324.46,324.56,324.16,324.4,152720
2026-01-09T18:00:00+00:00,324.36,324.38,324.22,324.32,100110
2026-01-09T19:00:00+00:00,324.32,324.32,324.06,324.08,116900
2026-01-09T20:00:00+00:00,324.1,324.16,323.7,324.02,308150
2026-01-09T23:00:00+00:00,323.08,324.5,323.08,324.08,7720
2026-01-10T00:00:00+00:00,324.04,324.1,324.02,324.1,4900
2026-01-10T01:00:00+00:00,324.1,324.1,324.02,324.08,1110
2026-01-10T02:00:00+00:00,324.08,324.08,324.02,324.08,2130
2026-01-10T03:00:00+00:00,324.02,324.12,324.02,324.1,11940
2026-01-10T04:00:00+00:00,324.1,324.14,323.98,324.14,7080
2026-01-10T05:00:00+00:00,324.14,324.14,324.0,324.08,30870
2026-01-10T06:00:00+00:00,324.0,324.16,324.0,324.12,10310
2026-01-10T07:00:00+00:00,324.1,324.14,324.02,324.02,47270
2026-01-10T08:00:00+00:00,324.02,324.08,324.02,324.04,12570
2026-01-10T09:00:00+00:00,324.08,324.12,324.02,324.06,24600
2026-01-10T10:00:00+00:00,324.02,324.06,323.9,323.92,29910
2026-01-10T11:00:00+00:00,323.9,323.96,323.84,323.9,24960
2026-01-10T12:00:00+00:00,323.9,323.92,323.82,323.84,16030
2026-01-10T13:00:00+00:00,323.84,323.9,323.8,323.86,18250
2026-01-10T14:00:00+00:00,323.86,323.9,323.78,323.82,44060
2026-01-10T15:00:00+00:00,323.82,323.82,323.72,323.8,17290
2026-01-10T16:00:00+00:00,323.8,323.8,323.7,323.78,21690
2026-01-10T17:00:00+00:00,323.76,323.8,323.74,323.76,7240
2026-01-10T18:00:00+00:00,323.76,323.8,323.64,323.66,32830
2026-01-10T19:00:00+00:00,323.66,323.7,323.64,323.66,23360
2026-01-10T20:00:00+00:00,323.66,323.7,323.3,323.58,62400
2026-01-10T23:00:00+00:00,323.66,323.88,323.08,323.74,41110
2026-01-11T00:00:00+00:00,323.72,323.72,323.6,323.64,750
2026-01-11T01:00:00+00:00,323.66,323.74,323.66,323.68,190
2026-01-11T02:00:00+00:00,323.72,323.72,323.66,323.66,400
2026-01-11T03:00:00+00:00,323.7,323.8,323.68,323.76,3690
2026-01-11T04:00:00+00:00,323.72,323.76,323.6,323.6,20890
2026-01-11T05:00:00+00:00,323.6,323.78,323.5,323.64,9520
2026-01-11T06:00:00+00:00,323.64,323.76,323.56,323.66,7860
2026-01-11T07:00:00+00:00,323.68,323.78,323.6,323.7,30530
2026-01-11T08:00:00+00:00,323.68,323.74,323.6,323.66,42030
2026-01-11T09:00:00+00:00,323.66,323.68,323.46,323.6,31720
2026-01-11T10:00:00+00:00,323.54,323.6,323.3,323.36,38550
2026-01-11T11:00:00+00:00,323.38,323.54,323.32,323.42,19730
2026-01-11T12:00:00+00:00,323.36,323.54,323.34,323.5,9010
2026-01-11T13:00:00+00:00,323.5,323.62,323.48,323.62,14230
2026-01-11T14:00:00+00:00,323.54,323.62,323.48,323.54,6630
2026-01-11T15:00:00+00:00,323.52,323.62,323.36,323.48,17670
2026-01-11T16:00:00+00:00,323.48,323.48,323.34,323.36,12290
2026-01-11T17:00:00+00:00,323.36,323.44,323.28,323.42,20450
2026-01-11T18:00:00+00:00,323.4,323.46,323.26,323.34,21410
2026-01-11T19:00:00+00:00,323.36,323.64,323.32,323.54,47110
2026-01-11T20:00:00+00:00,323.52,323.56,323.18,323.34,30410
2026-01-12T03:00:00+00:00,323.76,323.76,323.76,323.76,27380
2026-01-12T04:00:00+00:00,323.62,325.48,323.5,324.52,1202070
2026-01-12T05:00:00+00:00,324.54,324.62,324.1,324.38,387850
2026-01-12T06:00:00+00:00,324.38,325.22,324.34,325.14,818720
2026-01-12T07:00:00+00:00,325.1,326.14,324.82,325.98,1780840
2026-01-12T08:00:00+00:00,325.98,326.06,325.12,325.24,1311540
2026-01-12T09:00:00+00:00,325.22,325.9,325.18,325.82,657230
2026-01-12T10:00:00+00:00,325.86,325.88,324.72,324.9,801250
2026-01-12T11:00:00+00:00,324.9,325.02,323.0,323.1,3127620
2026-01-12T12:00:00+00:00,323.08,323.7,323.0,323.5,1157540
2026-01-12T13:00:00+00:00,323.48,323.76,322.62,323.64,1006060
2026-01-12T14:00:00+00:00,323.64,324.08,323.44,323.5,1022840
2026-01-12T15:00:00+00:00,323.52,324.26,323.24,324.14,640630
2026-01-12T16:00:00+00:00,324.1,324.2,323.58,323.6,451370
2026-01-12T17:00:00+00:00,323.6,323.88,323.16,323.28,371450
2026-01-12T18:00:00+00:00,323.28,323.56,323.24,323.52,251420
2026-01-12T19:00:00+00:00,323.56,323.9,323.46,323.66,159200
2026-01-12T20:00:00+00:00,323.62,323.88,323.44,323.88,246900
2026-01-13T03:00:00+00:00,323.72,323.72,323.72,323.72,26900
2026-01-13T04:00:00+00:00,323.72,324.56,323.6,324.2,616440
2026-01-13T05:00:00+00:00,324.2,324.4,324.08,324.22,160500
2026-01-13T06:00:00+00:00,324.18,324.18,322.8,323.14,769600
2026-01-13T07:00:00+00:00,323.14,323.6,322.64,322.7,809320
2026-01-13T08:00:00+00:00,322.7,322.98,321.8,321.9,1052070
2026-01-13T09:00:00+00:00,321.88,322.54,321.72,322.3,852720
2026-01-13T10:00:00+00:00,322.3,322.74,322.06,322.06,518080
2026-01-13T11:00:00+00:00,322.1,322.34,321.74,322.1,434370
2026-01-13T12:00:00+00:00,322.12,322.12,321.8,322.02,396270
2026-01-13T13:00:00+00:00,322.06,322.98,321.86,321.98,1257590
2026-01-13T14:00:00+00:00,322.0,322.04,320.7,320.88,1798940
2026-01-13T15:00:00+00:00,320.9,321.3,319.6,320.02,1933970
2026-01-13T16:00:00+00:00,320.02,320.06,319.38,319.86,839500
2026-01-13T17:00:00+00:00,319.86,320.1,319.12,319.38,381970
2026-01-13T18:00:00+00:00,319.38,319.68,319.32,319.4,210400
2026-01-13T19:00:00+00:00,319.4,319.64,319.38,319.56,262480
2026-01-13T20:00:00+00:00,319.54,319.9,319.34,319.9,252990
2026-01-14T03:00:00+00:00,320.36,320.36,320.36,320.36,11580
2026-01-14T04:00:00+00:00,320.36,320.64,319.84,320.2,529610
2026-01-14T05:00:00+00:00,320.18,320.18,319.14,319.26,445340
2026-01-14T06:00:00+00:00,319.26,319.58,318.5,318.9,769690
2026-01-14T07:00:00+00:00,318.9,319.74,318.36,319.32,1903700
2026-01-14T08:00:00+00:00,319.3,322.64,319.06,321.62,3358550
2026-01-14T09:00:00+00:00,321.58,321.98,320.9,321.48,1347080
2026-01-14T10:00:00+00:00,321.5,321.82,320.62,321.06,756180
2026-01-14T11:00:00+00:00,321.06,321.64,320.9,321.58,339440
2026-01-14T12:00:00+00:00,321.58,321.94,321.06,321.32,363350
2026-01-14T13:00:00+00:00,321.3,321.52,320.34,321.14,512410
2026-01-14T14:00:00+00:00,321.14,322.0,320.94,321.1,981650
2026-01-14T15:00:00+00:00,321.14,321.38,320.9,320.9,360890
2026-01-14T16:00:00+00:00,320.9,320.9,319.74,320.04,1135480
2026-01-14T17:00:00+00:00,320.04,320.3,319.9,320.12,226670
2026-01-14T18:00:00+00:00,320.16,320.26,319.96,320.26,106670
2026-01-14T19:00:00+00:00,320.26,320.46,320.08,320.46,170820
2026-01-14T20:00:00+00:00,320.46,320.46,319.86,320.44,294410
2026-01-15T03:00:00+00:00,320.4,320.4,320.4,320.4,14110
2026-01-15T04:00:00+00:00,320.3,321.24,319.88,320.88,476390
2026-01-15T05:00:00+00:00,320.84,321.7,320.62,321.4,320440
2026-01-15T06:00:00+00:00,321.4,321.62,320.9,321.08,412360
2026-01-15T07:00:00+00:00,321.04,321.08,319.74,319.84,1075260
2026-01-15T08:00:00+00:00,319.8,320.86,319.78,320.2,591290
2026-01-15T09:00:00+00:00,320.18,320.32,319.4,319.44,1104860
2026-01-15T10:00:00+00:00,319.42,320.78,319.42,320.36,2536850
2026-01-15T11:00:00+00:00,320.38,321.7,320.28,321.3,1094560
2026-01-15T12:00:00+00:00,321.3,321.5,321.02,321.32,417270
2026-01-15T13:00:00+00:00,321.32,321.76,320.9,321.64,731790
2026-01-15T14:00:00+00:00,321.62,321.94,321.04,321.58,967430
2026-01-15T15:00:00+00:00,321.6,321.74,321.02,321.1,507440
2026-01-15T16:00:00+00:00,321.26,321.76,320.44,321.2,894770
2026-01-15T17:00:00+00:00,321.22,321.76,321.16,321.5,604730
2026-01-15T18:00:00+00:00,321.5,321.58,321.32,321.42,218860
2026-01-15T19:00:00+00:00,321.38,321.94,321.38,321.8,513780
2026-01-15T20:00:00+00:00,321.8,322.08,321.52,321.68,563940
2026-01-16T03:00:00+00:00,322.0,322.0,322.0,322.0,9940
2026-01-16T04:00:00+00:00,322.02,322.46,321.78,321.9,519360
2026-01-16T05:00:00+00:00,321.9,322.46,321.82,321.98,412380
2026-01-16T06:00:00+00:00,321.98,322.52,321.8,322.1,615290
2026-01-16T07:00:00+00:00,322.1,323.48,321.86,323.4,1995430
2026-01-16T08:00:00+00:00,323.4,325.24,323.4,325.02,3230960
2026-01-16T09:00:00+00:00,325.0,325.44,324.7,325.3,1062670
2026-01-16T10:00:00+00:00,325.26,325.7,324.72,324.82,1138880
2026-01-16T11:00:00+00:00,324.84,325.4,324.8,325.2,652560
2026-01-16T12:00:00+00:00,325.18,325.56,325.08,325.16,503110
2026-01-16T13:00:00+00:00,325.18,327.76,325.08,326.9,2989290
2026-01-16T14:00:00+00:00,326.92,327.36,326.1,326.26,919180
2026-01-16T15:00:00+00:00,326.24,326.48,326.02,326.26,490800
2026-01-16T16:00:00+00:00,326.28,326.7,326.24,326.4,243000
2026-01-16T17:00:00+00:00,326.4,327.1,326.22,326.38,445580
2026-01-16T18:00:00+00:00,326.4,326.88,326.38,326.78,178940
2026-01-16T19:00:00+00:00,326.8,326.9,326.52,326.74,336960
2026-01-16T20:00:00+00:00,326.72,326.9,326.28,326.4,792660
2026-01-16T23:00:00+00:00,326.6,326.8,325.94,326.54,36490
2026-01-17T00:00:00+00:00,326.4,326.54,326.4,326.54,1300
2026-01-17T01:00:00+00:00,326.52,326.54,326.42,326.52,830
2026-01-17T02:00:00+00:00,326.52,326.54,326.46,326.48,1790
2026-01-17T03:00:00+00:00,326.52,326.64,326.46,326.62,13080
2026-01-17T04:00:00+00:00,326.54,326.68,326.48,326.5,8730
2026-01-17T05:00:00+00:00,326.54,326.54,326.46,326.48,16620
2026-01-17T06:00:00+00:00,326.48,326.98,326.48,326.98,36110
2026-01-17T07:00:00+00:00,326.98,326.98,326.4,326.44,226470
2026-01-17T08:00:00+00:00,326.42,326.58,326.42,326.5,30200
2026-01-17T09:00:00+00:00,326.52,326.52,326.4,326.44,84420
2026-01-17T10:00:00+00:00,326.44,326.5,326.24,326.32,55900
2026-01-17T11:00:00+00:00,326.4,326.44,326.28,326.34,38430
2026-01-17T12:00:00+00:00,326.34,326.36,326.2,326.2,28680
2026-01-17T13:00:00+00:00,326.2,326.4,326.2,326.24,26960
2026-01-17T14:00:00+00:00,326.24,326.4,326.2,326.24,40240
2026-01-17T15:00:00+00:00,326.3,326.5,326.24,326.48,98780
2026-01-17T16:00:00+00:00,326.02,326.68,325.08,326.34,138790
2026-01-17T17:00:00+00:00,326.34,326.42,326.04,326.28,23410
2026-01-17T18:00:00+00:00,326.28,326.28,326.14,326.2,17390
2026-01-17T19:00:00+00:00,326.2,326.28,326.18,326.28,32760
2026-01-17T20:00:00+00:00,326.28,326.28,326.14,326.18,46400
2026-01-17T23:00:00+00:00,326.14,326.58,326.14,326.38,740
2026-01-18T00:00:00+00:00,326.38,326.38,326.2,326.2,6630
2026-01-18T01:00:00+00:00,326.36,326.4,326.2,326.22,2570
2026-01-18T02:00:00+00:00,326.22,326.38,326.22,326.22,340
2026-01-18T03:00:00+00:00,326.3,326.38,326.28,326.36,6610
2026-01-18T04:00:00+00:00,326.3,326.4,326.3,326.3,12630
2026-01-18T05:00:00+00:00,326.4,326.4,326.3,326.34,1640
2026-01-18T06:00:00+00:00,326.34,326.44,326.34,326.44,8240
2026-01-18T07:00:00+00:00,326.44,326.68,326.16,326.26,118320
2026-01-18T08:00:00+00:00,326.28,326.34,326.26,326.3,26280
2026-01-18T09:00:00+00:00,326.3,326.3,326.2,326.22,50680
2026-01-18T10:00:00+00:00,326.28,326.3,326.2,326.26,34620
2026-01-18T11:00:00+00:00,326.26,326.3,326.22,326.26,16690
2026-01-18T12:00:00+00:00,326.26,326.3,326.2,326.24,30110
2026-01-18T13:00:00+00:00,326.28,326.32,326.2,326.32,36900
2026-01-18T14:00:00+00:00,326.32,326.36,326.22,326.36,88550
2026-01-18T15:00:00+00:00,326.34,326.46,326.32,326.4,78750
2026-01-18T16:00:00+00:00,326.86,326.86,326.2,326.4,13570
2026-01-18T17:00:00+00:00,326.44,326.44,326.22,326.38,43490
2026-01-18T18:00:00+00:00,326.38,326.4,326.32,326.4,15550
2026-01-18T19:00:00+00:00,326.4,326.4,325.92,326.18,74710
2026-01-18T20:00:00+00:00,326.3,326.5,326.18,326.42,48380
2026-01-19T03:00:00+00:00,326.62,326.62,326.62,326.62,6580
2026-01-19T04:00:00+00:00,326.62,327.2,326.56,327.04,502740
2026-01-19T05:00:00+00:00,327.04,327.3,326.66,326.78,280110
2026-01-19T06:00:00+00:00,326.78,327.02,326.34,326.56,909840
2026-01-19T07:00:00+00:00,326.54,327.16,326.14,327.06,1162070
2026-01-19T08:00:00+00:00,327.04,328.84,327.04,328.28,2461220
2026-01-19T09:00:00+00:00,328.28,328.52,327.9,328.48,774230
2026-01-19T10:00:00+00:00,328.44,328.48,327.44,327.7,836440
2026-01-19T11:00:00+00:00,327.7,328.64,327.48,328.38,1056870
2026-01-19T12:00:00+00:00,328.34,329.7,328.18,329.34,1838940
2026-01-19T13:00:00+00:00,329.32,329.82,328.62,329.62,1352390
2026-01-19T14:00:00+00:00,329.6,330.28,329.42,329.84,2132390
2026-01-19T15:00:00+00:00,329.8,330.04,329.28,329.28,720220
2026-01-19T16:00:00+00:00,329.28,329.48,328.84,329.3,354360
2026-01-19T17:00:00+00:00,329.3,329.32,328.96,329.1,264450
2026-01-19T18:00:00+00:00,329.1,329.54,329.04,329.48,263760
2026-01-19T19:00:00+00:00,329.44,329.44,329.0,329.28,270300
2026-01-19T20:00:00+00:00,329.22,329.3,328.8,328.98,614750
2026-01-20T03:00:00+00:00,329.38,329.38,329.38,329.38,17810
2026-01-20T04:00:00+00:00,329.38,330.0,329.16,329.7,637700
2026-01-20T05:00:00+00:00,329.68,330.5,329.66,330.46,531170
2026-01-20T06:00:00+00:00,330.4,330.42,329.68,329.92,708910
2026-01-20T07:00:00+00:00,329.92,329.96,328.24,328.64,2197550
2026-01-20T08:00:00+00:00,328.64,329.14,327.92,329.04,1590500
2026-01-20T09:00:00+00:00,329.04,329.3,328.4,329.02,1274830
2026-01-20T10:00:00+00:00,329.02,329.16,327.96,328.1,729530
2026-01-20T11:00:00+00:00,328.1,328.44,327.64,328.32,680830
2026-01-20T12:00:00+00:00,328.36,328.4,327.48,328.3,685530
2026-01-20T13:00:00+00:00,328.28,328.72,328.04,328.32,713440
2026-01-20T14:00:00+00:00,328.36,330.16,327.7,329.52,2020770
2026-01-20T15:00:00+00:00,329.5,329.92,329.2,329.2,512780
2026-01-20T16:00:00+00:00,329.2,329.5,328.4,328.42,526020
2026-01-20T17:00:00+00:00,328.54,328.9,328.4,328.86,183830
2026-01-20T18:00:00+00:00,328.84,329.38,328.7,329.14,347310
2026-01-20T19:00:00+00:00,329.16,329.76,329.14,329.44,544410
2026-01-20T20:00:00+00:00,329.42,329.5,328.82,329.4,293730
2026-01-21T03:00:00+00:00,329.42,329.42,329.42,329.42,34260
2026-01-21T04:00:00+00:00,329.4,329.8,328.92,329.26,594090
2026-01-21T05:00:00+00:00,329.26,329.26,328.52,328.6,597960
2026-01-21T06:00:00+00:00,328.66,329.0,328.42,328.98,819160
2026-01-21T07:00:00+00:00,328.98,329.0,328.32,328.72,793360
2026-01-21T08:00:00+00:00,328.74,328.92,328.28,328.68,602490
2026-01-21T09:00:00+00:00,328.68,330.18,328.46,329.52,2765230
2026-01-21T10:00:00+00:00,329.52,332.4,329.5,332.16,3863470
2026-01-21T11:00:00+00:00,332.16,333.0,331.86,332.08,3257790
2026-01-21T12:00:00+00:00,332.08,332.6,331.76,332.44,1111400
2026-01-21T13:00:00+00:00,332.42,332.44,331.7,331.94,869340
2026-01-21T14:00:00+00:00,331.96,333.8,331.72,333.1,2234190
2026-01-21T15:00:00+00:00,333.1,333.28,332.56,332.56,463990
2026-01-21T16:00:00+00:00,332.68,332.78,332.1,332.12,757050
2026-01-21T17:00:00+00:00,332.1,332.66,332.04,332.64,360450
2026-01-21T18:00:00+00:00,332.66,333.14,332.64,332.68,551830
2026-01-21T19:00:00+00:00,332.66,333.46,332.6,333.24,610040
2026-01-21T20:00:00+00:00,333.26,333.9,333.0,333.9,618120
2026-01-22T03:00:00+00:00,334.2,334.2,334.2,334.2,62540
2026-01-22T04:00:00+00:00,334.2,335.0,334.16,334.3,928450
2026-01-22T05:00:00+00:00,334.34,334.34,333.9,334.06,349830
2026-01-22T06:00:00+00:00,334.06,334.06,333.3,333.66,639400
2026-01-22T07:00:00+00:00,333.62,335.6,333.3,334.64,2530110
2026-01-22T08:00:00+00:00,334.64,334.96,333.84,333.98,1036450
2026-01-22T09:00:00+00:00,333.98,334.48,333.72,334.06,887210
2026-01-22T10:00:00+00:00,334.06,334.86,334.04,334.44,624220
2026-01-22T11:00:00+00:00,334.42,335.26,334.26,334.78,1174570
2026-01-22T12:00:00+00:00,334.78,335.0,334.3,334.66,595920
2026-01-22T13:00:00+00:00,334.64,335.08,332.1,333.06,3035000
2026-01-22T14:00:00+00:00,333.08,333.6,331.0,333.26,4202060
2026-01-22T15:00:00+00:00,333.34,333.38,332.92,333.02,429950
2026-01-22T16:00:00+00:00,333.02,333.42,332.66,332.86,591070
2026-01-22T17:00:00+00:00,332.86,332.9,332.3,332.78,278460
2026-01-22T18:00:00+00:00,332.8,333.44,332.64,333.12,378520
2026-01-22T19:00:00+00:00,333.12,333.12,332.22,332.62,361330
2026-01-22T20:00:00+00:00,332.66,332.96,332.22,332.76,279340
2026-01-23T03:00:00+00:00,332.0,332.0,332.0,332.0,146090
2026-01-23T04:00:00+00:00,332.0,333.26,330.52,332.84,1083170
2026-01-23T05:00:00+00:00,332.88,333.12,332.78,332.94,215990
2026-01-23T06:00:00+00:00,332.92,332.98,332.02,332.5,799490
2026-01-23T07:00:00+00:00,332.5,333.0,332.14,332.42,1313750
2026-01-23T08:00:00+00:00,332.36,333.94,332.34,333.5,1448100
2026-01-23T09:00:00+00:00,333.52,333.72,332.8,333.24,704660
2026-01-23T10:00:00+00:00,333.28,333.66,332.86,332.96,485510
2026-01-23T11:00:00+00:00,332.96,333.0,332.22,332.36,633080
2026-01-23T12:00:00+00:00,332.36,333.18,332.32,333.04,508450
2026-01-23T13:00:00+00:00,333.04,333.26,332.4,332.4,794110
2026-01-23T14:00:00+00:00,332.4,332.76,332.4,332.54,269760
2026-01-23T15:00:00+00:00,332.56,332.96,332.52,332.7,272000
2026-01-23T16:00:00+00:00,332.78,332.96,332.56,332.68,179400
2026-01-23T17:00:00+00:00,332.68,333.8,332.64,333.22,1304670
2026-01-23T18:00:00+00:00,333.26,334.5,333.26,333.44,1258170
2026-01-23T19:00:00+00:00,333.46,333.84,333.32,333.5,239770
2026-01-23T20:00:00+00:00,333.52,333.9,333.04,333.46,370580
2026-01-23T23:00:00+00:00,332.7,333.78,332.7,333.46,13180
2026-01-24T00:00:00+00:00,333.34,333.76,333.34,333.72,1250
2026-01-24T01:00:00+00:00,333.48,333.76,333.14,333.64,21190
2026-01-24T02:00:00+00:00,333.34,333.74,333.18,333.46,2050
2026-01-24T03:00:00+00:00,333.28,333.9,333.1,333.28,43230
2026-01-24T04:00:00+00:00,333.28,333.5,333.28,333.46,20400
2026-01-24T05:00:00+00:00,333.36,333.48,333.34,333.44,15530
2026-01-24T06:00:00+00:00,333.4,333.5,333.4,333.5,12660
2026-01-24T07:00:00+00:00,333.52,333.98,333.48,333.62,143390
2026-01-24T08:00:00+00:00,333.66,333.88,333.6,333.7,125870
2026-01-24T09:00:00+00:00,333.68,333.68,332.92,333.2,380770
2026-01-24T10:00:00+00:00,333.18,333.3,332.02,332.7,539560
2026-01-24T11:00:00+00:00,332.62,332.9,332.42,332.74,108720
2026-01-24T12:00:00+00:00,332.7,333.6,331.8,333.2,721270
2026-01-24T13:00:00+00:00,333.2,333.42,332.66,332.76,292500
2026-01-24T14:00:00+00:00,332.7,333.3,332.58,333.1,169500
2026-01-24T15:00:00+00:00,333.02,333.2,332.78,332.8,155360
2026-01-24T16:00:00+00:00,333.24,333.24,332.58,332.72,115240
2026-01-24T17:00:00+00:00,332.72,332.84,332.5,332.64,66180
2026-01-24T18:00:00+00:00,332.72,332.78,332.64,332.76,22830
2026-01-24T19:00:00+00:00,332.74,332.74,332.6,332.66,41750
2026-01-24T20:00:00+00:00,332.68,332.68,332.3,332.54,95770
2026-01-24T23:00:00+00:00,332.68,333.02,332.4,332.54,12760
2026-01-25T00:00:00+00:00,332.52,332.78,332.52,332.76,2760
2026-01-25T01:00:00+00:00,332.6,332.78,332.54,332.72,1850
2026-01-25T02:00:00+00:00,332.72,332.74,332.56,332.72,1660
2026-01-25T03:00:00+00:00,332.58,332.72,332.58,332.68,800
2026-01-25T04:00:00+00:00,332.66,332.72,332.6,332.66,4580
2026-01-25T05:00:00+00:00,332.7,332.86,332.62,332.86,23620
2026-01-25T06:00:00+00:00,332.8,332.84,332.76,332.8,7530
2026-01-25T07:00:00+00:00,332.82,333.34,332.66,333.3,267020
2026-01-25T08:00:00+00:00,333.24,333.32,332.98,333.16,253450
2026-01-25T09:00:00+00:00,333.2,334.32,333.14,333.8,442850
2026-01-25T10:00:00+00:00,333.82,333.98,333.66,333.66,210310
2026-01-25T11:00:00+00:00,333.7,333.9,333.66,333.9,98060
2026-01-25T12:00:00+00:00,333.9,334.02,333.8,333.84,88910
2026-01-25T13:00:00+00:00,333.84,334.02,333.8,333.82,72360
2026-01-25T14:00:00+00:00,333.9,334.04,333.8,333.92,163770
2026-01-25T15:00:00+00:00,333.96,333.96,333.58,333.58,246850
2026-01-25T16:00:00+00:00,333.22,333.84,332.8,332.98,203430
2026-01-25T17:00:00+00:00,332.96,333.12,332.9,333.12,107910
2026-01-25T18:00:00+00:00,333.12,333.22,332.98,333.12,67680
2026-01-25T19:00:00+00:00,333.12,333.14,333.0,333.14,19500
2026-01-25T20:00:00+00:00,333.14,333.2,333.0,333.0,64490
2026-01-26T03:00:00+00:00,333.4,333.4,333.4,333.4,16790
2026-01-26T04:00:00+00:00,333.38,334.06,333.22,333.32,652580
2026-01-26T05:00:00+00:00,333.3,333.56,333.02,333.14,277630
2026-01-26T06:00:00+00:00,333.14,333.14,332.02,332.36,1297610
2026-01-26T07:00:00+00:00,332.34,332.96,331.82,332.14,1251310
2026-01-26T08:00:00+00:00,332.1,332.44,331.68,331.84,853330
2026-01-26T09:00:00+00:00,331.86,332.36,331.68,332.0,811880
2026-01-26T10:00:00+00:00,332.0,332.38,331.92,332.24,517330
2026-01-26T11:00:00+00:00,332.18,332.32,331.2,331.52,946870
2026-01-26T12:00:00+00:00,331.5,331.7,331.32,331.56,477570
2026-01-26T13:00:00+00:00,331.5,332.6,331.36,331.66,1476680
2026-01-26T14:00:00+00:00,331.64,331.82,331.3,331.66,616110
2026-01-26T15:00:00+00:00,331.66,331.7,331.02,331.5,592210
2026-01-26T16:00:00+00:00,331.52,331.58,331.14,331.44,352450
2026-01-26T17:00:00+00:00,331.5,332.22,331.22,331.6,497570
2026-01-26T18:00:00+00:00,331.62,331.68,331.42,331.44,142410
2026-01-26T19:00:00+00:00,331.44,331.52,331.2,331.28,225180
2026-01-26T20:00:00+00:00,331.3,331.46,331.1,331.36,212670
2026-01-27T03:00:00+00:00,331.5,331.5,331.5,331.5,15940
2026-01-27T04:00:00+00:00,331.48,331.98,331.48,331.66,397950
2026-01-27T05:00:00+00:00,331.64,332.3,331.56,332.04,314560
2026-01-27T06:00:00+00:00,332.04,332.24,331.74,331.82,316860
2026-01-27T07:00:00+00:00,331.86,332.04,330.9,331.26,800020
2026-01-27T08:00:00+00:00,331.24,331.46,330.72,331.3,995710
2026-01-27T09:00:00+00:00,331.3,331.94,331.24,331.86,804820
2026-01-27T10:00:00+00:00,331.86,332.46,331.62,332.4,1069180
2026-01-27T11:00:00+00:00,332.4,333.18,332.22,332.86,1521350
2026-01-27T12:00:00+00:00,332.86,333.08,332.38,332.9,567330
2026-01-27T13:00:00+00:00,332.9,333.68,332.64,333.6,792960
2026-01-27T14:00:00+00:00,333.6,334.02,333.4,333.7,840740
2026-01-27T15:00:00+00:00,333.72,333.8,332.78,333.3,691930
2026-01-27T16:00:00+00:00,333.3,333.4,332.78,333.14,570690
2026-01-27T17:00:00+00:00,333.16,333.5,333.08,333.5,193110
2026-01-27T18:00:00+00:00,333.5,334.42,333.36,334.32,871190
2026-01-27T19:00:00+00:00,334.28,334.44,334.08,334.3,267050
2026-01-27T20:00:00+00:00,334.28,334.34,333.72,334.02,452860
2026-01-28T03:00:00+00:00,334.3,334.3,334.3,334.3,14530
2026-01-28T04:00:00+00:00,334.32,334.44,333.6,334.0,601410
2026-01-28T05:00:00+00:00,334.04,334.16,333.76,333.9,250030
2026-01-28T06:00:00+00:00,333.9,334.88,333.62,334.76,730480
2026-01-28T07:00:00+00:00,334.72,334.9,333.32,333.86,1720570
2026-01-28T08:00:00+00:00,333.9,334.12,333.44,333.52,896460
2026-01-28T09:00:00+00:00,333.48,333.48,333.0,333.2,814680
2026-01-28T10:00:00+00:00,333.16,333.32,333.02,333.2,407090
2026-01-28T11:00:00+00:00,333.22,333.6,333.06,333.36,697360
2026-01-28T12:00:00+00:00,333.38,333.54,333.0,333.32,692860
2026-01-28T13:00:00+00:00,333.32,333.84,333.04,333.8,1107640
2026-01-28T14:00:00+00:00,333.76,334.04,333.6,333.82,1050540
2026-01-28T15:00:00+00:00,333.86,333.94,333.44,333.66,436510
2026-01-28T16:00:00+00:00,333.64,333.86,333.12,333.36,373140
2026-01-28T17:00:00+00:00,333.34,333.46,333.1,333.34,160290
2026-01-28T18:00:00+00:00,333.32,333.36,332.8,332.94,337760
2026-01-28T19:00:00+00:00,332.94,333.1,332.8,333.04,148170
2026-01-28T20:00:00+00:00,333.02,333.02,332.8,333.0,368820
2026-01-29T03:00:00+00:00,333.32,333.32,333.32,333.32,5300
2026-01-29T04:00:00+00:00,333.32,333.78,333.3,333.64,394370
2026-01-29T05:00:00+00:00,333.64,333.96,333.6,333.82,287710
2026-01-29T06:00:00+00:00,333.8,334.26,333.72,333.96,1282600
2026-01-29T07:00:00+00:00,333.98,335.98,333.96,335.68,4486580
2026-01-29T08:00:00+00:00,335.7,337.22,335.54,336.66,2931960
2026-01-29T09:00:00+00:00,336.68,337.46,336.4,336.72,1488180
2026-01-29T10:00:00+00:00,336.72,337.5,336.7,336.98,1147470
2026-01-29T11:00:00+00:00,337.0,337.1,336.62,337.0,840860
2026-01-29T12:00:00+00:00,337.0,338.0,336.54,337.44,2420450
2026-01-29T13:00:00+00:00,337.46,338.36,337.34,338.36,1212600
2026-01-29T14:00:00+00:00,338.36,339.5,338.26,338.28,2415540
2026-01-29T15:00:00+00:00,338.28,338.42,335.08,335.54,4409880
2026-01-29T16:00:00+00:00,335.58,336.6,335.06,336.02,1311330
2026-01-29T17:00:00+00:00,336.02,337.9,335.92,336.66,1636960
2026-01-29T18:00:00+00:00,336.66,337.3,336.4,337.06,413100
2026-01-29T19:00:00+00:00,337.06,337.82,336.66,337.78,517960
2026-01-29T20:00:00+00:00,337.8,338.36,337.38,337.7,746950
2026-01-30T03:00:00+00:00,337.52,337.52,337.52,337.52,64390
2026-01-30T04:00:00+00:00,337.5,338.2,336.2,336.28,948770
2026-01-30T05:00:00+00:00,336.28,337.0,336.28,336.78,189320
2026-01-30T06:00:00+00:00,336.8,337.0,335.68,336.7,768890
2026-01-30T07:00:00+00:00,336.7,337.2,336.2,337.1,1151250
2026-01-30T08:00:00+00:00,337.12,337.12,333.1,333.2,3331740
2026-01-30T09:00:00+00:00,333.2,334.12,333.02,333.88,1615990
2026-01-30T10:00:00+00:00,333.92,334.64,333.74,334.38,1135550
2026-01-30T11:00:00+00:00,334.44,334.5,333.84,334.14,334810
2026-01-30T12:00:00+00:00,334.12,334.46,333.64,333.8,310060
2026-01-30T13:00:00+00:00,333.8,334.42,333.64,334.1,527620
2026-01-30T14:00:00+00:00,334.1,334.24,333.3,333.96,501700
2026-01-30T15:00:00+00:00,333.98,334.1,333.3,333.6,424480
2026-01-30T16:00:00+00:00,333.64,333.88,333.4,333.56,244910
2026-01-30T17:00:00+00:00,333.6,334.0,332.1,332.32,1030690
2026-01-30T18:00:00+00:00,332.32,333.56,331.98,332.92,842540
2026-01-30T19:00:00+00:00,332.92,333.1,332.56,332.9,254480
2026-01-30T20:00:00+00:00,332.9,333.18,332.7,333.18,264990
2026-01-30T23:00:00+00:00,333.18,333.7,332.82,332.98,30640
2026-01-31T00:00:00+00:00,332.96,333.56,332.94,333.52,850
2026-01-31T01:00:00+00:00,333.3,333.54,333.04,333.08,1980
2026-01-31T02:00:00+00:00,333.5,333.5,333.1,333.48,250
2026-01-31T03:00:00+00:00,333.24,333.58,333.0,333.5,9480
2026-01-31T04:00:00+00:00,333.46,333.68,333.06,333.42,11510
2026-01-31T05:00:00+00:00,333.42,333.46,333.22,333.36,8210
2026-01-31T06:00:00+00:00,333.34,333.42,333.24,333.4,5910
2026-01-31T07:00:00+00:00,333.38,333.8,333.2,333.72,170720
2026-01-31T08:00:00+00:00,333.7,333.82,333.58,333.7,85890
2026-01-31T09:00:00+00:00,333.68,333.74,333.5,333.62,88790
2026-01-31T10:00:00+00:00,333.62,334.0,333.58,333.78,196930
2026-01-31T11:00:00+00:00,333.86,333.92,333.66,333.72,56100
2026-01-31T12:00:00+00:00,333.72,333.8,333.7,333.74,52680
2026-01-31T13:00:00+00:00,333.74,333.8,333.7,333.74,24810
2026-01-31T14:00:00+00:00,333.7,333.74,333.56,333.58,46260
2026-01-31T15:00:00+00:00,333.58,334.0,333.3,333.48,202330
2026-01-31T16:00:00+00:00,333.3,333.96,332.92,333.44,39630
2026-01-31T17:00:00+00:00,333.44,333.76,333.44,333.52,6710
2026-01-31T18:00:00+00:00,333.5,333.72,333.5,333.7,39450
2026-01-31T19:00:00+00:00,333.68,333.7,333.46,333.6,31260
2026-01-31T20:00:00+00:00,333.6,333.68,333.46,333.62,29970
2026-01-31T23:00:00+00:00,333.94,333.94,333.5,333.64,220
2026-02-01T00:00:00+00:00,333.5,333.82,333.46,333.74,200
2026-02-01T01:00:00+00:00,333.8,333.8,333.5,333.64,200
2026-02-01T02:00:00+00:00,333.6,333.64,333.4,333.58,12390
2026-02-01T03:00:00+00:00,333.58,333.58,333.44,333.48,280
2026-02-01T04:00:00+00:00,333.46,333.7,333.46,333.68,6960
2026-02-01T05:00:00+00:00,333.58,333.68,333.5,333.6,4360
2026-02-01T06:00:00+00:00,333.68,333.68,333.48,333.48,6480
2026-02-01T07:00:00+00:00,333.48,333.64,333.4,333.44,78610
2026-02-01T08:00:00+00:00,333.54,333.62,333.4,333.52,37980
2026-02-01T09:00:00+00:00,333.52,333.58,333.46,333.52,37920
2026-02-01T10:00:00+00:00,333.58,334.26,333.4,334.24,344660
2026-02-01T11:00:00+00:00,334.24,334.24,333.7,334.04,398410
2026-02-01T12:00:00+00:00,334.06,334.08,333.9,333.96,121650
2026-02-01T13:00:00+00:00,333.9,334.02,333.76,333.92,57300
2026-02-01T14:00:00+00:00,333.9,334.02,333.66,333.96,108820
2026-02-01T15:00:00+00:00,333.96,333.96,333.7,333.9,134190
2026-02-01T16:00:00+00:00,334.18,334.18,333.38,333.94,23060
2026-02-01T17:00:00+00:00,333.94,334.08,333.84,334.0,24280
2026-02-01T18:00:00+00:00,334.06,334.12,333.5,333.92,127160
2026-02-01T19:00:00+00:00,333.92,334.0,333.9,333.92,10130
2026-02-01T20:00:00+00:00,333.92,334.18,333.9,334.18,65540
2026-02-02T03:00:00+00:00,333.9,333.9,333.9,333.9,75880
2026-02-02T04:00:00+00:00,333.98,334.28,333.34,333.5,526320
2026-02-02T05:00:00+00:00,333.5,333.72,332.86,332.92,507230
2026-02-02T06:00:00+00:00,332.92,333.2,332.22,332.56,1138100
2026-02-02T07:00:00+00:00,332.58,333.0,331.9,332.86,1332460
2026-02-02T08:00:00+00:00,332.84,332.86,331.6,331.82,817270
2026-02-02T09:00:00+00:00,331.82,333.48,331.6,333.46,1232430
2026-02-02T10:00:00+00:00,333.46,333.68,332.7,332.76,1017140
2026-02-02T11:00:00+00:00,332.76,332.84,332.28,332.68,466640
2026-02-02T12:00:00+00:00,332.66,333.18,332.34,332.7,588260
2026-02-02T13:00:00+00:00,332.68,332.76,331.94,332.14,744490
2026-02-02T14:00:00+00:00,332.14,332.3,331.8,332.0,731450
2026-02-02T15:00:00+00:00,332.02,332.44,332.0,332.28,213090
2026-02-02T16:00:00+00:00,332.34,333.04,332.28,332.76,669290
2026-02-02T17:00:00+00:00,332.74,332.92,332.34,332.38,397360
2026-02-02T18:00:00+00:00,332.34,332.62,332.28,332.44,202190
2026-02-02T19:00:00+00:00,332.44,332.92,332.22,332.84,370090
2026-02-02T20:00:00+00:00,332.9,332.9,332.52,332.88,203210
2026-02-03T03:00:00+00:00,333.1,333.1,333.1,333.1,14720
2026-02-03T04:00:00+00:00,333.2,334.82,333.0,333.86,1085510
2026-02-03T05:00:00+00:00,333.86,334.62,333.64,334.12,591430
2026-02-03T06:00:00+00:00,334.1,334.12,333.72,333.84,506870
2026-02-03T07:00:00+00:00,333.8,338.5,333.3,337.62,7403410
2026-02-03T08:00:00+00:00,337.62,337.8,336.6,336.6,1332180
2026-02-03T09:00:00+00:00,336.62,336.9,336.1,336.54,945340
2026-02-03T10:00:00+00:00,336.54,337.0,336.14,336.24,916280
2026-02-03T11:00:00+00:00,336.24,336.7,335.82,336.16,892240
2026-02-03T12:00:00+00:00,336.16,336.7,335.34,335.68,711190
2026-02-03T13:00:00+00:00,335.68,336.14,335.3,336.06,840060
2026-02-03T14:00:00+00:00,336.06,336.06,335.18,335.52,873440
2026-02-03T15:00:00+00:00,335.54,335.7,335.24,335.58,331410
2026-02-03T16:00:00+00:00,335.56,335.92,335.5,335.54,300520
2026-02-03T17:00:00+00:00,335.52,335.64,335.14,335.14,352500
2026-02-03T18:00:00+00:00,335.18,336.04,335.02,335.8,563060
2026-02-03T19:00:00+00:00,335.8,335.96,335.26,335.32,267920
2026-02-03T20:00:00+00:00,335.32,335.58,335.12,335.56,307030
2026-02-04T03:00:00+00:00,336.16,336.16,336.16,336.16,19020
2026-02-04T04:00:00+00:00,336.1,336.7,335.74,336.38,516700
2026-02-04T05:00:00+00:00,336.38,336.94,336.38,336.66,485100
2026-02-04T06:00:00+00:00,336.66,337.24,336.26,337.2,712120
2026-02-04T07:00:00+00:00,337.2,337.78,336.86,337.26,1312410
2026-02-04T08:00:00+00:00,337.26,337.44,336.72,336.78,857690
2026-02-04T09:00:00+00:00,336.78,336.94,336.32,336.46,1022450
2026-02-04T10:00:00+00:00,336.46,336.7,336.26,336.64,600830
2026-02-04T11:00:00+00:00,336.64,336.74,336.02,336.12,566040
2026-02-04T12:00:00+00:00,336.1,336.74,336.06,336.3,702740
2026-02-04T13:00:00+00:00,336.28,336.34,335.76,336.28,979210
2026-02-04T14:00:00+00:00,336.24,336.46,335.78,336.38,434380
2026-02-04T15:00:00+00:00,336.38,336.4,335.24,335.7,813560
2026-02-04T16:00:00+00:00,335.6,335.78,334.12,334.7,1260180
2026-02-04T17:00:00+00:00,334.6,334.68,332.9,333.28,1280990
2026-02-04T18:00:00+00:00,333.28,333.88,332.96,333.72,347650
2026-02-04T19:00:00+00:00,333.74,333.82,333.54,333.8,97870
2026-02-04T20:00:00+00:00,333.76,334.04,333.62,334.0,229720
2026-02-05T03:00:00+00:00,334.08,334.08,334.08,334.08,14350
2026-02-05T04:00:00+00:00,334.1,334.36,333.56,333.62,576570
2026-02-05T05:00:00+00:00,333.62,333.62,333.1,333.2,336320
2026-02-05T06:00:00+00:00,333.3,333.92,333.14,333.2,702590
2026-02-05T07:00:00+00:00,333.26,334.98,333.0,334.9,1817150
2026-02-05T08:00:00+00:00,334.9,335.8,334.52,335.6,1696520
2026-02-05T09:00:00+00:00,335.56,336.28,334.84,335.24,1273040
2026-02-05T10:00:00+00:00,335.24,335.5,333.7,334.24,1884760
2026-02-05T11:00:00+00:00,334.18,334.18,331.8,332.12,2186320
2026-02-05T12:00:00+00:00,332.12,332.96,331.28,332.34,1608330
2026-02-05T13:00:00+00:00,332.34,333.0,332.0,332.34,1297640
2026-02-05T14:00:00+00:00,332.32,332.4,331.82,332.22,1123220
2026-02-05T15:00:00+00:00,332.2,332.22,330.82,331.6,996130
2026-02-05T16:00:00+00:00,331.54,331.54,330.22,330.4,790790
2026-02-05T17:00:00+00:00,330.4,331.16,330.32,331.08,312580
2026-02-05T18:00:00+00:00,331.08,331.16,330.32,330.48,294820
2026-02-05T19:00:00+00:00,330.48,330.74,330.22,330.4,110970
2026-02-05T20:00:00+00:00,330.44,331.1,330.42,331.06,313870
2026-02-06T03:00:00+00:00,331.06,331.06,331.06,331.06,15290
2026-02-06T04:00:00+00:00,331.06,332.0,330.8,331.78,609980
2026-02-06T05:00:00+00:00,331.7,331.92,331.68,331.88,115150
2026-02-06T06:00:00+00:00,331.84,331.88,331.48,331.7,255560
2026-02-06T07:00:00+00:00,331.7,331.94,330.4,330.6,1094850
2026-02-06T08:00:00+00:00,330.6,330.9,330.4,330.88,449910
2026-02-06T09:00:00+00:00,330.88,331.4,330.5,331.12,651510
2026-02-06T10:00:00+00:00,331.06,332.0,331.0,331.38,1130510
2026-02-06T11:00:00+00:00,331.36,331.52,330.62,330.92,437950
2026-02-06T12:00:00+00:00,330.94,331.58,330.94,331.48,298390
2026-02-06T13:00:00+00:00,331.46,331.64,329.02,329.24,1354610
2026-02-06T14:00:00+00:00,329.24,330.0,328.7,329.26,1114020
2026-02-06T15:00:00+00:00,329.26,330.0,329.0,329.98,866320
2026-02-06T16:00:00+00:00,329.98,330.0,329.42,329.7,195090
2026-02-06T17:00:00+00:00,329.72,329.76,329.3,329.5,164050
2026-02-06T18:00:00+00:00,329.56,329.56,329.14,329.26,222600
2026-02-06T19:00:00+00:00,329.22,329.6,329.22,329.42,153130
2026-02-06T20:00:00+00:00,329.4,329.46,328.2,328.46,640080
2026-02-06T23:00:00+00:00,329.14,329.14,328.48,328.7,2670
2026-02-07T00:00:00+00:00,328.66,329.14,328.66,329.1,12840
2026-02-07T01:00:00+00:00,329.02,329.02,328.68,328.9,6410
2026-02-07T02:00:00+00:00,328.9,328.92,328.68,328.74,4660
2026-02-07T03:00:00+00:00,328.8,328.92,328.7,328.92,7630
2026-02-07T04:00:00+00:00,328.9,328.92,328.7,328.9,11800
2026-02-07T05:00:00+00:00,328.72,328.88,328.7,328.72,19410
2026-02-07T06:00:00+00:00,328.72,328.86,328.72,328.86,30010
2026-02-07T07:00:00+00:00,328.86,329.68,328.66,329.0,132290
2026-02-07T08:00:00+00:00,328.96,329.3,328.96,329.28,103070
2026-02-07T09:00:00+00:00,329.26,329.54,329.16,329.46,117900
2026-02-07T10:00:00+00:00,329.5,329.56,329.34,329.48,91870
2026-02-07T11:00:00+00:00,329.48,329.52,329.24,329.48,49780
2026-02-07T12:00:00+00:00,329.48,329.5,329.18,329.42,42680
2026-02-07T13:00:00+00:00,329.4,329.46,329.2,329.38,63210
2026-02-07T14:00:00+00:00,329.4,329.4,329.16,329.32,51430
2026-02-07T15:00:00+00:00,329.32,329.36,329.16,329.3,84900
2026-02-07T16:00:00+00:00,329.88,329.88,328.76,329.3,39620
2026-02-07T17:00:00+00:00,329.3,329.3,329.08,329.1,10700
2026-02-07T18:00:00+00:00,329.1,329.18,329.02,329.16,7200
2026-02-07T19:00:00+00:00,329.14,329.2,328.94,329.2,46140
2026-02-07T20:00:00+00:00,329.2,329.2,328.92,329.08,23300
2026-02-07T23:00:00+00:00,329.34,329.34,329.0,329.28,3400
2026-02-08T00:00:00+00:00,329.28,329.4,329.08,329.12,1620
2026-02-08T01:00:00+00:00,329.3,329.3,329.16,329.16,130
2026-02-08T02:00:00+00:00,329.3,329.3,329.12,329.2,1230
2026-02-08T03:00:00+00:00,329.26,330.0,329.22,329.96,8650
2026-02-08T04:00:00+00:00,329.3,329.96,329.28,329.8,5280
2026-02-08T05:00:00+00:00,329.78,329.82,329.6,329.74,18960
2026-02-08T06:00:00+00:00,329.6,329.82,329.6,329.7,24100
2026-02-08T07:00:00+00:00,329.7,330.04,329.44,329.7,111580
2026-02-08T08:00:00+00:00,329.7,329.76,329.6,329.62,51170
2026-02-08T09:00:00+00:00,329.62,329.7,329.48,329.58,49870
2026-02-08T10:00:00+00:00,329.58,329.6,329.44,329.6,43320
2026-02-08T11:00:00+00:00,329.6,329.6,329.06,329.16,103720
2026-02-08T12:00:00+00:00,329.16,329.22,329.08,329.22,30800
2026-02-08T13:00:00+00:00,329.2,329.22,329.08,329.08,25150
2026-02-08T14:00:00+00:00,329.1,329.18,329.08,329.16,22280
2026-02-08T15:00:00+00:00,329.1,329.2,329.08,329.16,45670
2026-02-08T16:00:00+00:00,329.5,329.5,329.08,329.1,17050
2026-02-08T17:00:00+00:00,329.16,329.22,329.1,329.16,14140
2026-02-08T18:00:00+00:00,329.16,329.2,329.08,329.16,16420
2026-02-08T19:00:00+00:00,329.18,329.34,329.14,329.2,42280
2026-02-08T20:00:00+00:00,329.2,329.22,329.08,329.16,33460
2026-02-09T03:00:00+00:00,329.66,329.66,329.66,329.66,10010
2026-02-09T04:00:00+00:00,329.64,329.66,328.46,328.66,410360
2026-02-09T05:00:00+00:00,328.66,328.88,328.56,328.56,124550
2026-02-09T06:00:00+00:00,328.58,328.8,327.9,328.48,559950
2026-02-09T07:00:00+00:00,328.4,328.52,327.56,327.78,1257590
2026-02-09T08:00:00+00:00,327.78,328.1,327.12,327.42,1138780
2026-02-09T09:00:00+00:00,327.38,328.3,327.38,327.98,789720
2026-02-09T10:00:00+00:00,327.98,328.24,327.72,327.94,421040
2026-02-09T11:00:00+00:00,327.96,328.7,327.88,328.56,894570
2026-02-09T12:00:00+00:00,328.58,330.38,328.32,330.12,1540010
2026-02-09T13:00:00+00:00,330.12,330.2,329.86,330.0,708120
2026-02-09T14:00:00+00:00,330.0,330.36,329.66,330.3,743830
2026-02-09T15:00:00+00:00,330.3,331.0,329.16,329.6,1169630
2026-02-09T16:00:00+00:00,329.42,329.94,329.38,329.6,220710
2026-02-09T17:00:00+00:00,329.6,329.68,328.92,328.92,223000
2026-02-09T18:00:00+00:00,328.92,329.14,328.7,328.98,108650
2026-02-09T19:00:00+00:00,328.98,329.12,328.84,328.94,80350
2026-02-09T20:00:00+00:00,328.98,329.7,328.92,329.68,210380
2026-02-10T03:00:00+00:00,329.7,329.7,329.7,329.7,14390
2026-02-10T04:00:00+00:00,329.72,330.46,329.3,330.44,527950
2026-02-10T05:00:00+00:00,330.42,330.44,329.54,329.86,297740
2026-02-10T06:00:00+00:00,329.86,329.98,329.54,329.92,240250
2026-02-10T07:00:00+00:00,329.94,331.38,329.7,330.32,1694670
2026-02-10T08:00:00+00:00,330.32,330.36,329.54,329.64,883960
2026-02-10T09:00:00+00:00,329.64,329.84,329.1,329.1,832310
2026-02-10T10:00:00+00:00,329.12,329.42,328.9,329.26,602150
2026-02-10T11:00:00+00:00,329.32,329.72,329.04,329.24,504680
2026-02-10T12:00:00+00:00,329.22,329.78,329.04,329.32,748980
2026-02-10T13:00:00+00:00,329.32,330.24,329.1,330.2,852110
2026-02-10T14:00:00+00:00,330.2,330.7,329.86,330.0,1565110
2026-02-10T15:00:00+00:00,329.94,329.98,329.54,329.54,501090
2026-02-10T16:00:00+00:00,329.6,329.8,328.92,329.6,655570
2026-02-10T17:00:00+00:00,329.6,329.62,328.96,329.14,331460
2026-02-10T18:00:00+00:00,329.2,329.34,328.98,329.34,141570
2026-02-10T19:00:00+00:00,329.34,329.5,329.26,329.34,97190
2026-02-10T20:00:00+00:00,329.34,329.5,329.2,329.38,153980
2026-02-11T03:00:00+00:00,329.6,329.6,329.6,329.6,5350
2026-02-11T04:00:00+00:00,329.62,329.96,329.48,329.78,235640
2026-02-11T05:00:00+00:00,329.78,330.54,329.74,330.34,464230
2026-02-11T06:00:00+00:00,330.32,330.42,329.84,330.12,441690
2026-02-11T07:00:00+00:00,330.12,330.6,329.0,330.12,1703310
2026-02-11T08:00:00+00:00,330.12,330.78,329.9,330.52,719840
2026-02-11T09:00:00+00:00,330.5,332.36,330.22,331.94,2053070
2026-02-11T10:00:00+00:00,331.96,332.1,331.3,331.38,1010420
2026-02-11T11:00:00+00:00,331.34,331.5,330.66,330.78,1030080
2026-02-11T12:00:00+00:00,330.78,333.56,330.76,333.22,2317590
2026-02-11T13:00:00+00:00,333.24,334.1,332.9,333.62,1668350
2026-02-11T14:00:00+00:00,333.6,333.7,332.56,333.3,1421020
2026-02-11T15:00:00+00:00,333.34,333.54,332.52,332.96,779640
2026-02-11T16:00:00+00:00,332.98,333.74,332.98,333.46,493750
2026-02-11T17:00:00+00:00,333.46,333.66,333.22,333.3,189510
2026-02-11T18:00:00+00:00,333.3,333.38,333.06,333.16,207770
2026-02-11T19:00:00+00:00,333.2,333.3,333.02,333.26,139910
2026-02-11T20:00:00+00:00,333.26,333.44,333.08,333.44,309030
2026-02-12T03:00:00+00:00,333.5,333.5,333.5,333.5,28600
2026-02-12T04:00:00+00:00,333.5,333.5,332.8,333.14,305380
2026-02-12T05:00:00+00:00,333.12,333.66,332.98,333.36,116860
2026-02-12T06:00:00+00:00,333.32,333.46,333.2,333.36,221580
2026-02-12T07:00:00+00:00,333.32,333.36,332.56,332.66,695850
2026-02-12T08:00:00+00:00,332.66,333.34,332.24,333.0,875940
2026-02-12T09:00:00+00:00,332.96,334.64,332.78,334.54,2214100
2026-02-12T10:00:00+00:00,334.54,334.86,334.04,334.74,1474070
2026-02-12T11:00:00+00:00,334.74,335.5,334.44,335.32,961040
2026-02-12T12:00:00+00:00,335.32,335.46,334.92,335.26,707530
2026-02-12T13:00:00+00:00,335.22,335.26,334.28,334.34,1097590
2026-02-12T14:00:00+00:00,334.36,334.4,333.86,334.22,1208350
2026-02-12T15:00:00+00:00,334.22,334.5,334.0,334.0,506840
2026-02-12T16:00:00+00:00,334.0,334.32,333.5,333.58,617460
2026-02-12T17:00:00+00:00,333.56,333.86,333.5,333.74,129110
2026-02-12T18:00:00+00:00,333.74,333.8,333.42,333.66,152600
2026-02-12T19:00:00+00:00,333.72,334.3,333.4,333.66,432590
2026-02-12T20:00:00+00:00,333.66,333.88,333.58,333.8,221400
2026-02-13T03:00:00+00:00,333.94,333.94,333.94,333.94,16580
2026-02-13T04:00:00+00:00,333.94,334.24,333.6,333.9,327290
2026-02-13T05:00:00+00:00,333.88,333.96,333.54,333.56,134760
2026-02-13T06:00:00+00:00,333.56,333.72,332.58,332.72,510540
2026-02-13T07:00:00+00:00,332.74,333.56,332.5,333.4,800200
2026-02-13T08:00:00+00:00,333.42,333.82,333.36,333.46,522210
2026-02-13T09:00:00+00:00,333.42,334.58,333.4,334.22,1299650
2026-02-13T10:00:00+00:00,334.24,337.68,333.0,337.3,5622000
2026-02-13T11:00:00+00:00,337.3,337.62,336.4,336.84,1985390
2026-02-13T12:00:00+00:00,336.84,338.14,336.78,337.54,1893010
2026-02-13T13:00:00+00:00,337.54,337.56,336.84,337.18,998840
2026-02-13T14:00:00+00:00,337.2,337.5,336.92,337.18,341390
2026-02-13T15:00:00+00:00,337.22,337.74,337.06,337.32,442080
2026-02-13T16:00:00+00:00,337.34,337.5,337.16,337.36,208400
2026-02-13T17:00:00+00:00,337.34,337.88,337.32,337.78,314390
2026-02-13T18:00:00+00:00,337.78,337.88,337.56,337.84,262170
2026-02-13T19:00:00+00:00,337.84,337.88,337.28,337.68,312690
2026-02-13T20:00:00+00:00,337.7,337.7,337.42,337.7,367420
2026-02-13T23:00:00+00:00,337.04,337.88,337.04,337.86,16330
2026-02-14T00:00:00+00:00,337.86,338.46,337.7,338.38,9150
2026-02-14T01:00:00+00:00,338.3,340.0,337.74,338.88,33910
2026-02-14T02:00:00+00:00,339.06,339.06,338.1,338.12,4050
2026-02-14T03:00:00+00:00,338.12,338.66,338.12,338.36,10100
2026-02-14T04:00:00+00:00,338.26,338.52,337.9,338.16,33040
2026-02-14T05:00:00+00:00,337.94,338.14,337.94,338.1,19900
2026-02-14T06:00:00+00:00,338.0,338.12,338.0,338.02,23290
2026-02-14T07:00:00+00:00,338.02,338.36,338.02,338.16,42310
2026-02-14T08:00:00+00:00,338.26,338.3,338.16,338.24,27600
2026-02-14T09:00:00+00:00,338.24,338.5,338.2,338.32,36830
2026-02-14T10:00:00+00:00,338.48,338.48,338.34,338.44,17360
2026-02-14T11:00:00+00:00,338.38,338.44,338.36,338.44,34310
2026-02-14T12:00:00+00:00,338.44,338.46,338.4,338.42,21290
2026-02-14T13:00:00+00:00,338.42,338.46,338.4,338.4,63710
2026-02-14T14:00:00+00:00,338.42,338.48,338.38,338.42,34480
2026-02-14T15:00:00+00:00,338.42,338.42,338.32,338.34,19490
2026-02-14T16:00:00+00:00,338.34,338.38,338.28,338.38,17400
2026-02-14T17:00:00+00:00,338.34,338.38,338.28,338.28,31560
2026-02-14T18:00:00+00:00,338.28,338.4,338.28,338.3,39930
2026-02-14T19:00:00+00:00,338.28,338.36,338.24,338.3,27340
2026-02-14T20:00:00+00:00,338.3,338.46,338.18,338.46,54880
2026-02-14T23:00:00+00:00,339.4,339.4,338.3,338.34,1560
2026-02-15T00:00:00+00:00,338.34,338.34,338.32,338.32,4810
2026-02-15T01:00:00+00:00,338.32,338.34,337.92,338.32,15790
2026-02-15T02:00:00+00:00,338.1,338.32,338.02,338.3,650
2026-02-15T03:00:00+00:00,338.32,338.32,338.3,338.3,2270
2026-02-15T04:00:00+00:00,338.32,338.34,338.3,338.3,3320
2026-02-15T05:00:00+00:00,338.3,338.4,338.3,338.32,4780
2026-02-15T06:00:00+00:00,338.32,338.4,338.32,338.36,5830
2026-02-15T07:00:00+00:00,338.36,338.48,338.34,338.4,8190
2026-02-15T08:00:00+00:00,338.4,338.68,338.4,338.6,44850
2026-02-15T09:00:00+00:00,338.56,338.64,338.52,338.54,7540
2026-02-15T10:00:00+00:00,338.58,338.6,338.5,338.52,12610
2026-02-15T11:00:00+00:00,338.5,338.52,338.44,338.44,7910
2026-02-15T12:00:00+00:00,338.48,338.5,338.42,338.5,4880
2026-02-15T13:00:00+00:00,338.5,338.52,338.46,338.5,9030
2026-02-15T14:00:00+00:00,338.46,338.54,338.44,338.5,9420
2026-02-15T15:00:00+00:00,338.52,338.52,338.36,338.46,29650
2026-02-15T16:00:00+00:00,338.38,338.46,338.34,338.34,12720
2026-02-15T17:00:00+00:00,338.36,338.52,338.36,338.5,29180
2026-02-15T18:00:00+00:00,338.5,338.58,338.42,338.56,11900
2026-02-15T19:00:00+00:00,338.54,338.54,338.44,338.54,15710
2026-02-15T20:00:00+00:00,338.54,338.56,338.48,338.56,30580
2026-02-16T03:00:00+00:00,338.2,338.2,338.2,338.2,24560
2026-02-16T04:00:00+00:00,338.2,339.86,338.2,339.68,1039560
2026-02-16T05:00:00+00:00,339.66,340.18,339.44,339.72,1122520
2026-02-16T06:00:00+00:00,339.72,341.06,339.48,340.98,1113670
2026-02-16T07:00:00+00:00,340.92,342.06,340.5,341.48,2658760
2026-02-16T08:00:00+00:00,341.48,341.56,340.9,341.12,934440
2026-02-16T09:00:00+00:00,341.1,343.48,341.06,343.36,2485930
2026-02-16T10:00:00+00:00,343.38,345.04,343.36,343.9,3518250
2026-02-16T11:00:00+00:00,343.92,344.22,342.68,343.3,1311180
2026-02-16T12:00:00+00:00,343.3,344.78,343.16,344.6,1313820
2026-02-16T13:00:00+00:00,344.62,347.9,344.48,347.54,4501380
2026-02-16T14:00:00+00:00,347.56,348.84,346.9,347.26,4604030
2026-02-16T15:00:00+00:00,347.26,347.6,346.4,346.5,1981800
2026-02-16T16:00:00+00:00,346.48,347.18,346.22,346.48,733870
2026-02-16T17:00:00+00:00,346.5,347.0,345.96,346.9,525350
2026-02-16T18:00:00+00:00,346.84,346.92,346.34,346.7,272460
2026-02-16T19:00:00+00:00,346.7,346.84,346.34,346.84,397980
2026-02-16T20:00:00+00:00,346.86,349.2,346.84,349.18,1511420
2026-02-17T03:00:00+00:00,349.0,349.0,349.0,349.0,37780
2026-02-17T04:00:00+00:00,349.06,350.18,347.8,348.2,1636750
2026-02-17T05:00:00+00:00,348.24,348.62,347.54,348.2,437340
2026-02-17T06:00:00+00:00,348.2,349.62,347.62,348.84,1264930
2026-02-17T07:00:00+00:00,348.84,349.7,348.02,348.24,1783270
2026-02-17T08:00:00+00:00,348.2,348.4,346.18,347.66,3431800
2026-02-17T09:00:00+00:00,347.66,349.68,347.36,349.04,1730400
2026-02-17T10:00:00+00:00,349.0,349.9,348.88,349.28,1411310
2026-02-17T11:00:00+00:00,349.26,349.84,348.6,348.78,897610
2026-02-17T12:00:00+00:00,348.8,349.12,347.16,347.56,1162000
2026-02-17T13:00:00+00:00,347.54,348.3,346.72,348.02,1453270
2026-02-17T14:00:00+00:00,348.02,349.48,347.96,348.8,1994310
2026-02-17T15:00:00+00:00,348.8,349.4,348.0,348.0,1876320
2026-02-17T16:00:00+00:00,348.04,348.86,348.02,348.34,283730
2026-02-17T17:00:00+00:00,348.34,349.38,348.14,348.68,610310
2026-02-17T18:00:00+00:00,348.68,349.04,348.36,348.76,513770
2026-02-17T19:00:00+00:00,348.74,348.86,348.56,348.74,242940
2026-02-17T20:00:00+00:00,348.76,348.88,348.46,348.76,513770
2026-02-18T03:00:00+00:00,348.7,348.7,348.7,348.7,26150
2026-02-18T04:00:00+00:00,348.7,348.72,347.58,347.84,648320
2026-02-18T05:00:00+00:00,347.88,347.88,347.04,347.26,424010
2026-02-18T06:00:00+00:00,347.3,347.42,346.84,347.12,522880
2026-02-18T07:00:00+00:00,347.12,350.86,346.86,350.52,2512930
2026-02-18T08:00:00+00:00,350.52,351.5,350.08,350.54,4095470
2026-02-18T09:00:00+00:00,350.54,350.94,348.46,348.88,2419850
2026-02-18T10:00:00+00:00,348.88,349.62,348.3,348.88,1320190
2026-02-18T11:00:00+00:00,348.92,349.06,348.04,349.0,911770
2026-02-18T12:00:00+00:00,349.02,350.7,348.74,349.7,1468220
2026-02-18T13:00:00+00:00,349.7,350.22,349.04,350.18,864040
2026-02-18T14:00:00+00:00,350.2,350.24,349.7,349.9,393290
2026-02-18T15:00:00+00:00,349.9,353.48,349.9,352.9,3661740
2026-02-18T16:00:00+00:00,352.88,353.06,352.14,352.42,956260
2026-02-18T17:00:00+00:00,352.44,353.28,352.34,352.72,810510
2026-02-18T18:00:00+00:00,352.72,353.8,352.72,353.78,571680
2026-02-18T19:00:00+00:00,353.76,353.96,352.8,352.92,617610
2026-02-18T20:00:00+00:00,352.92,353.36,352.7,352.88,688320
2026-02-19T03:00:00+00:00,354.3,354.3,354.3,354.3,90860
2026-02-19T04:00:00+00:00,354.3,354.3,353.32,353.64,737410
2026-02-19T05:00:00+00:00,353.6,353.94,353.4,353.42,482640
2026-02-19T06:00:00+00:00,353.42,353.82,353.08,353.56,630250
2026-02-19T07:00:00+00:00,353.56,353.78,351.34,351.72,1674760
2026-02-19T08:00:00+00:00,351.72,352.82,351.36,352.16,1126920
2026-02-19T09:00:00+00:00,352.18,352.74,351.6,351.9,947800
2026-02-19T10:00:00+00:00,351.9,352.5,351.74,352.36,610220
2026-02-19T11:00:00+00:00,352.36,352.5,351.36,351.5,597860
2026-02-19T12:00:00+00:00,351.52,351.54,350.76,351.18,958410
2026-02-19T13:00:00+00:00,351.2,351.64,350.36,351.14,844180
2026-02-19T14:00:00+00:00,351.14,351.8,350.9,351.64,509060
2026-02-19T15:00:00+00:00,351.64,351.7,351.02,351.02,364180
2026-02-19T16:00:00+00:00,351.26,351.5,351.04,351.26,245040
2026-02-19T17:00:00+00:00,351.26,351.54,351.1,351.16,312470
2026-02-19T18:00:00+00:00,351.14,351.44,351.12,351.34,185330
2026-02-19T19:00:00+00:00,351.34,351.38,351.2,351.24,90470
2026-02-19T20:00:00+00:00,351.24,351.34,351.1,351.28,280650
2026-02-20T03:00:00+00:00,351.26,351.26,351.26,351.26,8320
2026-02-20T04:00:00+00:00,351.24,351.4,350.52,350.78,341870
2026-02-20T05:00:00+00:00,350.8,351.1,350.78,350.92,73450
2026-02-20T06:00:00+00:00,350.92,351.88,350.9,351.6,436210
2026-02-20T07:00:00+00:00,351.6,352.96,351.32,352.3,801940
2026-02-20T08:00:00+00:00,352.34,352.66,351.52,351.76,634950
2026-02-20T09:00:00+00:00,351.76,351.8,348.84,350.3,1537680
2026-02-20T10:00:00+00:00,350.28,350.28,348.1,350.0,2191150
2026-02-20T11:00:00+00:00,350.0,350.58,349.76,350.54,617910
2026-02-20T12:00:00+00:00,350.58,352.08,350.54,351.94,811470
2026-02-20T13:00:00+00:00,351.92,352.06,351.34,351.9,521760
2026-02-20T14:00:00+00:00,351.86,352.18,350.8,350.94,765780
2026-02-20T15:00:00+00:00,350.94,351.32,350.44,351.08,498160
2026-02-20T16:00:00+00:00,351.06,351.1,350.28,350.86,382800
2026-02-20T17:00:00+00:00,350.86,350.86,350.42,350.5,158110
2026-02-20T18:00:00+00:00,350.54,351.0,350.5,350.98,132380
2026-02-20T19:00:00+00:00,350.98,350.98,350.72,350.86,119290
2026-02-20T20:00:00+00:00,350.88,351.14,350.62,350.88,282410
2026-02-20T23:00:00+00:00,351.08,351.08,350.54,350.92,1150
2026-02-21T00:00:00+00:00,350.92,350.94,350.76,350.94,2090
2026-02-21T01:00:00+00:00,350.94,350.94,350.78,350.82,160
2026-02-21T02:00:00+00:00,350.94,350.94,350.78,350.78,3110
2026-02-21T03:00:00+00:00,350.92,350.92,350.76,350.9,6090
2026-02-21T04:00:00+00:00,350.76,350.9,350.7,350.88,6990
2026-02-21T05:00:00+00:00,350.88,350.9,350.72,350.88,6020
2026-02-21T06:00:00+00:00,350.88,350.92,350.84,350.92,8160
2026-02-21T07:00:00+00:00,350.9,350.98,349.86,350.6,181060
2026-02-21T08:00:00+00:00,350.58,350.74,350.4,350.7,40240
2026-02-21T09:00:00+00:00,350.7,350.7,350.48,350.64,25940
2026-02-21T10:00:00+00:00,350.6,350.68,350.52,350.64,24920
2026-02-21T11:00:00+00:00,350.68,350.68,350.56,350.64,22990
2026-02-21T12:00:00+00:00,350.66,350.7,350.58,350.68,19910
2026-02-21T13:00:00+00:00,350.68,350.7,350.54,350.6,24320
2026-02-21T14:00:00+00:00,350.62,350.64,350.5,350.5,72730
2026-02-21T15:00:00+00:00,350.5,350.6,350.5,350.6,50660
2026-02-21T16:00:00+00:00,350.12,350.66,350.12,350.54,8680
2026-02-21T17:00:00+00:00,350.56,350.6,350.54,350.6,14180
2026-02-21T18:00:00+00:00,350.56,350.6,350.56,350.58,5450
2026-02-21T19:00:00+00:00,350.56,350.6,350.5,350.52,31100
2026-02-21T20:00:00+00:00,350.56,350.6,350.52,350.6,35620
2026-02-21T23:00:00+00:00,351.6,351.6,350.36,350.88,8320
2026-02-22T00:00:00+00:00,350.84,350.84,350.58,350.84,1220
2026-02-22T01:00:00+00:00,350.68,350.84,350.68,350.68,500
2026-02-22T02:00:00+00:00,350.76,350.76,350.68,350.76,830
2026-02-22T03:00:00+00:00,350.68,350.76,350.68,350.7,1920
2026-02-22T04:00:00+00:00,350.7,351.94,350.66,350.8,20750
2026-02-22T05:00:00+00:00,351.0,351.0,350.8,350.94,8370
2026-02-22T06:00:00+00:00,350.94,350.94,350.66,350.92,22580
2026-02-22T07:00:00+00:00,350.98,352.0,350.92,351.94,377720
2026-02-22T08:00:00+00:00,351.94,352.12,351.66,351.78,115950
2026-02-22T09:00:00+00:00,351.8,351.94,351.72,351.82,56790
2026-02-22T10:00:00+00:00,351.82,351.88,351.42,351.7,172810
2026-02-22T11:00:00+00:00,351.66,351.78,351.48,351.62,29640
2026-02-22T12:00:00+00:00,351.62,351.66,351.48,351.62,22380
2026-02-22T13:00:00+00:00,351.62,351.64,351.5,351.56,19440
2026-02-22T14:00:00+00:00,351.56,351.76,351.56,351.66,51040
2026-02-22T15:00:00+00:00,351.68,351.82,351.5,351.8,47670
2026-02-22T16:00:00+00:00,351.98,351.98,351.52,351.8,22560
2026-02-22T17:00:00+00:00,351.7,351.82,351.7,351.76,10240
2026-02-22T18:00:00+00:00,351.76,351.82,351.76,351.8,12510
2026-02-22T19:00:00+00:00,351.8,351.82,351.7,351.8,18120
2026-02-22T20:00:00+00:00,351.8,351.96,351.78,351.96,13960
2026-02-22T23:00:00+00:00,352.48,352.48,351.04,351.7,4530
2026-02-23T00:00:00+00:00,351.8,351.8,351.7,351.7,90
2026-02-23T01:00:00+00:00,351.8,352.22,351.8,352.2,560
2026-02-23T02:00:00+00:00,352.22,352.22,351.8,351.8,500
2026-02-23T03:00:00+00:00,351.9,351.9,351.8,351.9,730
2026-02-23T04:00:00+00:00,351.9,352.04,351.86,352.0,4740
2026-02-23T05:00:00+00:00,352.02,352.18,351.82,352.1,26420
2026-02-23T06:00:00+00:00,352.1,352.2,351.84,351.84,14530
2026-02-23T07:00:00+00:00,351.94,352.48,351.82,352.06,177860
2026-02-23T08:00:00+00:00,352.08,352.12,352.02,352.02,62260
2026-02-23T09:00:00+00:00,352.02,352.02,351.8,351.84,78050
2026-02-23T10:00:00+00:00,351.8,351.88,351.8,351.84,18710
2026-02-23T11:00:00+00:00,351.88,351.9,351.82,351.86,28620
2026-02-23T12:00:00+00:00,351.86,351.96,351.82,351.94,33250
2026-02-23T13:00:00+00:00,351.9,352.26,351.9,352.16,75580
2026-02-23T14:00:00+00:00,352.16,352.16,352.02,352.04,56480
2026-02-23T15:00:00+00:00,352.06,352.36,352.02,352.2,167940
2026-02-23T16:00:00+00:00,352.02,352.3,352.02,352.2,14050
2026-02-23T17:00:00+00:00,352.22,352.3,352.1,352.18,14550
2026-02-23T18:00:00+00:00,352.28,352.42,352.18,352.36,17500
2026-02-23T19:00:00+00:00,352.36,352.46,352.32,352.36,15540
2026-02-23T20:00:00+00:00,352.4,352.44,352.26,352.26,53680
2026-02-24T03:00:00+00:00,352.5,352.5,352.5,352.5,9830
2026-02-24T04:00:00+00:00,352.42,353.86,352.3,353.1,521640
2026-02-24T05:00:00+00:00,353.1,353.6,352.44,353.06,344920
2026-02-24T06:00:00+00:00,353.04,353.3,352.7,353.12,297970
2026-02-24T07:00:00+00:00,353.16,354.18,351.74,353.02,3281550
2026-02-24T08:00:00+00:00,352.98,353.3,352.5,352.6,865350
2026-02-24T09:00:00+00:00,352.66,352.66,351.7,351.92,861550
2026-02-24T10:00:00+00:00,351.96,352.08,350.54,351.18,1617630
2026-02-24T11:00:00+00:00,351.2,351.32,350.8,351.24,576920
2026-02-24T12:00:00+00:00,351.26,351.5,351.16,351.36,270890
2026-02-24T13:00:00+00:00,351.34,351.4,350.74,350.9,838150
2026-02-24T14:00:00+00:00,350.9,351.34,350.66,350.96,547390
2026-02-24T15:00:00+00:00,350.94,351.04,350.6,350.6,203240
2026-02-24T16:00:00+00:00,350.6,350.78,350.22,350.7,367430
2026-02-24T17:00:00+00:00,350.72,350.8,350.56,350.64,117100
2026-02-24T18:00:00+00:00,350.64,350.68,350.42,350.5,118600
2026-02-24T19:00:00+00:00,350.52,350.68,350.4,350.6,135110
2026-02-24T20:00:00+00:00,350.62,350.62,350.32,350.54,305640
2026-02-25T03:00:00+00:00,350.74,350.74,350.74,350.74,7830
2026-02-25T04:00:00+00:00,350.56,351.1,350.4,351.1,243390
2026-02-25T05:00:00+00:00,351.08,351.1,350.74,350.78,142620
2026-02-25T06:00:00+00:00,350.78,351.0,350.68,350.9,175760
2026-02-25T07:00:00+00:00,350.86,351.68,350.72,351.3,1070450
2026-02-25T08:00:00+00:00,351.32,351.58,351.02,351.1,459550
2026-02-25T09:00:00+00:00,351.12,351.38,350.78,351.14,381100
2026-02-25T10:00:00+00:00,351.14,351.16,350.72,350.9,298100
2026-02-25T11:00:00+00:00,350.9,351.1,350.6,350.8,490900
2026-02-25T12:00:00+00:00,350.8,350.86,350.44,350.62,418710
2026-02-25T13:00:00+00:00,350.62,350.68,350.24,350.56,847670
2026-02-25T14:00:00+00:00,350.58,350.7,350.38,350.5,374400
2026-02-25T15:00:00+00:00,350.5,351.12,350.36,350.52,892310
2026-02-25T16:00:00+00:00,350.74,350.92,350.52,350.58,258000
2026-02-25T17:00:00+00:00,350.58,350.8,350.54,350.8,268490
2026-02-25T18:00:00+00:00,350.8,350.86,350.64,350.68,85140
2026-02-25T19:00:00+00:00,350.68,350.68,350.34,350.6,215030
2026-02-25T20:00:00+00:00,350.56,350.58,350.32,350.4,192500
2026-02-26T03:00:00+00:00,350.72,350.72,350.72,350.72,6870
2026-02-26T04:00:00+00:00,350.74,350.98,350.68,350.84,270400
2026-02-26T05:00:00+00:00,350.84,350.94,350.72,350.82,189460
2026-02-26T06:00:00+00:00,350.8,352.3,350.78,352.12,1543020
2026-02-26T07:00:00+00:00,352.04,352.08,351.32,351.64,888020
2026-02-26T08:00:00+00:00,351.66,352.04,351.1,351.4,847100
2026-02-26T09:00:00+00:00,351.38,351.4,350.82,350.9,505270
2026-02-26T10:00:00+00:00,350.96,351.32,350.42,350.8,855290
2026-02-26T11:00:00+00:00,350.8,350.94,350.48,350.7,488080
2026-02-26T12:00:00+00:00,350.7,350.7,350.26,350.5,760090
2026-02-26T13:00:00+00:00,350.5,350.74,350.32,350.66,307900
2026-02-26T14:00:00+00:00,350.68,350.72,348.72,349.08,1695070
2026-02-26T15:00:00+00:00,349.06,349.38,347.7,348.38,908130
2026-02-26T16:00:00+00:00,348.36,348.64,347.76,347.9,365620
2026-02-26T17:00:00+00:00,347.88,348.28,347.34,348.26,406990
2026-02-26T18:00:00+00:00,348.26,348.3,347.8,347.96,159920
2026-02-26T19:00:00+00:00,347.96,348.1,347.9,348.06,169780
2026-02-26T20:00:00+00:00,348.06,348.1,347.86,348.0,278750
2026-02-27T03:00:00+00:00,348.5,348.5,348.5,348.5,44580
2026-02-27T04:00:00+00:00,348.54,348.78,345.36,345.4,1374570
2026-02-27T05:00:00+00:00,345.4,346.4,345.38,346.36,646970
2026-02-27T06:00:00+00:00,346.36,346.68,343.32,344.86,2168670
2026-02-27T07:00:00+00:00,344.84,346.0,344.44,345.88,2654170
2026-02-27T08:00:00+00:00,345.86,346.3,345.68,346.08,580890
2026-02-27T09:00:00+00:00,346.12,346.14,345.06,345.52,664730
2026-02-27T10:00:00+00:00,345.52,345.62,345.18,345.32,382120
2026-02-27T11:00:00+00:00,345.32,347.18,345.22,346.74,772330
2026-02-27T12:00:00+00:00,346.76,346.96,346.16,346.38,419940
2026-02-27T13:00:00+00:00,346.42,346.88,345.32,345.8,854160
2026-02-27T14:00:00+00:00,345.82,346.18,345.6,345.9,549250
2026-02-27T15:00:00+00:00,345.94,346.44,345.86,346.2,262050
2026-02-27T16:00:00+00:00,346.2,346.7,345.9,346.12,324230
2026-02-27T17:00:00+00:00,346.16,346.36,345.88,346.32,217430
2026-02-27T18:00:00+00:00,346.32,347.1,346.2,346.6,770340
2026-02-27T19:00:00+00:00,346.66,346.98,346.28,346.4,187400
2026-02-27T20:00:00+00:00,346.38,346.58,346.22,346.36,235280
2026-02-27T23:00:00+00:00,346.36,346.52,346.1,346.4,900
2026-02-28T00:00:00+00:00,346.38,346.38,346.16,346.38,150
2026-02-28T01:00:00+00:00,346.38,346.46,346.36,346.4,2950
2026-02-28T02:00:00+00:00,346.46,346.46,346.24,346.24,5650
2026-02-28T03:00:00+00:00,346.46,346.5,346.24,346.38,3590
2026-02-28T04:00:00+00:00,346.36,346.7,346.36,346.5,16980
2026-02-28T05:00:00+00:00,346.5,346.68,346.42,346.5,17260
2026-02-28T06:00:00+00:00,346.58,346.7,346.2,346.2,29040
2026-02-28T07:00:00+00:00,346.22,347.24,345.12,345.18,551430
2026-02-28T08:00:00+00:00,345.2,345.78,345.02,345.48,268210
2026-02-28T09:00:00+00:00,345.48,345.48,343.5,344.18,1026270
2026-02-28T10:00:00+00:00,344.18,344.72,343.82,344.3,442130
2026-02-28T11:00:00+00:00,344.32,344.44,343.88,344.28,201500
2026-02-28T12:00:00+00:00,344.3,344.3,343.76,343.86,233110
2026-02-28T13:00:00+00:00,343.86,343.88,343.42,343.88,287690
2026-02-28T14:00:00+00:00,343.84,343.94,343.42,343.62,271690
2026-02-28T15:00:00+00:00,343.5,343.8,343.12,343.72,295270
2026-02-28T16:00:00+00:00,344.0,344.0,343.58,343.72,33160
2026-02-28T17:00:00+00:00,343.74,343.78,343.52,343.58,32000
2026-02-28T18:00:00+00:00,343.64,343.64,343.48,343.5,25990
2026-02-28T19:00:00+00:00,343.54,343.54,343.4,343.42,72390
2026-02-28T20:00:00+00:00,343.4,343.44,342.52,342.52,98620
2026-02-28T23:00:00+00:00,343.6,343.6,342.3,343.2,3560
2026-03-01T00:00:00+00:00,343.2,343.24,343.04,343.16,5710
2026-03-01T01:00:00+00:00,343.24,343.24,343.16,343.16,1800
2026-03-01T02:00:00+00:00,343.2,343.22,343.2,343.22,1730
2026-03-01T03:00:00+00:00,343.2,343.24,343.16,343.16,8500
2026-03-01T04:00:00+00:00,343.2,343.72,343.02,343.34,24400
2026-03-01T05:00:00+00:00,343.68,343.68,343.36,343.4,3960
2026-03-01T06:00:00+00:00,343.58,343.7,343.38,343.62,31020
2026-03-01T07:00:00+00:00,343.62,345.76,343.38,345.42,717520
2026-03-01T08:00:00+00:00,345.44,345.44,345.02,345.02,259880
2026-03-01T09:00:00+00:00,345.04,345.06,344.44,344.78,185080
2026-03-01T10:00:00+00:00,344.66,344.78,344.5,344.64,49300
2026-03-01T11:00:00+00:00,344.64,344.8,344.56,344.68,72080
2026-03-01T12:00:00+00:00,344.68,344.68,344.5,344.66,76220
2026-03-01T13:00:00+00:00,344.66,344.66,344.02,344.18,81550
2026-03-01T14:00:00+00:00,344.18,344.56,343.98,344.52,137470
2026-03-01T15:00:00+00:00,344.52,344.6,344.32,344.6,147690
2026-03-01T16:00:00+00:00,345.06,345.06,344.1,344.2,61040
2026-03-01T17:00:00+00:00,344.14,344.3,343.8,343.88,43880
2026-03-01T18:00:00+00:00,343.88,344.3,343.88,344.16,23960
2026-03-01T19:00:00+00:00,344.24,344.3,344.06,344.1,19800
2026-03-01T20:00:00+00:00,344.24,344.56,344.1,344.56,33920
2026-03-02T03:00:00+00:00,344.62,344.62,344.62,344.62,7610
2026-03-02T04:00:00+00:00,344.68,345.26,343.66,344.2,693270
2026-03-02T05:00:00+00:00,344.14,344.62,343.86,344.5,397570
2026-03-02T06:00:00+00:00,344.5,344.5,343.08,343.82,1211550
2026-03-02T07:00:00+00:00,343.76,345.48,343.18,345.28,1984960
2026-03-02T08:00:00+00:00,345.26,346.0,345.0,345.1,1654800
2026-03-02T09:00:00+00:00,345.08,345.82,344.7,345.82,654380
2026-03-02T10:00:00+00:00,345.82,345.94,344.9,345.64,653500
2026-03-02T11:00:00+00:00,345.68,346.44,345.6,345.9,1074720
2026-03-02T12:00:00+00:00,345.9,346.14,345.52,345.7,345060
2026-03-02T13:00:00+00:00,345.72,345.78,344.3,344.52,835530
2026-03-02T14:00:00+00:00,344.52,344.54,342.32,342.64,2182390
2026-03-02T15:00:00+00:00,342.66,342.92,341.88,342.46,1596810
2026-03-02T16:00:00+00:00,342.42,342.8,340.76,342.6,1375320
2026-03-02T17:00:00+00:00,342.6,343.2,342.38,342.78,320350
2026-03-02T18:00:00+00:00,342.78,342.82,342.34,342.54,103390
2026-03-02T19:00:00+00:00,342.5,342.72,342.46,342.5,99290
2026-03-02T20:00:00+00:00,342.5,342.52,342.2,342.48,285070
2026-03-03T03:00:00+00:00,342.68,342.68,342.68,342.68,24650
2026-03-03T04:00:00+00:00,342.7,342.94,341.66,342.02,441040
2026-03-03T05:00:00+00:00,342.06,342.6,341.66,342.12,248260
2026-03-03T06:00:00+00:00,342.2,342.2,339.5,339.86,1807490
2026-03-03T07:00:00+00:00,339.9,340.48,339.24,340.42,1829000
2026-03-03T08:00:00+00:00,340.42,341.18,340.14,340.36,1230860
2026-03-03T09:00:00+00:00,340.38,340.54,338.5,339.4,1618510
2026-03-03T10:00:00+00:00,339.44,339.44,338.14,338.74,1023170
2026-03-03T11:00:00+00:00,338.74,339.3,338.7,339.1,1019790
2026-03-03T12:00:00+00:00,339.1,339.4,338.84,338.92,590900
2026-03-03T13:00:00+00:00,338.9,338.9,337.76,338.32,1233350
2026-03-03T14:00:00+00:00,338.36,338.86,337.96,338.06,695880
2026-03-03T15:00:00+00:00,338.04,338.38,337.86,337.86,1402870
2026-03-03T16:00:00+00:00,337.98,338.66,337.92,338.62,556730
2026-03-03T17:00:00+00:00,338.64,338.64,337.98,338.32,339260
2026-03-03T18:00:00+00:00,338.32,338.56,338.22,338.28,191160
2026-03-03T19:00:00+00:00,338.26,338.36,338.1,338.34,170530
2026-03-03T20:00:00+00:00,338.34,338.4,338.0,338.32,322380
2026-03-04T03:00:00+00:00,338.54,338.54,338.54,338.54,480
2026-03-04T04:00:00+00:00,338.62,340.2,338.4,339.72,786570
2026-03-04T05:00:00+00:00,339.74,340.1,339.5,339.6,456780
2026-03-04T06:00:00+00:00,339.6,339.68,339.1,339.22,384660
2026-03-04T07:00:00+00:00,339.24,340.4,338.58,340.34,1251530
2026-03-04T08:00:00+00:00,340.34,340.8,339.9,340.5,1982390
2026-03-04T09:00:00+00:00,340.48,340.76,340.2,340.38,649150
2026-03-04T10:00:00+00:00,340.36,340.56,340.12,340.44,532490
2026-03-04T11:00:00+00:00,340.48,340.5,339.7,339.92,734100
2026-03-04T12:00:00+00:00,339.94,340.5,339.92,340.38,451300
2026-03-04T13:00:00+00:00,340.36,340.5,338.94,339.0,1173550
2026-03-04T14:00:00+00:00,339.0,339.02,336.54,337.1,2208340
2026-03-04T15:00:00+00:00,337.1,338.12,337.1,337.7,1473430
2026-03-04T16:00:00+00:00,337.68,338.4,337.48,338.28,434570
2026-03-04T17:00:00+00:00,338.18,338.4,338.1,338.22,129590
2026-03-04T18:00:00+00:00,338.22,338.22,337.36,337.52,271940
2026-03-04T19:00:00+00:00,337.52,337.56,337.16,337.28,173890
2026-03-04T20:00:00+00:00,337.24,337.8,336.92,337.8,399380
2026-03-05T03:00:00+00:00,338.38,338.38,338.38,338.38,20710
2026-03-05T04:00:00+00:00,338.38,339.54,338.0,338.92,575350
2026-03-05T05:00:00+00:00,338.94,339.2,338.68,338.84,293640
2026-03-05T06:00:00+00:00,338.8,339.0,338.16,338.68,631470
2026-03-05T07:00:00+00:00,338.68,338.98,338.0,338.72,657170
2026-03-05T08:00:00+00:00,338.72,338.92,338.0,338.1,409050
2026-03-05T09:00:00+00:00,338.1,339.52,337.6,339.46,2029260
2026-03-05T10:00:00+00:00,339.46,340.38,339.2,340.26,1078840
2026-03-05T11:00:00+00:00,340.26,342.0,340.2,341.56,1817230
2026-03-05T12:00:00+00:00,341.56,341.82,340.76,341.24,1123080
2026-03-05T13:00:00+00:00,341.26,341.94,341.06,341.76,605420
2026-03-05T14:00:00+00:00,341.74,342.38,341.26,341.4,999680
2026-03-05T15:00:00+00:00,341.4,341.46,340.94,341.4,538830
2026-03-05T16:00:00+00:00,341.44,341.5,340.94,341.26,224460
2026-03-05T17:00:00+00:00,341.26,341.58,341.14,341.58,169740
2026-03-05T18:00:00+00:00,341.58,341.58,340.82,340.98,376290
2026-03-05T19:00:00+00:00,340.96,341.32,340.9,341.06,142910
2026-03-05T20:00:00+00:00,341.08,341.46,340.86,341.46,332810
2026-03-06T03:00:00+00:00,341.82,341.82,341.82,341.82,6330
2026-03-06T04:00:00+00:00,341.82,342.18,341.22,341.92,323950
2026-03-06T05:00:00+00:00,341.92,341.92,341.38,341.82,113720
2026-03-06T06:00:00+00:00,341.8,341.88,341.42,341.48,241020
2026-03-06T07:00:00+00:00,341.5,341.76,341.2,341.72,639840
2026-03-06T08:00:00+00:00,341.7,342.32,341.3,341.46,964390
2026-03-06T09:00:00+00:00,341.48,341.48,339.84,340.2,1088160
2026-03-06T10:00:00+00:00,340.2,340.24,339.22,339.3,1047540
2026-03-06T11:00:00+00:00,339.3,339.66,338.32,338.48,1315480
2026-03-06T12:00:00+00:00,338.46,339.2,337.82,338.86,1290840
2026-03-06T13:00:00+00:00,338.86,339.08,338.44,338.5,958610
2026-03-06T14:00:00+00:00,338.54,338.86,337.68,338.02,1374370
2026-03-06T15:00:00+00:00,338.02,338.56,338.0,338.34,271310
2026-03-06T16:00:00+00:00,338.44,338.52,338.02,338.26,308560
2026-03-06T17:00:00+00:00,338.28,338.5,338.0,338.1,275720
2026-03-06T18:00:00+00:00,338.1,338.44,337.94,338.44,176510
2026-03-06T19:00:00+00:00,338.42,338.44,337.88,337.96,243030
2026-03-06T20:00:00+00:00,337.98,337.98,337.62,337.68,384120
2026-03-06T23:00:00+00:00,337.76,337.98,336.68,337.88,7380
2026-03-07T00:00:00+00:00,337.84,337.84,337.44,337.78,1530
2026-03-07T01:00:00+00:00,337.78,338.44,337.78,338.06,6940
2026-03-07T02:00:00+00:00,338.34,338.38,338.0,338.18,750
2026-03-07T03:00:00+00:00,338.2,338.36,338.04,338.2,18160
2026-03-07T04:00:00+00:00,338.04,338.2,337.82,337.88,14880
2026-03-07T05:00:00+00:00,337.84,338.08,337.84,338.04,11760
2026-03-07T06:00:00+00:00,338.08,338.18,338.0,338.08,27970
2026-03-07T07:00:00+00:00,338.08,338.14,337.94,337.94,36940
2026-03-07T08:00:00+00:00,337.94,338.04,337.84,338.0,59730
2026-03-07T09:00:00+00:00,338.0,338.06,337.98,338.0,14120
2026-03-07T10:00:00+00:00,338.06,338.06,337.98,337.98,12790
2026-03-07T11:00:00+00:00,337.98,337.98,337.96,337.98,22390
2026-03-07T12:00:00+00:00,337.96,337.98,337.9,337.96,17460
2026-03-07T13:00:00+00:00,337.96,337.96,337.88,337.9,13820
2026-03-07T14:00:00+00:00,337.88,337.96,337.84,337.84,17260
2026-03-07T15:00:00+00:00,337.84,337.9,337.84,337.9,7050
2026-03-07T16:00:00+00:00,337.9,337.92,337.8,337.82,21090
2026-03-07T17:00:00+00:00,337.82,337.9,337.7,337.7,38270
2026-03-07T18:00:00+00:00,337.84,337.88,337.68,337.74,39960
2026-03-07T19:00:00+00:00,337.74,337.8,337.7,337.8,14310
2026-03-07T20:00:00+00:00,337.72,337.78,337.52,337.74,41690
2026-03-07T23:00:00+00:00,337.0,338.06,336.52,337.96,14780
2026-03-08T00:00:00+00:00,337.68,337.92,337.66,337.9,420
2026-03-08T01:00:00+00:00,337.7,337.84,337.6,337.76,6080
2026-03-08T02:00:00+00:00,337.76,337.78,337.6,337.68,980
2026-03-08T03:00:00+00:00,337.7,337.72,337.6,337.72,2590
2026-03-08T04:00:00+00:00,337.7,337.72,337.62,337.68,2870
2026-03-08T05:00:00+00:00,337.7,337.76,337.66,337.76,4090
2026-03-08T06:00:00+00:00,337.76,337.78,337.68,337.76,6040
2026-03-08T07:00:00+00:00,337.72,337.88,337.72,337.88,12290
2026-03-08T08:00:00+00:00,337.88,337.88,337.72,337.82,15090
2026-03-08T09:00:00+00:00,337.74,337.82,337.74,337.8,5140
2026-03-08T10:00:00+00:00,337.8,337.82,337.76,337.76,18780
2026-03-08T11:00:00+00:00,337.8,338.0,337.76,337.92,13210
2026-03-08T12:00:00+00:00,338.0,338.1,337.92,338.04,23250
2026-03-08T13:00:00+00:00,338.0,338.2,338.0,338.1,15830
2026-03-08T14:00:00+00:00,338.1,338.22,338.06,338.2,11720
2026-03-08T15:00:00+00:00,338.2,338.2,338.06,338.16,14920
2026-03-08T16:00:00+00:00,338.04,338.16,337.96,338.06,29440
2026-03-08T17:00:00+00:00,338.06,338.06,337.9,337.9,7000
2026-03-08T18:00:00+00:00,338.0,338.2,337.9,338.0,15800
2026-03-08T19:00:00+00:00,338.1,338.2,338.0,338.12,5350
2026-03-08T20:00:00+00:00,338.0,338.2,338.0,338.2,17000
2026-03-09T03:00:00+00:00,337.68,337.68,337.68,337.68,2360
2026-03-09T04:00:00+00:00,337.9,338.38,309.0,337.56,1183260
2026-03-09T05:00:00+00:00,337.56,339.0,337.4,338.52,838820
2026-03-09T06:00:00+00:00,338.52,338.52,336.84,337.48,1273180
2026-03-09T07:00:00+00:00,337.46,339.66,337.26,339.48,1046150
2026-03-09T08:00:00+00:00,339.48,339.52,338.8,338.94,591670
2026-03-09T09:00:00+00:00,338.92,339.0,338.46,338.66,546570
2026-03-09T10:00:00+00:00,338.66,338.66,338.12,338.28,294540
2026-03-09T11:00:00+00:00,338.28,338.54,338.06,338.24,224480
2026-03-09T12:00:00+00:00,338.24,338.7,338.1,338.52,249540
2026-03-09T13:00:00+00:00,338.52,338.76,337.84,338.24,632950
2026-03-09T14:00:00+00:00,338.22,338.48,337.7,338.26,378100
2026-03-09T15:00:00+00:00,338.24,339.88,338.06,339.5,935150
2026-03-09T16:00:00+00:00,339.44,340.54,338.86,339.7,1250470
2026-03-09T17:00:00+00:00,339.7,339.7,339.12,339.24,89790
2026-03-09T18:00:00+00:00,339.26,339.34,338.96,339.24,133250
2026-03-09T19:00:00+00:00,339.24,341.8,338.92,341.68,1649200
2026-03-09T20:00:00+00:00,341.68,343.22,341.38,343.2,1297390
2026-03-10T03:00:00+00:00,342.96,342.96,342.96,342.96,43210
2026-03-10T04:00:00+00:00,342.96,343.84,341.24,342.82,1233180
2026-03-10T05:00:00+00:00,342.82,342.82,342.26,342.74,231590
2026-03-10T06:00:00+00:00,342.7,344.22,342.38,343.8,1377110
2026-03-10T07:00:00+00:00,343.8,345.44,343.56,344.46,1807090
2026-03-10T08:00:00+00:00,344.42,345.62,343.88,344.0,1419910
2026-03-10T09:00:00+00:00,343.98,344.78,343.68,344.28,744150
2026-03-10T10:00:00+00:00,344.26,344.54,343.98,344.36,341780
2026-03-10T11:00:00+00:00,344.36,344.36,343.14,343.42,618530
2026-03-10T12:00:00+00:00,343.4,344.48,342.24,342.3,1357610
2026-03-10T13:00:00+00:00,342.28,342.28,340.86,341.0,1653980
2026-03-10T14:00:00+00:00,341.0,341.0,339.36,339.82,1858480
2026-03-10T15:00:00+00:00,339.8,340.9,339.32,339.8,1244330
2026-03-10T16:00:00+00:00,339.78,340.64,337.5,337.68,1701600
2026-03-10T17:00:00+00:00,337.68,338.74,336.92,338.4,2352940
2026-03-10T18:00:00+00:00,338.48,338.8,337.98,338.5,514600
2026-03-10T19:00:00+00:00,338.5,338.72,338.38,338.48,217460
2026-03-10T20:00:00+00:00,338.46,338.9,338.06,338.9,291410
2026-03-11T03:00:00+00:00,338.9,338.9,338.9,338.9,31600
2026-03-11T04:00:00+00:00,338.92,339.78,338.72,339.4,457590
2026-03-11T05:00:00+00:00,339.4,339.84,339.32,339.5,190090
2026-03-11T06:00:00+00:00,339.48,340.12,339.06,339.64,446420
2026-03-11T07:00:00+00:00,339.7,339.96,339.2,339.86,401610
2026-03-11T08:00:00+00:00,339.86,339.9,339.22,339.56,482740
2026-03-11T09:00:00+00:00,339.58,339.68,338.24,338.24,1109380
2026-03-11T10:00:00+00:00,338.24,338.56,337.84,338.1,569950
2026-03-11T11:00:00+00:00,338.1,338.48,338.1,338.34,322390
2026-03-11T12:00:00+00:00,338.34,338.42,337.54,338.1,933270
2026-03-11T13:00:00+00:00,338.06,338.32,337.34,337.52,820060
2026-03-11T14:00:00+00:00,337.52,337.92,336.98,337.26,1089860
2026-03-11T15:00:00+00:00,337.26,337.52,336.98,337.1,527980
2026-03-11T16:00:00+00:00,337.1,337.14,336.8,336.8,448120
2026-03-11T17:00:00+00:00,336.82,337.0,336.5,336.78,346450
2026-03-11T18:00:00+00:00,336.78,337.0,336.44,336.98,289910
2026-03-11T19:00:00+00:00,336.98,337.0,336.86,336.94,101990
2026-03-11T20:00:00+00:00,336.94,337.58,336.84,337.46,339300
2026-03-12T03:00:00+00:00,337.5,337.5,337.5,337.5,34440
2026-03-12T04:00:00+00:00,337.5,337.78,336.86,336.86,506750
2026-03-12T05:00:00+00:00,336.94,337.4,336.72,337.2,172150
2026-03-12T06:00:00+00:00,337.2,337.44,337.06,337.38,211620
2026-03-12T07:00:00+00:00,337.26,338.6,337.18,338.22,1565740
2026-03-12T08:00:00+00:00,338.24,338.4,337.3,337.98,910120
2026-03-12T09:00:00+00:00,337.94,337.96,336.74,336.78,829020
2026-03-12T10:00:00+00:00,336.78,337.1,336.54,337.04,738430
2026-03-12T11:00:00+00:00,337.02,337.28,336.7,336.9,641380
2026-03-12T12:00:00+00:00,336.92,337.5,336.6,337.38,700520
2026-03-12T13:00:00+00:00,337.38,338.28,337.32,338.06,1007130
2026-03-12T14:00:00+00:00,338.06,339.16,337.62,337.64,1178900
2026-03-12T15:00:00+00:00,337.64,338.0,337.28,337.54,396850
2026-03-12T16:00:00+00:00,337.5,337.7,337.0,337.4,280840
2026-03-12T17:00:00+00:00,337.38,337.48,337.22,337.34,159000
2026-03-12T18:00:00+00:00,337.34,337.72,337.3,337.66,142940
2026-03-12T19:00:00+00:00,337.66,338.12,337.62,337.86,228560
2026-03-12T20:00:00+00:00,337.84,337.86,337.3,337.52,207350
2026-03-13T03:00:00+00:00,338.1,338.1,338.1,338.1,8040
2026-03-13T04:00:00+00:00,337.8,338.66,337.76,338.5,247880
2026-03-13T05:00:00+00:00,338.64,339.84,338.46,339.5,477010
2026-03-13T06:00:00+00:00,339.5,339.56,338.76,339.32,479130
2026-03-13T07:00:00+00:00,339.3,340.86,339.28,340.4,1549220
2026-03-13T08:00:00+00:00,340.42,341.42,340.24,340.7,1239120
2026-03-13T09:00:00+00:00,340.7,341.0,340.14,340.4,528650
2026-03-13T10:00:00+00:00,340.4,340.5,339.66,339.88,408540
2026-03-13T11:00:00+00:00,339.86,339.94,339.38,339.76,489630
2026-03-13T12:00:00+00:00,339.76,340.2,338.42,338.92,1015460
2026-03-13T13:00:00+00:00,338.9,338.94,338.64,338.8,341060
2026-03-13T14:00:00+00:00,338.8,338.94,338.68,338.84,272900
2026-03-13T15:00:00+00:00,338.82,339.14,338.58,339.14,258060
2026-03-13T16:00:00+00:00,338.94,339.14,338.46,338.56,224910
2026-03-13T17:00:00+00:00,338.54,338.56,337.72,337.8,699280
2026-03-13T18:00:00+00:00,337.8,338.06,337.76,338.02,156850
2026-03-13T19:00:00+00:00,338.04,338.16,337.62,337.7,206020
2026-03-13T20:00:00+00:00,337.66,337.82,337.5,337.66,282420
2026-03-13T23:00:00+00:00,337.7,338.2,337.7,337.88,18820
2026-03-14T00:00:00+00:00,337.92,338.34,337.92,338.28,3050
2026-03-14T01:00:00+00:00,338.28,338.32,337.92,338.16,3510
2026-03-14T02:00:00+00:00,338.16,338.16,337.9,337.9,2050
2026-03-14T03:00:00+00:00,338.04,338.04,337.52,337.98,17180
2026-03-14T04:00:00+00:00,337.84,337.96,337.56,337.64,11520
2026-03-14T05:00:00+00:00,337.78,337.84,337.66,337.8,16460
2026-03-14T06:00:00+00:00,337.8,337.88,337.7,337.88,11190
2026-03-14T07:00:00+00:00,337.88,338.36,337.68,338.28,100860
2026-03-14T08:00:00+00:00,338.28,338.5,338.26,338.4,68820
2026-03-14T09:00:00+00:00,338.4,338.4,338.2,338.34,60410
2026-03-14T10:00:00+00:00,338.32,338.34,338.16,338.18,36590
2026-03-14T11:00:00+00:00,338.16,338.3,338.0,338.3,46410
2026-03-14T12:00:00+00:00,338.26,338.32,338.14,338.3,31140
2026-03-14T13:00:00+00:00,338.24,338.3,338.22,338.26,19810
2026-03-14T14:00:00+00:00,338.24,338.34,338.16,338.34,43420
2026-03-14T15:00:00+00:00,338.34,338.42,338.28,338.4,44910
2026-03-14T16:00:00+00:00,338.94,338.94,338.34,338.38,18970
2026-03-14T17:00:00+00:00,338.38,338.4,338.1,338.24,22060
2026-03-14T18:00:00+00:00,338.24,338.34,338.12,338.24,25040
2026-03-14T19:00:00+00:00,338.24,338.24,338.12,338.22,23500
2026-03-14T20:00:00+00:00,338.22,338.3,338.08,338.18,36350
2026-03-14T23:00:00+00:00,338.1,338.38,338.1,338.36,1460
2026-03-15T00:00:00+00:00,338.3,338.3,338.16,338.18,420
2026-03-15T01:00:00+00:00,338.3,338.3,338.18,338.18,2090
2026-03-15T02:00:00+00:00,338.3,338.3,338.18,338.18,1290
2026-03-15T03:00:00+00:00,338.28,338.3,338.18,338.28,5280
2026-03-15T04:00:00+00:00,338.3,339.0,338.22,338.9,24210
2026-03-15T05:00:00+00:00,338.88,338.9,338.36,338.66,22140
2026-03-15T06:00:00+00:00,338.66,338.66,338.38,338.4,32190
2026-03-15T07:00:00+00:00,338.5,338.98,338.4,338.74,141700
2026-03-15T08:00:00+00:00,338.74,338.9,338.68,338.72,49020
2026-03-15T09:00:00+00:00,338.72,338.86,338.64,338.7,28740
2026-03-15T10:00:00+00:00,338.78,338.78,338.62,338.76,13200
2026-03-15T11:00:00+00:00,338.76,338.8,338.66,338.76,27820
2026-03-15T12:00:00+00:00,338.8,338.8,338.7,338.8,20190
2026-03-15T13:00:00+00:00,338.8,338.8,338.66,338.72,21820
2026-03-15T14:00:00+00:00,338.68,338.8,338.62,338.68,63550
2026-03-15T15:00:00+00:00,338.78,339.24,338.68,339.2,129750
2026-03-15T16:00:00+00:00,339.9,339.9,338.88,339.08,28470
2026-03-15T17:00:00+00:00,339.08,339.1,339.04,339.04,7180
2026-03-15T18:00:00+00:00,339.04,339.26,339.04,339.26,17340
2026-03-15T19:00:00+00:00,339.26,339.28,339.04,339.18,26200
2026-03-15T20:00:00+00:00,339.16,339.5,339.16,339.5,61400
2026-03-16T03:00:00+00:00,339.8,339.8,339.8,339.8,5870
2026-03-16T04:00:00+00:00,339.82,340.48,339.74,340.12,503300
2026-03-16T05:00:00+00:00,340.12,340.4,340.0,340.14,226150
2026-03-16T06:00:00+00:00,340.14,340.14,339.44,339.56,553140
2026-03-16T07:00:00+00:00,339.54,340.84,339.32,339.74,1555210
2026-03-16T08:00:00+00:00,339.78,340.02,339.1,339.12,664480
2026-03-16T09:00:00+00:00,339.14,339.42,338.8,339.28,800790
2026-03-16T10:00:00+00:00,339.28,339.4,339.14,339.3,270870
2026-03-16T11:00:00+00:00,339.28,339.48,339.1,339.1,270110
2026-03-16T12:00:00+00:00,339.1,339.2,338.14,338.16,800560
2026-03-16T13:00:00+00:00,338.16,338.3,337.38,337.66,883600
2026-03-16T14:00:00+00:00,337.62,338.26,337.56,338.06,591630
2026-03-16T15:00:00+00:00,338.06,338.42,337.94,338.42,305260
2026-03-16T16:00:00+00:00,338.44,338.7,337.98,338.4,466560
2026-03-16T17:00:00+00:00,338.36,338.4,338.1,338.16,85740
2026-03-16T18:00:00+00:00,338.18,338.22,338.0,338.14,71690
2026-03-16T19:00:00+00:00,338.14,338.36,338.12,338.2,75700
2026-03-16T20:00:00+00:00,338.22,338.24,338.08,338.2,164860
2026-03-17T03:00:00+00:00,338.4,338.4,338.4,338.4,18800
2026-03-17T04:00:00+00:00,338.46,339.06,338.3,338.84,333850
2026-03-17T05:00:00+00:00,338.82,338.94,338.7,338.94,143310
2026-03-17T06:00:00+00:00,338.92,338.94,338.0,338.3,407100
2026-03-17T07:00:00+00:00,338.36,338.42,338.06,338.16,370500
2026-03-17T08:00:00+00:00,338.18,338.4,338.04,338.26,544450
2026-03-17T09:00:00+00:00,338.26,338.36,337.8,337.84,475620
2026-03-17T10:00:00+00:00,337.84,337.92,337.6,337.82,464980
2026-03-17T11:00:00+00:00,337.8,337.92,336.72,337.5,1349870
2026-03-17T12:00:00+00:00,337.48,337.64,337.12,337.3,397790
2026-03-17T13:00:00+00:00,337.3,337.36,334.72,336.2,3825690
2026-03-17T14:00:00+00:00,336.2,336.46,335.3,335.58,1110450
2026-03-17T15:00:00+00:00,335.58,335.7,334.8,335.4,1313750
2026-03-17T16:00:00+00:00,335.32,335.9,335.2,335.84,371190
2026-03-17T17:00:00+00:00,335.84,335.96,335.72,335.72,128940
2026-03-17T18:00:00+00:00,335.72,335.84,335.56,335.62,158260
2026-03-17T19:00:00+00:00,335.62,335.78,335.5,335.78,112230
2026-03-17T20:00:00+00:00,335.74,335.8,335.48,335.68,295310
2026-03-18T03:00:00+00:00,335.88,335.88,335.88,335.88,21080
2026-03-18T04:00:00+00:00,335.86,335.88,335.04,335.54,303760
2026-03-18T05:00:00+00:00,335.5,335.94,335.48,335.78,274010
2026-03-18T06:00:00+00:00,335.76,336.48,335.4,336.32,986340
2026-03-18T07:00:00+00:00,336.3,337.58,336.0,337.3,1391800
2026-03-18T08:00:00+00:00,337.32,337.5,336.66,336.96,1164840
2026-03-18T09:00:00+00:00,336.98,337.3,336.82,336.94,847140
2026-03-18T10:00:00+00:00,336.94,337.16,336.48,336.52,644550
2026-03-18T11:00:00+00:00,336.56,337.04,336.24,336.38,550870
2026-03-18T12:00:00+00:00,336.3,336.58,335.8,335.9,1039250
2026-03-18T13:00:00+00:00,335.92,335.94,333.74,333.9,2115500
2026-03-18T14:00:00+00:00,333.9,334.62,333.88,334.36,928960
2026-03-18T15:00:00+00:00,334.38,334.62,334.02,334.26,350400
2026-03-18T16:00:00+00:00,334.44,335.0,334.28,334.82,343670
2026-03-18T17:00:00+00:00,334.92,334.94,334.44,334.66,189750
2026-03-18T18:00:00+00:00,334.62,334.78,334.48,334.52,137220
2026-03-18T19:00:00+00:00,334.5,334.7,334.22,334.3,350400
2026-03-18T20:00:00+00:00,334.24,334.5,333.96,334.3,460060
2026-03-19T03:00:00+00:00,334.72,334.72,334.72,334.72,13190
2026-03-19T04:00:00+00:00,334.72,335.56,334.4,335.14,453820
2026-03-19T05:00:00+00:00,335.28,335.46,335.22,335.44,152530
2026-03-19T06:00:00+00:00,335.42,335.42,334.56,334.98,538850
2026-03-19T07:00:00+00:00,334.92,335.4,334.02,334.76,2538580
2026-03-19T08:00:00+00:00,334.76,335.8,334.66,335.14,1307490
2026-03-19T09:00:00+00:00,335.14,335.14,334.34,334.38,1134390
2026-03-19T10:00:00+00:00,334.38,334.64,333.66,333.98,1543450
2026-03-19T11:00:00+00:00,333.98,334.68,333.16,334.58,1637900
2026-03-19T12:00:00+00:00,334.56,334.76,333.0,333.22,2595760
2026-03-19T13:00:00+00:00,333.26,333.72,332.04,332.1,2169480
2026-03-19T14:00:00+00:00,332.14,333.46,331.12,332.96,3348950
2026-03-19T15:00:00+00:00,332.94,333.18,332.52,332.6,491020
2026-03-19T16:00:00+00:00,332.62,332.86,332.02,332.1,611730
2026-03-19T17:00:00+00:00,332.12,332.6,332.1,332.4,130380
2026-03-19T18:00:00+00:00,332.4,333.02,332.38,332.9,232500
2026-03-19T19:00:00+00:00,332.88,333.2,332.74,333.14,346190
2026-03-19T20:00:00+00:00,333.14,333.24,332.5,332.92,320410
2026-03-20T03:00:00+00:00,333.2,333.2,333.2,333.2,4620
2026-03-20T04:00:00+00:00,333.2,333.74,333.14,333.68,314880
2026-03-20T05:00:00+00:00,333.68,334.0,333.44,333.8,228110
2026-03-20T06:00:00+00:00,333.78,334.88,333.68,334.48,840910
2026-03-20T07:00:00+00:00,334.48,340.3,334.3,336.94,3611150
2026-03-20T08:00:00+00:00,336.94,337.74,336.46,337.64,1483170
2026-03-20T09:00:00+00:00,337.68,337.96,336.08,336.44,926330
2026-03-20T10:00:00+00:00,336.44,338.08,334.7,335.6,2779840
2026-03-20T11:00:00+00:00,335.6,336.08,334.6,335.04,774620
2026-03-20T12:00:00+00:00,335.08,335.2,333.76,334.66,1016840
2026-03-20T13:00:00+00:00,334.68,334.68,333.96,334.1,359190
2026-03-20T14:00:00+00:00,334.08,334.26,333.34,334.18,701090
2026-03-20T15:00:00+00:00,334.14,334.32,333.36,333.5,809880
2026-03-20T16:00:00+00:00,333.52,333.9,333.46,333.8,131920
2026-03-20T17:00:00+00:00,333.78,334.08,333.78,334.04,140350
2026-03-20T18:00:00+00:00,334.02,334.1,333.8,333.82,188560
2026-03-20T19:00:00+00:00,333.82,334.0,333.56,333.6,152330
2026-03-20T20:00:00+00:00,333.56,333.78,333.02,333.78,297010
2026-03-20T23:00:00+00:00,333.58,334.52,333.28,333.82,1430
2026-03-21T00:00:00+00:00,333.82,334.02,333.8,333.82,1040
2026-03-21T01:00:00+00:00,334.0,334.0,333.82,334.0,480
2026-03-21T02:00:00+00:00,334.0,334.02,333.82,333.98,1590
2026-03-21T03:00:00+00:00,333.84,334.0,333.8,333.98,25330
2026-03-21T04:00:00+00:00,333.84,334.0,333.8,333.92,5140
2026-03-21T05:00:00+00:00,334.0,334.0,333.82,333.9,14410
2026-03-21T06:00:00+00:00,333.9,333.96,333.82,333.84,31750
2026-03-21T07:00:00+00:00,333.84,334.0,333.82,333.88,40010
2026-03-21T08:00:00+00:00,333.98,334.02,333.86,333.96,14970
2026-03-21T09:00:00+00:00,333.96,333.98,333.9,333.94,5420
2026-03-21T10:00:00+00:00,333.94,333.96,333.88,333.94,8570
2026-03-21T11:00:00+00:00,333.92,333.92,333.86,333.92,8610
2026-03-21T12:00:00+00:00,333.92,333.94,333.86,333.9,8730
2026-03-21T13:00:00+00:00,333.9,333.92,333.84,333.9,10380
2026-03-21T14:00:00+00:00,333.9,333.9,333.82,333.84,11250
2026-03-21T15:00:00+00:00,333.84,333.9,333.8,333.8,46000
2026-03-21T16:00:00+00:00,333.8,333.9,333.62,333.78,11610
2026-03-21T17:00:00+00:00,333.78,333.9,333.78,333.88,8790
2026-03-21T18:00:00+00:00,333.78,333.88,333.78,333.84,9920
2026-03-21T19:00:00+00:00,333.8,333.84,333.58,333.82,28250
2026-03-21T20:00:00+00:00,333.78,333.82,333.62,333.76,11770
2026-03-21T23:00:00+00:00,316.86,335.32,316.86,333.72,3550
2026-03-22T00:00:00+00:00,333.96,333.96,333.72,333.88,1180
2026-03-22T01:00:00+00:00,333.88,333.92,333.8,333.8,210
2026-03-22T02:00:00+00:00,333.9,333.9,333.72,333.74,490
2026-03-22T03:00:00+00:00,333.8,333.88,333.72,333.88,3950
2026-03-22T04:00:00+00:00,333.86,333.86,333.68,333.8,13670
2026-03-22T05:00:00+00:00,333.8,333.9,333.78,333.78,6710
2026-03-22T06:00:00+00:00,333.82,333.86,333.76,333.8,6100
2026-03-22T07:00:00+00:00,333.8,333.86,333.76,333.8,10730
2026-03-22T08:00:00+00:00,333.82,333.84,333.78,333.78,14260
2026-03-22T09:00:00+00:00,333.8,333.82,333.68,333.78,28170
2026-03-22T10:00:00+00:00,333.78,333.8,333.68,333.8,12210
2026-03-22T11:00:00+00:00,333.76,333.84,333.74,333.78,8530
2026-03-22T12:00:00+00:00,333.74,333.78,333.74,333.78,5460
2026-03-22T13:00:00+00:00,333.74,333.78,333.74,333.76,4850
2026-03-22T14:00:00+00:00,333.76,333.78,333.72,333.76,7380
2026-03-22T15:00:00+00:00,333.72,333.78,333.7,333.72,5430
2026-03-22T16:00:00+00:00,333.7,333.8,333.7,333.74,4310
2026-03-22T17:00:00+00:00,333.78,333.82,333.74,333.82,9940
2026-03-22T18:00:00+00:00,333.78,333.94,333.78,333.86,23760
2026-03-22T19:00:00+00:00,333.82,333.9,333.8,333.8,15930
2026-03-22T20:00:00+00:00,333.88,333.92,333.8,333.86,21920
2026-03-23T03:00:00+00:00,334.02,334.02,334.02,334.02,10470
2026-03-23T04:00:00+00:00,334.02,334.48,332.92,334.0,566180
2026-03-23T05:00:00+00:00,334.0,334.98,333.96,334.68,210970
2026-03-23T06:00:00+00:00,334.7,334.7,332.54,333.06,1003830
2026-03-23T07:00:00+00:00,333.06,334.36,332.92,334.0,1606030
2026-03-23T08:00:00+00:00,334.0,334.16,332.9,333.52,1042330
2026-03-23T09:00:00+00:00,333.5,333.66,332.7,332.8,672020
2026-03-23T10:00:00+00:00,332.8,332.86,329.28,329.62,2843640
2026-03-23T11:00:00+00:00,329.6,331.74,328.1,331.4,3429300
2026-03-23T12:00:00+00:00,331.36,331.98,330.58,331.94,1383720
2026-03-23T13:00:00+00:00,331.94,331.98,330.0,330.58,1207900
2026-03-23T14:00:00+00:00,330.58,330.74,329.76,330.5,934160
2026-03-23T15:00:00+00:00,330.5,330.9,330.36,330.7,310580
2026-03-23T16:00:00+00:00,330.8,330.86,330.4,330.52,212670
2026-03-23T17:00:00+00:00,330.52,330.64,330.44,330.58,81160
2026-03-23T18:00:00+00:00,330.6,330.64,330.3,330.4,155390
2026-03-23T19:00:00+00:00,330.48,331.3,330.48,331.1,328600
2026-03-23T20:00:00+00:00,331.1,331.24,330.4,331.18,214950
2026-03-24T03:00:00+00:00,331.78,331.78,331.78,331.78,7690
2026-03-24T04:00:00+00:00,331.78,331.78,330.72,331.3,168880
2026-03-24T05:00:00+00:00,331.26,331.62,331.26,331.42,213990
2026-03-24T06:00:00+00:00,331.42,331.44,331.04,331.38,226880
2026-03-24T07:00:00+00:00,331.3,333.78,331.04,333.28,1317830
2026-03-24T08:00:00+00:00,333.34,335.34,333.24,334.96,1249150
2026-03-24T09:00:00+00:00,334.96,335.54,334.0,334.2,1183380
2026-03-24T10:00:00+00:00,334.26,334.48,333.58,333.74,642170
2026-03-24T11:00:00+00:00,333.74,335.14,333.6,335.12,698190
2026-03-24T12:00:00+00:00,335.12,335.5,333.22,333.5,1178930
2026-03-24T13:00:00+00:00,333.5,333.5,332.42,332.44,596030
2026-03-24T14:00:00+00:00,332.44,333.5,332.42,333.4,584110
2026-03-24T15:00:00+00:00,333.4,333.6,332.8,332.82,336260
2026-03-24T16:00:00+00:00,332.82,333.04,332.8,332.94,81360
2026-03-24T17:00:00+00:00,332.92,333.14,332.92,333.02,105040
2026-03-24T18:00:00+00:00,333.02,333.16,332.9,333.02,76150
2026-03-24T19:00:00+00:00,333.02,334.0,333.0,333.9,347310
2026-03-24T20:00:00+00:00,333.9,333.94,333.02,333.68,379530
2026-03-25T03:00:00+00:00,333.8,333.8,333.8,333.8,13070
2026-03-25T04:00:00+00:00,333.8,334.88,333.4,334.2,387620
2026-03-25T05:00:00+00:00,334.2,334.92,334.18,334.4,294950
2026-03-25T06:00:00+00:00,334.34,334.9,334.22,334.52,301060
2026-03-25T07:00:00+00:00,334.52,334.58,332.9,332.9,555050
2026-03-25T08:00:00+00:00,332.9,333.26,332.62,332.76,565520
2026-03-25T09:00:00+00:00,332.72,332.9,331.64,332.54,739850
2026-03-25T10:00:00+00:00,332.56,333.18,332.46,333.12,392040
2026-03-25T11:00:00+00:00,333.14,333.4,333.04,333.38,371150
2026-03-25T12:00:00+00:00,333.38,333.5,332.84,333.06,659580
2026-03-25T13:00:00+00:00,333.04,333.22,332.68,333.08,279030
2026-03-25T14:00:00+00:00,333.08,333.4,333.0,333.34,463120
2026-03-25T15:00:00+00:00,333.34,333.36,333.0,333.2,268100
2026-03-25T16:00:00+00:00,333.12,333.2,332.88,332.98,100290
2026-03-25T17:00:00+00:00,333.0,333.3,332.9,333.3,93680
2026-03-25T18:00:00+00:00,333.28,333.56,332.9,333.06,149900
2026-03-25T19:00:00+00:00,333.06,333.3,332.8,333.0,158540
2026-03-25T20:00:00+00:00,333.0,333.04,332.8,333.0,204420
2026-03-26T03:00:00+00:00,333.18,333.18,333.18,333.18,21020
2026-03-26T04:00:00+00:00,333.18,333.38,332.8,333.04,383750
2026-03-26T05:00:00+00:00,333.04,333.16,332.88,333.06,81170
2026-03-26T06:00:00+00:00,333.0,333.54,333.0,333.3,491630
2026-03-26T07:00:00+00:00,333.28,333.4,332.3,332.5,1252260
2026-03-26T08:00:00+00:00,332.56,332.66,331.28,331.38,1447630
2026-03-26T09:00:00+00:00,331.4,332.38,331.32,331.74,596660
2026-03-26T10:00:00+00:00,331.72,332.62,331.58,332.44,519000
2026-03-26T11:00:00+00:00,332.44,332.74,332.34,332.66,364450
2026-03-26T12:00:00+00:00,332.62,332.84,332.4,332.62,400600
2026-03-26T13:00:00+00:00,332.62,332.7,331.72,331.78,534090
2026-03-26T14:00:00+00:00,331.72,331.94,331.3,331.54,605520
2026-03-26T15:00:00+00:00,331.56,332.14,331.0,331.7,672350
2026-03-26T16:00:00+00:00,331.64,331.7,331.0,331.12,248760
2026-03-26T17:00:00+00:00,331.14,331.24,330.62,330.82,226280
2026-03-26T18:00:00+00:00,330.82,330.9,330.34,330.52,168390
2026-03-26T19:00:00+00:00,330.52,330.62,330.3,330.4,146870
2026-03-26T20:00:00+00:00,330.4,330.64,330.08,330.4,348830
2026-03-27T03:00:00+00:00,330.76,330.76,330.76,330.76,1030
2026-03-27T04:00:00+00:00,330.62,330.92,330.48,330.48,237360
2026-03-27T05:00:00+00:00,330.52,330.64,330.12,330.2,289610
2026-03-27T06:00:00+00:00,330.32,331.0,330.14,330.68,489010
2026-03-27T07:00:00+00:00,330.68,331.48,330.42,330.76,998920
2026-03-27T08:00:00+00:00,330.72,330.8,329.38,329.54,1462760
2026-03-27T09:00:00+00:00,329.54,329.98,328.6,328.72,705160
2026-03-27T10:00:00+00:00,328.74,328.8,325.84,326.9,1773780
2026-03-27T11:00:00+00:00,326.9,328.0,326.82,327.64,668020
2026-03-27T12:00:00+00:00,327.64,327.82,326.74,326.9,596120
2026-03-27T13:00:00+00:00,326.9,327.1,326.5,326.52,741270
2026-03-27T14:00:00+00:00,326.54,327.0,325.4,325.64,1114500
2026-03-27T15:00:00+00:00,325.6,326.46,325.48,326.0,582150
2026-03-27T16:00:00+00:00,326.06,326.28,324.4,324.62,1266620
2026-03-27T17:00:00+00:00,324.62,325.48,324.62,325.02,218570
2026-03-27T18:00:00+00:00,325.0,325.22,324.5,324.66,251230
2026-03-27T19:00:00+00:00,324.66,324.66,324.2,324.44,271040
2026-03-27T20:00:00+00:00,324.44,324.56,323.84,324.06,366060
2026-03-27T23:00:00+00:00,323.32,324.9,323.32,324.06,2000
2026-03-28T00:00:00+00:00,324.32,324.32,324.06,324.26,1700
2026-03-28T01:00:00+00:00,324.26,324.26,324.04,324.26,2300
2026-03-28T02:00:00+00:00,324.26,324.26,323.94,324.18,45180
2026-03-28T03:00:00+00:00,324.18,324.18,324.0,324.04,3360
2026-03-28T04:00:00+00:00,324.04,324.16,323.94,324.02,47420
2026-03-28T05:00:00+00:00,323.96,324.34,323.92,324.3,82240
2026-03-28T06:00:00+00:00,324.34,324.34,324.02,324.32,31630
2026-03-28T07:00:00+00:00,324.32,324.32,323.56,323.68,86780
2026-03-28T08:00:00+00:00,323.68,323.68,321.6,321.92,448380
2026-03-28T09:00:00+00:00,321.9,322.36,321.7,322.32,156560
2026-03-28T10:00:00+00:00,322.32,322.32,322.16,322.2,85310
2026-03-28T11:00:00+00:00,322.2,322.28,321.88,321.88,70010
2026-03-28T12:00:00+00:00,321.9,322.12,321.88,322.06,52090
2026-03-28T13:00:00+00:00,322.06,322.26,322.06,322.18,28880
2026-03-28T14:00:00+00:00,322.16,322.28,322.12,322.22,38630
2026-03-28T15:00:00+00:00,322.24,322.28,321.8,321.92,104410
2026-03-28T16:00:00+00:00,321.22,323.0,321.22,321.8,40000
2026-03-28T17:00:00+00:00,321.8,321.9,321.74,321.8,23700
2026-03-28T18:00:00+00:00,321.8,321.88,321.8,321.84,17080
2026-03-28T19:00:00+00:00,321.84,321.88,321.78,321.86,36820
2026-03-28T20:00:00+00:00,321.86,321.88,321.66,321.88,96500
2026-03-28T23:00:00+00:00,321.82,322.62,321.72,322.58,14020
2026-03-29T00:00:00+00:00,322.56,322.58,322.0,322.04,2920
2026-03-29T01:00:00+00:00,322.46,322.48,322.1,322.1,420
2026-03-29T02:00:00+00:00,322.44,322.54,322.02,322.06,2460
2026-03-29T03:00:00+00:00,322.06,322.54,322.06,322.06,840
2026-03-29T04:00:00+00:00,322.48,322.5,322.04,322.04,5320
2026-03-29T05:00:00+00:00,322.04,322.44,322.04,322.28,30660
2026-03-29T06:00:00+00:00,322.28,322.28,322.0,322.0,30000
2026-03-29T07:00:00+00:00,322.1,322.28,321.86,321.92,92330
2026-03-29T08:00:00+00:00,321.98,322.16,321.86,322.14,22730
2026-03-29T09:00:00+00:00,322.14,322.5,322.08,322.34,41010
2026-03-29T10:00:00+00:00,322.34,322.38,322.28,322.32,26510
2026-03-29T11:00:00+00:00,322.32,322.4,322.24,322.4,50010
2026-03-29T12:00:00+00:00,322.4,322.62,322.38,322.62,55190
2026-03-29T13:00:00+00:00,322.62,322.98,322.62,322.88,60600
2026-03-29T14:00:00+00:00,322.9,323.32,322.82,323.02,80190
2026-03-29T15:00:00+00:00,323.06,323.36,323.02,323.3,89590
2026-03-29T16:00:00+00:00,323.82,324.58,322.88,323.88,49820
2026-03-29T17:00:00+00:00,323.88,324.3,323.82,324.16,72280
2026-03-29T18:00:00+00:00,324.14,324.14,323.5,323.52,88530
2026-03-29T19:00:00+00:00,323.52,323.94,323.5,323.88,34140
2026-03-29T20:00:00+00:00,323.7,323.92,323.32,323.74,112560
2026-03-30T03:00:00+00:00,323.94,323.94,323.94,323.94,12220
2026-03-30T04:00:00+00:00,323.94,325.34,323.92,325.22,386950
2026-03-30T05:00:00+00:00,325.22,325.34,324.76,325.26,188960
2026-03-30T06:00:00+00:00,325.26,325.26,323.24,323.56,675690
2026-03-30T07:00:00+00:00,323.52,323.86,322.4,322.4,694060
2026-03-30T08:00:00+00:00,322.42,322.6,321.72,322.4,1057790
2026-03-30T09:00:00+00:00,322.4,324.76,321.9,323.66,2309740
2026-03-30T10:00:00+00:00,323.66,324.7,323.08,324.44,866520
2026-03-30T11:00:00+00:00,324.4,324.6,322.12,322.44,1050300
2026-03-30T12:00:00+00:00,322.5,323.04,321.88,322.06,695280
2026-03-30T13:00:00+00:00,322.06,322.56,321.14,321.18,676330
2026-03-30T14:00:00+00:00,321.18,322.18,319.2,321.84,2048860
2026-03-30T15:00:00+00:00,321.9,323.0,321.9,322.54,864210
2026-03-30T16:00:00+00:00,322.62,322.9,322.4,322.44,198690
2026-03-30T17:00:00+00:00,322.44,322.46,322.2,322.46,122300
2026-03-30T18:00:00+00:00,322.42,322.48,322.16,322.3,92050
2026-03-30T19:00:00+00:00,322.3,322.3,321.9,322.04,109820
2026-03-30T20:00:00+00:00,322.04,322.1,321.9,322.1,116370
2026-03-31T03:00:00+00:00,322.7,322.7,322.7,322.7,56520
2026-03-31T04:00:00+00:00,322.8,323.0,322.18,322.6,351440
2026-03-31T05:00:00+00:00,322.58,322.68,322.5,322.52,48690
2026-03-31T06:00:00+00:00,322.52,323.34,322.3,323.08,356450
2026-03-31T07:00:00+00:00,323.12,323.92,322.2,323.16,1143720
2026-03-31T08:00:00+00:00,323.14,325.08,323.12,325.08,1706700
2026-03-31T09:00:00+00:00,325.08,327.5,325.0,327.4,2337950
2026-03-31T10:00:00+00:00,327.38,328.64,326.56,327.06,1725050
2026-03-31T11:00:00+00:00,327.04,327.26,325.3,325.3,1152820
2026-03-31T12:00:00+00:00,325.3,326.12,325.28,325.88,692170
2026-03-31T13:00:00+00:00,325.88,326.1,324.0,324.06,833800
2026-03-31T14:00:00+00:00,324.0,324.26,322.2,322.24,1367890
2026-03-31T15:00:00+00:00,322.26,322.64,321.7,322.46,1461330
2026-03-31T16:00:00+00:00,322.48,322.76,322.1,322.26,344260
2026-03-31T17:00:00+00:00,322.26,322.4,322.1,322.4,131860
2026-03-31T18:00:00+00:00,322.38,322.48,322.1,322.42,87520
2026-03-31T19:00:00+00:00,322.38,322.52,322.34,322.42,123670
2026-03-31T20:00:00+00:00,322.48,322.98,322.12,322.96,236950
2026-04-01T03:00:00+00:00,323.34,323.34,323.34,323.34,22180
2026-04-01T04:00:00+00:00,323.34,324.4,323.02,323.9,470100
2026-04-01T05:00:00+00:00,323.88,323.9,323.6,323.82,207780
2026-04-01T06:00:00+00:00,323.84,324.24,323.6,323.68,346030
2026-04-01T07:00:00+00:00,323.64,326.26,323.6,325.22,1246460
2026-04-01T08:00:00+00:00,325.2,325.5,325.0,325.36,537010
2026-04-01T09:00:00+00:00,325.38,326.2,324.52,324.74,909280
2026-04-01T10:00:00+00:00,324.72,324.8,324.08,324.52,756130
2026-04-01T11:00:00+00:00,324.54,324.56,323.2,323.28,835220
2026-04-01T12:00:00+00:00,323.24,323.94,322.6,322.92,728270
2026-04-01T13:00:00+00:00,322.9,323.3,322.82,323.06,561520
2026-04-01T14:00:00+00:00,323.06,323.58,323.0,323.02,462050
2026-04-01T15:00:00+00:00,323.12,323.98,323.06,323.68,328770
2026-04-01T16:00:00+00:00,323.66,324.6,323.6,324.34,424180
2026-04-01T17:00:00+00:00,324.34,324.42,323.9,324.12,116930
2026-04-01T18:00:00+00:00,324.12,324.58,324.06,324.38,134520
2026-04-01T19:00:00+00:00,324.4,324.98,324.14,324.8,272850
2026-04-01T20:00:00+00:00,324.8,324.98,324.5,324.98,244110
2026-04-02T03:00:00+00:00,325.04,325.04,325.04,325.04,5700
2026-04-02T04:00:00+00:00,325.06,325.26,323.56,323.92,382280
2026-04-02T05:00:00+00:00,323.9,324.22,323.62,323.7,196570
2026-04-02T06:00:00+00:00,323.78,323.78,323.2,323.44,401620
2026-04-02T07:00:00+00:00,323.44,323.46,322.72,323.18,609950
2026-04-02T08:00:00+00:00,323.14,324.18,323.12,323.84,704460
2026-04-02T09:00:00+00:00,323.9,323.98,323.08,323.8,563230
2026-04-02T10:00:00+00:00,323.8,324.0,323.28,323.84,551500
2026-04-02T11:00:00+00:00,323.82,324.06,323.48,324.06,667300
2026-04-02T12:00:00+00:00,324.06,324.8,321.72,322.8,1568240
2026-04-02T13:00:00+00:00,322.84,325.54,322.84,324.52,1516380
2026-04-02T14:00:00+00:00,324.54,325.1,324.28,324.62,1019840
2026-04-02T15:00:00+00:00,324.62,324.94,323.74,324.74,485310
2026-04-02T16:00:00+00:00,324.74,324.86,324.28,324.36,101380
2026-04-02T17:00:00+00:00,324.34,324.56,324.2,324.56,79540
2026-04-02T18:00:00+00:00,324.56,324.88,324.46,324.68,72980
2026-04-02T19:00:00+00:00,324.68,324.76,324.6,324.7,53790
2026-04-02T20:00:00+00:00,324.74,324.74,323.76,324.1,268330
2026-04-03T03:00:00+00:00,324.4,324.4,324.4,324.4,6540
2026-04-03T04:00:00+00:00,324.24,325.76,324.24,325.68,352860
2026-04-03T05:00:00+00:00,325.66,325.96,325.4,325.52,162080
2026-04-03T06:00:00+00:00,325.52,326.5,325.04,325.28,628780
2026-04-03T07:00:00+00:00,325.3,325.76,323.6,323.7,846780
2026-04-03T08:00:00+00:00,323.72,324.9,322.98,323.32,1572200
2026-04-03T09:00:00+00:00,323.3,323.5,322.28,322.62,853060
2026-04-03T10:00:00+00:00,322.6,323.2,322.44,322.46,503220
2026-04-03T11:00:00+00:00,322.5,322.56,321.42,322.08,827720
2026-04-03T12:00:00+00:00,322.08,322.8,321.82,321.86,491470
2026-04-03T13:00:00+00:00,321.86,321.92,320.48,320.64,1042200
2026-04-03T14:00:00+00:00,320.66,321.0,320.32,320.7,585980
2026-04-03T15:00:00+00:00,320.7,321.74,320.68,321.26,350830
2026-04-03T16:00:00+00:00,321.26,321.82,321.24,321.5,240170
2026-04-03T17:00:00+00:00,321.42,321.52,321.2,321.26,107100
2026-04-03T18:00:00+00:00,321.32,321.36,321.0,321.22,128500
2026-04-03T19:00:00+00:00,321.22,321.34,321.22,321.22,64470
2026-04-03T20:00:00+00:00,321.22,321.3,320.72,321.16,228720
2026-04-03T23:00:00+00:00,323.6,323.62,320.12,321.6,6500
2026-04-04T00:00:00+00:00,321.2,321.72,321.02,321.08,39390
2026-04-04T01:00:00+00:00,321.22,321.64,321.18,321.54,2740
2026-04-04T02:00:00+00:00,321.44,321.44,321.2,321.32,6180
2026-04-04T03:00:00+00:00,321.16,321.54,321.16,321.4,10360
2026-04-04T04:00:00+00:00,321.22,321.5,321.18,321.28,42060
2026-04-04T05:00:00+00:00,321.28,321.38,321.22,321.36,30540
2026-04-04T06:00:00+00:00,321.28,321.4,321.16,321.16,29820
2026-04-04T07:00:00+00:00,321.4,321.7,321.18,321.44,65820
2026-04-04T08:00:00+00:00,321.42,321.48,321.28,321.28,28220
2026-04-04T09:00:00+00:00,321.28,321.4,321.22,321.4,29050
2026-04-04T10:00:00+00:00,321.4,321.5,321.36,321.5,15250
2026-04-04T11:00:00+00:00,321.46,321.5,321.34,321.36,43930
2026-04-04T12:00:00+00:00,321.36,321.42,321.32,321.36,10780
2026-04-04T13:00:00+00:00,321.38,321.4,321.28,321.3,65150
2026-04-04T14:00:00+00:00,321.28,321.4,321.28,321.38,18130
2026-04-04T15:00:00+00:00,321.28,321.38,321.18,321.22,29530
2026-04-04T16:00:00+00:00,321.8,321.8,320.84,321.18,69000
2026-04-04T17:00:00+00:00,321.16,321.18,320.6,320.9,64360
2026-04-04T18:00:00+00:00,320.94,321.04,320.62,320.86,65920
2026-04-04T19:00:00+00:00,320.62,321.0,320.62,320.74,24340
2026-04-04T20:00:00+00:00,321.0,321.06,320.72,320.88,39820
2026-04-04T23:00:00+00:00,321.56,321.56,320.9,321.42,11820
2026-04-05T00:00:00+00:00,321.1,321.42,321.1,321.14,400
2026-04-05T01:00:00+00:00,321.14,321.38,321.14,321.16,160
2026-04-05T02:00:00+00:00,321.18,321.34,321.16,321.34,3780
2026-04-05T03:00:00+00:00,321.2,321.34,321.2,321.32,1280
2026-04-05T04:00:00+00:00,321.32,321.42,321.26,321.38,50360
2026-04-05T05:00:00+00:00,321.4,321.4,321.26,321.26,15300
2026-04-05T06:00:00+00:00,321.26,321.32,321.24,321.28,11720
2026-04-05T07:00:00+00:00,321.28,322.28,321.26,321.74,125430
2026-04-05T08:00:00+00:00,321.74,321.74,321.62,321.74,14640
2026-04-05T09:00:00+00:00,321.74,321.8,321.64,321.68,29760
2026-04-05T10:00:00+00:00,321.72,321.8,321.68,321.74,29160
2026-04-05T11:00:00+00:00,321.74,321.78,321.68,321.76,23740
2026-04-05T12:00:00+00:00,321.76,321.76,321.46,321.64,33140
2026-04-05T13:00:00+00:00,321.6,321.72,321.58,321.66,13870
2026-04-05T14:00:00+00:00,321.66,321.66,321.42,321.62,38570
2026-04-05T15:00:00+00:00,321.54,321.62,321.34,321.38,58710
2026-04-05T16:00:00+00:00,321.38,323.0,321.38,321.72,148280
2026-04-05T17:00:00+00:00,321.72,321.76,321.58,321.62,12720
2026-04-05T18:00:00+00:00,321.6,321.76,321.6,321.66,14400
2026-04-05T19:00:00+00:00,321.64,321.72,321.6,321.68,17100
2026-04-05T20:00:00+00:00,321.68,322.0,321.6,321.86,45620
2026-04-06T03:00:00+00:00,321.9,321.9,321.9,321.9,420
2026-04-06T04:00:00+00:00,322.0,323.0,321.9,322.22,397060
2026-04-06T05:00:00+00:00,322.24,322.38,321.38,322.0,281840
2026-04-06T06:00:00+00:00,322.0,322.02,321.1,321.42,457100
2026-04-06T07:00:00+00:00,321.44,321.7,320.66,320.98,773490
2026-04-06T08:00:00+00:00,320.98,321.04,320.68,320.76,354280
2026-04-06T09:00:00+00:00,320.8,321.56,320.76,321.48,816210
2026-04-06T10:00:00+00:00,321.5,321.66,320.8,321.0,546790
2026-04-06T11:00:00+00:00,321.02,321.08,320.24,320.34,880240
2026-04-06T12:00:00+00:00,320.32,321.06,320.32,320.54,819100
2026-04-06T13:00:00+00:00,320.54,320.72,319.64,319.76,1140240
2026-04-06T14:00:00+00:00,319.86,320.9,319.68,320.8,1071800
2026-04-06T15:00:00+00:00,320.78,321.62,320.74,321.22,865530
2026-04-06T16:00:00+00:00,321.22,322.0,320.88,321.68,515290
2026-04-06T17:00:00+00:00,321.64,322.08,321.3,321.56,511040
2026-04-06T18:00:00+00:00,321.56,321.6,321.02,321.34,151000
2026-04-06T19:00:00+00:00,321.36,321.9,320.82,321.64,365630
2026-04-06T20:00:00+00:00,321.64,321.9,321.28,321.72,263380
2026-04-07T03:00:00+00:00,321.88,321.88,321.88,321.88,19200
2026-04-07T04:00:00+00:00,321.9,322.0,321.02,321.34,336840
2026-04-07T05:00:00+00:00,321.32,321.54,319.8,320.86,563280
2026-04-07T06:00:00+00:00,320.8,320.94,320.34,320.5,327650
2026-04-07T07:00:00+00:00,320.48,322.84,320.44,322.08,1351530
2026-04-07T08:00:00+00:00,322.06,324.32,322.02,322.9,1334440
2026-04-07T09:00:00+00:00,322.9,323.28,322.82,322.88,354000
2026-04-07T10:00:00+00:00,322.92,323.08,321.22,321.38,874830
2026-04-07T11:00:00+00:00,321.38,322.0,319.5,319.78,1433370
2026-04-07T12:00:00+00:00,319.78,320.78,319.54,320.2,1462850
2026-04-07T13:00:00+00:00,320.2,320.42,319.1,319.5,1892990
2026-04-07T14:00:00+00:00,319.42,320.3,319.2,319.66,1516560
2026-04-07T15:00:00+00:00,319.64,320.1,319.4,320.0,649870
2026-04-07T16:00:00+00:00,319.86,319.96,319.36,319.62,250140
2026-04-07T17:00:00+00:00,319.62,319.8,319.28,319.28,335170
2026-04-07T18:00:00+00:00,319.32,319.34,318.5,318.76,894610
2026-04-07T19:00:00+00:00,318.7,319.22,318.4,318.72,554110
2026-04-07T20:00:00+00:00,318.66,319.0,318.5,318.68,267700
2026-04-08T03:00:00+00:00,319.9,319.9,319.9,319.9,21320
2026-04-08T04:00:00+00:00,319.9,321.1,319.4,319.9,1386210
2026-04-08T05:00:00+00:00,320.06,321.48,319.7,321.46,675630
2026-04-08T06:00:00+00:00,321.18,321.72,320.72,321.26,1077190
2026-04-08T07:00:00+00:00,321.22,321.38,320.2,320.3,617870
2026-04-08T08:00:00+00:00,320.3,320.32,319.64,319.8,606250
2026-04-08T09:00:00+00:00,319.8,320.5,319.8,320.08,399100
2026-04-08T10:00:00+00:00,320.24,320.34,319.6,320.2,442850
2026-04-08T11:00:00+00:00,320.22,321.0,320.02,320.42,612050
2026-04-08T12:00:00+00:00,320.42,320.5,319.8,320.0,228380
2026-04-08T13:00:00+00:00,319.98,320.5,319.82,320.24,533100
2026-04-08T14:00:00+00:00,320.24,320.32,319.8,319.96,218140
2026-04-08T15:00:00+00:00,319.94,320.2,319.8,320.04,240170
2026-04-08T16:00:00+00:00,320.04,320.28,319.94,320.28,166670
2026-04-08T17:00:00+00:00,320.24,320.4,319.96,320.1,220350
2026-04-08T18:00:00+00:00,320.1,320.18,319.92,320.0,128640
2026-04-08T19:00:00+00:00,320.02,320.02,319.9,319.98,152360
2026-04-08T20:00:00+00:00,319.9,320.0,319.44,319.76,435590
2026-04-09T03:00:00+00:00,320.0,320.0,320.0,320.0,4440
2026-04-09T04:00:00+00:00,320.0,320.32,319.82,320.04,232030
2026-04-09T05:00:00+00:00,320.04,320.14,319.76,319.76,204720
2026-04-09T06:00:00+00:00,319.78,319.96,319.1,319.38,535040
2026-04-09T07:00:00+00:00,319.44,320.38,319.0,320.38,676810
2026-04-09T08:00:00+00:00,320.34,320.48,319.82,320.0,423930
2026-04-09T09:00:00+00:00,320.0,320.18,319.52,319.78,407810
2026-04-09T10:00:00+00:00,319.78,320.18,319.48,320.12,545280
2026-04-09T11:00:00+00:00,320.12,320.18,319.34,319.58,325990
2026-04-09T12:00:00+00:00,319.56,319.68,319.1,319.22,546240
2026-04-09T13:00:00+00:00,319.22,319.3,318.5,318.66,731530
2026-04-09T14:00:00+00:00,318.66,318.9,318.52,318.62,492740
2026-04-09T15:00:00+00:00,318.66,318.7,317.98,318.18,376120
2026-04-09T16:00:00+00:00,318.2,318.2,317.16,317.6,594460
2026-04-09T17:00:00+00:00,317.6,317.6,317.22,317.42,183820
2026-04-09T18:00:00+00:00,317.44,317.5,317.14,317.26,155710
2026-04-09T19:00:00+00:00,317.22,319.16,317.22,318.48,935360
2026-04-09T20:00:00+00:00,318.48,318.64,318.08,318.5,171720
2026-04-10T03:00:00+00:00,318.52,318.52,318.52,318.52,9290
2026-04-10T04:00:00+00:00,318.64,319.92,318.52,319.3,412260
2026-04-10T05:00:00+00:00,319.3,319.64,319.08,319.26,144890
2026-04-10T06:00:00+00:00,319.22,319.26,318.52,318.64,239970
2026-04-10T07:00:00+00:00,318.64,318.84,316.64,316.72,624010
2026-04-10T08:00:00+00:00,316.72,317.62,316.52,317.3,564050
2026-04-10T09:00:00+00:00,317.4,318.48,316.9,317.84,490370
2026-04-10T10:00:00+00:00,317.9,320.0,317.8,319.42,1156930
2026-04-10T11:00:00+00:00,319.42,320.86,319.42,320.54,868500
2026-04-10T12:00:00+00:00,320.6,320.72,319.52,319.58,667360
2026-04-10T13:00:00+00:00,319.56,319.88,319.12,319.84,372510
2026-04-10T14:00:00+00:00,319.88,320.1,318.58,318.78,617650
2026-04-10T15:00:00+00:00,318.78,318.92,317.66,318.0,1019480
2026-04-10T16:00:00+00:00,317.96,319.3,317.92,319.16,414820
2026-04-10T17:00:00+00:00,319.16,319.28,318.9,319.1,336540
2026-04-10T18:00:00+00:00,319.06,320.2,318.96,320.18,541700
2026-04-10T19:00:00+00:00,320.18,320.2,319.28,320.0,320260
2026-04-10T20:00:00+00:00,320.0,320.18,319.46,319.6,482860
2026-04-11T04:00:00+00:00,319.62,320.22,319.6,319.9,13880
2026-04-11T05:00:00+00:00,319.8,319.94,319.7,319.94,20900
2026-04-11T06:00:00+00:00,319.94,320.1,319.72,319.9,53020
2026-04-11T07:00:00+00:00,319.9,320.0,319.72,319.88,23680
2026-04-11T08:00:00+00:00,319.86,320.0,319.74,319.92,48980
2026-04-11T09:00:00+00:00,319.92,319.92,319.6,319.62,28800
2026-04-11T10:00:00+00:00,319.78,319.78,319.6,319.74,34500
2026-04-11T11:00:00+00:00,319.74,319.8,319.68,319.72,28080
2026-04-11T12:00:00+00:00,319.74,319.84,319.72,319.78,27820
2026-04-11T13:00:00+00:00,319.78,319.8,319.7,319.72,23120
2026-04-11T14:00:00+00:00,319.72,319.78,319.7,319.72,15580
2026-04-11T15:00:00+00:00,319.72,319.78,319.7,319.72,18500
2026-04-11T16:00:00+00:00,319.72,319.76,319.64,319.66,19620
2026-04-11T17:00:00+00:00,319.68,319.76,319.66,319.68,14060
2026-04-11T18:00:00+00:00,319.68,319.74,319.32,319.54,132280
2026-04-11T19:00:00+00:00,319.58,319.58,319.54,319.56,29910
2026-04-11T20:00:00+00:00,319.58,319.6,319.4,319.5,48080
2026-04-12T04:00:00+00:00,303.82,319.98,303.82,319.5,3940
2026-04-12T05:00:00+00:00,319.66,319.82,319.52,319.52,12920
2026-04-12T06:00:00+00:00,319.6,319.78,319.5,319.64,8620
2026-04-12T07:00:00+00:00,319.64,319.74,319.6,319.6,21560
2026-04-12T08:00:00+00:00,319.6,319.7,319.56,319.68,10940
2026-04-12T09:00:00+00:00,319.68,319.7,319.4,319.6,9080
2026-04-12T10:00:00+00:00,319.66,319.68,319.4,319.54,16140
2026-04-12T11:00:00+00:00,319.54,319.68,319.5,319.64,44550
2026-04-12T12:00:00+00:00,319.6,319.66,319.58,319.62,5680
2026-04-12T13:00:00+00:00,319.62,319.66,319.46,319.66,212240
2026-04-12T14:00:00+00:00,319.66,319.66,319.38,319.4,28180
2026-04-12T15:00:00+00:00,319.4,319.58,319.26,319.4,55180
2026-04-12T16:00:00+00:00,319.4,319.4,318.34,318.88,71660
2026-04-12T17:00:00+00:00,318.74,319.34,318.7,318.88,17260
2026-04-12T18:00:00+00:00,318.88,319.26,318.82,319.08,15640
2026-04-12T19:00:00+00:00,319.02,319.3,318.4,319.26,25640
2026-04-12T20:00:00+00:00,318.62,319.18,318.42,318.42,8140
2026-04-13T04:00:00+00:00,318.4,318.4,318.06,318.4,1060
2026-04-13T05:00:00+00:00,318.1,319.4,318.0,318.56,19220
2026-04-13T06:00:00+00:00,319.38,319.38,318.0,318.44,103660
2026-04-13T07:00:00+00:00,318.18,319.38,318.16,319.0,86780
2026-04-13T08:00:00+00:00,319.0,319.0,317.98,318.5,201780
2026-04-13T09:00:00+00:00,318.48,318.76,317.76,318.04,135760
2026-04-13T10:00:00+00:00,318.02,318.38,317.74,317.98,54480
2026-04-13T11:00:00+00:00,317.76,318.08,317.12,317.28,124920
2026-04-13T12:00:00+00:00,317.28,317.9,317.24,317.9,58760
2026-04-13T13:00:00+00:00,317.9,318.1,317.3,317.52,72160
2026-04-13T14:00:00+00:00,317.68,317.74,317.24,317.3,60120
2026-04-13T15:00:00+00:00,317.3,318.08,317.3,318.08,119020
2026-04-13T16:00:00+00:00,318.0,318.36,317.7,318.24,41960
2026-04-13T17:00:00+00:00,318.22,318.22,317.72,317.86,26340
2026-04-13T18:00:00+00:00,317.86,317.96,317.72,317.76,20260
2026-04-13T19:00:00+00:00,317.88,318.46,317.7,317.94,28340
2026-04-13T20:00:00+00:00,318.38,318.5,317.7,318.48,30840
2026-04-14T04:00:00+00:00,316.86,318.88,316.86,318.86,30060
2026-04-14T05:00:00+00:00,318.86,319.0,318.4,318.9,34480
2026-04-14T06:00:00+00:00,318.92,318.98,318.54,318.78,30400
2026-04-14T07:00:00+00:00,318.78,318.92,318.26,318.5,51340
2026-04-14T08:00:00+00:00,318.3,318.5,318.12,318.24,45120
2026-04-14T09:00:00+00:00,318.44,318.46,317.68,318.26,116520
2026-04-14T10:00:00+00:00,318.26,319.06,317.72,319.02,139060
2026-04-14T11:00:00+00:00,319.0,319.36,318.0,319.28,55680
2026-04-14T12:00:00+00:00,319.28,319.4,318.4,319.1,25000
2026-04-14T13:00:00+00:00,319.1,319.5,318.76,319.16,218490
2026-04-14T14:00:00+00:00,319.16,319.46,319.1,319.26,25420
2026-04-14T15:00:00+00:00,319.36,319.36,319.18,319.36,26640
2026-04-14T16:00:00+00:00,319.36,319.4,319.2,319.3,41440
2026-04-14T17:00:00+00:00,319.3,319.42,319.28,319.42,27000
2026-04-14T18:00:00+00:00,319.4,319.5,319.2,319.24,60980
2026-04-14T19:00:00+00:00,319.44,319.54,319.24,319.4,21440
2026-04-14T20:00:00+00:00,319.4,319.84,319.4,319.84,31700
2026-04-15T05:00:00+00:00,320.96,323.2,319.32,319.86,80140
2026-04-15T06:00:00+00:00,319.86,320.32,319.76,320.32,46080
2026-04-15T07:00:00+00:00,320.32,320.32,319.7,319.7,200730
2026-04-15T08:00:00+00:00,319.66,320.18,319.64,319.84,55800
2026-04-15T09:00:00+00:00,320.14,320.18,319.8,320.14,43040
2026-04-15T10:00:00+00:00,320.14,320.44,319.84,320.38,205920
2026-04-15T11:00:00+00:00,320.38,320.52,320.1,320.5,140540
2026-04-15T12:00:00+00:00,320.5,320.94,320.38,320.76,137400
2026-04-15T13:00:00+00:00,320.72,321.46,320.5,321.2,95560
2026-04-15T14:00:00+00:00,321.3,322.08,321.2,321.98,129460
2026-04-15T15:00:00+00:00,321.98,322.2,321.6,322.2,132920
2026-04-17T06:00:00+00:00,321.02,321.02,321.02,321.02,420959
2026-04-17T07:00:00+00:00,321.96,329.24,321.96,327.84,6515684
2026-04-17T08:00:00+00:00,327.84,328.68,326.14,326.56,2839792
2026-04-17T09:00:00+00:00,326.6,326.98,326.12,326.6,1037584
2026-04-17T10:00:00+00:00,326.6,326.6,324.36,325.18,1434576
2026-04-17T11:00:00+00:00,325.22,326.7,324.9,326.34,822434
2026-04-17T12:00:00+00:00,326.36,326.84,324.9,326.2,1254608
2026-04-17T13:00:00+00:00,326.2,326.58,324.46,325.08,1738281
2026-04-17T14:00:00+00:00,325.04,325.5,324.18,324.42,715178
2026-04-17T15:00:00+00:00,324.38,326.7,324.24,325.7,910899
2026-04-17T16:00:00+00:00,325.7,326.58,325.0,325.18,286316
2026-04-17T17:00:00+00:00,325.18,325.34,324.66,325.28,175974
2026-04-17T18:00:00+00:00,325.22,325.62,324.98,325.28,125755
2026-04-17T19:00:00+00:00,325.28,326.0,325.1,325.8,165652
2026-04-17T20:00:00+00:00,325.8,326.3,325.62,326.26,439133
2026-04-17T23:00:00+00:00,327.12,327.12,325.62,326.3,10748
2026-04-18T00:00:00+00:00,326.3,326.52,325.84,325.98,8674
2026-04-18T01:00:00+00:00,326.54,326.78,326.38,326.74,14012
2026-04-18T02:00:00+00:00,326.76,326.78,326.3,326.3,22566
2026-04-18T03:00:00+00:00,326.38,326.5,326.1,326.46,6892
2026-04-18T04:00:00+00:00,326.46,326.5,326.12,326.4,50492
2026-04-18T05:00:00+00:00,326.3,326.5,326.12,326.5,48982
2026-04-18T06:00:00+00:00,326.5,326.5,326.04,326.26,36219
2026-04-18T07:00:00+00:00,326.26,326.44,325.64,325.8,221449
2026-04-18T08:00:00+00:00,325.8,325.8,325.6,325.64,88973
2026-04-18T09:00:00+00:00,325.64,325.96,325.56,325.66,102318
2026-04-18T10:00:00+00:00,325.66,325.94,325.5,325.74,49532
2026-04-18T11:00:00+00:00,325.74,325.8,325.54,325.76,60665
2026-04-18T12:00:00+00:00,325.76,325.8,325.62,325.74,49023
2026-04-18T13:00:00+00:00,325.74,325.78,325.62,325.66,30391
2026-04-18T14:00:00+00:00,325.64,325.72,325.44,325.52,57394
2026-04-18T15:00:00+00:00,325.52,325.58,325.4,325.54,51056
2026-04-18T16:00:00+00:00,326.5,326.5,325.02,325.7,19658
2026-04-18T17:00:00+00:00,325.6,325.7,325.56,325.66,46216
2026-04-18T18:00:00+00:00,325.66,325.7,325.56,325.66,51084
2026-04-18T19:00:00+00:00,325.66,325.66,325.22,325.54,46226
2026-04-18T20:00:00+00:00,325.58,325.7,325.4,325.56,80222
2026-04-18T23:00:00+00:00,325.12,326.56,325.12,325.8,10592
2026-04-19T00:00:00+00:00,325.74,325.8,325.52,325.78,1724
2026-04-19T01:00:00+00:00,325.78,325.78,325.52,325.78,480
2026-04-19T02:00:00+00:00,325.78,325.8,325.54,325.8,1458
2026-04-19T03:00:00+00:00,325.8,325.8,325.6,325.66,3200
2026-04-19T04:00:00+00:00,325.8,326.16,325.68,326.0,17864
2026-04-19T05:00:00+00:00,326.0,326.0,325.84,325.9,7680
2026-04-19T06:00:00+00:00,325.9,325.92,325.54,325.54,11562
2026-04-19T07:00:00+00:00,325.54,325.94,325.5,325.84,88988
2026-04-19T08:00:00+00:00,325.84,326.16,325.64,326.16,106271
2026-04-19T09:00:00+00:00,326.12,326.16,325.94,326.12,51354
2026-04-19T10:00:00+00:00,326.12,326.12,325.78,325.9,87217
2026-04-19T11:00:00+00:00,325.92,326.36,325.78,326.36,182177
2026-04-19T12:00:00+00:00,326.36,326.36,326.14,326.3,114181
2026-04-19T13:00:00+00:00,326.3,326.36,326.18,326.3,78363
2026-04-19T14:00:00+00:00,326.32,326.36,326.18,326.28,59506
2026-04-19T15:00:00+00:00,326.28,326.56,326.22,326.48,114940
2026-04-19T16:00:00+00:00,326.88,326.88,326.1,326.44,43200
2026-04-19T17:00:00+00:00,326.32,326.8,326.28,326.7,86916
2026-04-19T18:00:00+00:00,326.68,326.76,326.62,326.72,34644
2026-04-19T19:00:00+00:00,326.72,326.86,326.5,326.8,57204
2026-04-19T20:00:00+00:00,326.8,326.88,326.52,326.88,79890
2026-04-20T03:00:00+00:00,326.68,326.68,326.68,326.68,1936
2026-04-20T04:00:00+00:00,326.7,327.42,326.68,327.18,489143
2026-04-20T05:00:00+00:00,327.18,327.34,326.7,327.08,310839
2026-04-20T06:00:00+00:00,327.06,327.08,325.84,326.08,702670
2026-04-20T07:00:00+00:00,326.06,326.64,325.24,325.52,876041
2026-04-20T08:00:00+00:00,325.52,326.06,325.5,325.9,705144
2026-04-20T09:00:00+00:00,325.9,325.9,325.12,325.66,414057
2026-04-20T10:00:00+00:00,325.64,326.0,325.42,325.6,257990
2026-04-20T11:00:00+00:00,325.6,326.08,325.52,325.72,344736
2026-04-20T12:00:00+00:00,325.76,325.8,324.76,324.96,730468
2026-04-20T13:00:00+00:00,324.94,325.16,324.7,324.96,331661
2026-04-20T14:00:00+00:00,324.96,325.44,324.52,325.14,1509827
2026-04-20T15:00:00+00:00,325.16,325.78,324.9,325.58,914175
2026-04-20T16:00:00+00:00,325.6,325.94,325.56,325.72,304443
2026-04-20T17:00:00+00:00,325.74,325.8,325.44,325.48,137360
2026-04-20T18:00:00+00:00,325.5,325.5,325.12,325.3,102882
2026-04-20T19:00:00+00:00,325.3,325.48,325.26,325.36,49520
2026-04-20T20:00:00+00:00,325.3,325.7,324.96,325.7,136977
2026-04-21T03:00:00+00:00,325.78,325.78,325.78,325.78,8818
2026-04-21T04:00:00+00:00,325.78,325.78,324.8,325.3,256969
2026-04-21T05:00:00+00:00,325.3,325.3,324.92,324.94,78189
2026-04-21T06:00:00+00:00,324.94,325.48,324.94,325.24,165257
2026-04-21T07:00:00+00:00,325.26,325.94,325.24,325.7,281397
2026-04-21T08:00:00+00:00,325.72,325.78,325.04,325.56,278960
2026-04-21T09:00:00+00:00,325.52,325.56,325.06,325.24,202327
2026-04-21T10:00:00+00:00,325.18,325.3,324.9,324.92,255867
2026-04-21T11:00:00+00:00,324.92,325.8,324.8,325.54,631153
2026-04-21T12:00:00+00:00,325.54,325.56,323.44,323.84,811058
2026-04-21T13:00:00+00:00,323.8,323.94,323.0,323.22,625016
2026-04-21T14:00:00+00:00,323.24,324.76,323.0,324.42,1178895
2026-04-21T15:00:00+00:00,324.46,324.5,324.12,324.2,122146
2026-04-21T16:00:00+00:00,324.24,324.32,323.12,323.3,230851
2026-04-21T17:00:00+00:00,323.3,324.14,323.3,323.94,100506
2026-04-21T18:00:00+00:00,323.94,323.94,323.8,323.92,34783
2026-04-21T19:00:00+00:00,323.92,323.92,323.04,323.18,156406
2026-04-21T20:00:00+00:00,323.18,323.5,322.5,323.3,224460
2026-04-22T03:00:00+00:00,323.58,323.58,323.58,323.58,4484
2026-04-22T04:00:00+00:00,323.58,323.64,318.62,323.1,1208724
2026-04-22T05:00:00+00:00,323.08,323.16,321.82,322.96,311148
2026-04-22T06:00:00+00:00,322.94,322.98,322.6,322.8,224125
2026-04-22T07:00:00+00:00,322.78,324.86,322.66,324.34,711187
2026-04-22T08:00:00+00:00,324.34,324.46,324.0,324.34,324366
2026-04-22T09:00:00+00:00,324.34,324.74,323.74,324.74,563652
2026-04-22T10:00:00+00:00,324.74,325.0,324.48,324.68,602420
2026-04-22T11:00:00+00:00,324.76,324.98,324.36,324.88,348633
2026-04-22T12:00:00+00:00,324.88,325.78,324.5,325.78,479263
2026-04-22T13:00:00+00:00,325.76,325.8,325.08,325.52,449433
2026-04-22T14:00:00+00:00,325.52,326.94,325.36,326.8,959818
2026-04-22T15:00:00+00:00,326.8,327.0,326.64,326.64,458346
2026-04-22T16:00:00+00:00,326.68,327.28,326.1,326.22,651263
2026-04-22T17:00:00+00:00,326.24,326.74,326.24,326.38,174998
2026-04-22T18:00:00+00:00,326.38,326.98,326.38,326.96,133710
2026-04-22T19:00:00+00:00,326.96,327.16,326.84,326.94,229974
2026-04-22T20:00:00+00:00,326.94,327.02,326.58,327.02,223639
2026-04-23T03:00:00+00:00,327.04,327.04,327.04,327.04,14497
2026-04-23T04:00:00+00:00,327.04,327.9,327.04,327.44,439145
2026-04-23T05:00:00+00:00,327.44,328.2,327.44,328.02,501693
2026-04-23T06:00:00+00:00,328.0,328.02,327.76,327.8,253886
2026-04-23T07:00:00+00:00,327.76,328.12,327.34,327.4,482484
2026-04-23T08:00:00+00:00,327.38,327.6,326.6,326.74,512160
2026-04-23T09:00:00+00:00,326.78,327.14,326.68,326.86,241666
2026-04-23T10:00:00+00:00,326.86,326.86,326.1,326.28,440097
2026-04-23T11:00:00+00:00,326.3,326.7,326.24,326.6,171299
2026-04-23T12:00:00+00:00,326.6,326.96,326.02,326.78,741398
2026-04-23T13:00:00+00:00,326.78,327.4,326.6,327.14,371535
2026-04-23T14:00:00+00:00,327.16,327.44,327.02,327.36,269924
2026-04-23T15:00:00+00:00,327.38,327.5,326.7,327.5,761900
2026-04-23T16:00:00+00:00,327.28,327.4,326.82,327.08,145774
2026-04-23T17:00:00+00:00,327.06,327.08,326.5,326.54,129280
2026-04-23T18:00:00+00:00,326.52,326.76,326.5,326.76,86687
2026-04-23T19:00:00+00:00,326.76,326.76,326.44,326.62,92977
2026-04-23T20:00:00+00:00,326.62,327.3,326.6,327.3,207474
2026-04-24T03:00:00+00:00,327.48,327.48,327.48,327.48,7681
2026-04-24T04:00:00+00:00,327.48,327.48,327.08,327.4,142223
2026-04-24T05:00:00+00:00,327.4,327.56,327.26,327.44,95343
2026-04-24T06:00:00+00:00,327.44,327.54,327.18,327.44,162035
2026-04-24T07:00:00+00:00,327.44,327.48,326.7,326.72,396835
2026-04-24T08:00:00+00:00,326.7,326.82,326.08,326.1,450012
2026-04-24T09:00:00+00:00,326.08,326.4,325.58,326.0,792960
2026-04-24T10:00:00+00:00,326.02,326.68,323.0,323.88,2902007
2026-04-24T11:00:00+00:00,323.86,324.12,323.1,323.12,652302
2026-04-24T12:00:00+00:00,323.12,323.3,319.72,320.18,2806326
2026-04-24T13:00:00+00:00,320.2,320.68,319.6,320.12,1216263
2026-04-24T14:00:00+00:00,320.12,321.9,320.1,321.0,1263493
2026-04-24T15:00:00+00:00,320.96,321.46,320.5,320.7,594484
2026-04-24T16:00:00+00:00,320.92,321.32,320.72,321.18,142758
2026-04-24T17:00:00+00:00,321.18,321.18,320.34,320.46,202209
2026-04-24T18:00:00+00:00,320.46,320.76,320.4,320.52,116951
2026-04-24T19:00:00+00:00,320.52,320.52,320.04,320.26,195138
2026-04-24T20:00:00+00:00,320.28,320.5,320.0,320.16,280448
2026-04-24T23:00:00+00:00,321.98,321.98,319.6,320.5,5880
2026-04-25T00:00:00+00:00,320.5,321.0,320.46,320.98,9002
2026-04-25T01:00:00+00:00,320.8,320.98,320.6,320.66,1108
2026-04-25T02:00:00+00:00,320.66,321.0,320.64,321.0,7996
2026-04-25T03:00:00+00:00,321.0,321.14,320.64,321.02,31690
2026-04-25T04:00:00+00:00,321.02,321.08,320.7,320.9,47210
2026-04-25T05:00:00+00:00,320.96,321.0,320.86,320.94,32602
2026-04-25T06:00:00+00:00,320.94,321.0,320.72,320.72,22261
2026-04-25T07:00:00+00:00,320.7,320.98,320.2,320.56,126377
2026-04-25T08:00:00+00:00,320.54,320.6,320.36,320.6,29794
2026-04-25T09:00:00+00:00,320.6,320.6,320.5,320.56,19174
2026-04-25T10:00:00+00:00,320.56,320.78,320.56,320.6,24230
2026-04-25T11:00:00+00:00,320.6,320.6,320.5,320.52,12263
2026-04-25T12:00:00+00:00,320.5,320.6,320.5,320.6,12503
2026-04-25T13:00:00+00:00,320.6,320.6,320.5,320.58,12608
2026-04-25T14:00:00+00:00,320.58,320.58,320.36,320.4,38701
2026-04-25T15:00:00+00:00,320.4,320.4,320.3,320.36,22956
2026-04-25T16:00:00+00:00,320.74,320.74,320.22,320.44,19158
2026-04-25T17:00:00+00:00,320.44,320.5,320.38,320.44,27518
2026-04-25T18:00:00+00:00,320.44,320.6,320.42,320.52,34970
2026-04-25T19:00:00+00:00,320.58,320.58,320.36,320.4,20076
2026-04-25T20:00:00+00:00,320.4,320.4,320.18,320.36,60622
2026-04-25T23:00:00+00:00,320.76,320.76,320.2,320.46,890
2026-04-26T00:00:00+00:00,320.38,320.46,320.38,320.38,288
2026-04-26T01:00:00+00:00,320.44,320.46,320.38,320.44,1324
2026-04-26T02:00:00+00:00,320.46,320.46,320.44,320.46,3030
2026-04-26T03:00:00+00:00,320.46,320.48,320.44,320.48,2978
2026-04-26T04:00:00+00:00,320.4,320.48,320.4,320.42,12452
2026-04-26T05:00:00+00:00,320.42,320.48,320.36,320.46,6782
2026-04-26T06:00:00+00:00,320.4,320.46,320.36,320.46,6606
2026-04-26T07:00:00+00:00,320.5,320.6,320.4,320.5,27351
2026-04-26T08:00:00+00:00,320.5,320.54,320.4,320.4,16242
2026-04-26T09:00:00+00:00,320.4,320.46,320.12,320.22,66487
2026-04-26T10:00:00+00:00,320.22,320.22,320.0,320.18,53306
2026-04-26T11:00:00+00:00,320.18,320.22,320.08,320.16,14676
2026-04-26T12:00:00+00:00,320.16,320.18,319.94,320.0,45520
2026-04-26T13:00:00+00:00,320.0,320.12,319.96,320.12,26150
2026-04-26T14:00:00+00:00,320.12,320.18,319.9,320.14,39972
2026-04-26T15:00:00+00:00,320.14,320.14,319.96,320.12,66376
2026-04-26T16:00:00+00:00,320.18,320.18,319.74,320.08,33460
2026-04-26T17:00:00+00:00,320.08,320.08,319.88,319.96,16180
2026-04-26T18:00:00+00:00,319.96,319.98,319.82,319.92,26592
2026-04-26T19:00:00+00:00,319.92,319.96,319.78,319.78,22658
2026-04-26T20:00:00+00:00,319.78,320.0,319.74,320.0,38704
2026-04-27T03:00:00+00:00,320.16,320.16,320.16,320.16,11655
2026-04-27T04:00:00+00:00,320.16,320.3,319.86,320.2,217698
2026-04-27T05:00:00+00:00,320.2,321.5,320.2,320.86,337047
2026-04-27T06:00:00+00:00,320.86,320.9,318.5,319.38,934788
2026-04-27T07:00:00+00:00,319.38,320.2,319.28,320.04,406170
2026-04-27T08:00:00+00:00,320.04,320.04,319.56,319.7,234200
2026-04-27T09:00:00+00:00,319.7,319.78,319.2,319.22,204280
2026-04-27T10:00:00+00:00,319.2,319.22,318.26,318.36,598173
2026-04-27T11:00:00+00:00,318.36,319.0,318.32,318.9,262756
2026-04-27T12:00:00+00:00,318.9,319.48,318.62,319.0,440305
2026-04-27T13:00:00+00:00,319.02,319.3,318.88,319.06,314381
2026-04-27T14:00:00+00:00,319.08,319.24,318.88,319.08,217946
2026-04-27T15:00:00+00:00,319.08,319.12,318.86,318.86,128185
2026-04-27T16:00:00+00:00,318.96,319.14,318.5,318.5,164288
2026-04-27T17:00:00+00:00,318.52,318.56,317.56,317.86,352509
2026-04-27T18:00:00+00:00,317.86,318.08,317.74,317.82,178846
2026-04-27T19:00:00+00:00,317.82,318.18,317.66,317.96,147364
2026-04-27T20:00:00+00:00,317.96,318.1,317.62,317.64,197513
2026-04-28T03:00:00+00:00,317.96,317.96,317.96,317.96,790
2026-04-28T04:00:00+00:00,318.0,318.72,317.82,318.56,238474
2026-04-28T05:00:00+00:00,318.56,318.6,317.82,318.04,141169
2026-04-28T06:00:00+00:00,318.06,318.5,316.8,317.2,834724
2026-04-28T07:00:00+00:00,317.2,320.5,316.66,316.98,1100012
2026-04-28T08:00:00+00:00,317.0,317.52,316.72,316.74,984505
2026-04-28T09:00:00+00:00,316.74,316.74,314.4,315.12,1237345
2026-04-28T10:00:00+00:00,315.1,315.12,313.28,314.26,935851
2026-04-28T11:00:00+00:00,314.26,314.44,313.68,313.86,798772
2026-04-28T12:00:00+00:00,313.86,314.2,313.36,313.68,811540
2026-04-28T13:00:00+00:00,313.68,313.68,310.6,311.28,2242145
2026-04-28T14:00:00+00:00,311.28,312.36,311.1,312.0,1466938
2026-04-28T15:00:00+00:00,312.0,312.68,311.62,311.74,681116
2026-04-28T16:00:00+00:00,311.92,312.36,311.56,311.96,287135
2026-04-28T17:00:00+00:00,311.96,312.24,311.54,312.18,232650
2026-04-28T18:00:00+00:00,312.2,312.24,311.5,311.58,373364
2026-04-28T19:00:00+00:00,311.56,311.7,310.76,310.94,343203
2026-04-28T20:00:00+00:00,310.98,311.1,310.6,310.72,391895
2026-04-29T03:00:00+00:00,311.0,311.0,311.0,311.0,10950
2026-04-29T04:00:00+00:00,311.02,311.98,310.58,311.7,458846
2026-04-29T05:00:00+00:00,311.7,311.8,311.3,311.68,81992
2026-04-29T06:00:00+00:00,311.68,312.08,311.3,311.62,393192
2026-04-29T07:00:00+00:00,311.6,311.66,309.12,310.0,2306849
2026-04-29T08:00:00+00:00,310.0,312.32,309.42,312.22,1303479
2026-04-29T09:00:00+00:00,312.22,313.68,311.66,312.4,779355
2026-04-29T10:00:00+00:00,312.4,312.42,310.96,311.24,580155
2026-04-29T11:00:00+00:00,311.24,311.24,309.56,310.14,1238225
2026-04-29T12:00:00+00:00,310.14,310.24,307.28,308.1,1998741
2026-04-29T13:00:00+00:00,308.14,308.14,304.22,304.66,3795442
2026-04-29T14:00:00+00:00,304.66,307.04,303.6,305.5,3033277
2026-04-29T15:00:00+00:00,305.5,305.9,304.38,305.32,2009556
2026-04-29T16:00:00+00:00,305.34,306.08,304.7,305.58,694644
2026-04-29T17:00:00+00:00,305.52,307.08,304.66,306.3,2013721
2026-04-29T18:00:00+00:00,306.34,307.74,306.3,307.3,1328695
2026-04-29T19:00:00+00:00,307.28,307.38,306.02,306.36,736784
2026-04-29T20:00:00+00:00,306.38,306.54,305.7,306.5,306597
2026-04-30T03:00:00+00:00,306.6,306.6,306.6,306.6,4870
2026-04-30T04:00:00+00:00,306.7,307.44,306.48,306.64,369492
2026-04-30T05:00:00+00:00,306.56,306.62,305.0,305.3,350444
2026-04-30T06:00:00+00:00,305.3,306.06,304.26,306.06,710371
2026-04-30T07:00:00+00:00,306.06,308.9,305.42,308.72,1660550
2026-04-30T08:00:00+00:00,308.74,308.74,306.36,306.64,1018920
2026-04-30T09:00:00+00:00,306.64,307.36,305.8,306.12,594278
2026-04-30T10:00:00+00:00,306.1,307.28,305.82,307.12,543670
2026-04-30T11:00:00+00:00,307.12,307.18,305.0,305.8,407227
2026-04-30T12:00:00+00:00,305.8,306.44,305.28,305.46,258041
2026-04-30T13:00:00+00:00,305.46,305.8,304.08,304.74,449997
2026-04-30T14:00:00+00:00,304.72,306.14,304.26,305.14,533923
2026-04-30T15:00:00+00:00,305.12,305.54,305.08,305.3,353969
2026-04-30T16:00:00+00:00,305.4,305.5,305.2,305.22,110818
2026-04-30T17:00:00+00:00,305.22,305.8,305.14,305.5,388870
2026-04-30T18:00:00+00:00,305.5,305.7,305.2,305.66,156027
2026-04-30T19:00:00+00:00,305.66,305.66,305.2,305.28,225211
2026-04-30T20:00:00+00:00,305.28,305.52,305.18,305.36,383026
2026-04-30T23:00:00+00:00,307.02,307.02,304.26,305.48,10614
2026-05-01T00:00:00+00:00,305.48,305.48,305.08,305.46,4118
2026-05-01T01:00:00+00:00,305.4,305.48,305.1,305.46,2232
2026-05-01T02:00:00+00:00,305.46,305.48,305.2,305.48,1362
2026-05-01T03:00:00+00:00,305.48,305.48,305.3,305.4,5936
2026-05-01T04:00:00+00:00,305.44,305.46,305.22,305.34,27852
2026-05-01T05:00:00+00:00,305.3,305.68,305.28,305.4,23636
2026-05-01T06:00:00+00:00,305.4,305.44,305.32,305.36,14656
2026-05-01T07:00:00+00:00,305.36,305.94,305.2,305.94,159081
2026-05-01T08:00:00+00:00,305.94,306.04,305.82,305.96,48995
2026-05-01T09:00:00+00:00,305.96,305.96,305.76,305.8,19602
2026-05-01T10:00:00+00:00,305.8,305.88,305.74,305.84,32422
2026-05-01T11:00:00+00:00,305.86,305.88,305.76,305.76,42114
2026-05-01T12:00:00+00:00,305.78,305.84,305.64,305.8,20829
2026-05-01T13:00:00+00:00,305.76,305.9,305.68,305.7,26424
2026-05-01T14:00:00+00:00,305.72,305.94,305.0,305.44,181284
2026-05-01T15:00:00+00:00,305.44,305.54,305.26,305.38,51074
2026-05-01T16:00:00+00:00,305.9,314.54,305.2,305.48,34885
2026-05-01T17:00:00+00:00,305.48,305.6,305.0,305.14,22174
2026-05-01T18:00:00+00:00,305.14,305.34,305.08,305.26,17075
2026-05-01T19:00:00+00:00,305.2,305.26,305.06,305.2,34427
2026-05-01T20:00:00+00:00,305.1,305.2,304.8,305.06,16179
2026-05-01T23:00:00+00:00,305.26,305.38,305.26,305.36,2335
2026-05-02T00:00:00+00:00,305.36,305.58,305.3,305.58,1505
2026-05-02T01:00:00+00:00,305.58,305.58,305.3,305.44,224
2026-05-02T02:00:00+00:00,305.44,305.66,305.28,305.38,4259
2026-05-02T03:00:00+00:00,305.34,305.58,305.3,305.48,459
2026-05-02T04:00:00+00:00,305.38,305.38,305.28,305.28,3717
2026-05-02T05:00:00+00:00,305.28,306.0,305.04,305.28,24469
2026-05-02T06:00:00+00:00,305.28,305.32,305.12,305.32,14409
2026-05-02T07:00:00+00:00,305.32,305.54,305.02,305.38,87667
2026-05-02T08:00:00+00:00,305.38,305.44,305.28,305.38,29686
2026-05-02T09:00:00+00:00,305.38,305.44,305.32,305.38,15553
2026-05-02T10:00:00+00:00,305.38,305.38,305.0,305.16,72443
2026-05-02T11:00:00+00:00,305.16,305.24,305.0,305.14,49083
2026-05-02T12:00:00+00:00,305.14,305.2,305.1,305.2,15087
2026-05-02T13:00:00+00:00,305.18,305.26,305.0,305.14,33505
2026-05-02T14:00:00+00:00,305.16,305.24,305.1,305.2,9756
2026-05-02T15:00:00+00:00,305.2,305.24,305.02,305.2,49387
2026-05-02T16:00:00+00:00,305.54,305.54,304.88,305.2,17983
2026-05-02T17:00:00+00:00,305.24,305.26,305.06,305.1,14855
2026-05-02T18:00:00+00:00,305.1,305.18,305.04,305.06,13012
2026-05-02T19:00:00+00:00,305.1,305.1,305.0,305.08,4978
2026-05-02T20:00:00+00:00,305.08,305.24,305.06,305.22,19570
2026-05-02T23:00:00+00:00,306.0,306.0,304.92,304.98,4304
2026-05-03T00:00:00+00:00,305.3,305.3,304.92,305.2,2357
2026-05-03T01:00:00+00:00,305.0,305.32,305.0,305.2,165
2026-05-03T02:00:00+00:00,305.2,305.32,305.04,305.3,1208
2026-05-03T03:00:00+00:00,305.3,305.3,305.12,305.14,477
2026-05-03T04:00:00+00:00,305.28,305.32,305.14,305.32,2334
2026-05-03T05:00:00+00:00,305.32,305.34,305.2,305.2,990
2026-05-03T06:00:00+00:00,305.26,305.26,305.16,305.2,8913
2026-05-03T07:00:00+00:00,305.26,305.3,305.06,305.22,26951
2026-05-03T08:00:00+00:00,305.26,305.26,305.18,305.24,12722
2026-05-03T09:00:00+00:00,305.24,305.94,305.18,305.6,122156
2026-05-03T10:00:00+00:00,305.6,305.64,305.46,305.5,26265
2026-05-03T11:00:00+00:00,305.5,305.9,305.48,305.7,61265
2026-05-03T12:00:00+00:00,305.7,305.72,305.6,305.64,6646
2026-05-03T13:00:00+00:00,305.66,305.7,305.6,305.68,12807
2026-05-03T14:00:00+00:00,305.7,305.78,305.62,305.76,29813
2026-05-03T15:00:00+00:00,305.78,305.78,305.7,305.76,28190
2026-05-03T16:00:00+00:00,305.5,306.18,305.34,305.72,19185
2026-05-03T17:00:00+00:00,305.82,305.84,305.72,305.82,3239
2026-05-03T18:00:00+00:00,305.82,305.82,305.66,305.8,6120
2026-05-03T19:00:00+00:00,305.8,306.34,305.76,305.88,19271
2026-05-03T20:00:00+00:00,306.04,306.34,305.76,306.34,10718
2026-05-04T03:00:00+00:00,306.0,306.0,306.0,306.0,12217
2026-05-04T04:00:00+00:00,306.0,308.0,306.0,308.0,600406
2026-05-04T05:00:00+00:00,307.98,308.04,307.04,307.36,287438
2026-05-04T06:00:00+00:00,307.36,308.28,307.12,307.6,722126
2026-05-04T07:00:00+00:00,307.62,308.64,307.58,308.46,554199
2026-05-04T08:00:00+00:00,308.48,308.5,305.94,306.22,756300
2026-05-04T09:00:00+00:00,306.2,306.76,305.76,305.88,479308
2026-05-04T10:00:00+00:00,305.88,306.84,305.04,305.66,547508
2026-05-04T11:00:00+00:00,305.66,305.66,302.1,302.5,1881749
2026-05-04T12:00:00+00:00,302.44,304.58,302.34,304.36,651564
2026-05-04T13:00:00+00:00,304.42,304.44,302.62,303.28,648388
2026-05-04T14:00:00+00:00,303.2,303.5,302.34,302.74,792286
2026-05-04T15:00:00+00:00,302.74,303.38,301.62,303.38,1336539
2026-05-04T16:00:00+00:00,303.02,303.56,302.58,302.9,521108
2026-05-04T17:00:00+00:00,302.94,303.42,302.64,302.7,152976
2026-05-04T18:00:00+00:00,302.7,304.54,302.52,304.36,479887
2026-05-04T19:00:00+00:00,304.32,304.54,303.38,303.5,270489
2026-05-04T20:00:00+00:00,303.5,304.76,303.4,304.6,257413
2026-05-05T03:00:00+00:00,304.64,304.64,304.64,304.64,20819
2026-05-05T04:00:00+00:00,304.64,305.18,304.0,304.46,300032
2026-05-05T05:00:00+00:00,304.48,304.56,304.34,304.5,47306
2026-05-05T06:00:00+00:00,304.48,304.78,303.26,303.9,376569
2026-05-05T07:00:00+00:00,303.9,304.68,303.48,303.6,369145
2026-05-05T08:00:00+00:00,303.58,303.88,301.8,303.02,1046230
2026-05-05T09:00:00+00:00,303.02,307.16,302.9,306.66,1811127
2026-05-05T10:00:00+00:00,306.64,307.88,305.56,307.1,1009432
2026-05-05T11:00:00+00:00,307.12,307.42,305.72,306.6,616358
2026-05-05T12:00:00+00:00,306.6,308.24,306.6,307.92,829101
2026-05-05T13:00:00+00:00,307.9,309.76,307.5,309.54,1192902
2026-05-05T14:00:00+00:00,309.56,311.0,309.0,310.1,1247024
2026-05-05T15:00:00+00:00,310.1,310.86,309.26,310.14,1032092
2026-05-05T16:00:00+00:00,310.16,310.52,308.62,309.08,591893
2026-05-05T17:00:00+00:00,309.1,309.52,308.78,309.02,212255
2026-05-05T18:00:00+00:00,309.02,309.74,309.0,309.6,223881
2026-05-05T19:00:00+00:00,309.56,309.6,309.06,309.16,138879
2026-05-05T20:00:00+00:00,309.16,309.8,308.8,309.8,298123
2026-05-06T03:00:00+00:00,309.88,309.88,309.88,309.88,9869
2026-05-06T04:00:00+00:00,309.88,310.42,309.02,310.36,292790
2026-05-06T05:00:00+00:00,310.36,310.4,309.62,309.84,234533
2026-05-06T06:00:00+00:00,309.96,310.0,307.54,307.96,973676
2026-05-06T07:00:00+00:00,307.98,308.78,307.0,307.6,952980
2026-05-06T08:00:00+00:00,307.6,311.0,307.52,310.08,1373413
2026-05-06T09:00:00+00:00,310.14,310.32,307.42,307.7,1253260
2026-05-06T10:00:00+00:00,307.68,308.02,306.22,307.28,1284715
2026-05-06T11:00:00+00:00,307.26,308.48,307.26,308.24,723462
2026-05-06T12:00:00+00:00,308.2,309.2,307.76,308.02,419298
2026-05-06T13:00:00+00:00,308.02,308.12,307.5,307.52,172078
2026-05-06T14:00:00+00:00,307.56,310.5,307.22,310.16,971895
2026-05-06T15:00:00+00:00,310.18,310.5,309.82,309.84,484119
2026-05-06T16:00:00+00:00,309.88,310.8,308.56,309.06,826707
2026-05-06T17:00:00+00:00,309.06,309.34,307.9,309.0,281900
2026-05-06T18:00:00+00:00,309.06,309.36,308.54,308.56,156147
2026-05-06T19:00:00+00:00,308.58,309.02,308.52,308.62,167027
2026-05-06T20:00:00+00:00,308.66,309.36,308.54,309.22,194757
2026-05-07T03:00:00+00:00,309.44,309.44,309.44,309.44,3730
2026-05-07T04:00:00+00:00,309.26,309.6,308.54,309.0,229695
2026-05-07T05:00:00+00:00,309.02,309.46,308.8,309.16,70003
2026-05-07T06:00:00+00:00,309.18,310.28,308.64,309.96,585835
2026-05-07T07:00:00+00:00,309.96,310.2,308.74,309.4,502751
2026-05-07T08:00:00+00:00,309.44,309.82,308.8,309.0,320101
2026-05-07T09:00:00+00:00,309.0,310.66,309.0,310.5,650891
2026-05-07T10:00:00+00:00,310.48,311.18,309.8,310.06,746826
2026-05-07T11:00:00+00:00,310.12,310.94,309.84,310.72,300152
2026-05-07T12:00:00+00:00,310.72,310.92,309.42,309.88,252960
2026-05-07T13:00:00+00:00,309.88,309.92,308.0,308.82,703533
2026-05-07T14:00:00+00:00,308.82,309.0,308.44,308.6,242646
2026-05-07T15:00:00+00:00,308.6,308.74,307.76,308.32,385763
2026-05-07T16:00:00+00:00,308.3,308.72,308.06,308.46,243889
2026-05-07T17:00:00+00:00,308.44,308.5,308.06,308.24,118771
2026-05-07T18:00:00+00:00,308.24,308.46,308.1,308.24,73434
2026-05-07T19:00:00+00:00,308.24,308.36,308.12,308.24,76637
2026-05-07T20:00:00+00:00,308.24,308.46,308.02,308.22,238958
2026-05-08T03:00:00+00:00,308.3,308.3,308.3,308.3,5254
2026-05-08T04:00:00+00:00,308.4,308.66,308.28,308.46,99281
2026-05-08T05:00:00+00:00,308.46,308.56,308.14,308.3,129461
2026-05-08T06:00:00+00:00,308.3,308.6,307.46,307.94,368631
2026-05-08T07:00:00+00:00,307.94,308.72,307.66,308.34,221867
2026-05-08T08:00:00+00:00,308.32,308.92,307.92,307.98,340184
2026-05-08T09:00:00+00:00,307.94,308.18,307.3,307.68,381093
2026-05-08T10:00:00+00:00,307.64,307.84,306.18,306.8,736062
2026-05-08T11:00:00+00:00,306.86,307.14,306.4,306.62,277116
2026-05-08T12:00:00+00:00,306.6,306.74,305.68,305.72,397873
2026-05-08T13:00:00+00:00,305.72,305.82,304.42,304.98,781611
2026-05-08T14:00:00+00:00,305.0,305.3,304.62,305.18,425978
2026-05-08T15:00:00+00:00,305.2,305.72,305.04,305.04,310860
2026-05-08T16:00:00+00:00,305.24,305.3,304.68,305.02,181945
2026-05-08T17:00:00+00:00,305.02,306.4,304.9,306.36,488249
2026-05-08T18:00:00+00:00,306.34,308.9,306.2,308.9,1560332
2026-05-08T19:00:00+00:00,308.9,309.42,308.5,308.88,851815
2026-05-08T20:00:00+00:00,308.82,309.16,308.02,308.5,632513
2026-05-08T23:00:00+00:00,308.5,309.22,308.16,308.76,3504
2026-05-09T00:00:00+00:00,308.76,308.76,308.52,308.76,610
2026-05-09T01:00:00+00:00,308.62,308.74,308.56,308.74,6741
2026-05-09T02:00:00+00:00,308.74,308.76,308.56,308.62,4833
2026-05-09T03:00:00+00:00,308.62,308.76,308.56,308.66,6865
2026-05-09T04:00:00+00:00,308.62,308.7,308.54,308.64,19150
2026-05-09T05:00:00+00:00,308.54,308.66,308.48,308.6,7905
2026-05-09T06:00:00+00:00,308.6,308.66,308.48,308.64,17293
2026-05-09T07:00:00+00:00,308.64,308.96,308.6,308.94,23509
2026-05-09T08:00:00+00:00,308.94,308.96,308.7,308.88,22714
2026-05-09T09:00:00+00:00,308.8,308.92,308.68,308.76,21371
2026-05-09T10:00:00+00:00,308.76,308.9,308.7,308.8,8484
2026-05-09T11:00:00+00:00,308.8,308.8,308.56,308.68,12354
2026-05-09T12:00:00+00:00,308.68,308.68,308.5,308.6,21855
2026-05-09T13:00:00+00:00,308.68,308.82,308.6,308.78,13391
2026-05-09T14:00:00+00:00,308.68,308.78,308.5,308.6,12976
2026-05-09T15:00:00+00:00,308.52,308.7,308.08,308.68,29450
2026-05-09T16:00:00+00:00,308.52,308.7,308.5,308.52,6047
2026-05-09T17:00:00+00:00,308.62,308.62,308.52,308.62,3138
2026-05-09T18:00:00+00:00,308.62,310.0,308.5,309.64,197416
2026-05-09T19:00:00+00:00,309.64,311.5,309.32,310.28,262621
2026-05-09T20:00:00+00:00,310.28,310.98,310.02,310.34,64451
2026-05-09T23:00:00+00:00,310.02,311.0,309.6,310.12,9445
2026-05-10T00:00:00+00:00,310.1,310.48,309.7,310.48,4608
2026-05-10T01:00:00+00:00,310.46,310.46,310.02,310.3,3196
2026-05-10T02:00:00+00:00,310.3,310.54,310.1,310.54,8665
2026-05-10T03:00:00+00:00,310.54,310.6,310.0,310.56,6375
2026-05-10T04:00:00+00:00,310.42,311.1,310.42,311.06,61450
2026-05-10T05:00:00+00:00,311.06,311.6,310.64,310.98,29250
2026-05-10T06:00:00+00:00,311.28,311.7,310.98,311.46,33740
2026-05-10T07:00:00+00:00,311.24,311.64,311.0,311.6,52821
2026-05-10T08:00:00+00:00,311.6,311.64,311.3,311.42,20883
2026-05-10T09:00:00+00:00,311.42,311.54,311.1,311.28,31844
2026-05-10T10:00:00+00:00,311.28,311.28,310.56,311.1,63200
2026-05-10T11:00:00+00:00,311.1,311.1,310.44,310.74,19099
2026-05-10T12:00:00+00:00,310.9,310.98,310.72,310.98,10525
2026-05-10T13:00:00+00:00,310.98,311.0,310.62,310.96,16254
2026-05-10T14:00:00+00:00,310.72,311.18,310.72,311.18,16718
2026-05-10T15:00:00+00:00,311.18,311.24,310.76,310.84,12330
2026-05-10T16:00:00+00:00,310.84,311.1,310.68,311.0,11323
2026-05-10T17:00:00+00:00,311.04,311.16,310.9,311.12,15490
2026-05-10T18:00:00+00:00,311.12,311.22,311.08,311.18,18268
2026-05-10T19:00:00+00:00,311.18,311.2,311.06,311.16,7765
2026-05-10T20:00:00+00:00,311.16,311.46,310.92,311.18,58892
2026-05-11T03:00:00+00:00,310.52,310.52,310.52,310.52,7198
2026-05-11T04:00:00+00:00,310.68,311.48,308.9,309.84,815732
2026-05-11T05:00:00+00:00,309.84,310.64,309.82,310.48,244855
2026-05-11T06:00:00+00:00,310.44,310.48,309.1,309.38,502741
2026-05-11T07:00:00+00:00,309.26,311.14,309.26,310.94,519781
2026-05-11T08:00:00+00:00,310.94,311.2,310.64,311.1,348876
2026-05-11T09:00:00+00:00,311.1,312.2,310.8,311.98,467078
2026-05-11T10:00:00+00:00,311.98,312.12,311.0,311.22,424156
2026-05-11T11:00:00+00:00,311.22,311.38,310.36,310.42,250376
2026-05-11T12:00:00+00:00,310.4,310.94,310.4,310.92,183402
2026-05-11T13:00:00+00:00,310.92,310.92,310.0,310.26,349661
2026-05-11T14:00:00+00:00,310.26,311.0,310.22,310.92,151300
2026-05-11T15:00:00+00:00,310.92,310.92,310.62,310.76,80871
2026-05-11T16:00:00+00:00,310.76,311.0,309.72,310.3,344949
2026-05-11T17:00:00+00:00,310.3,310.9,309.9,310.84,308473
2026-05-11T18:00:00+00:00,310.86,311.52,310.68,311.32,354478
2026-05-11T19:00:00+00:00,311.34,311.52,311.16,311.4,190316
2026-05-11T20:00:00+00:00,311.4,311.44,311.0,311.14,367180
2026-05-12T03:00:00+00:00,311.4,311.4,311.4,311.4,521
2026-05-12T04:00:00+00:00,311.4,311.76,311.04,311.54,650387
2026-05-12T05:00:00+00:00,311.52,311.68,311.16,311.22,186528
2026-05-12T06:00:00+00:00,311.22,311.34,310.5,310.72,698464
2026-05-12T07:00:00+00:00,310.74,313.24,310.54,312.94,1980099
2026-05-12T08:00:00+00:00,312.94,313.66,312.54,312.8,931899
2026-05-12T09:00:00+00:00,312.8,313.46,312.52,313.46,492409
2026-05-12T10:00:00+00:00,313.42,314.6,313.2,314.32,1154708
2026-05-12T11:00:00+00:00,314.3,315.28,313.7,314.98,990031
2026-05-12T12:00:00+00:00,314.96,315.78,314.7,315.4,1215653
2026-05-12T13:00:00+00:00,315.4,315.44,314.32,315.04,640674
2026-05-12T14:00:00+00:00,315.04,315.86,314.62,315.06,847083
2026-05-12T15:00:00+00:00,315.06,316.0,314.98,315.44,604289
2026-05-12T16:00:00+00:00,315.48,315.6,314.96,315.16,277689
2026-05-12T17:00:00+00:00,315.12,315.74,315.04,315.46,276527
2026-05-12T18:00:00+00:00,315.46,316.08,315.04,315.86,531372
2026-05-12T19:00:00+00:00,315.88,316.94,315.78,316.68,460459
2026-05-12T20:00:00+00:00,316.66,316.98,316.5,316.92,430046
2026-05-13T03:00:00+00:00,316.9,316.9,316.9,316.9,11935
2026-05-13T04:00:00+00:00,316.88,316.9,315.54,316.12,519036
2026-05-13T05:00:00+00:00,316.12,316.9,315.68,316.48,323596
2026-05-13T06:00:00+00:00,316.44,316.48,315.0,315.52,524543
2026-05-13T07:00:00+00:00,315.52,315.74,315.02,315.72,519212
2026-05-13T08:00:00+00:00,315.72,315.9,314.5,314.78,519354
2026-05-13T09:00:00+00:00,314.8,314.98,314.16,314.82,563006
2026-05-13T10:00:00+00:00,314.82,315.18,314.62,315.0,198504
2026-05-13T11:00:00+00:00,315.0,315.04,314.38,314.44,191559
2026-05-13T12:00:00+00:00,314.44,315.5,314.44,315.3,348239
2026-05-13T13:00:00+00:00,315.3,315.36,315.04,315.32,162497
2026-05-13T14:00:00+00:00,315.32,316.7,315.3,316.6,611582
2026-05-13T15:00:00+00:00,316.6,316.64,316.22,316.46,328198
2026-05-13T16:00:00+00:00,316.46,316.98,316.46,316.86,435324
2026-05-13T17:00:00+00:00,316.9,318.28,316.7,318.02,1109995
2026-05-13T18:00:00+00:00,318.02,319.44,317.88,318.04,1060690
2026-05-13T19:00:00+00:00,318.06,318.38,317.9,317.98,194700
2026-05-13T20:00:00+00:00,318.02,318.52,317.94,318.52,284640
2026-05-14T03:00:00+00:00,318.6,318.6,318.6,318.6,4835
2026-05-14T04:00:00+00:00,318.52,318.62,317.64,318.24,434089
2026-05-14T05:00:00+00:00,318.2,318.56,317.92,318.56,211157
2026-05-14T06:00:00+00:00,318.42,318.6,317.3,317.7,605763
2026-05-14T07:00:00+00:00,317.74,318.18,316.54,316.7,1090817
2026-05-14T08:00:00+00:00,316.7,317.3,315.66,316.22,644372
2026-05-14T09:00:00+00:00,316.22,316.68,315.94,316.3,358951
2026-05-14T10:00:00+00:00,316.26,316.76,315.46,315.48,451325
2026-05-14T11:00:00+00:00,315.46,315.92,314.58,315.6,703715
2026-05-14T12:00:00+00:00,315.6,315.7,314.06,314.8,771411
2026-05-14T13:00:00+00:00,314.78,315.38,314.4,315.22,452394
2026-05-14T14:00:00+00:00,315.14,315.58,314.78,315.1,295030
2026-05-14T15:00:00+00:00,315.1,315.26,313.68,314.18,533758
2026-05-14T16:00:00+00:00,314.16,314.28,313.64,313.86,290840
2026-05-14T17:00:00+00:00,313.86,314.68,313.78,314.08,295112
2026-05-14T18:00:00+00:00,314.08,314.36,313.94,314.2,103678
2026-05-14T19:00:00+00:00,314.2,314.28,313.84,314.06,130309
2026-05-14T20:00:00+00:00,314.06,314.1,313.8,313.94,247284
2026-05-15T03:00:00+00:00,314.0,314.0,314.0,314.0,6436
2026-05-15T04:00:00+00:00,314.08,314.2,312.7,313.68,514362
2026-05-15T05:00:00+00:00,313.6,314.64,313.54,314.2,339578
2026-05-15T06:00:00+00:00,314.16,314.98,314.0,314.72,296978
2026-05-15T07:00:00+00:00,314.72,316.0,314.7,315.24,767934
2026-05-15T08:00:00+00:00,315.26,315.34,313.8,314.52,578656
2026-05-15T09:00:00+00:00,314.54,315.12,314.32,314.66,205270
2026-05-15T10:00:00+00:00,314.66,314.8,313.62,314.0,482270
2026-05-15T11:00:00+00:00,314.0,314.04,313.52,313.66,305440
2026-05-15T12:00:00+00:00,313.66,313.66,312.16,312.6,545997
2026-05-15T13:00:00+00:00,312.58,313.2,312.2,312.82,357378
2026-05-15T14:00:00+00:00,312.8,312.86,309.8,309.9,1677997
2026-05-15T15:00:00+00:00,309.88,310.0,308.6,309.98,1628114
2026-05-15T16:00:00+00:00,309.98,310.0,308.7,309.02,576248
2026-05-15T17:00:00+00:00,309.02,309.02,308.44,308.8,362085
2026-05-15T18:00:00+00:00,308.82,309.02,308.7,309.0,141072
2026-05-15T19:00:00+00:00,309.02,309.04,308.9,308.96,179320
2026-05-15T20:00:00+00:00,308.96,309.28,308.92,309.22,387765
2026-05-15T23:00:00+00:00,309.96,309.96,308.96,309.4,788
2026-05-16T00:00:00+00:00,309.4,309.4,309.04,309.36,902
2026-05-16T01:00:00+00:00,309.34,309.44,309.02,309.42,10022
2026-05-16T02:00:00+00:00,309.42,309.44,309.04,309.32,6040
2026-05-16T03:00:00+00:00,309.32,309.32,309.1,309.22,4639
2026-05-16T04:00:00+00:00,309.26,309.3,309.02,309.3,11523
2026-05-16T05:00:00+00:00,309.3,309.3,309.06,309.28,15655
2026-05-16T06:00:00+00:00,309.28,309.5,309.22,309.5,17971
2026-05-16T07:00:00+00:00,309.5,310.14,309.3,310.06,185391
2026-05-16T08:00:00+00:00,310.06,310.1,309.74,309.94,233883
2026-05-16T09:00:00+00:00,309.94,309.98,309.0,309.48,93480
2026-05-16T10:00:00+00:00,309.48,309.48,309.26,309.38,47622
2026-05-16T11:00:00+00:00,309.32,309.42,309.32,309.4,22384
2026-05-16T12:00:00+00:00,309.42,309.5,309.4,309.5,12158
2026-05-16T13:00:00+00:00,309.44,309.5,309.44,309.48,22029
2026-05-16T14:00:00+00:00,309.48,309.68,309.3,309.4,78636
2026-05-16T15:00:00+00:00,309.4,309.44,309.04,309.1,75318
2026-05-16T16:00:00+00:00,309.46,309.46,309.04,309.16,9380
2026-05-16T17:00:00+00:00,309.16,309.24,309.06,309.24,8600
2026-05-16T18:00:00+00:00,309.12,309.4,309.1,309.28,23181
2026-05-16T19:00:00+00:00,309.28,309.4,309.16,309.18,3743
2026-05-16T20:00:00+00:00,309.16,309.2,309.1,309.14,14003
2026-05-16T23:00:00+00:00,309.02,309.58,309.02,309.1,827
2026-05-17T00:00:00+00:00,309.44,309.44,309.14,309.44,722
2026-05-17T01:00:00+00:00,309.44,310.26,309.16,310.24,11599
2026-05-17T02:00:00+00:00,310.22,310.22,309.16,309.36,828
2026-05-17T03:00:00+00:00,309.66,310.04,309.3,310.02,2827
2026-05-17T04:00:00+00:00,309.52,310.0,309.52,309.84,1538
2026-05-17T05:00:00+00:00,309.84,309.84,309.34,309.5,5215
2026-05-17T06:00:00+00:00,309.5,309.7,309.34,309.48,7461
2026-05-17T07:00:00+00:00,309.48,309.9,309.2,309.68,73730
2026-05-17T08:00:00+00:00,309.68,309.88,309.64,309.82,30171
2026-05-17T09:00:00+00:00,309.82,309.84,309.7,309.76,35087
2026-05-17T10:00:00+00:00,309.72,309.86,309.7,309.74,41617
2026-05-17T11:00:00+00:00,309.78,309.84,309.6,309.74,42702
2026-05-17T12:00:00+00:00,309.74,309.8,309.6,309.8,25630
2026-05-17T13:00:00+00:00,309.8,309.86,309.56,309.62,35774
2026-05-17T14:00:00+00:00,309.62,309.64,309.42,309.48,38941
2026-05-17T15:00:00+00:00,309.48,309.56,309.34,309.46,27679
2026-05-17T16:00:00+00:00,309.76,309.76,309.2,309.6,6162
2026-05-17T17:00:00+00:00,309.6,309.64,309.48,309.52,6952
2026-05-17T18:00:00+00:00,309.48,309.64,309.4,309.56,4711
2026-05-17T19:00:00+00:00,309.54,309.6,309.42,309.5,8344
2026-05-17T20:00:00+00:00,309.5,309.62,309.42,309.42,20557
2026-05-18T03:00:00+00:00,309.52,309.52,309.52,309.52,2220
2026-05-18T04:00:00+00:00,309.52,310.24,309.0,309.58,519542
2026-05-18T05:00:00+00:00,309.56,309.58,308.72,308.78,259206
2026-05-18T06:00:00+00:00,308.76,308.9,307.48,307.8,801120
2026-05-18T07:00:00+00:00,307.78,307.84,305.5,306.38,1489224
2026-05-18T08:00:00+00:00,306.36,307.2,306.3,306.52,453406
2026-05-18T09:00:00+00:00,306.58,308.3,306.48,307.96,921225
2026-05-18T10:00:00+00:00,307.96,308.18,306.82,307.04,575625
2026-05-18T11:00:00+00:00,307.02,307.82,306.9,307.3,239460
2026-05-18T12:00:00+00:00,307.3,307.58,306.8,307.06,284558
2026-05-18T13:00:00+00:00,307.08,307.34,306.28,306.82,285117
2026-05-18T14:00:00+00:00,306.86,308.9,306.74,308.9,918550
2026-05-18T15:00:00+00:00,308.9,310.6,308.88,310.4,1172185
2026-05-18T16:00:00+00:00,310.42,311.3,310.34,311.18,691659
2026-05-18T17:00:00+00:00,311.18,311.96,310.92,311.06,379468
2026-05-18T18:00:00+00:00,311.06,311.44,310.84,311.28,172804
2026-05-18T19:00:00+00:00,311.32,311.44,311.08,311.24,153579
2026-05-18T20:00:00+00:00,311.22,311.82,311.12,311.82,236418
2026-05-19T03:00:00+00:00,312.12,312.12,312.12,312.12,25018
2026-05-19T04:00:00+00:00,312.12,312.6,311.5,312.0,373561
2026-05-19T05:00:00+00:00,312.0,312.08,311.1,311.86,199907
2026-05-19T06:00:00+00:00,311.84,312.0,311.12,311.38,440554
2026-05-19T07:00:00+00:00,311.38,312.4,310.76,312.1,401193
2026-05-19T08:00:00+00:00,312.12,316.76,312.1,315.98,2296319
2026-05-19T09:00:00+00:00,316.0,317.0,315.12,315.14,1295675
2026-05-19T10:00:00+00:00,315.14,315.24,313.24,314.92,1070452
2026-05-19T11:00:00+00:00,314.92,315.12,314.02,314.96,554796
2026-05-19T12:00:00+00:00,314.96,315.38,314.64,315.12,391032
2026-05-19T13:00:00+00:00,315.1,316.72,314.1,315.3,1313547
2026-05-19T14:00:00+00:00,315.3,315.92,314.4,315.68,616061
2026-05-19T15:00:00+00:00,315.56,315.78,314.5,314.9,416478
2026-05-19T16:00:00+00:00,314.92,315.26,314.8,315.04,115186
2026-05-19T17:00:00+00:00,315.12,315.38,314.76,315.0,241118
2026-05-19T18:00:00+00:00,315.0,315.18,314.78,314.88,131636
2026-05-19T19:00:00+00:00,314.88,314.94,314.58,314.78,107380
2026-05-19T20:00:00+00:00,314.78,314.94,314.48,314.76,183937
2026-05-20T03:00:00+00:00,315.0,315.0,315.0,315.0,4158
2026-05-20T04:00:00+00:00,315.0,315.4,314.76,315.16,252743
2026-05-20T05:00:00+00:00,315.1,316.2,315.1,315.4,350498
2026-05-20T06:00:00+00:00,315.4,315.42,313.52,314.02,669598
2026-05-20T07:00:00+00:00,314.12,314.14,313.2,313.5,732461
2026-05-20T08:00:00+00:00,313.5,313.64,312.86,313.02,726622
2026-05-20T09:00:00+00:00,313.0,313.34,311.42,312.92,1049748
2026-05-20T10:00:00+00:00,312.92,313.5,312.72,313.16,615233
2026-05-20T11:00:00+00:00,313.16,313.34,313.1,313.14,142472
2026-05-20T12:00:00+00:00,313.14,314.0,312.42,313.38,563369
2026-05-20T13:00:00+00:00,313.42,313.68,312.74,312.78,324861
2026-05-20T14:00:00+00:00,312.74,313.38,312.08,313.26,989391
2026-05-20T15:00:00+00:00,313.26,313.48,312.76,313.3,487566
2026-05-20T16:00:00+00:00,313.18,313.64,312.88,313.16,589963
2026-05-20T17:00:00+00:00,313.16,313.44,311.32,312.46,832262
2026-05-20T18:00:00+00:00,312.46,312.7,312.22,312.68,148946
2026-05-20T19:00:00+00:00,312.68,312.7,312.22,312.58,89609
2026-05-20T20:00:00+00:00,312.58,312.7,312.12,312.46,368186
2026-05-21T03:00:00+00:00,312.74,312.74,312.74,312.74,1318
2026-05-21T04:00:00+00:00,312.7,313.32,312.54,312.86,372871
2026-05-21T05:00:00+00:00,312.88,313.08,312.8,312.9,153868
2026-05-21T06:00:00+00:00,312.9,312.9,311.88,312.46,502314
2026-05-21T07:00:00+00:00,312.42,313.32,309.64,309.98,2534706
2026-05-21T08:00:00+00:00,309.98,311.04,309.74,310.74,755795
2026-05-21T09:00:00+00:00,310.66,311.1,310.02,310.74,601600
2026-05-21T10:00:00+00:00,310.74,312.16,310.3,312.16,696137
2026-05-21T11:00:00+00:00,312.16,312.46,311.34,311.56,435792
2026-05-21T12:00:00+00:00,311.56,311.6,310.8,311.12,347476
2026-05-21T13:00:00+00:00,311.12,312.24,311.04,311.56,425452
2026-05-21T14:00:00+00:00,311.56,312.96,311.18,312.9,1322360
2026-05-21T15:00:00+00:00,312.88,313.32,312.3,313.12,1156652
2026-05-21T16:00:00+00:00,313.12,313.24,312.62,312.78,209991
2026-05-21T17:00:00+00:00,312.78,312.86,312.1,312.48,324473
2026-05-21T18:00:00+00:00,312.48,312.6,312.36,312.52,86720
2026-05-21T19:00:00+00:00,312.52,312.74,311.76,311.96,253034
2026-05-21T20:00:00+00:00,311.92,312.32,311.56,312.22,291075
2026-05-22T03:00:00+00:00,312.22,312.22,312.22,312.22,13191
2026-05-22T04:00:00+00:00,312.2,312.76,311.62,312.6,269120
2026-05-22T05:00:00+00:00,312.6,312.6,312.2,312.24,111597
2026-05-22T06:00:00+00:00,312.22,313.56,312.08,313.1,497422
2026-05-22T07:00:00+00:00,313.1,315.3,312.82,314.14,1667704
2026-05-22T08:00:00+00:00,314.14,314.52,313.06,313.06,1927240
2026-05-22T09:00:00+00:00,313.08,313.8,312.64,312.8,504792
2026-05-22T10:00:00+00:00,312.8,313.08,312.5,312.82,396651
2026-05-22T11:00:00+00:00,312.84,313.6,312.34,312.54,713011
2026-05-22T12:00:00+00:00,312.54,312.76,311.2,312.12,938630
2026-05-22T13:00:00+00:00,312.12,312.24,311.26,311.74,635526
2026-05-22T14:00:00+00:00,311.72,312.3,310.22,310.36,1597011
2026-05-22T15:00:00+00:00,310.36,310.72,308.5,309.94,1480449
2026-05-22T16:00:00+00:00,309.88,310.0,309.5,309.54,564846
2026-05-22T17:00:00+00:00,309.54,310.0,309.46,309.94,285412
2026-05-22T18:00:00+00:00,309.94,309.96,309.64,309.74,257967
2026-05-22T19:00:00+00:00,309.7,309.74,309.08,309.38,382302
2026-05-22T20:00:00+00:00,309.38,310.02,309.36,309.78,1104923
2026-05-22T23:00:00+00:00,304.88,306.6,304.88,305.5,43261
2026-05-23T00:00:00+00:00,305.5,305.6,305.26,305.6,11095
2026-05-23T01:00:00+00:00,305.6,305.72,305.3,305.7,4704
2026-05-23T02:00:00+00:00,305.72,306.08,305.7,306.08,24349
2026-05-23T03:00:00+00:00,306.0,306.08,305.5,305.82,56771
2026-05-23T04:00:00+00:00,305.7,306.0,305.48,305.9,142611
2026-05-23T05:00:00+00:00,305.9,305.98,305.74,305.92,74833
2026-05-23T06:00:00+00:00,305.94,305.96,305.6,305.6,82973
2026-05-23T07:00:00+00:00,305.58,306.46,305.46,306.02,650347
2026-05-23T08:00:00+00:00,306.02,306.3,306.0,306.22,90962
2026-05-23T09:00:00+00:00,306.22,306.7,306.2,306.56,298164
2026-05-23T10:00:00+00:00,306.5,306.64,306.14,306.14,133313
2026-05-23T11:00:00+00:00,306.16,306.46,306.1,306.38,74431
2026-05-23T12:00:00+00:00,306.36,306.46,306.14,306.18,50630
2026-05-23T13:00:00+00:00,306.2,306.26,305.92,306.08,238549
2026-05-23T14:00:00+00:00,306.08,306.08,305.62,305.96,123072
2026-05-23T15:00:00+00:00,305.96,306.06,305.6,306.06,86007
2026-05-23T16:00:00+00:00,306.06,306.26,305.8,305.98,30884
2026-05-23T17:00:00+00:00,305.98,306.06,305.7,306.0,21505
2026-05-23T18:00:00+00:00,306.02,306.06,305.88,305.92,25359
2026-05-23T19:00:00+00:00,305.92,305.98,305.8,305.8,13849
2026-05-23T20:00:00+00:00,305.8,305.9,305.64,305.86,48669
2026-05-23T23:00:00+00:00,306.8,307.5,305.0,305.76,4207
2026-05-24T00:00:00+00:00,306.14,306.22,305.78,306.18,210
2026-05-24T01:00:00+00:00,306.18,306.22,305.04,306.04,4711
2026-05-24T02:00:00+00:00,305.7,306.1,305.7,306.06,1879
2026-05-24T03:00:00+00:00,306.1,306.16,305.84,305.84,7080
2026-05-24T04:00:00+00:00,305.96,305.96,305.72,305.94,12213
2026-05-24T05:00:00+00:00,305.94,305.96,305.74,305.88,12924
2026-05-24T06:00:00+00:00,305.88,305.9,305.74,305.9,17796
2026-05-24T07:00:00+00:00,305.9,305.9,305.44,305.74,91156
2026-05-24T08:00:00+00:00,305.74,306.16,305.7,305.86,79190
2026-05-24T09:00:00+00:00,305.86,305.96,305.72,305.8,49855
2026-05-24T10:00:00+00:00,305.8,305.98,305.66,305.96,31083
2026-05-24T11:00:00+00:00,305.96,305.96,305.82,305.9,23472
2026-05-24T12:00:00+00:00,305.88,305.9,305.8,305.88,20333
2026-05-24T13:00:00+00:00,305.84,306.06,305.82,306.0,53554
2026-05-24T14:00:00+00:00,306.0,306.12,305.84,306.04,57553
2026-05-24T15:00:00+00:00,306.0,306.44,305.88,306.18,54057
2026-05-24T16:00:00+00:00,306.28,306.28,305.94,306.02,5831
2026-05-24T17:00:00+00:00,306.02,306.1,306.0,306.04,7056
2026-05-24T18:00:00+00:00,306.02,306.08,305.9,306.02,11562
2026-05-24T19:00:00+00:00,306.02,306.1,305.94,306.06,10894
2026-05-24T20:00:00+00:00,306.02,306.18,305.98,306.04,19416
2026-05-25T03:00:00+00:00,306.18,306.18,306.18,306.18,3446
2026-05-25T04:00:00+00:00,306.16,307.22,306.12,306.5,297280
2026-05-25T05:00:00+00:00,306.5,307.0,306.2,306.68,288860
2026-05-25T06:00:00+00:00,306.72,307.1,305.8,306.8,797117
2026-05-25T07:00:00+00:00,306.8,307.02,306.24,306.74,636890
2026-05-25T08:00:00+00:00,306.82,307.48,306.24,307.38,751036
2026-05-25T09:00:00+00:00,307.4,308.4,307.18,307.62,867215
2026-05-25T10:00:00+00:00,307.62,308.3,307.3,307.54,512234
2026-05-25T11:00:00+00:00,307.52,307.96,306.68,306.86,635887
2026-05-25T12:00:00+00:00,306.86,307.3,306.28,306.94,440033
2026-05-25T13:00:00+00:00,306.94,307.04,303.8,304.44,1778702
2026-05-25T14:00:00+00:00,304.44,304.52,302.52,304.08,1688417
2026-05-25T15:00:00+00:00,304.08,304.24,303.28,304.0,914187
2026-05-25T16:00:00+00:00,304.02,304.28,303.74,303.96,306836
2026-05-25T17:00:00+00:00,303.98,304.56,303.88,303.96,340246
2026-05-25T18:00:00+00:00,303.98,304.18,303.34,303.88,345764
2026-05-25T19:00:00+00:00,303.88,303.88,303.28,303.5,210878
2026-05-25T20:00:00+00:00,303.5,303.5,302.92,303.22,439298
2026-05-26T03:00:00+00:00,303.38,303.38,303.38,303.38,4518
2026-05-26T04:00:00+00:00,303.38,304.38,303.12,304.18,386740
2026-05-26T05:00:00+00:00,304.18,304.82,304.08,304.48,244861
2026-05-26T06:00:00+00:00,304.42,304.52,303.54,303.86,338898
2026-05-26T07:00:00+00:00,303.8,304.32,303.08,303.3,447327
2026-05-26T08:00:00+00:00,303.26,303.4,301.6,302.76,1041890
2026-05-26T09:00:00+00:00,302.76,304.12,302.52,303.52,527997
2026-05-26T10:00:00+00:00,303.52,303.7,302.6,302.8,460801
2026-05-26T11:00:00+00:00,302.8,303.34,302.2,303.1,383243
2026-05-26T12:00:00+00:00,303.06,303.08,302.0,302.08,347505
2026-05-26T13:00:00+00:00,302.08,302.74,302.04,302.64,263105
2026-05-26T14:00:00+00:00,302.64,303.2,302.18,302.6,546040
2026-05-26T15:00:00+00:00,302.58,303.3,302.38,302.6,483133
2026-05-26T16:00:00+00:00,302.6,302.68,300.62,301.0,1770167
2026-05-26T17:00:00+00:00,301.0,303.5,300.94,303.24,1519226
2026-05-26T18:00:00+00:00,303.24,303.8,302.6,302.7,915160
2026-05-26T19:00:00+00:00,302.7,302.98,302.16,302.2,204231
2026-05-26T20:00:00+00:00,302.2,302.76,301.7,302.16,251565
2026-05-27T03:00:00+00:00,302.5,302.5,302.5,302.5,858
2026-05-27T04:00:00+00:00,302.52,303.04,300.9,302.32,667679
2026-05-27T05:00:00+00:00,302.24,303.78,302.2,303.4,369964
2026-05-27T06:00:00+00:00,303.3,303.94,302.58,303.0,498850
2026-05-27T07:00:00+00:00,302.96,303.82,301.92,301.94,949148
2026-05-27T08:00:00+00:00,301.94,303.4,301.2,302.76,1392672
2026-05-27T09:00:00+00:00,302.74,303.06,302.02,302.64,881788
2026-05-27T10:00:00+00:00,302.64,303.1,302.1,302.62,594953
2026-05-27T11:00:00+00:00,302.62,303.88,302.6,303.18,810884
2026-05-27T12:00:00+00:00,303.18,303.34,302.5,302.74,312920
2026-05-27T13:00:00+00:00,302.74,303.34,302.3,302.56,524876
2026-05-27T14:00:00+00:00,302.54,303.08,302.42,302.8,252658
2026-05-27T15:00:00+00:00,302.82,303.6,302.78,303.42,597832
2026-05-27T16:00:00+00:00,303.42,303.68,302.74,303.64,533483
2026-05-27T17:00:00+00:00,303.66,303.68,303.14,303.16,411790
2026-05-27T18:00:00+00:00,303.16,303.28,303.04,303.24,113503
2026-05-27T19:00:00+00:00,303.22,303.24,302.98,303.1,191225
2026-05-27T20:00:00+00:00,303.1,303.24,303.04,303.24,236692
2026-05-28T03:00:00+00:00,303.74,303.74,303.74,303.74,18196
2026-05-28T04:00:00+00:00,303.72,304.48,303.32,304.3,531788
2026-05-28T05:00:00+00:00,304.26,304.5,304.12,304.4,186862
2026-05-28T06:00:00+00:00,304.48,304.48,303.72,303.82,452071
2026-05-28T07:00:00+00:00,303.86,304.02,303.34,303.44,456308
2026-05-28T08:00:00+00:00,303.44,305.28,303.4,304.58,1499771
2026-05-28T09:00:00+00:00,304.58,304.98,304.14,304.64,461029
2026-05-28T10:00:00+00:00,304.64,304.94,304.22,304.94,384914
2026-05-28T11:00:00+00:00,304.94,305.66,304.7,305.02,1002543
2026-05-28T12:00:00+00:00,305.02,305.16,303.4,303.44,1243405
2026-05-28T13:00:00+00:00,303.42,303.42,301.74,302.52,1918817
2026-05-28T14:00:00+00:00,302.52,303.16,302.2,303.02,803748
2026-05-28T15:00:00+00:00,303.0,303.56,302.76,303.2,574265
2026-05-28T16:00:00+00:00,303.16,303.16,302.72,302.92,150484
2026-05-28T17:00:00+00:00,302.92,303.06,302.48,302.64,234467
2026-05-28T18:00:00+00:00,302.66,302.8,302.2,302.34,252211
2026-05-28T19:00:00+00:00,302.34,302.5,302.0,302.18,266902
2026-05-28T20:00:00+00:00,302.18,302.42,302.06,302.14,222323
2026-05-29T03:00:00+00:00,302.36,302.36,302.36,302.36,141
2026-05-29T04:00:00+00:00,302.48,302.74,301.82,302.1,323656
2026-05-29T05:00:00+00:00,302.1,302.52,301.88,302.34,180328
2026-05-29T06:00:00+00:00,302.34,303.3,302.0,302.28,763600
2026-05-29T07:00:00+00:00,302.34,302.66,301.2,301.48,983905
2026-05-29T08:00:00+00:00,301.56,302.54,301.32,302.28,535537
2026-05-29T09:00:00+00:00,302.3,302.9,302.04,302.1,460384
2026-05-29T10:00:00+00:00,302.1,302.28,301.52,301.8,362780
2026-05-29T11:00:00+00:00,301.78,302.26,301.32,302.08,925002
2026-05-29T12:00:00+00:00,302.04,302.22,300.7,301.06,658342
2026-05-29T13:00:00+00:00,301.12,302.16,300.98,301.6,527995
2026-05-29T14:00:00+00:00,301.58,301.84,300.92,301.78,384810
2026-05-29T15:00:00+00:00,301.78,301.78,301.24,301.42,224020
2026-05-29T16:00:00+00:00,301.42,301.7,301.2,301.36,244438
2026-05-29T17:00:00+00:00,301.38,301.54,301.04,301.2,139933
2026-05-29T18:00:00+00:00,301.2,301.6,301.04,301.44,211683
2026-05-29T19:00:00+00:00,301.44,301.54,301.14,301.16,115170
2026-05-29T20:00:00+00:00,301.16,301.22,300.86,301.14,685086
2026-05-29T23:00:00+00:00,301.6,301.6,301.02,301.06,6280
2026-05-30T00:00:00+00:00,301.06,301.3,300.56,301.12,1775
2026-05-30T01:00:00+00:00,301.1,301.28,300.72,301.26,497
2026-05-30T02:00:00+00:00,301.24,301.3,300.94,301.1,1675
2026-05-30T03:00:00+00:00,301.12,301.34,301.1,301.14,2591
2026-05-30T04:00:00+00:00,301.14,301.3,301.1,301.28,3857
2026-05-30T05:00:00+00:00,301.22,301.48,301.22,301.48,16367
2026-05-30T06:00:00+00:00,301.48,301.48,301.2,301.2,6649
2026-05-30T07:00:00+00:00,301.38,301.4,301.2,301.32,46945
2026-05-30T08:00:00+00:00,301.34,301.38,301.24,301.34,25861
2026-05-30T09:00:00+00:00,301.34,301.4,301.24,301.36,44963
2026-05-30T10:00:00+00:00,301.36,301.38,301.26,301.26,19654
2026-05-30T11:00:00+00:00,301.28,301.32,301.24,301.28,22487
2026-05-30T12:00:00+00:00,301.28,301.4,301.24,301.36,44521
2026-05-30T13:00:00+00:00,301.36,301.36,301.28,301.32,9830
2026-05-30T14:00:00+00:00,301.3,301.36,301.22,301.28,41674
2026-05-30T15:00:00+00:00,301.28,301.3,301.18,301.24,22132
2026-05-30T16:00:00+00:00,301.78,301.78,300.6,301.18,4942
2026-05-30T17:00:00+00:00,301.2,301.2,301.1,301.18,7418
2026-05-30T18:00:00+00:00,301.2,301.28,301.18,301.24,16509
2026-05-30T19:00:00+00:00,301.24,301.26,301.16,301.2,7312
2026-05-30T20:00:00+00:00,301.18,301.18,301.0,301.08,25582
2026-05-30T23:00:00+00:00,301.5,301.58,301.06,301.22,446
2026-05-31T00:00:00+00:00,301.22,301.22,301.06,301.22,631
2026-05-31T01:00:00+00:00,301.22,301.4,301.08,301.4,2278
2026-05-31T02:00:00+00:00,301.4,301.4,301.12,301.24,139
2026-05-31T03:00:00+00:00,301.38,301.68,301.14,301.66,8901
2026-05-31T04:00:00+00:00,301.56,301.56,301.24,301.3,3732
2026-05-31T05:00:00+00:00,301.28,301.32,301.22,301.24,9893
2026-05-31T06:00:00+00:00,301.24,301.3,301.22,301.26,3505
2026-05-31T07:00:00+00:00,301.32,301.38,301.24,301.34,42131
2026-05-31T08:00:00+00:00,301.32,301.36,301.24,301.3,59054
2026-05-31T09:00:00+00:00,301.34,301.34,301.2,301.3,22532
2026-05-31T10:00:00+00:00,301.3,301.3,301.22,301.3,11996
2026-05-31T11:00:00+00:00,301.26,301.32,301.2,301.26,31543
2026-05-31T12:00:00+00:00,301.3,301.34,301.2,301.3,38662
2026-05-31T13:00:00+00:00,301.3,301.3,301.14,301.28,35194
2026-05-31T14:00:00+00:00,301.28,301.3,301.2,301.22,29085
2026-05-31T15:00:00+00:00,301.22,301.22,301.0,301.2,64518
2026-05-31T16:00:00+00:00,301.68,301.68,301.0,301.26,4234
2026-05-31T17:00:00+00:00,301.26,301.3,301.18,301.24,4632
2026-05-31T18:00:00+00:00,301.24,301.26,301.12,301.12,14354
2026-05-31T19:00:00+00:00,301.2,301.24,301.12,301.22,7353
2026-05-31T20:00:00+00:00,301.22,301.36,301.14,301.34,43438
2026-06-01T03:00:00+00:00,301.54,301.54,301.54,301.54,3084
2026-06-01T04:00:00+00:00,301.54,302.24,301.34,301.72,666119
2026-06-01T05:00:00+00:00,301.72,302.18,301.5,301.92,325176
2026-06-01T06:00:00+00:00,301.92,303.18,301.82,302.78,841480
2026-06-01T07:00:00+00:00,302.82,304.08,302.8,303.34,1541400
2026-06-01T08:00:00+00:00,303.38,303.54,302.62,303.0,522288
2026-06-01T09:00:00+00:00,303.0,303.26,302.3,302.38,593256
2026-06-01T10:00:00+00:00,302.36,303.12,301.96,302.82,700537
2026-06-01T11:00:00+00:00,302.78,303.7,301.68,301.98,1027572
2026-06-01T12:00:00+00:00,301.98,302.88,301.84,302.4,372993
2026-06-01T13:00:00+00:00,302.36,302.8,302.0,302.1,421997
2026-06-01T14:00:00+00:00,302.12,302.34,301.84,302.02,409641
2026-06-01T15:00:00+00:00,302.04,302.52,301.96,302.26,241909
2026-06-01T16:00:00+00:00,302.38,303.52,301.84,303.12,1139992
2026-06-01T17:00:00+00:00,303.12,303.38,302.72,303.22,401992
2026-06-01T18:00:00+00:00,303.22,303.38,303.08,303.22,172876
2026-06-01T19:00:00+00:00,303.24,303.3,303.0,303.24,145016
2026-06-01T20:00:00+00:00,303.24,303.74,303.22,303.74,295455
2026-06-02T03:00:00+00:00,303.8,303.8,303.8,303.8,7027
2026-06-02T04:00:00+00:00,303.8,304.2,303.34,303.52,312661
2026-06-02T05:00:00+00:00,303.48,303.76,303.34,303.5,130197
2026-06-02T06:00:00+00:00,303.5,303.68,303.0,303.58,390223
2026-06-02T07:00:00+00:00,303.6,305.3,303.12,304.58,1438552
2026-06-02T08:00:00+00:00,304.6,305.9,304.44,305.26,1944678
2026-06-02T09:00:00+00:00,305.24,306.2,304.1,306.08,1552639
2026-06-02T10:00:00+00:00,306.06,306.18,305.66,305.98,525525
2026-06-02T11:00:00+00:00,305.96,306.52,305.58,306.04,698756
2026-06-02T12:00:00+00:00,306.04,306.7,305.54,306.1,560341
2026-06-02T13:00:00+00:00,306.1,306.78,305.88,306.7,678701
2026-06-02T14:00:00+00:00,306.7,307.66,306.24,307.22,1172370
2026-06-02T15:00:00+00:00,307.24,307.68,307.02,307.38,598786
2026-06-02T16:00:00+00:00,307.38,307.82,307.02,307.1,305063
2026-06-02T17:00:00+00:00,307.1,307.12,306.5,306.96,347553
2026-06-02T18:00:00+00:00,306.96,307.6,306.82,307.4,254335
2026-06-02T19:00:00+00:00,307.4,307.78,307.18,307.58,251700
2026-06-02T20:00:00+00:00,307.56,308.26,307.44,308.0,476010
2026-06-03T03:00:00+00:00,308.14,308.14,308.14,308.14,11954
2026-06-03T04:00:00+00:00,308.1,308.58,307.6,308.3,597009
2026-06-03T05:00:00+00:00,308.24,308.32,307.82,308.0,263716
2026-06-03T06:00:00+00:00,308.0,308.0,307.4,307.84,598224
2026-06-03T07:00:00+00:00,307.84,307.84,306.04,306.06,1092474
2026-06-03T08:00:00+00:00,306.04,306.48,305.54,306.46,887231
2026-06-03T09:00:00+00:00,306.36,306.58,305.8,306.36,611528
2026-06-03T10:00:00+00:00,306.38,306.86,305.64,306.68,675744
2026-06-03T11:00:00+00:00,306.68,306.82,306.2,306.34,320126
2026-06-03T12:00:00+00:00,306.36,306.36,304.84,305.12,917023
2026-06-03T13:00:00+00:00,305.14,305.4,304.2,304.5,682622
2026-06-03T14:00:00+00:00,304.5,304.56,303.56,303.9,848568
2026-06-03T15:00:00+00:00,303.84,304.2,303.7,303.88,404721
2026-06-03T16:00:00+00:00,303.9,303.98,302.58,303.16,986665
2026-06-03T17:00:00+00:00,303.16,303.4,302.84,303.24,275393
2026-06-03T18:00:00+00:00,303.26,303.34,302.8,302.88,264592
2026-06-03T19:00:00+00:00,302.88,303.1,302.78,302.94,215804
2026-06-03T20:00:00+00:00,302.96,303.1,302.04,302.5,532944
2026-06-04T03:00:00+00:00,302.5,302.5,302.5,302.5,8999
2026-06-04T04:00:00+00:00,302.66,303.28,302.02,303.1,284196
2026-06-04T05:00:00+00:00,303.14,303.14,302.62,302.96,304304
2026-06-04T06:00:00+00:00,302.94,303.38,302.9,303.18,269206
2026-06-04T07:00:00+00:00,303.18,304.28,302.96,303.64,1067363
2026-06-04T08:00:00+00:00,303.66,303.74,302.62,302.62,559561
2026-06-04T09:00:00+00:00,302.62,303.56,302.6,303.1,403313
2026-06-04T10:00:00+00:00,303.08,303.2,302.2,302.22,553308
2026-06-04T11:00:00+00:00,302.22,303.9,302.1,302.9,926835
2026-06-04T12:00:00+00:00,302.88,303.02,302.3,302.42,349689
2026-06-04T13:00:00+00:00,302.42,302.8,301.38,301.64,714565
2026-06-04T14:00:00+00:00,301.64,301.98,300.74,300.86,894868
2026-06-04T15:00:00+00:00,300.86,301.36,300.72,301.28,854207
2026-06-04T16:00:00+00:00,301.26,301.28,300.0,300.5,1228827
2026-06-04T17:00:00+00:00,300.5,300.5,299.32,300.38,677901
2026-06-04T18:00:00+00:00,300.32,300.38,299.48,299.9,901566
2026-06-04T19:00:00+00:00,299.88,300.36,299.78,300.08,359460
2026-06-04T20:00:00+00:00,300.08,300.4,299.86,300.4,250310
2026-06-05T03:00:00+00:00,300.8,300.8,300.8,300.8,2968
2026-06-05T04:00:00+00:00,300.8,300.86,300.3,300.56,352091
2026-06-05T05:00:00+00:00,300.62,300.92,300.46,300.66,246960
2026-06-05T06:00:00+00:00,300.6,300.72,299.7,300.08,671015
2026-06-05T07:00:00+00:00,300.12,300.18,299.74,300.0,651631
2026-06-05T08:00:00+00:00,300.0,300.32,299.2,299.76,1101980
2026-06-05T09:00:00+00:00,299.78,299.8,299.42,299.64,295233
2026-06-05T10:00:00+00:00,299.6,299.98,299.3,299.32,446455
2026-06-05T11:00:00+00:00,299.32,299.84,299.3,299.42,226205
2026-06-05T12:00:00+00:00,299.48,299.76,299.42,299.58,146259
2026-06-05T13:00:00+00:00,299.58,299.9,298.4,299.26,632281
2026-06-05T14:00:00+00:00,299.24,299.36,298.76,298.76,434818
2026-06-05T15:00:00+00:00,298.78,298.9,297.04,297.8,1799779
2026-06-05T16:00:00+00:00,297.88,298.28,297.58,297.8,413232
2026-06-05T17:00:00+00:00,297.78,298.12,297.68,297.86,232883
2026-06-05T18:00:00+00:00,297.84,298.0,297.62,297.8,167406
2026-06-05T19:00:00+00:00,297.8,297.8,297.42,297.42,280952
2026-06-05T20:00:00+00:00,297.48,297.5,296.84,297.0,434109
2026-06-05T23:00:00+00:00,297.5,297.5,297.04,297.3,6599
2026-06-06T00:00:00+00:00,297.3,297.34,297.2,297.26,1524
2026-06-06T01:00:00+00:00,297.26,297.26,297.02,297.04,17805
2026-06-06T02:00:00+00:00,297.22,297.22,297.0,297.0,12169
2026-06-06T03:00:00+00:00,297.22,297.78,297.0,297.4,17079
2026-06-06T04:00:00+00:00,297.4,297.5,297.22,297.24,10724
2026-06-06T05:00:00+00:00,297.22,297.38,297.14,297.22,13649
2026-06-06T06:00:00+00:00,297.32,297.34,296.92,297.1,32713
2026-06-06T07:00:00+00:00,297.1,297.32,297.0,297.32,124134
2026-06-06T08:00:00+00:00,297.32,297.36,297.06,297.12,83909
2026-06-06T09:00:00+00:00,297.12,297.12,297.06,297.1,35301
2026-06-06T10:00:00+00:00,297.1,297.24,297.04,297.16,37329
2026-06-06T11:00:00+00:00,297.18,297.22,297.12,297.16,26851
2026-06-06T12:00:00+00:00,297.16,297.22,297.12,297.22,35278
2026-06-06T13:00:00+00:00,297.22,297.22,297.12,297.18,18367
2026-06-06T14:00:00+00:00,297.16,297.2,297.08,297.14,37907
2026-06-06T15:00:00+00:00,297.18,297.24,297.06,297.14,51615
2026-06-06T16:00:00+00:00,297.62,297.62,296.96,297.32,22647
2026-06-06T17:00:00+00:00,297.22,297.28,294.98,296.9,41347
2026-06-06T18:00:00+00:00,296.84,297.2,295.94,296.68,62886
2026-06-06T19:00:00+00:00,296.62,297.08,296.54,297.08,63390
2026-06-06T20:00:00+00:00,296.98,297.14,296.76,296.96,13043
2026-06-06T23:00:00+00:00,296.96,297.0,296.14,296.68,25757
2026-06-07T00:00:00+00:00,296.68,296.8,296.44,296.8,11298
2026-06-07T01:00:00+00:00,296.8,296.8,296.44,296.78,1444
2026-06-07T02:00:00+00:00,296.78,296.8,296.44,296.78,159
2026-06-07T03:00:00+00:00,296.7,296.78,296.48,296.78,2797
2026-06-07T04:00:00+00:00,296.78,296.78,296.52,296.78,3914
2026-06-07T05:00:00+00:00,296.68,296.9,296.6,296.88,6019
2026-06-07T06:00:00+00:00,296.88,297.0,296.8,297.0,6024
2026-06-07T07:00:00+00:00,297.02,297.28,296.1,297.26,82496
2026-06-07T08:00:00+00:00,297.26,297.5,297.2,297.38,44881
2026-06-07T09:00:00+00:00,297.38,297.4,297.04,297.04,55467
2026-06-07T10:00:00+00:00,297.06,297.42,297.06,297.34,47428
2026-06-07T11:00:00+00:00,297.4,297.4,297.24,297.32,24478
2026-06-07T12:00:00+00:00,297.32,297.34,297.28,297.32,12820
2026-06-07T13:00:00+00:00,297.3,297.52,297.3,297.52,84945
2026-06-07T14:00:00+00:00,297.5,297.58,297.4,297.52,33818
2026-06-07T15:00:00+00:00,297.52,297.9,297.42,297.7,33433
2026-06-07T16:00:00+00:00,298.26,298.26,297.38,297.84,18645
2026-06-07T17:00:00+00:00,297.8,298.18,297.8,298.1,21520
2026-06-07T18:00:00+00:00,298.1,298.16,297.76,298.16,20447
2026-06-07T19:00:00+00:00,298.16,298.16,297.94,298.14,23951
2026-06-07T20:00:00+00:00,298.04,298.54,298.04,298.22,18632
2026-06-08T03:00:00+00:00,298.2,298.2,298.2,298.2,3672
2026-06-08T04:00:00+00:00,298.2,298.98,298.18,298.68,422586
2026-06-08T05:00:00+00:00,298.68,298.8,298.4,298.52,248375
2026-06-08T06:00:00+00:00,298.52,298.6,298.04,298.24,458052
2026-06-08T07:00:00+00:00,298.32,298.4,296.48,297.5,1319042
2026-06-08T08:00:00+00:00,297.5,297.58,295.38,296.18,1124749
2026-06-08T09:00:00+00:00,296.12,296.3,295.2,295.48,624619
2026-06-08T10:00:00+00:00,295.48,295.94,294.2,294.32,741918
2026-06-08T11:00:00+00:00,294.3,294.7,293.96,294.04,814895
2026-06-08T12:00:00+00:00,294.12,294.12,289.94,291.58,4072191
2026-06-08T13:00:00+00:00,291.58,291.72,289.34,290.92,2820527
2026-06-08T14:00:00+00:00,290.92,291.18,290.2,290.32,783961
2026-06-08T15:00:00+00:00,290.32,290.76,289.86,290.56,863104
2026-06-08T16:00:00+00:00,290.56,292.08,290.5,291.68,1011499
2026-06-08T17:00:00+00:00,291.68,291.88,291.12,291.82,255652
2026-06-08T18:00:00+00:00,291.82,291.82,290.3,290.5,410318
2026-06-08T19:00:00+00:00,290.5,291.26,290.5,291.1,259665
2026-06-08T20:00:00+00:00,291.1,291.26,290.9,291.2,294447
2026-06-09T03:00:00+00:00,291.74,291.74,291.74,291.74,13159
2026-06-09T04:00:00+00:00,291.74,291.76,290.7,291.0,473597
2026-06-09T05:00:00+00:00,290.96,291.6,290.52,290.84,546935
2026-06-09T06:00:00+00:00,290.84,292.54,290.5,291.38,1280165
2026-06-09T07:00:00+00:00,291.32,291.9,285.68,289.6,8428962
2026-06-09T08:00:00+00:00,289.62,290.58,289.14,289.78,2767219
2026-06-09T09:00:00+00:00,289.78,292.18,289.2,291.78,1973240
2026-06-09T10:00:00+00:00,291.8,294.7,291.78,293.6,2922633
2026-06-09T11:00:00+00:00,293.6,293.76,292.5,292.88,786391
2026-06-09T12:00:00+00:00,292.88,294.84,292.8,294.52,978378
2026-06-09T13:00:00+00:00,294.46,297.84,294.24,297.62,2811847
2026-06-09T14:00:00+00:00,297.62,298.14,296.64,296.76,2506203
2026-06-09T15:00:00+00:00,296.76,299.1,296.5,298.44,1926427
2026-06-09T16:00:00+00:00,298.58,298.6,297.28,297.7,491100
2026-06-09T17:00:00+00:00,297.72,297.98,297.1,297.92,291472
2026-06-09T18:00:00+00:00,297.92,298.08,297.3,297.4,198160
2026-06-09T19:00:00+00:00,297.4,297.84,297.14,297.5,170788
2026-06-09T20:00:00+00:00,297.5,297.7,297.16,297.52,242749
2026-06-10T03:00:00+00:00,297.64,297.64,297.64,297.64,1433
2026-06-10T04:00:00+00:00,297.62,297.78,296.3,296.7,335538
2026-06-10T05:00:00+00:00,296.7,297.02,296.14,297.02,189507
2026-06-10T06:00:00+00:00,297.0,297.02,295.2,295.66,752588
2026-06-10T07:00:00+00:00,295.66,296.86,294.72,296.52,1494844
2026-06-10T08:00:00+00:00,296.5,296.52,293.68,295.28,1175565
2026-06-10T09:00:00+00:00,295.22,296.24,295.12,296.06,715637
2026-06-10T10:00:00+00:00,296.0,298.04,295.8,296.3,1496915
2026-06-10T11:00:00+00:00,296.3,297.66,294.74,294.9,1384051
2026-06-10T12:00:00+00:00,294.88,295.12,292.48,294.44,1469156
2026-06-10T13:00:00+00:00,294.44,295.96,294.34,294.92,607383
2026-06-10T14:00:00+00:00,294.94,300.8,294.8,300.1,1827933
2026-06-10T15:00:00+00:00,300.12,300.58,298.2,298.2,1915837
2026-06-10T16:00:00+00:00,298.38,298.52,297.54,298.44,467126
2026-06-10T17:00:00+00:00,298.42,299.3,298.36,299.28,224231
2026-06-10T18:00:00+00:00,299.28,299.74,298.82,298.96,220956
2026-06-10T19:00:00+00:00,298.96,299.18,298.24,298.28,161453
2026-06-10T20:00:00+00:00,298.36,298.36,296.6,296.76,505330
2026-06-11T03:00:00+00:00,297.26,297.26,297.26,297.26,170
2026-06-11T04:00:00+00:00,297.26,297.48,296.68,296.82,298357
2026-06-11T05:00:00+00:00,296.92,298.9,296.66,298.14,570305
2026-06-11T06:00:00+00:00,298.12,298.9,297.66,298.14,590987
2026-06-11T07:00:00+00:00,298.14,298.34,297.12,297.52,623245
2026-06-11T08:00:00+00:00,297.54,299.3,297.44,298.42,1143751
2026-06-11T09:00:00+00:00,298.42,300.44,298.4,299.12,867089
2026-06-11T10:00:00+00:00,299.12,299.56,297.94,298.54,304453
2026-06-11T11:00:00+00:00,298.54,298.58,297.22,297.42,569190
2026-06-11T12:00:00+00:00,297.5,298.8,297.44,298.04,594713
2026-06-11T13:00:00+00:00,298.04,298.18,297.0,297.34,488796
2026-06-11T14:00:00+00:00,297.36,297.68,295.86,296.24,445207
2026-06-11T15:00:00+00:00,296.26,296.5,295.8,296.5,303850
2026-06-11T16:00:00+00:00,296.5,296.76,296.3,296.74,235151
2026-06-11T17:00:00+00:00,296.7,296.78,296.32,296.5,147689
2026-06-11T18:00:00+00:00,296.52,296.54,295.5,295.66,211191
2026-06-11T19:00:00+00:00,295.68,296.32,295.5,295.72,282928
2026-06-11T20:00:00+00:00,295.74,296.08,295.48,295.78,345961
2026-06-11T23:00:00+00:00,296.66,297.0,295.54,296.46,7720
2026-06-12T00:00:00+00:00,296.4,296.46,296.38,296.38,558
2026-06-12T01:00:00+00:00,296.42,296.46,296.42,296.44,693
2026-06-12T02:00:00+00:00,296.44,296.46,296.34,296.38,6314
2026-06-12T03:00:00+00:00,296.38,296.38,295.78,295.84,4808
2026-06-12T04:00:00+00:00,295.86,296.28,295.82,295.86,4379
2026-06-12T05:00:00+00:00,296.0,296.1,295.5,295.84,15401
2026-06-12T06:00:00+00:00,295.84,295.98,295.34,295.8,11612
2026-06-12T07:00:00+00:00,295.84,296.0,294.9,295.78,116584
2026-06-12T08:00:00+00:00,295.78,295.78,295.48,295.58,19792
