time,open,high,low,close,volume
2025-06-13T07:00:00+00:00,6.86,6.86,6.83,6.85,1085362
2025-06-13T08:00:00+00:00,6.85,6.85,6.84,6.85,486410
2025-06-13T09:00:00+00:00,6.85,6.85,6.84,6.85,198865
2025-06-13T10:00:00+00:00,6.85,6.85,6.84,6.85,75650
2025-06-13T11:00:00+00:00,6.85,6.85,6.84,6.85,71881
2025-06-13T12:00:00+00:00,6.85,6.85,6.84,6.85,49850
2025-06-13T13:00:00+00:00,6.85,6.85,6.84,6.85,131803
2025-06-13T14:00:00+00:00,6.85,6.85,6.84,6.85,139312
2025-06-13T15:00:00+00:00,6.85,6.85,6.84,6.85,109392
2025-06-13T16:00:00+00:00,6.85,6.85,6.84,6.85,112272
2025-06-13T17:00:00+00:00,6.84,6.85,6.84,6.85,167332
2025-06-13T18:00:00+00:00,6.85,6.85,6.84,6.84,46907
2025-06-13T19:00:00+00:00,6.85,6.85,6.84,6.85,164662
2025-06-13T20:00:00+00:00,6.85,6.85,6.84,6.84,277421
2025-06-16T07:00:00+00:00,6.86,6.87,6.83,6.86,669739
2025-06-16T08:00:00+00:00,6.86,6.86,6.85,6.86,246537
2025-06-16T09:00:00+00:00,6.86,6.86,6.85,6.86,2835556
2025-06-16T10:00:00+00:00,6.86,6.86,6.83,6.84,8138349
2025-06-16T11:00:00+00:00,6.83,6.84,6.83,6.84,280286
2025-06-16T12:00:00+00:00,6.84,6.84,6.83,6.84,205269
2025-06-16T13:00:00+00:00,6.84,6.84,6.83,6.84,95286
2025-06-16T14:00:00+00:00,6.83,6.84,6.83,6.84,101974
2025-06-16T15:00:00+00:00,6.84,6.84,6.83,6.84,106740
2025-06-16T16:00:00+00:00,6.84,6.84,6.83,6.83,67794
2025-06-16T17:00:00+00:00,6.84,6.84,6.83,6.83,48668
2025-06-16T18:00:00+00:00,6.84,6.84,6.83,6.84,48219
2025-06-16T19:00:00+00:00,6.84,6.84,6.82,6.83,657928
2025-06-16T20:00:00+00:00,6.83,6.84,6.82,6.83,1372016
2025-06-17T07:00:00+00:00,6.8,6.85,6.8,6.84,661783
2025-06-17T08:00:00+00:00,6.84,6.84,6.83,6.84,190821
2025-06-17T09:00:00+00:00,6.84,6.84,6.83,6.84,114331
2025-06-17T10:00:00+00:00,6.84,6.84,6.83,6.84,269839
2025-06-17T11:00:00+00:00,6.84,6.84,6.83,6.84,79608
2025-06-17T12:00:00+00:00,6.83,6.84,6.83,6.84,89422
2025-06-17T13:00:00+00:00,6.83,6.84,6.83,6.84,296457
2025-06-17T14:00:00+00:00,6.83,6.84,6.83,6.84,643633
2025-06-17T15:00:00+00:00,6.84,6.84,6.83,6.84,260938
2025-06-17T16:00:00+00:00,6.83,6.84,6.83,6.83,135076
2025-06-17T17:00:00+00:00,6.84,6.84,6.83,6.84,41235
2025-06-17T18:00:00+00:00,6.83,6.84,6.83,6.84,78249
2025-06-17T19:00:00+00:00,6.84,6.84,6.83,6.83,112172
2025-06-17T20:00:00+00:00,6.83,6.84,6.82,6.82,458381
2025-06-18T07:00:00+00:00,6.82,6.83,6.82,6.83,164191
2025-06-18T08:00:00+00:00,6.83,6.83,6.82,6.83,89235
2025-06-18T09:00:00+00:00,6.83,6.83,6.82,6.83,359351
2025-06-18T10:00:00+00:00,6.83,6.83,6.82,6.83,333687
2025-06-18T11:00:00+00:00,6.83,6.83,6.82,6.83,686370
2025-06-18T12:00:00+00:00,6.83,6.83,6.82,6.83,264046
2025-06-18T13:00:00+00:00,6.83,6.83,6.82,6.83,159712
2025-06-18T14:00:00+00:00,6.82,6.83,6.82,6.83,265735
2025-06-18T15:00:00+00:00,6.83,6.83,6.82,6.82,204016
2025-06-18T16:00:00+00:00,6.83,6.83,6.82,6.82,138122
2025-06-18T17:00:00+00:00,6.82,6.83,6.82,6.82,61840
2025-06-18T18:00:00+00:00,6.83,6.83,6.82,6.83,36611
2025-06-18T19:00:00+00:00,6.83,6.83,6.82,6.83,329422
2025-06-18T20:00:00+00:00,6.83,6.83,6.82,6.83,347607
2025-06-19T07:00:00+00:00,6.82,6.84,6.82,6.84,428462
2025-06-19T08:00:00+00:00,6.84,6.84,6.82,6.83,3478138
2025-06-19T09:00:00+00:00,6.83,6.83,6.82,6.83,209959
2025-06-19T10:00:00+00:00,6.83,6.83,6.82,6.83,91533
2025-06-19T11:00:00+00:00,6.83,6.83,6.82,6.82,78151
2025-06-19T12:00:00+00:00,6.83,6.83,6.82,6.83,54906
2025-06-19T13:00:00+00:00,6.83,6.83,6.82,6.82,1514484
2025-06-19T14:00:00+00:00,6.83,6.83,6.82,6.83,277512
2025-06-19T15:00:00+00:00,6.83,6.83,6.82,6.82,126678
2025-06-19T16:00:00+00:00,6.83,6.83,6.82,6.83,41498
2025-06-19T17:00:00+00:00,6.83,6.83,6.82,6.83,122610
2025-06-19T18:00:00+00:00,6.83,6.83,6.82,6.82,59770
2025-06-19T19:00:00+00:00,6.83,6.83,6.82,6.83,32352
2025-06-19T20:00:00+00:00,6.83,6.83,6.82,6.82,37045
2025-06-20T07:00:00+00:00,6.83,6.85,6.82,6.84,278726
2025-06-20T08:00:00+00:00,6.84,6.84,6.83,6.84,189695
2025-06-20T09:00:00+00:00,6.84,6.84,6.83,6.84,1093903
2025-06-20T10:00:00+00:00,6.84,6.84,6.83,6.84,549563
2025-06-20T11:00:00+00:00,6.84,6.84,6.83,6.83,84371
2025-06-20T12:00:00+00:00,6.84,6.84,6.83,6.84,676792
2025-06-20T13:00:00+00:00,6.84,6.84,6.83,6.84,928253
2025-06-20T14:00:00+00:00,6.83,6.84,6.83,6.84,297952
2025-06-20T15:00:00+00:00,6.84,6.84,6.83,6.84,4260189
2025-06-20T16:00:00+00:00,6.84,6.84,6.83,6.84,194280
2025-06-20T17:00:00+00:00,6.83,6.84,6.83,6.83,146915
2025-06-20T18:00:00+00:00,6.83,6.84,6.83,6.84,86230
2025-06-20T19:00:00+00:00,6.83,6.84,6.83,6.84,413650
2025-06-20T20:00:00+00:00,6.84,6.84,6.83,6.83,1587468
2025-06-23T07:00:00+00:00,6.85,6.86,6.83,6.85,1250768
2025-06-23T08:00:00+00:00,6.85,6.85,6.83,6.84,707430
2025-06-23T09:00:00+00:00,6.84,6.84,6.83,6.84,416497
2025-06-23T10:00:00+00:00,6.84,6.84,6.83,6.84,178083
2025-06-23T11:00:00+00:00,6.84,6.84,6.83,6.84,134861
2025-06-23T12:00:00+00:00,6.84,6.84,6.83,6.84,210835
2025-06-23T13:00:00+00:00,6.84,6.84,6.82,6.83,367549
2025-06-23T14:00:00+00:00,6.83,6.83,6.82,6.82,364597
2025-06-23T15:00:00+00:00,6.83,6.83,6.82,6.83,119341
2025-06-23T16:00:00+00:00,6.82,6.83,6.8,6.8,504604
2025-06-23T17:00:00+00:00,6.8,6.8100000000000005,6.8,6.8100000000000005,199193
2025-06-23T18:00:00+00:00,6.8100000000000005,6.8100000000000005,6.79,6.79,232755
2025-06-23T19:00:00+00:00,6.8,6.8,6.79,6.8,269337
2025-06-23T20:00:00+00:00,6.79,6.84,6.79,6.82,749585
2025-06-24T07:00:00+00:00,6.83,6.83,6.8100000000000005,6.82,1536880
2025-06-24T08:00:00+00:00,6.8100000000000005,6.82,6.8100000000000005,6.82,302217
2025-06-24T09:00:00+00:00,6.82,6.82,6.8100000000000005,6.82,122543
2025-06-24T10:00:00+00:00,6.8100000000000005,6.82,6.8,6.8100000000000005,217293
2025-06-24T11:00:00+00:00,6.8100000000000005,6.82,6.8,6.8100000000000005,1081950
2025-06-24T12:00:00+00:00,6.8100000000000005,6.82,6.8,6.8,258344
2025-06-24T13:00:00+00:00,6.8100000000000005,6.82,6.8,6.8100000000000005,209639
2025-06-24T14:00:00+00:00,6.8100000000000005,6.8100000000000005,6.8,6.8100000000000005,533128
2025-06-24T15:00:00+00:00,6.8100000000000005,6.82,6.8,6.8,687606
2025-06-24T16:00:00+00:00,6.8100000000000005,6.82,6.8,6.8100000000000005,39521
2025-06-24T17:00:00+00:00,6.8100000000000005,6.8100000000000005,6.8,6.8100000000000005,30020
2025-06-24T18:00:00+00:00,6.8100000000000005,6.8100000000000005,6.8,6.8100000000000005,53462
2025-06-24T19:00:00+00:00,6.8100000000000005,6.8100000000000005,6.8,6.8,60534
2025-06-24T20:00:00+00:00,6.8100000000000005,6.8100000000000005,6.8,6.8,67863
2025-06-25T07:00:00+00:00,6.8,6.83,6.8,6.83,2781820
2025-06-25T08:00:00+00:00,6.83,6.83,6.8100000000000005,6.83,1229883
2025-06-25T09:00:00+00:00,6.83,6.83,6.82,6.83,349998
2025-06-25T10:00:00+00:00,6.83,6.83,6.82,6.83,633446
2025-06-25T11:00:00+00:00,6.83,6.83,6.82,6.83,91304
2025-06-25T12:00:00+00:00,6.83,6.83,6.82,6.82,1000322
2025-06-25T13:00:00+00:00,6.83,6.83,6.82,6.83,182968
2025-06-25T14:00:00+00:00,6.82,6.83,6.82,6.83,73653
2025-06-25T15:00:00+00:00,6.82,6.84,6.82,6.84,949382
2025-06-25T16:00:00+00:00,6.84,6.84,6.82,6.84,164004
2025-06-25T17:00:00+00:00,6.84,6.84,6.83,6.84,134280
2025-06-25T18:00:00+00:00,6.84,6.84,6.83,6.84,47146
2025-06-25T19:00:00+00:00,6.84,6.84,6.83,6.84,49213
2025-06-25T20:00:00+00:00,6.84,6.84,6.83,6.83,59410
2025-06-26T07:00:00+00:00,6.83,6.86,6.83,6.85,968908
2025-06-26T08:00:00+00:00,6.86,6.86,6.84,6.85,308848
2025-06-26T09:00:00+00:00,6.85,6.85,6.84,6.84,875257
2025-06-26T10:00:00+00:00,6.85,6.86,6.84,6.86,2162714
2025-06-26T11:00:00+00:00,6.86,6.86,6.85,6.85,1722757
2025-06-26T12:00:00+00:00,6.86,6.86,6.85,6.85,145333
2025-06-26T13:00:00+00:00,6.86,6.86,6.85,6.85,232493
2025-06-26T14:00:00+00:00,6.86,6.86,6.85,6.85,129880
2025-06-26T15:00:00+00:00,6.85,6.86,6.85,6.85,152754
2025-06-26T16:00:00+00:00,6.86,6.86,6.84,6.85,1088481
2025-06-26T17:00:00+00:00,6.85,6.85,6.84,6.85,685444
2025-06-26T18:00:00+00:00,6.84,6.85,6.84,6.85,84006
2025-06-26T19:00:00+00:00,6.85,6.85,6.84,6.84,57775
2025-06-26T20:00:00+00:00,6.85,6.85,6.84,6.84,37218
2025-06-27T07:00:00+00:00,6.86,6.87,6.85,6.86,617615
2025-06-27T08:00:00+00:00,6.85,6.86,6.85,6.86,199894
2025-06-27T09:00:00+00:00,6.86,6.86,6.85,6.85,563817
2025-06-27T10:00:00+00:00,6.86,6.87,6.85,6.86,200740
2025-06-27T11:00:00+00:00,6.85,6.86,6.85,6.86,225710
2025-06-27T12:00:00+00:00,6.86,6.86,6.85,6.85,192340
2025-06-27T13:00:00+00:00,6.86,6.87,6.85,6.87,196358
2025-06-27T14:00:00+00:00,6.87,6.87,6.86,6.87,1323518
2025-06-27T15:00:00+00:00,6.86,6.87,6.86,6.87,257103
2025-06-27T16:00:00+00:00,6.87,6.87,6.85,6.85,547041
2025-06-27T17:00:00+00:00,6.85,6.87,6.85,6.87,215853
2025-06-27T18:00:00+00:00,6.87,6.87,6.86,6.87,20829
2025-06-27T19:00:00+00:00,6.87,6.87,6.86,6.87,30924
2025-06-27T20:00:00+00:00,6.87,6.87,6.86,6.86,259826
2025-06-30T07:00:00+00:00,6.87,6.89,6.87,6.88,2241667
2025-06-30T08:00:00+00:00,6.89,6.89,6.88,6.88,303931
2025-06-30T09:00:00+00:00,6.88,6.89,6.88,6.88,447591
2025-06-30T10:00:00+00:00,6.88,6.89,6.88,6.89,524298
2025-06-30T11:00:00+00:00,6.89,6.89,6.88,6.89,438678
2025-06-30T12:00:00+00:00,6.89,6.89,6.88,6.89,391452
2025-06-30T13:00:00+00:00,6.88,6.89,6.88,6.88,409136
2025-06-30T14:00:00+00:00,6.88,6.89,6.88,6.88,2005978
2025-06-30T15:00:00+00:00,6.89,6.89,6.88,6.89,492417
2025-06-30T16:00:00+00:00,6.89,6.89,6.88,6.89,286483
2025-06-30T17:00:00+00:00,6.89,6.89,6.88,6.89,674042
2025-06-30T18:00:00+00:00,6.89,6.89,6.88,6.89,103177
2025-06-30T19:00:00+00:00,6.88,6.89,6.88,6.89,89968
2025-06-30T20:00:00+00:00,6.89,6.9,6.88,6.9,1165918
2025-07-01T07:00:00+00:00,6.92,6.92,6.89,6.92,1870539
2025-07-01T08:00:00+00:00,6.92,6.92,6.91,6.91,554007
2025-07-01T09:00:00+00:00,6.92,6.92,6.91,6.92,339259
2025-07-01T10:00:00+00:00,6.91,6.92,6.91,6.92,496100
2025-07-01T11:00:00+00:00,6.92,6.92,6.91,6.92,205139
2025-07-01T12:00:00+00:00,6.92,6.92,6.91,6.92,108398
2025-07-01T13:00:00+00:00,6.92,6.92,6.91,6.92,348737
2025-07-01T14:00:00+00:00,6.92,6.92,6.91,6.92,492636
2025-07-01T15:00:00+00:00,6.91,6.92,6.91,6.92,761799
2025-07-01T16:00:00+00:00,6.92,6.93,6.91,6.93,658951
2025-07-01T17:00:00+00:00,6.93,6.9399999999999995,6.92,6.93,229549
2025-07-01T18:00:00+00:00,6.9399999999999995,6.9399999999999995,6.93,6.9399999999999995,278668
2025-07-01T19:00:00+00:00,6.93,6.9399999999999995,6.93,6.93,59410
2025-07-01T20:00:00+00:00,6.9399999999999995,6.9399999999999995,6.93,6.9399999999999995,792768
2025-07-02T07:00:00+00:00,6.9399999999999995,6.95,6.93,6.95,939819
2025-07-02T08:00:00+00:00,6.9399999999999995,6.95,6.9399999999999995,6.95,550858
2025-07-02T09:00:00+00:00,6.95,6.95,6.9399999999999995,6.95,771850
2025-07-02T10:00:00+00:00,6.95,6.95,6.9399999999999995,6.95,141787
2025-07-02T11:00:00+00:00,6.95,6.95,6.9399999999999995,6.95,406801
2025-07-02T12:00:00+00:00,6.9399999999999995,6.95,6.9399999999999995,6.95,144269
2025-07-02T13:00:00+00:00,6.9399999999999995,6.95,6.9399999999999995,6.95,264081
2025-07-02T14:00:00+00:00,6.9399999999999995,6.95,6.9399999999999995,6.9399999999999995,109875
2025-07-02T15:00:00+00:00,6.95,6.95,6.9399999999999995,6.9399999999999995,328991
2025-07-02T16:00:00+00:00,6.95,6.99,6.9399999999999995,6.96,6677733
2025-07-02T17:00:00+00:00,6.96,6.96,6.95,6.96,745294
2025-07-02T18:00:00+00:00,6.96,6.96,6.95,6.96,155115
2025-07-02T19:00:00+00:00,6.95,6.96,6.95,6.96,230336
2025-07-02T20:00:00+00:00,6.95,6.97,6.95,6.96,500133
2025-07-03T07:00:00+00:00,6.95,6.96,6.9399999999999995,6.95,1761717
2025-07-03T08:00:00+00:00,6.9399999999999995,6.96,6.9399999999999995,6.95,2577053
2025-07-03T09:00:00+00:00,6.95,6.96,6.9399999999999995,6.96,490210
2025-07-03T10:00:00+00:00,6.96,6.96,6.95,6.96,177211
2025-07-03T11:00:00+00:00,6.96,6.96,6.95,6.96,201793
2025-07-03T12:00:00+00:00,6.96,6.96,6.95,6.96,328515
2025-07-03T13:00:00+00:00,6.96,6.96,6.95,6.96,1363394
2025-07-03T14:00:00+00:00,6.96,6.96,6.9399999999999995,6.95,10027677
2025-07-03T15:00:00+00:00,6.95,6.95,6.92,6.93,4166831
2025-07-03T16:00:00+00:00,6.93,6.95,6.92,6.95,846738
2025-07-03T17:00:00+00:00,6.9399999999999995,6.95,6.9399999999999995,6.9399999999999995,673958
2025-07-03T18:00:00+00:00,6.9399999999999995,6.95,6.9399999999999995,6.95,517665
2025-07-03T19:00:00+00:00,6.95,6.95,6.9399999999999995,6.9399999999999995,56400
2025-07-03T20:00:00+00:00,6.9399999999999995,6.95,6.9399999999999995,6.9399999999999995,285841
2025-07-04T07:00:00+00:00,6.93,6.95,6.93,6.95,1727789
2025-07-04T08:00:00+00:00,6.95,6.96,6.9399999999999995,6.95,1549096
2025-07-04T09:00:00+00:00,6.95,6.95,6.9399999999999995,6.95,372764
2025-07-04T10:00:00+00:00,6.95,6.95,6.9399999999999995,6.95,464302
2025-07-04T11:00:00+00:00,6.95,6.95,6.93,6.95,2052188
2025-07-04T12:00:00+00:00,6.9399999999999995,6.95,6.9399999999999995,6.9399999999999995,177191
2025-07-04T13:00:00+00:00,6.9399999999999995,6.95,6.93,6.93,307249
2025-07-04T14:00:00+00:00,6.93,6.9399999999999995,6.93,6.93,316072
2025-07-04T15:00:00+00:00,6.9399999999999995,6.9399999999999995,6.93,6.9399999999999995,2067233
2025-07-04T16:00:00+00:00,6.9399999999999995,6.9399999999999995,6.93,6.9399999999999995,173924
2025-07-04T17:00:00+00:00,6.93,6.9399999999999995,6.93,6.93,189417
2025-07-04T18:00:00+00:00,6.9399999999999995,6.9399999999999995,6.93,6.9399999999999995,137371
2025-07-04T19:00:00+00:00,6.9399999999999995,6.9399999999999995,6.93,6.9399999999999995,23958
2025-07-04T20:00:00+00:00,6.9399999999999995,6.9399999999999995,6.92,6.93,2748512
2025-07-07T07:00:00+00:00,6.98,6.98,6.93,6.96,1058349
2025-07-07T08:00:00+00:00,6.95,6.96,6.9399999999999995,6.95,408303
2025-07-07T09:00:00+00:00,6.96,6.96,6.9399999999999995,6.95,148620
2025-07-07T10:00:00+00:00,6.95,6.96,6.9399999999999995,6.95,227518
2025-07-07T11:00:00+00:00,6.96,6.96,6.9399999999999995,6.96,1079061
2025-07-07T12:00:00+00:00,6.96,6.96,6.95,6.96,2549710
2025-07-07T13:00:00+00:00,6.96,6.96,6.9399999999999995,6.96,485841
2025-07-07T14:00:00+00:00,6.96,6.96,6.95,6.96,79855
2025-07-07T15:00:00+00:00,6.96,6.96,6.95,6.96,564840
2025-07-07T16:00:00+00:00,6.96,6.96,6.95,6.96,199003
2025-07-07T17:00:00+00:00,6.95,6.96,6.95,6.96,61961
2025-07-07T18:00:00+00:00,6.96,6.96,6.95,6.96,244814
2025-07-07T19:00:00+00:00,6.96,6.96,6.95,6.96,74946
2025-07-07T20:00:00+00:00,6.95,6.96,6.95,6.95,227508
2025-07-08T07:00:00+00:00,6.95,6.97,6.95,6.96,495482
2025-07-08T08:00:00+00:00,6.96,6.96,6.95,6.95,277365
2025-07-08T09:00:00+00:00,6.96,6.96,6.95,6.96,451328
2025-07-08T10:00:00+00:00,6.96,6.96,6.95,6.96,350514
2025-07-08T11:00:00+00:00,6.96,6.96,6.95,6.95,319016
2025-07-08T12:00:00+00:00,6.96,6.96,6.95,6.96,903215
2025-07-08T13:00:00+00:00,6.95,6.96,6.95,6.95,486465
2025-07-08T14:00:00+00:00,6.96,6.96,6.95,6.95,261669
2025-07-08T15:00:00+00:00,6.96,6.96,6.95,6.96,141863
2025-07-08T16:00:00+00:00,6.96,7.0,6.95,6.97,2091860
2025-07-08T17:00:00+00:00,6.96,6.97,6.96,6.96,85337
2025-07-08T18:00:00+00:00,6.97,6.98,6.96,6.97,281694
2025-07-08T19:00:00+00:00,6.97,6.97,6.96,6.97,97950
2025-07-08T20:00:00+00:00,6.97,7.0,6.96,6.98,2671603
2025-07-09T07:00:00+00:00,6.93,6.98,6.93,6.96,2461469
2025-07-09T08:00:00+00:00,6.97,6.97,6.96,6.97,284430
2025-07-09T09:00:00+00:00,6.97,6.97,6.96,6.97,1684730
2025-07-09T10:00:00+00:00,6.97,6.97,6.96,6.97,121134
2025-07-09T11:00:00+00:00,6.97,6.97,6.96,6.97,403418
2025-07-09T12:00:00+00:00,6.96,6.97,6.96,6.97,48730
2025-07-09T13:00:00+00:00,6.97,6.97,6.96,6.97,896315
2025-07-09T14:00:00+00:00,6.96,6.97,6.96,6.97,198833
2025-07-09T15:00:00+00:00,6.96,6.97,6.96,6.97,1369794
2025-07-09T16:00:00+00:00,6.97,6.98,6.96,6.97,76048
2025-07-09T17:00:00+00:00,6.96,6.97,6.96,6.97,41528
2025-07-09T18:00:00+00:00,6.97,6.97,6.96,6.97,42524
2025-07-09T19:00:00+00:00,6.96,6.97,6.96,6.97,272886
2025-07-09T20:00:00+00:00,6.97,6.98,6.96,6.97,282530
2025-07-10T07:00:00+00:00,6.96,6.98,6.96,6.98,1442390
2025-07-10T08:00:00+00:00,6.98,6.98,6.97,6.98,978749
2025-07-10T09:00:00+00:00,6.98,6.98,6.97,6.98,155207
2025-07-10T10:00:00+00:00,6.98,6.98,6.97,6.98,1924361
2025-07-10T11:00:00+00:00,6.97,6.98,6.95,6.96,1133150
2025-07-10T12:00:00+00:00,6.96,6.97,6.96,6.97,148357
2025-07-10T13:00:00+00:00,6.97,6.97,6.96,6.97,362813
2025-07-10T14:00:00+00:00,6.97,6.97,6.96,6.97,98535
2025-07-10T15:00:00+00:00,6.96,6.97,6.96,6.96,204601
2025-07-10T16:00:00+00:00,6.96,6.98,6.96,6.97,924912
2025-07-10T17:00:00+00:00,6.97,6.98,6.97,6.98,163690
2025-07-10T18:00:00+00:00,6.98,6.98,6.97,6.98,341939
2025-07-10T19:00:00+00:00,6.98,6.98,6.97,6.97,93265
2025-07-10T20:00:00+00:00,6.98,6.98,6.97,6.97,352505
2025-07-11T07:00:00+00:00,6.98,6.99,6.97,6.99,1027210
2025-07-11T08:00:00+00:00,6.99,6.99,6.98,6.99,478313
2025-07-11T09:00:00+00:00,6.99,6.99,6.98,6.99,301838
2025-07-11T10:00:00+00:00,6.99,6.99,6.98,6.99,507687
2025-07-11T11:00:00+00:00,6.99,6.99,6.98,6.99,494715
2025-07-11T12:00:00+00:00,6.98,6.99,6.98,6.99,302653
2025-07-11T13:00:00+00:00,6.98,6.99,6.98,6.98,149143
2025-07-11T14:00:00+00:00,6.98,6.99,6.97,6.98,712053
2025-07-11T15:00:00+00:00,6.98,6.99,6.97,6.99,232719
2025-07-11T16:00:00+00:00,6.99,6.99,6.97,6.98,121037
2025-07-11T17:00:00+00:00,6.99,6.99,6.98,6.98,105617
2025-07-11T18:00:00+00:00,6.99,6.99,6.98,6.99,157492
2025-07-11T19:00:00+00:00,6.99,6.99,6.98,6.98,77134
2025-07-11T20:00:00+00:00,6.99,7.0,6.98,6.98,256889
2025-07-14T07:00:00+00:00,6.98,7.04,6.97,7.01,775532
2025-07-14T08:00:00+00:00,7.01,7.01,7.0,7.01,222969
2025-07-14T09:00:00+00:00,7.01,7.01,7.0,7.01,331907
2025-07-14T10:00:00+00:00,7.01,7.01,7.0,7.01,478504
2025-07-14T11:00:00+00:00,7.01,7.01,7.0,7.0,428275
2025-07-14T12:00:00+00:00,7.0,7.01,7.0,7.01,191277
2025-07-14T13:00:00+00:00,7.01,7.01,7.0,7.01,298557
2025-07-14T14:00:00+00:00,7.01,7.01,7.0,7.0,202122
2025-07-14T15:00:00+00:00,7.01,7.02,7.0,7.02,1650820
2025-07-14T16:00:00+00:00,7.02,7.03,7.01,7.03,554613
2025-07-14T17:00:00+00:00,7.03,7.04,7.01,7.03,1204837
2025-07-14T18:00:00+00:00,7.04,7.05,7.03,7.05,101868
2025-07-14T19:00:00+00:00,7.05,7.05,7.04,7.04,644975
2025-07-14T20:00:00+00:00,7.05,7.06,7.04,7.06,205566
2025-07-15T07:00:00+00:00,7.06,7.06,7.05,7.06,5769650
2025-07-15T08:00:00+00:00,7.06,7.06,7.05,7.06,851470
2025-07-15T09:00:00+00:00,7.06,7.06,7.05,7.06,1018969
2025-07-15T10:00:00+00:00,7.06,7.06,7.05,7.06,378999
2025-07-15T11:00:00+00:00,7.06,7.06,7.05,7.06,297920
2025-07-15T12:00:00+00:00,7.06,7.06,7.05,7.06,840605
2025-07-15T13:00:00+00:00,7.05,7.06,7.05,7.06,1159869
2025-07-15T14:00:00+00:00,7.05,7.06,7.05,7.06,209083
2025-07-15T15:00:00+00:00,7.06,7.08,7.06,7.08,510604
2025-07-15T16:00:00+00:00,7.08,7.1,7.07,7.1,302008
2025-07-15T17:00:00+00:00,7.1,7.12,7.09,7.12,491691
2025-07-15T18:00:00+00:00,7.12,7.13,7.11,7.13,468346
2025-07-15T19:00:00+00:00,7.13,7.14,7.12,7.13,278788
2025-07-15T20:00:00+00:00,7.13,7.14,7.07,7.12,1687345
2025-07-16T07:00:00+00:00,7.12,7.14,7.07,7.09,4576917
2025-07-16T08:00:00+00:00,7.09,7.09,7.07,7.09,462498
2025-07-16T09:00:00+00:00,7.09,7.09,7.08,7.09,1159538
2025-07-16T10:00:00+00:00,7.09,7.09,7.08,7.09,1007866
2025-07-16T11:00:00+00:00,7.09,7.09,7.08,7.09,431432
2025-07-16T12:00:00+00:00,7.09,7.09,7.08,7.08,101475
2025-07-16T13:00:00+00:00,7.09,7.09,7.08,7.09,269035
2025-07-16T14:00:00+00:00,7.09,7.11,7.08,7.11,1714038
2025-07-16T15:00:00+00:00,7.11,7.11,7.09,7.11,357334
2025-07-16T16:00:00+00:00,7.11,7.12,7.1,7.11,499261
2025-07-16T17:00:00+00:00,7.11,7.12,7.11,7.12,197516
2025-07-16T18:00:00+00:00,7.12,7.12,7.11,7.12,347123
2025-07-16T19:00:00+00:00,7.12,7.12,7.11,7.12,1497745
2025-07-16T20:00:00+00:00,7.12,7.13,7.11,7.11,1399602
2025-07-17T07:00:00+00:00,7.13,7.13,7.11,7.12,3352735
2025-07-17T08:00:00+00:00,7.12,7.14,7.11,7.14,3246417
2025-07-17T09:00:00+00:00,7.14,7.14,7.11,7.14,7783453
2025-07-17T10:00:00+00:00,7.14,7.14,7.13,7.14,790710
2025-07-17T11:00:00+00:00,7.14,7.14,7.13,7.13,444005
2025-07-17T12:00:00+00:00,7.14,7.14,7.13,7.14,689489
2025-07-17T13:00:00+00:00,7.13,7.14,7.13,7.14,482416
2025-07-17T14:00:00+00:00,7.14,7.14,7.09,7.12,16974331
2025-07-17T15:00:00+00:00,7.12,7.12,7.11,7.11,888512
2025-07-17T16:00:00+00:00,7.11,7.12,7.11,7.12,102575
2025-07-17T17:00:00+00:00,7.12,7.12,7.1,7.1,1072878
2025-07-17T18:00:00+00:00,7.1,7.12,7.1,7.1,418981
2025-07-17T19:00:00+00:00,7.11,7.12,7.1,7.12,467722
2025-07-17T20:00:00+00:00,7.12,7.12,7.1,7.1,560298
2025-07-18T07:00:00+00:00,7.14,7.14,7.09,7.12,1198230
2025-07-18T08:00:00+00:00,7.12,7.12,7.11,7.12,619542
2025-07-18T09:00:00+00:00,7.12,7.12,7.11,7.12,520637
2025-07-18T10:00:00+00:00,7.12,7.12,7.1,7.11,1145535
2025-07-18T11:00:00+00:00,7.1,7.11,7.09,7.11,2415266
2025-07-18T12:00:00+00:00,7.11,7.11,7.09,7.1,265825
2025-07-18T13:00:00+00:00,7.1,7.11,7.09,7.1,979273
2025-07-18T14:00:00+00:00,7.1,7.11,7.09,7.1,847632
2025-07-18T15:00:00+00:00,7.1,7.11,7.09,7.11,814303
2025-07-18T16:00:00+00:00,7.11,7.11,7.09,7.11,215474
2025-07-18T17:00:00+00:00,7.11,7.11,7.1,7.11,587897
2025-07-18T18:00:00+00:00,7.11,7.11,7.1,7.1,302372
2025-07-18T19:00:00+00:00,7.11,7.11,7.1,7.11,1014056
2025-07-18T20:00:00+00:00,7.11,7.11,7.1,7.11,388841
2025-07-21T07:00:00+00:00,7.14,7.14,7.11,7.14,798983
2025-07-21T08:00:00+00:00,7.13,7.14,7.13,7.13,1407267
2025-07-21T09:00:00+00:00,7.14,7.15,7.13,7.14,1004491
2025-07-21T10:00:00+00:00,7.15,7.15,7.14,7.15,1760355
2025-07-21T11:00:00+00:00,7.15,7.15,7.14,7.15,551241
2025-07-21T12:00:00+00:00,7.15,7.15,7.14,7.15,2346991
2025-07-21T13:00:00+00:00,7.15,7.15,7.14,7.14,808857
2025-07-21T14:00:00+00:00,7.15,7.15,7.14,7.15,187294
2025-07-21T15:00:00+00:00,7.15,7.16,7.14,7.15,2301688
2025-07-21T16:00:00+00:00,7.16,7.16,7.15,7.16,471702
2025-07-21T17:00:00+00:00,7.16,7.16,7.15,7.16,518223
2025-07-21T18:00:00+00:00,7.16,7.18,7.15,7.18,1921246
2025-07-21T19:00:00+00:00,7.18,7.18,7.16,7.18,198379
2025-07-21T20:00:00+00:00,7.17,7.18,7.16,7.18,1142735
2025-07-22T07:00:00+00:00,7.14,7.18,7.14,7.15,3619261
2025-07-22T08:00:00+00:00,7.16,7.17,7.15,7.17,4887246
2025-07-22T09:00:00+00:00,7.17,7.19,7.16,7.19,3582365
2025-07-22T10:00:00+00:00,7.19,7.2,7.18,7.2,1936090
2025-07-22T11:00:00+00:00,7.19,7.2,7.19,7.2,797633
2025-07-22T12:00:00+00:00,7.2,7.2,7.15,7.17,15134418
2025-07-22T13:00:00+00:00,7.17,7.17,7.15,7.17,1061804
2025-07-22T14:00:00+00:00,7.16,7.17,7.15,7.17,559420
2025-07-22T15:00:00+00:00,7.17,7.17,7.15,7.17,776232
2025-07-22T16:00:00+00:00,7.16,7.17,7.16,7.17,799476
2025-07-22T17:00:00+00:00,7.17,7.17,7.16,7.17,283629
2025-07-22T18:00:00+00:00,7.17,7.17,7.16,7.17,173860
2025-07-22T19:00:00+00:00,7.17,7.17,7.16,7.17,161948
2025-07-22T20:00:00+00:00,7.17,7.17,7.15,7.16,929740
2025-07-23T07:00:00+00:00,7.16,7.18,7.16,7.17,2182334
2025-07-23T08:00:00+00:00,7.17,7.17,7.16,7.17,507678
2025-07-23T09:00:00+00:00,7.17,7.17,7.16,7.17,449997
2025-07-23T10:00:00+00:00,7.17,7.17,7.16,7.17,480065
2025-07-23T11:00:00+00:00,7.17,7.17,7.16,7.17,509005
2025-07-23T12:00:00+00:00,7.17,7.19,7.16,7.19,15500660
2025-07-23T13:00:00+00:00,7.19,7.19,7.17,7.18,722899
2025-07-23T14:00:00+00:00,7.18,7.18,7.15,7.17,4539849
2025-07-23T15:00:00+00:00,7.16,7.17,7.15,7.17,678528
2025-07-23T16:00:00+00:00,7.17,7.17,7.16,7.17,1459201
2025-07-23T17:00:00+00:00,7.17,7.17,7.16,7.17,137433
2025-07-23T18:00:00+00:00,7.17,7.17,7.16,7.17,413746
2025-07-23T19:00:00+00:00,7.17,7.17,7.16,7.17,654712
2025-07-23T20:00:00+00:00,7.17,7.17,7.15,7.16,1318461
2025-07-24T07:00:00+00:00,7.19,7.19,7.15,7.19,1893668
2025-07-24T08:00:00+00:00,7.18,7.19,7.18,7.19,563554
2025-07-24T09:00:00+00:00,7.19,7.19,7.18,7.19,889826
2025-07-24T10:00:00+00:00,7.19,7.19,7.18,7.19,1614792
2025-07-24T11:00:00+00:00,7.19,7.19,7.18,7.19,828478
2025-07-24T12:00:00+00:00,7.19,7.19,7.17,7.18,2952195
2025-07-24T13:00:00+00:00,7.17,7.18,7.17,7.18,193316
2025-07-24T14:00:00+00:00,7.18,7.19,7.17,7.18,3322139
2025-07-24T15:00:00+00:00,7.19,7.19,7.18,7.19,507523
2025-07-24T16:00:00+00:00,7.19,7.19,7.18,7.19,279908
2025-07-24T17:00:00+00:00,7.19,7.19,7.18,7.19,502376
2025-07-24T18:00:00+00:00,7.19,7.19,7.18,7.19,157857
2025-07-24T19:00:00+00:00,7.19,7.19,7.18,7.18,203029
2025-07-24T20:00:00+00:00,7.18,7.19,7.18,7.19,666722
2025-07-25T07:00:00+00:00,7.17,7.2,7.17,7.19,2493347
2025-07-25T08:00:00+00:00,7.2,7.2,7.18,7.2,1776074
2025-07-25T09:00:00+00:00,7.2,7.2,7.19,7.2,597414
2025-07-25T10:00:00+00:00,7.2,7.2,7.18,7.2,1369663
2025-07-25T11:00:00+00:00,7.2,7.2,7.19,7.19,942366
2025-07-25T12:00:00+00:00,7.19,7.2,7.18,7.19,1535654
2025-07-25T13:00:00+00:00,7.2,7.2,7.19,7.2,469796
2025-07-25T14:00:00+00:00,7.2,7.2,7.19,7.2,1383940
2025-07-25T15:00:00+00:00,7.2,7.2,7.19,7.2,8953899
2025-07-25T16:00:00+00:00,7.2,7.21,7.19,7.21,3902192
2025-07-25T17:00:00+00:00,7.21,7.21,7.2,7.21,193206
2025-07-25T18:00:00+00:00,7.21,7.21,7.2,7.2,475719
2025-07-25T19:00:00+00:00,7.21,7.21,7.19,7.19,1720093
2025-07-25T20:00:00+00:00,7.2,7.21,7.19,7.21,1658880
2025-07-28T07:00:00+00:00,7.21,7.23,7.2,7.23,3725096
2025-07-28T08:00:00+00:00,7.23,7.23,7.22,7.23,2054156
2025-07-28T09:00:00+00:00,7.23,7.23,7.22,7.23,1315277
2025-07-28T10:00:00+00:00,7.22,7.23,7.22,7.23,2304365
2025-07-28T11:00:00+00:00,7.23,7.23,7.22,7.23,774228
2025-07-28T12:00:00+00:00,7.23,7.23,7.22,7.23,1238746
2025-07-28T13:00:00+00:00,7.23,7.23,7.21,7.23,2379469
2025-07-28T14:00:00+00:00,7.23,7.23,7.22,7.22,1309552
2025-07-28T15:00:00+00:00,7.23,7.23,7.22,7.23,552720
2025-07-28T16:00:00+00:00,7.23,7.24,7.22,7.24,1896193
2025-07-28T17:00:00+00:00,7.24,7.24,7.23,7.24,1059227
2025-07-28T18:00:00+00:00,7.24,7.24,7.23,7.24,553052
2025-07-28T19:00:00+00:00,7.23,7.24,7.23,7.24,413302
2025-07-28T20:00:00+00:00,7.24,7.24,7.23,7.24,2428164
2025-07-29T07:00:00+00:00,7.24,7.26,7.23,7.26,1549856
2025-07-29T08:00:00+00:00,7.26,7.26,7.23,7.24,4063737
2025-07-29T09:00:00+00:00,7.24,7.24,7.23,7.24,1492832
2025-07-29T10:00:00+00:00,7.24,7.24,7.23,7.24,573833
2025-07-29T11:00:00+00:00,7.23,7.24,7.23,7.24,1311857
2025-07-29T12:00:00+00:00,7.24,7.24,7.23,7.24,821474
2025-07-29T13:00:00+00:00,7.24,7.24,7.23,7.24,572134
2025-07-29T14:00:00+00:00,7.24,7.24,7.23,7.23,2036196
2025-07-29T15:00:00+00:00,7.24,7.24,7.23,7.24,1145069
2025-07-29T16:00:00+00:00,7.24,7.24,7.23,7.24,481652
2025-07-29T17:00:00+00:00,7.24,7.24,7.23,7.23,498038
2025-07-29T18:00:00+00:00,7.24,7.24,7.23,7.24,552677
2025-07-29T19:00:00+00:00,7.24,7.25,7.23,7.25,952100
2025-07-29T20:00:00+00:00,7.25,7.25,7.24,7.25,527695
2025-07-30T07:00:00+00:00,7.23,7.24,7.2,7.24,1066619
2025-07-30T08:00:00+00:00,7.24,7.24,7.23,7.24,426766
2025-07-30T09:00:00+00:00,7.23,7.24,7.23,7.24,457777
2025-07-30T10:00:00+00:00,7.24,7.24,7.23,7.24,577131
2025-07-30T11:00:00+00:00,7.24,7.24,7.23,7.24,253012
2025-07-30T12:00:00+00:00,7.23,7.24,7.23,7.24,639097
2025-07-30T13:00:00+00:00,7.24,7.24,7.23,7.24,351704
2025-07-30T14:00:00+00:00,7.24,7.24,7.23,7.24,349131
2025-07-30T15:00:00+00:00,7.24,7.24,7.23,7.24,394978
2025-07-30T16:00:00+00:00,7.24,7.25,7.23,7.25,2131895
2025-07-30T17:00:00+00:00,7.25,7.26,7.24,7.25,809102
2025-07-30T18:00:00+00:00,7.26,7.26,7.25,7.26,208924
2025-07-30T19:00:00+00:00,7.26,7.26,7.25,7.26,398559
2025-07-30T20:00:00+00:00,7.26,7.26,7.25,7.26,209080
2025-07-31T07:00:00+00:00,7.24,7.26,7.23,7.26,2421329
2025-07-31T08:00:00+00:00,7.26,7.26,7.25,7.26,1035497
2025-07-31T09:00:00+00:00,7.25,7.26,7.25,7.26,976266
2025-07-31T10:00:00+00:00,7.26,7.26,7.25,7.26,385960
2025-07-31T11:00:00+00:00,7.26,7.26,7.25,7.26,331426
2025-07-31T12:00:00+00:00,7.26,7.26,7.24,7.25,14422333
2025-07-31T13:00:00+00:00,7.25,7.25,7.23,7.24,1830230
2025-07-31T14:00:00+00:00,7.24,7.24,7.23,7.23,1629609
2025-07-31T15:00:00+00:00,7.24,7.25,7.23,7.25,437712
2025-07-31T16:00:00+00:00,7.24,7.25,7.24,7.25,265670
2025-07-31T17:00:00+00:00,7.25,7.25,7.24,7.25,152014
2025-07-31T18:00:00+00:00,7.25,7.25,7.24,7.25,211461
2025-07-31T19:00:00+00:00,7.25,7.25,7.24,7.25,305811
2025-07-31T20:00:00+00:00,7.25,7.25,7.24,7.25,198256
2025-08-01T07:00:00+00:00,7.24,7.25,7.24,7.25,1358314
2025-08-01T08:00:00+00:00,7.24,7.25,7.24,7.25,449341
2025-08-01T09:00:00+00:00,7.25,7.25,7.23,7.25,2071402
2025-08-01T10:00:00+00:00,7.25,7.25,7.24,7.25,323968
2025-08-01T11:00:00+00:00,7.25,7.25,7.24,7.25,1255469
2025-08-01T12:00:00+00:00,7.25,7.25,7.24,7.25,3265468
2025-08-01T13:00:00+00:00,7.24,7.25,7.24,7.25,551654
2025-08-01T14:00:00+00:00,7.25,7.25,7.24,7.25,3714593
2025-08-01T15:00:00+00:00,7.25,7.25,7.24,7.25,322561
2025-08-01T16:00:00+00:00,7.24,7.25,7.24,7.25,913675
2025-08-01T17:00:00+00:00,7.25,7.25,7.24,7.25,297813
2025-08-01T18:00:00+00:00,7.25,7.25,7.24,7.25,239321
2025-08-01T19:00:00+00:00,7.24,7.25,7.23,7.24,230191
2025-08-01T20:00:00+00:00,7.24,7.25,7.23,7.23,1055245
2025-08-04T07:00:00+00:00,7.25,7.25,7.23,7.24,1586421
2025-08-04T08:00:00+00:00,7.25,7.25,7.24,7.25,489291
2025-08-04T09:00:00+00:00,7.25,7.25,7.24,7.25,761291
2025-08-04T10:00:00+00:00,7.25,7.25,7.24,7.25,1368370
2025-08-04T11:00:00+00:00,7.25,7.25,7.24,7.25,436711
2025-08-04T12:00:00+00:00,7.25,7.25,7.24,7.24,865034
2025-08-04T13:00:00+00:00,7.24,7.25,7.24,7.25,954934
2025-08-04T14:00:00+00:00,7.25,7.25,7.24,7.25,343304
2025-08-04T15:00:00+00:00,7.25,7.25,7.24,7.25,1897491
2025-08-04T16:00:00+00:00,7.25,7.26,7.24,7.26,1606437
2025-08-04T17:00:00+00:00,7.26,7.26,7.25,7.26,263696
2025-08-04T18:00:00+00:00,7.26,7.26,7.25,7.26,299287
2025-08-04T19:00:00+00:00,7.26,7.26,7.25,7.26,367904
2025-08-04T20:00:00+00:00,7.26,7.26,7.24,7.24,526890
2025-08-05T07:00:00+00:00,7.26,7.27,7.25,7.26,1529377
2025-08-05T08:00:00+00:00,7.26,7.27,7.25,7.27,1105433
2025-08-05T09:00:00+00:00,7.27,7.27,7.26,7.27,624724
2025-08-05T10:00:00+00:00,7.27,7.27,7.26,7.27,699822
2025-08-05T11:00:00+00:00,7.27,7.27,7.25,7.25,2031451
2025-08-05T12:00:00+00:00,7.25,7.27,7.25,7.27,568714
2025-08-05T13:00:00+00:00,7.27,7.27,7.26,7.27,391812
2025-08-05T14:00:00+00:00,7.27,7.27,7.26,7.26,515683
2025-08-05T15:00:00+00:00,7.27,7.27,7.26,7.27,826895
2025-08-05T16:00:00+00:00,7.27,7.28,7.26,7.28,2112798
2025-08-05T17:00:00+00:00,7.28,7.28,7.26,7.28,534207
2025-08-05T18:00:00+00:00,7.28,7.28,7.27,7.27,556183
2025-08-05T19:00:00+00:00,7.28,7.28,7.27,7.28,2579844
2025-08-05T20:00:00+00:00,7.28,7.28,7.27,7.28,434604
2025-08-06T07:00:00+00:00,7.28,7.32,7.27,7.3,1592844
2025-08-06T08:00:00+00:00,7.3,7.3,7.27,7.28,5809259
2025-08-06T09:00:00+00:00,7.28,7.29,7.27,7.28,1465638
2025-08-06T10:00:00+00:00,7.28,7.28,7.27,7.28,350922
2025-08-06T11:00:00+00:00,7.27,7.28,7.27,7.28,592013
2025-08-06T12:00:00+00:00,7.28,7.28,7.27,7.28,678213
2025-08-06T13:00:00+00:00,7.28,7.28,7.27,7.28,899660
2025-08-06T14:00:00+00:00,7.28,7.28,7.27,7.28,5235665
2025-08-06T15:00:00+00:00,7.28,7.29,7.27,7.29,1611976
2025-08-06T16:00:00+00:00,7.29,7.29,7.28,7.29,253553
2025-08-06T17:00:00+00:00,7.28,7.29,7.28,7.29,467642
2025-08-06T18:00:00+00:00,7.29,7.29,7.28,7.29,1100305
2025-08-06T19:00:00+00:00,7.29,7.35,7.28,7.32,2780659
2025-08-06T20:00:00+00:00,7.32,7.32,7.29,7.3,1271831
2025-08-07T07:00:00+00:00,7.3,7.31,7.29,7.31,2452831
2025-08-07T08:00:00+00:00,7.31,7.32,7.3,7.32,3673273
2025-08-07T09:00:00+00:00,7.32,7.32,7.3,7.31,1572987
2025-08-07T10:00:00+00:00,7.31,7.31,7.3,7.3,484688
2025-08-07T11:00:00+00:00,7.31,7.31,7.3,7.31,1406318
2025-08-07T12:00:00+00:00,7.31,7.31,7.3,7.3,1202300
2025-08-07T13:00:00+00:00,7.31,7.31,7.26,7.29,27026900
2025-08-07T14:00:00+00:00,7.29,7.29,7.28,7.28,2230680
2025-08-07T15:00:00+00:00,7.28,7.29,7.28,7.29,250143
2025-08-07T16:00:00+00:00,7.28,7.29,7.27,7.28,629919
2025-08-07T17:00:00+00:00,7.28,7.29,7.27,7.29,419787
2025-08-07T18:00:00+00:00,7.29,7.29,7.28,7.29,135233
2025-08-07T19:00:00+00:00,7.29,7.29,7.28,7.29,292306
2025-08-07T20:00:00+00:00,7.28,7.29,7.27,7.27,1295173
2025-08-08T07:00:00+00:00,7.3,7.3,7.27,7.3,1290733
2025-08-08T08:00:00+00:00,7.3,7.3,7.29,7.3,2080944
2025-08-08T09:00:00+00:00,7.3,7.3,7.29,7.3,1330710
2025-08-08T10:00:00+00:00,7.3,7.3,7.29,7.3,2844119
2025-08-08T11:00:00+00:00,7.3,7.3,7.28,7.29,975283
2025-08-08T12:00:00+00:00,7.29,7.29,7.28,7.29,642692
2025-08-08T13:00:00+00:00,7.28,7.29,7.28,7.28,646382
2025-08-08T14:00:00+00:00,7.28,7.29,7.28,7.28,301667
2025-08-08T15:00:00+00:00,7.28,7.29,7.28,7.28,785927
2025-08-08T16:00:00+00:00,7.28,7.29,7.28,7.29,395347
2025-08-08T17:00:00+00:00,7.28,7.29,7.28,7.29,399654
2025-08-08T18:00:00+00:00,7.29,7.29,7.28,7.29,307736
2025-08-08T19:00:00+00:00,7.29,7.29,7.27,7.28,1157836
2025-08-08T20:00:00+00:00,7.28,7.28,7.27,7.28,891978
2025-08-11T07:00:00+00:00,7.4,7.4,7.29,7.32,5127981
2025-08-11T08:00:00+00:00,7.32,7.32,7.3,7.31,2454923
2025-08-11T09:00:00+00:00,7.31,7.32,7.3,7.32,1012452
2025-08-11T10:00:00+00:00,7.32,7.32,7.31,7.32,1028624
2025-08-11T11:00:00+00:00,7.32,7.32,7.3,7.31,7117033
2025-08-11T12:00:00+00:00,7.31,7.31,7.3,7.3,2960867
2025-08-11T13:00:00+00:00,7.3,7.31,7.3,7.3,1490233
2025-08-11T14:00:00+00:00,7.31,7.31,7.3,7.31,554768
2025-08-11T15:00:00+00:00,7.31,7.32,7.3,7.32,1568027
2025-08-11T16:00:00+00:00,7.32,7.32,7.31,7.32,754796
2025-08-11T17:00:00+00:00,7.32,7.32,7.31,7.32,368662
2025-08-11T18:00:00+00:00,7.32,7.33,7.31,7.33,1136044
2025-08-11T19:00:00+00:00,7.33,7.33,7.31,7.32,855251
2025-08-11T20:00:00+00:00,7.32,7.33,7.31,7.31,983887
2025-08-12T07:00:00+00:00,7.32,7.34,7.27,7.33,1184817
2025-08-12T08:00:00+00:00,7.33,7.33,7.32,7.33,705187
2025-08-12T09:00:00+00:00,7.33,7.33,7.32,7.33,904428
2025-08-12T10:00:00+00:00,7.33,7.33,7.32,7.33,1125743
2025-08-12T11:00:00+00:00,7.33,7.33,7.32,7.33,718393
2025-08-12T12:00:00+00:00,7.33,7.33,7.32,7.33,564036
2025-08-12T13:00:00+00:00,7.33,7.33,7.32,7.33,358491
2025-08-12T14:00:00+00:00,7.33,7.33,7.32,7.33,1963291
2025-08-12T15:00:00+00:00,7.33,7.34,7.32,7.34,975135
2025-08-12T16:00:00+00:00,7.34,7.34,7.32,7.34,1857748
2025-08-12T17:00:00+00:00,7.34,7.34,7.33,7.34,648557
2025-08-12T18:00:00+00:00,7.33,7.34,7.32,7.33,787303
2025-08-12T19:00:00+00:00,7.34,7.34,7.33,7.34,508437
2025-08-12T20:00:00+00:00,7.34,7.34,7.32,7.34,806305
2025-08-13T07:00:00+00:00,7.32,7.35,7.32,7.34,1220677
2025-08-13T08:00:00+00:00,7.35,7.35,7.34,7.35,786622
2025-08-13T09:00:00+00:00,7.35,7.35,7.34,7.35,1082264
2025-08-13T10:00:00+00:00,7.34,7.35,7.34,7.35,484773
2025-08-13T11:00:00+00:00,7.35,7.35,7.34,7.34,1441508
2025-08-13T12:00:00+00:00,7.34,7.35,7.34,7.35,327728
2025-08-13T13:00:00+00:00,7.35,7.35,7.34,7.35,942466
2025-08-13T14:00:00+00:00,7.35,7.35,7.34,7.35,6532493
2025-08-13T15:00:00+00:00,7.35,7.36,7.34,7.36,737616
2025-08-13T16:00:00+00:00,7.35,7.37,7.35,7.36,3247794
2025-08-13T17:00:00+00:00,7.37,7.37,7.35,7.36,756640
2025-08-13T18:00:00+00:00,7.37,7.37,7.36,7.36,685293
2025-08-13T19:00:00+00:00,7.36,7.37,7.36,7.37,365358
2025-08-13T20:00:00+00:00,7.36,7.37,7.36,7.37,733456
2025-08-14T07:00:00+00:00,7.36,7.36,7.35,7.36,1309772
2025-08-14T08:00:00+00:00,7.36,7.37,7.35,7.36,677063
2025-08-14T09:00:00+00:00,7.36,7.37,7.36,7.37,1485383
2025-08-14T10:00:00+00:00,7.37,7.37,7.36,7.37,2146473
2025-08-14T11:00:00+00:00,7.37,7.37,7.36,7.37,474129
2025-08-14T12:00:00+00:00,7.37,7.37,7.36,7.37,523806
2025-08-14T13:00:00+00:00,7.37,7.37,7.34,7.34,27559261
2025-08-14T14:00:00+00:00,7.35,7.35,7.34,7.35,2147611
2025-08-14T15:00:00+00:00,7.35,7.36,7.34,7.36,1595607
2025-08-14T16:00:00+00:00,7.36,7.36,7.35,7.35,412794
2025-08-14T17:00:00+00:00,7.36,7.36,7.35,7.35,369895
2025-08-14T18:00:00+00:00,7.35,7.36,7.35,7.35,280333
2025-08-14T19:00:00+00:00,7.36,7.36,7.35,7.35,292253
2025-08-14T20:00:00+00:00,7.35,7.36,7.34,7.35,1141124
2025-08-15T07:00:00+00:00,7.35,7.37,7.35,7.35,2738177
2025-08-15T08:00:00+00:00,7.36,7.37,7.35,7.36,851975
2025-08-15T09:00:00+00:00,7.37,7.37,7.35,7.36,962959
2025-08-15T10:00:00+00:00,7.36,7.37,7.35,7.37,1206753
2025-08-15T11:00:00+00:00,7.37,7.37,7.35,7.36,1082598
2025-08-15T12:00:00+00:00,7.36,7.37,7.36,7.37,2332428
2025-08-15T13:00:00+00:00,7.37,7.37,7.36,7.37,328324
2025-08-15T14:00:00+00:00,7.37,7.37,7.36,7.37,463413
2025-08-15T15:00:00+00:00,7.37,7.37,7.36,7.37,1782176
2025-08-15T16:00:00+00:00,7.37,7.37,7.36,7.37,341749
2025-08-15T17:00:00+00:00,7.37,7.37,7.36,7.36,1196618
2025-08-15T18:00:00+00:00,7.36,7.37,7.36,7.36,899185
2025-08-15T19:00:00+00:00,7.36,7.37,7.36,7.37,2002598
2025-08-15T20:00:00+00:00,7.37,7.37,7.35,7.37,1972803
2025-08-18T07:00:00+00:00,7.35,7.4,7.35,7.39,4286070
2025-08-18T08:00:00+00:00,7.39,7.4,7.38,7.4,3382722
2025-08-18T09:00:00+00:00,7.4,7.4,7.39,7.4,1107498
2025-08-18T10:00:00+00:00,7.4,7.4,7.39,7.39,844348
2025-08-18T11:00:00+00:00,7.4,7.4,7.39,7.4,340597
2025-08-18T12:00:00+00:00,7.4,7.4,7.39,7.4,1426123
2025-08-18T13:00:00+00:00,7.39,7.4,7.39,7.4,1882850
2025-08-18T14:00:00+00:00,7.39,7.4,7.37,7.38,21696766
2025-08-18T15:00:00+00:00,7.37,7.38,7.37,7.38,901973
2025-08-18T16:00:00+00:00,7.37,7.38,7.36,7.38,3069804
2025-08-18T17:00:00+00:00,7.38,7.38,7.37,7.38,597040
2025-08-18T18:00:00+00:00,7.38,7.39,7.37,7.38,645290
2025-08-18T19:00:00+00:00,7.38,7.39,7.37,7.38,1194432
2025-08-18T20:00:00+00:00,7.38,7.4,7.37,7.4,4516853
2025-08-19T07:00:00+00:00,7.4,7.41,7.38,7.4,3038251
2025-08-19T08:00:00+00:00,7.4,7.41,7.4,7.41,1253701
2025-08-19T09:00:00+00:00,7.41,7.41,7.4,7.4,1121737
2025-08-19T10:00:00+00:00,7.4,7.41,7.4,7.4,1425745
2025-08-19T11:00:00+00:00,7.4,7.41,7.4,7.4,3458036
2025-08-19T12:00:00+00:00,7.4,7.41,7.4,7.41,1452840
2025-08-19T13:00:00+00:00,7.4,7.41,7.4,7.41,313922
2025-08-19T14:00:00+00:00,7.41,7.41,7.4,7.41,518249
2025-08-19T15:00:00+00:00,7.41,7.42,7.4,7.42,3210741
2025-08-19T16:00:00+00:00,7.42,7.43,7.41,7.43,1251734
2025-08-19T17:00:00+00:00,7.43,7.43,7.42,7.43,910720
2025-08-19T18:00:00+00:00,7.43,7.43,7.42,7.42,1202113
2025-08-19T19:00:00+00:00,7.43,7.43,7.42,7.42,626712
2025-08-19T20:00:00+00:00,7.43,7.43,7.42,7.43,5739619
2025-08-20T07:00:00+00:00,7.42,7.43,7.41,7.43,2049586
2025-08-20T08:00:00+00:00,7.43,7.43,7.42,7.43,556594
2025-08-20T09:00:00+00:00,7.43,7.43,7.42,7.43,1171961
2025-08-20T10:00:00+00:00,7.42,7.43,7.42,7.43,2890585
2025-08-20T11:00:00+00:00,7.43,7.43,7.42,7.43,723738
2025-08-20T12:00:00+00:00,7.43,7.43,7.42,7.42,1606460
2025-08-20T13:00:00+00:00,7.42,7.43,7.41,7.41,4937610
2025-08-20T14:00:00+00:00,7.42,7.42,7.39,7.42,17432995
2025-08-20T15:00:00+00:00,7.42,7.42,7.4,7.41,4512892
2025-08-20T16:00:00+00:00,7.41,7.42,7.4,7.42,832504
2025-08-20T17:00:00+00:00,7.42,7.43,7.41,7.43,2130626
2025-08-20T18:00:00+00:00,7.43,7.43,7.42,7.43,1016033
2025-08-20T19:00:00+00:00,7.43,7.43,7.42,7.43,1241966
2025-08-20T20:00:00+00:00,7.43,7.43,7.42,7.43,1699326
2025-08-21T07:00:00+00:00,7.43,7.44,7.42,7.44,2542812
2025-08-21T08:00:00+00:00,7.44,7.44,7.41,7.42,6170312
2025-08-21T09:00:00+00:00,7.42,7.43,7.41,7.42,1394888
2025-08-21T10:00:00+00:00,7.42,7.43,7.41,7.42,3620581
2025-08-21T11:00:00+00:00,7.42,7.42,7.41,7.42,660095
2025-08-21T12:00:00+00:00,7.42,7.42,7.4,7.4,10443583
2025-08-21T13:00:00+00:00,7.4,7.41,7.38,7.39,9574837
2025-08-21T14:00:00+00:00,7.38,7.4,7.38,7.39,3541665
2025-08-21T15:00:00+00:00,7.4,7.4,7.38,7.4,374713
2025-08-21T16:00:00+00:00,7.4,7.4,7.39,7.39,535967
2025-08-21T17:00:00+00:00,7.39,7.4,7.39,7.4,161846
2025-08-21T18:00:00+00:00,7.39,7.4,7.39,7.4,302056
2025-08-21T19:00:00+00:00,7.39,7.4,7.39,7.39,719940
2025-08-21T20:00:00+00:00,7.39,7.41,7.39,7.41,1786819
2025-08-22T07:00:00+00:00,7.41,7.42,7.39,7.4,2679335
2025-08-22T08:00:00+00:00,7.4,7.41,7.4,7.41,658345
2025-08-22T09:00:00+00:00,7.4,7.41,7.38,7.4,2835030
2025-08-22T10:00:00+00:00,7.4,7.4,7.39,7.4,1222191
2025-08-22T11:00:00+00:00,7.39,7.4,7.39,7.39,2476534
2025-08-22T12:00:00+00:00,7.39,7.4,7.39,7.39,594967
2025-08-22T13:00:00+00:00,7.39,7.4,7.38,7.38,13782070
2025-08-22T14:00:00+00:00,7.39,7.39,7.38,7.38,1111776
2025-08-22T15:00:00+00:00,7.38,7.39,7.36,7.38,4945829
2025-08-22T16:00:00+00:00,7.38,7.38,7.35,7.36,6471979
2025-08-22T17:00:00+00:00,7.36,7.37,7.35,7.36,1114489
2025-08-22T18:00:00+00:00,7.36,7.37,7.36,7.37,296778
2025-08-22T19:00:00+00:00,7.36,7.37,7.36,7.36,1403856
2025-08-22T20:00:00+00:00,7.36,7.37,7.35,7.37,6091032
2025-08-25T07:00:00+00:00,7.39,7.41,7.38,7.41,6718263
2025-08-25T08:00:00+00:00,7.4,7.41,7.4,7.41,4556630
2025-08-25T09:00:00+00:00,7.41,7.41,7.4,7.41,740244
2025-08-25T10:00:00+00:00,7.41,7.41,7.4,7.4,2448135
2025-08-25T11:00:00+00:00,7.41,7.41,7.4,7.41,1395770
2025-08-25T12:00:00+00:00,7.41,7.41,7.4,7.41,2578563
2025-08-25T13:00:00+00:00,7.41,7.41,7.4,7.4,694206
2025-08-25T14:00:00+00:00,7.41,7.41,7.39,7.4,3824095
2025-08-25T15:00:00+00:00,7.4,7.4,7.39,7.4,538802
2025-08-25T16:00:00+00:00,7.4,7.41,7.39,7.41,2968219
2025-08-25T17:00:00+00:00,7.4,7.41,7.4,7.41,277979
2025-08-25T18:00:00+00:00,7.41,7.41,7.4,7.41,501641
2025-08-25T19:00:00+00:00,7.41,7.41,7.4,7.41,1281079
2025-08-25T20:00:00+00:00,7.41,7.41,7.4,7.4,5500284
2025-08-26T07:00:00+00:00,7.41,7.42,7.4,7.42,2104163
2025-08-26T08:00:00+00:00,7.42,7.42,7.39,7.4,9259144
2025-08-26T09:00:00+00:00,7.4,7.4,7.39,7.4,634795
2025-08-26T10:00:00+00:00,7.4,7.4,7.39,7.39,456022
2025-08-26T11:00:00+00:00,7.39,7.4,7.39,7.4,495237
2025-08-26T12:00:00+00:00,7.39,7.4,7.39,7.4,337794
2025-08-26T13:00:00+00:00,7.4,7.4,7.39,7.4,338546
2025-08-26T14:00:00+00:00,7.4,7.4,7.38,7.38,4750737
2025-08-26T15:00:00+00:00,7.38,7.4,7.38,7.39,2906343
2025-08-26T16:00:00+00:00,7.39,7.4,7.38,7.39,1822505
2025-08-26T17:00:00+00:00,7.39,7.4,7.38,7.4,320243
2025-08-26T18:00:00+00:00,7.39,7.4,7.39,7.4,162502
2025-08-26T19:00:00+00:00,7.4,7.4,7.39,7.4,139121
2025-08-26T20:00:00+00:00,7.39,7.4,7.38,7.39,1834012
2025-08-27T07:00:00+00:00,7.38,7.41,7.36,7.37,5072238
2025-08-27T08:00:00+00:00,7.37,7.39,7.36,7.39,5402152
2025-08-27T09:00:00+00:00,7.38,7.39,7.37,7.38,994876
2025-08-27T10:00:00+00:00,7.38,7.39,7.37,7.38,837513
2025-08-27T11:00:00+00:00,7.38,7.39,7.38,7.38,704533
2025-08-27T12:00:00+00:00,7.38,7.39,7.37,7.37,840804
2025-08-27T13:00:00+00:00,7.37,7.39,7.37,7.39,437946
2025-08-27T14:00:00+00:00,7.39,7.39,7.38,7.38,795004
2025-08-27T15:00:00+00:00,7.39,7.39,7.38,7.39,393088
2025-08-27T16:00:00+00:00,7.39,7.42,7.38,7.41,39224880
2025-08-27T17:00:00+00:00,7.41,7.42,7.4,7.41,2427389
2025-08-27T18:00:00+00:00,7.41,7.42,7.4,7.41,753970
2025-08-27T19:00:00+00:00,7.41,7.42,7.4,7.41,767466
2025-08-27T20:00:00+00:00,7.41,7.42,7.4,7.42,2745225
2025-08-28T07:00:00+00:00,7.41,7.42,7.39,7.41,1689046
2025-08-28T08:00:00+00:00,7.41,7.41,7.4,7.41,714796
2025-08-28T09:00:00+00:00,7.41,7.41,7.39,7.39,8427143
2025-08-28T10:00:00+00:00,7.39,7.4,7.39,7.4,972223
2025-08-28T11:00:00+00:00,7.4,7.4,7.39,7.4,2416756
2025-08-28T12:00:00+00:00,7.4,7.4,7.39,7.4,177229
2025-08-28T13:00:00+00:00,7.4,7.4,7.39,7.39,563439
2025-08-28T14:00:00+00:00,7.4,7.4,7.39,7.4,1036806
2025-08-28T15:00:00+00:00,7.4,7.4,7.39,7.4,3600624
2025-08-28T16:00:00+00:00,7.4,7.4,7.39,7.4,1878839
2025-08-28T17:00:00+00:00,7.4,7.4,7.39,7.4,180303
2025-08-28T18:00:00+00:00,7.39,7.4,7.39,7.4,287778
2025-08-28T19:00:00+00:00,7.39,7.4,7.39,7.4,406930
2025-08-28T20:00:00+00:00,7.4,7.4,7.39,7.4,1518948
2025-08-29T07:00:00+00:00,7.41,7.41,7.39,7.4,3182382
2025-08-29T08:00:00+00:00,7.39,7.4,7.39,7.4,621110
2025-08-29T09:00:00+00:00,7.4,7.4,7.39,7.4,2605814
2025-08-29T10:00:00+00:00,7.4,7.4,7.39,7.4,2022094
2025-08-29T11:00:00+00:00,7.4,7.4,7.39,7.4,809774
2025-08-29T12:00:00+00:00,7.4,7.4,7.39,7.4,544580
2025-08-29T13:00:00+00:00,7.4,7.4,7.39,7.39,814998
2025-08-29T14:00:00+00:00,7.4,7.4,7.39,7.39,1068018
2025-08-29T15:00:00+00:00,7.4,7.4,7.39,7.39,868656
2025-08-29T16:00:00+00:00,7.4,7.4,7.39,7.4,401525
2025-08-29T17:00:00+00:00,7.4,7.4,7.39,7.4,175287
2025-08-29T18:00:00+00:00,7.39,7.4,7.39,7.4,366298
2025-08-29T19:00:00+00:00,7.39,7.4,7.39,7.4,2665602
2025-08-29T20:00:00+00:00,7.39,7.4,7.39,7.39,3840496
2025-09-01T07:00:00+00:00,7.41,7.41,7.39,7.4,5842637
2025-09-01T08:00:00+00:00,7.4,7.41,7.4,7.4,3537015
2025-09-01T09:00:00+00:00,7.41,7.41,7.4,7.41,408927
2025-09-01T10:00:00+00:00,7.41,7.41,7.39,7.4,4165842
2025-09-01T11:00:00+00:00,7.4,7.4,7.39,7.4,1408029
2025-09-01T12:00:00+00:00,7.4,7.4,7.39,7.4,839765
2025-09-01T13:00:00+00:00,7.39,7.4,7.39,7.4,1493694
2025-09-01T14:00:00+00:00,7.4,7.4,7.39,7.4,810086
2025-09-01T15:00:00+00:00,7.4,7.4,7.39,7.4,534983
2025-09-01T16:00:00+00:00,7.4,7.4,7.39,7.4,570470
2025-09-01T17:00:00+00:00,7.4,7.4,7.39,7.39,180053
2025-09-01T18:00:00+00:00,7.4,7.4,7.39,7.4,179672
2025-09-01T19:00:00+00:00,7.39,7.4,7.39,7.4,407158
2025-09-01T20:00:00+00:00,7.4,7.4,7.39,7.39,1760435
2025-09-02T07:00:00+00:00,7.4,7.41,7.39,7.4,1929871
2025-09-02T08:00:00+00:00,7.4,7.4,7.39,7.4,408409
2025-09-02T09:00:00+00:00,7.39,7.4,7.39,7.4,602470
2025-09-02T10:00:00+00:00,7.4,7.4,7.39,7.4,426864
2025-09-02T11:00:00+00:00,7.4,7.4,7.39,7.4,332427
2025-09-02T12:00:00+00:00,7.4,7.4,7.39,7.4,733974
2025-09-02T13:00:00+00:00,7.4,7.4,7.39,7.4,607115
2025-09-02T14:00:00+00:00,7.39,7.4,7.39,7.4,2700312
2025-09-02T15:00:00+00:00,7.39,7.4,7.39,7.4,5377538
2025-09-02T16:00:00+00:00,7.4,7.4,7.39,7.4,1575555
2025-09-02T17:00:00+00:00,7.4,7.4,7.39,7.4,2294426
2025-09-02T18:00:00+00:00,7.4,7.4,7.39,7.39,271712
2025-09-02T19:00:00+00:00,7.4,7.4,7.38,7.4,2262159
2025-09-02T20:00:00+00:00,7.4,7.4,7.39,7.39,278050
2025-09-03T07:00:00+00:00,7.39,7.41,7.39,7.4,14575676
2025-09-03T08:00:00+00:00,7.41,7.41,7.4,7.4,3982772
2025-09-03T09:00:00+00:00,7.41,7.41,7.4,7.41,290689
2025-09-03T10:00:00+00:00,7.41,7.41,7.4,7.41,447848
2025-09-03T11:00:00+00:00,7.41,7.41,7.4,7.41,724066
2025-09-03T12:00:00+00:00,7.41,7.41,7.4,7.41,717667
2025-09-03T13:00:00+00:00,7.41,7.41,7.39,7.4,10794054
2025-09-03T14:00:00+00:00,7.39,7.41,7.39,7.4,3592254
2025-09-03T15:00:00+00:00,7.4,7.4,7.39,7.39,156699
2025-09-03T16:00:00+00:00,7.4,7.41,7.39,7.41,4731841
2025-09-03T17:00:00+00:00,7.41,7.41,7.39,7.41,322404
2025-09-03T18:00:00+00:00,7.4,7.41,7.4,7.4,201732
2025-09-03T19:00:00+00:00,7.41,7.41,7.4,7.41,615755
2025-09-03T20:00:00+00:00,7.4,7.41,7.4,7.41,204455
2025-09-04T07:00:00+00:00,7.41,7.42,7.4,7.42,3507247
2025-09-04T08:00:00+00:00,7.41,7.42,7.41,7.41,289638
2025-09-04T09:00:00+00:00,7.42,7.42,7.41,7.42,382069
2025-09-04T10:00:00+00:00,7.42,7.42,7.41,7.42,719761
2025-09-04T11:00:00+00:00,7.42,7.42,7.41,7.42,1042686
2025-09-04T12:00:00+00:00,7.41,7.42,7.41,7.42,2308791
2025-09-04T13:00:00+00:00,7.42,7.42,7.41,7.42,227980
2025-09-04T14:00:00+00:00,7.42,7.42,7.41,7.42,1018608
2025-09-04T15:00:00+00:00,7.42,7.42,7.41,7.42,396101
2025-09-04T16:00:00+00:00,7.42,7.42,7.41,7.42,223461
2025-09-04T17:00:00+00:00,7.42,7.42,7.41,7.42,212566
2025-09-04T18:00:00+00:00,7.41,7.42,7.41,7.42,296855
2025-09-04T19:00:00+00:00,7.41,7.42,7.41,7.42,819647
2025-09-04T20:00:00+00:00,7.41,7.42,7.41,7.42,487404
2025-09-05T07:00:00+00:00,7.41,7.44,7.41,7.44,20184999
2025-09-05T08:00:00+00:00,7.44,7.45,7.43,7.45,2850391
2025-09-05T09:00:00+00:00,7.45,7.45,7.43,7.44,2110768
2025-09-05T10:00:00+00:00,7.44,7.44,7.43,7.44,1066805
2025-09-05T11:00:00+00:00,7.44,7.44,7.43,7.44,792734
2025-09-05T12:00:00+00:00,7.44,7.44,7.43,7.44,2543503
2025-09-05T13:00:00+00:00,7.44,7.44,7.43,7.44,1015398
2025-09-05T14:00:00+00:00,7.44,7.44,7.43,7.44,7388020
2025-09-05T15:00:00+00:00,7.43,7.45,7.43,7.45,5346241
2025-09-05T16:00:00+00:00,7.44,7.44,7.43,7.44,478344
2025-09-05T17:00:00+00:00,7.44,7.44,7.43,7.44,494008
2025-09-05T18:00:00+00:00,7.43,7.44,7.43,7.44,502810
2025-09-05T19:00:00+00:00,7.43,7.44,7.43,7.44,1959848
2025-09-05T20:00:00+00:00,7.44,7.44,7.43,7.44,2099782
2025-09-08T07:00:00+00:00,7.44,7.46,7.44,7.46,6063794
2025-09-08T08:00:00+00:00,7.46,7.46,7.44,7.45,3522089
2025-09-08T09:00:00+00:00,7.45,7.45,7.43,7.45,16415465
2025-09-08T10:00:00+00:00,7.45,7.45,7.44,7.45,1459740
2025-09-08T11:00:00+00:00,7.45,7.45,7.43,7.44,1556919
2025-09-08T12:00:00+00:00,7.44,7.45,7.44,7.44,695876
2025-09-08T13:00:00+00:00,7.45,7.45,7.43,7.45,1652617
2025-09-08T14:00:00+00:00,7.44,7.45,7.44,7.44,824002
2025-09-08T15:00:00+00:00,7.45,7.45,7.43,7.45,2675802
2025-09-08T16:00:00+00:00,7.45,7.45,7.43,7.44,2810214
2025-09-08T17:00:00+00:00,7.45,7.45,7.43,7.44,6172213
2025-09-08T18:00:00+00:00,7.44,7.44,7.43,7.44,489600
2025-09-08T19:00:00+00:00,7.44,7.44,7.43,7.43,256300
2025-09-08T20:00:00+00:00,7.43,7.45,7.43,7.44,8910644
2025-09-09T07:00:00+00:00,7.45,7.46,7.44,7.45,3880449
2025-09-09T08:00:00+00:00,7.45,7.45,7.44,7.45,1644809
2025-09-09T09:00:00+00:00,7.45,7.45,7.44,7.45,750480
2025-09-09T10:00:00+00:00,7.44,7.45,7.44,7.45,621213
2025-09-09T11:00:00+00:00,7.45,7.46,7.44,7.45,8532947
2025-09-09T12:00:00+00:00,7.45,7.46,7.44,7.45,4014880
2025-09-09T13:00:00+00:00,7.46,7.46,7.44,7.46,3755504
2025-09-09T14:00:00+00:00,7.46,7.46,7.44,7.45,879860
2025-09-09T15:00:00+00:00,7.46,7.46,7.45,7.46,1045851
2025-09-09T16:00:00+00:00,7.46,7.46,7.45,7.45,3244922
2025-09-09T17:00:00+00:00,7.46,7.46,7.44,7.46,610009
2025-09-09T18:00:00+00:00,7.46,7.46,7.44,7.46,323553
2025-09-09T19:00:00+00:00,7.46,7.46,7.45,7.46,223720
2025-09-09T20:00:00+00:00,7.46,7.46,7.45,7.46,589589
2025-09-10T07:00:00+00:00,7.45,7.46,7.45,7.45,1536601
2025-09-10T08:00:00+00:00,7.46,7.46,7.44,7.45,3521554
2025-09-10T09:00:00+00:00,7.45,7.45,7.44,7.45,918578
2025-09-10T10:00:00+00:00,7.45,7.46,7.44,7.45,1034235
2025-09-10T11:00:00+00:00,7.45,7.46,7.44,7.44,995216
2025-09-10T12:00:00+00:00,7.45,7.46,7.44,7.45,497480
2025-09-10T13:00:00+00:00,7.45,7.45,7.44,7.45,631222
2025-09-10T14:00:00+00:00,7.45,7.46,7.44,7.46,1942063
2025-09-10T15:00:00+00:00,7.46,7.46,7.44,7.45,3400830
2025-09-10T16:00:00+00:00,7.45,7.46,7.44,7.46,1393700
2025-09-10T17:00:00+00:00,7.46,7.46,7.45,7.46,203510
2025-09-10T18:00:00+00:00,7.46,7.46,7.45,7.46,390444
2025-09-10T19:00:00+00:00,7.45,7.46,7.45,7.46,436650
2025-09-10T20:00:00+00:00,7.46,7.46,7.45,7.46,430062
2025-09-11T07:00:00+00:00,7.45,7.47,7.44,7.46,2637129
2025-09-11T08:00:00+00:00,7.46,7.46,7.44,7.45,622342
2025-09-11T09:00:00+00:00,7.45,7.45,7.44,7.44,679597
2025-09-11T10:00:00+00:00,7.44,7.45,7.44,7.45,919066
2025-09-11T11:00:00+00:00,7.45,7.45,7.44,7.44,742681
2025-09-11T12:00:00+00:00,7.44,7.45,7.44,7.45,1022236
2025-09-11T13:00:00+00:00,7.45,7.45,7.44,7.45,621475
2025-09-11T14:00:00+00:00,7.45,7.45,7.44,7.45,1152116
2025-09-11T15:00:00+00:00,7.45,7.46,7.44,7.46,4826581
2025-09-11T16:00:00+00:00,7.46,7.46,7.45,7.46,437633
2025-09-11T17:00:00+00:00,7.46,7.46,7.44,7.46,2377819
2025-09-11T18:00:00+00:00,7.46,7.46,7.45,7.46,300613
2025-09-11T19:00:00+00:00,7.46,7.46,7.45,7.45,869544
2025-09-11T20:00:00+00:00,7.46,7.46,7.44,7.45,498994
2025-09-12T07:00:00+00:00,7.44,7.47,7.44,7.46,6255903
2025-09-12T08:00:00+00:00,7.47,7.47,7.46,7.47,2498067
2025-09-12T09:00:00+00:00,7.47,7.47,7.45,7.47,2335581
2025-09-12T10:00:00+00:00,7.46,7.47,7.44,7.45,4706132
2025-09-12T11:00:00+00:00,7.45,7.46,7.44,7.46,1630837
2025-09-12T12:00:00+00:00,7.46,7.46,7.44,7.46,4123502
2025-09-12T13:00:00+00:00,7.45,7.46,7.44,7.45,802724
2025-09-12T14:00:00+00:00,7.44,7.45,7.44,7.45,1074882
2025-09-12T15:00:00+00:00,7.45,7.45,7.44,7.44,7844279
2025-09-12T16:00:00+00:00,7.45,7.45,7.42,7.43,4121125
2025-09-12T17:00:00+00:00,7.44,7.44,7.43,7.44,693920
2025-09-12T18:00:00+00:00,7.43,7.44,7.42,7.42,1409174
2025-09-12T19:00:00+00:00,7.43,7.44,7.42,7.44,3591204
2025-09-12T20:00:00+00:00,7.44,7.46,7.43,7.46,13552824
2025-09-15T07:00:00+00:00,7.43,7.47,7.43,7.45,4371362
2025-09-15T08:00:00+00:00,7.44,7.45,7.44,7.45,2050782
2025-09-15T09:00:00+00:00,7.45,7.45,7.43,7.44,2036460
2025-09-15T10:00:00+00:00,7.44,7.45,7.43,7.44,600557
2025-09-15T11:00:00+00:00,7.44,7.44,7.43,7.44,271747
2025-09-15T12:00:00+00:00,7.44,7.45,7.43,7.45,1855398
2025-09-15T13:00:00+00:00,7.45,7.45,7.44,7.44,194820
2025-09-15T14:00:00+00:00,7.45,7.45,7.43,7.44,992523
2025-09-15T15:00:00+00:00,7.44,7.44,7.43,7.44,189239
2025-09-15T16:00:00+00:00,7.44,7.44,7.43,7.44,569308
2025-09-15T17:00:00+00:00,7.44,7.44,7.43,7.43,661932
2025-09-15T18:00:00+00:00,7.44,7.45,7.43,7.45,330793
2025-09-15T19:00:00+00:00,7.44,7.45,7.43,7.43,218510
2025-09-15T20:00:00+00:00,7.43,7.44,7.43,7.43,160627
2025-09-16T07:00:00+00:00,7.45,7.45,7.43,7.44,921622
2025-09-16T08:00:00+00:00,7.44,7.44,7.43,7.44,651341
2025-09-16T09:00:00+00:00,7.44,7.44,7.43,7.43,1509937
2025-09-16T10:00:00+00:00,7.44,7.44,7.43,7.43,601761
2025-09-16T11:00:00+00:00,7.44,7.44,7.43,7.44,413541
2025-09-16T12:00:00+00:00,7.44,7.44,7.43,7.44,179288
2025-09-16T13:00:00+00:00,7.44,7.44,7.43,7.43,2139233
2025-09-16T14:00:00+00:00,7.44,7.44,7.43,7.44,423579
2025-09-16T15:00:00+00:00,7.44,7.44,7.43,7.44,1151093
2025-09-16T16:00:00+00:00,7.44,7.44,7.43,7.44,558407
2025-09-16T17:00:00+00:00,7.44,7.44,7.43,7.43,6788213
2025-09-16T18:00:00+00:00,7.44,7.44,7.42,7.43,498241
2025-09-16T19:00:00+00:00,7.43,7.43,7.42,7.42,133275
2025-09-16T20:00:00+00:00,7.43,7.44,7.42,7.44,387419
2025-09-17T07:00:00+00:00,7.44,7.44,7.42,7.44,5743928
2025-09-17T08:00:00+00:00,7.44,7.44,7.42,7.42,1906329
2025-09-17T09:00:00+00:00,7.42,7.43,7.42,7.43,701157
2025-09-17T10:00:00+00:00,7.43,7.43,7.42,7.42,1038381
2025-09-17T11:00:00+00:00,7.42,7.43,7.42,7.42,2210193
2025-09-17T12:00:00+00:00,7.42,7.43,7.42,7.43,203513
2025-09-17T13:00:00+00:00,7.43,7.43,7.42,7.43,298322
2025-09-17T14:00:00+00:00,7.43,7.43,7.42,7.43,1226850
2025-09-17T15:00:00+00:00,7.43,7.43,7.42,7.43,568945
2025-09-17T16:00:00+00:00,7.43,7.43,7.42,7.42,612551
2025-09-17T17:00:00+00:00,7.43,7.43,7.42,7.43,128335
2025-09-17T18:00:00+00:00,7.42,7.43,7.42,7.43,581337
2025-09-17T19:00:00+00:00,7.43,7.44,7.42,7.44,1790975
2025-09-17T20:00:00+00:00,7.44,7.44,7.43,7.44,168841
2025-09-18T07:00:00+00:00,7.45,7.45,7.43,7.45,1263334
2025-09-18T08:00:00+00:00,7.45,7.45,7.43,7.44,1388445
2025-09-18T09:00:00+00:00,7.44,7.45,7.43,7.44,669499
2025-09-18T10:00:00+00:00,7.43,7.44,7.43,7.43,140823
2025-09-18T11:00:00+00:00,7.44,7.44,7.43,7.44,241999
2025-09-18T12:00:00+00:00,7.44,7.44,7.43,7.44,420674
2025-09-18T13:00:00+00:00,7.44,7.44,7.42,7.44,587801
2025-09-18T14:00:00+00:00,7.42,7.44,7.42,7.42,113422
2025-09-18T15:00:00+00:00,7.43,7.43,7.42,7.43,209397
2025-09-18T16:00:00+00:00,7.43,7.44,7.42,7.43,632838
2025-09-18T17:00:00+00:00,7.43,7.43,7.42,7.43,641330
2025-09-18T18:00:00+00:00,7.42,7.43,7.42,7.43,107847
2025-09-18T19:00:00+00:00,7.43,7.44,7.42,7.43,322591
2025-09-18T20:00:00+00:00,7.43,7.44,7.42,7.44,451991
2025-09-19T07:00:00+00:00,7.42,7.44,7.42,7.44,589824
2025-09-19T08:00:00+00:00,7.43,7.44,7.43,7.44,1967553
2025-09-19T09:00:00+00:00,7.44,7.44,7.43,7.44,384384
2025-09-19T10:00:00+00:00,7.44,7.44,7.43,7.43,412446
2025-09-19T11:00:00+00:00,7.44,7.44,7.42,7.43,1163169
2025-09-19T12:00:00+00:00,7.44,7.44,7.43,7.43,494708
2025-09-19T13:00:00+00:00,7.44,7.44,7.43,7.43,162336
2025-09-19T14:00:00+00:00,7.43,7.44,7.43,7.44,327873
2025-09-19T15:00:00+00:00,7.43,7.44,7.42,7.42,3821006
2025-09-19T16:00:00+00:00,7.43,7.44,7.41,7.42,1725566
2025-09-19T17:00:00+00:00,7.42,7.42,7.4,7.42,3527858
2025-09-19T18:00:00+00:00,7.41,7.42,7.41,7.42,230320
2025-09-19T19:00:00+00:00,7.41,7.42,7.41,7.41,122027
2025-09-19T20:00:00+00:00,7.42,7.42,7.4,7.41,1661212
2025-09-22T07:00:00+00:00,7.4,7.43,7.4,7.42,5203268
2025-09-22T08:00:00+00:00,7.42,7.42,7.4,7.41,1886121
2025-09-22T09:00:00+00:00,7.41,7.41,7.4,7.41,1272520
2025-09-22T10:00:00+00:00,7.41,7.41,7.39,7.4,465143
2025-09-22T11:00:00+00:00,7.4,7.4,7.38,7.4,602506
2025-09-22T12:00:00+00:00,7.4,7.4,7.38,7.39,662928
2025-09-22T13:00:00+00:00,7.38,7.4,7.38,7.38,2232753
2025-09-22T14:00:00+00:00,7.39,7.4,7.38,7.4,1216324
2025-09-22T15:00:00+00:00,7.39,7.4,7.38,7.39,336211
2025-09-22T16:00:00+00:00,7.39,7.4,7.38,7.4,491970
2025-09-22T17:00:00+00:00,7.4,7.4,7.38,7.39,189133
2025-09-22T18:00:00+00:00,7.39,7.4,7.38,7.4,60421
2025-09-22T19:00:00+00:00,7.4,7.4,7.39,7.4,266965
2025-09-22T20:00:00+00:00,7.39,7.4,7.39,7.4,425952
2025-09-23T07:00:00+00:00,7.41,7.42,7.4,7.41,601647
2025-09-23T08:00:00+00:00,7.4,7.41,7.4,7.41,715028
2025-09-23T09:00:00+00:00,7.41,7.41,7.39,7.41,1808927
2025-09-23T10:00:00+00:00,7.41,7.41,7.4,7.41,792872
2025-09-23T11:00:00+00:00,7.41,7.41,7.39,7.4,1593868
2025-09-23T12:00:00+00:00,7.4,7.41,7.39,7.4,537185
2025-09-23T13:00:00+00:00,7.4,7.41,7.39,7.4,438887
2025-09-23T14:00:00+00:00,7.39,7.41,7.39,7.41,6254970
2025-09-23T15:00:00+00:00,7.41,7.41,7.39,7.4,917420
2025-09-23T16:00:00+00:00,7.39,7.41,7.39,7.39,1467858
2025-09-23T17:00:00+00:00,7.4,7.4,7.39,7.39,770867
2025-09-23T18:00:00+00:00,7.4,7.4,7.38,7.4,383995
2025-09-23T19:00:00+00:00,7.4,7.4,7.38,7.4,1268385
2025-09-23T20:00:00+00:00,7.4,7.4,7.39,7.4,542236
2025-09-24T07:00:00+00:00,7.4,7.4,7.37,7.38,5929576
2025-09-24T08:00:00+00:00,7.38,7.38,7.37,7.38,1092940
2025-09-24T09:00:00+00:00,7.38,7.38,7.37,7.38,1580402
2025-09-24T10:00:00+00:00,7.38,7.38,7.36,7.37,3367877
2025-09-24T11:00:00+00:00,7.38,7.38,7.37,7.38,907811
2025-09-24T12:00:00+00:00,7.37,7.38,7.37,7.37,6199504
2025-09-24T13:00:00+00:00,7.37,7.38,7.37,7.38,204126
2025-09-24T14:00:00+00:00,7.37,7.38,7.37,7.38,1154133
2025-09-24T15:00:00+00:00,7.38,7.38,7.37,7.37,287106
2025-09-24T16:00:00+00:00,7.38,7.39,7.37,7.39,13987921
2025-09-24T17:00:00+00:00,7.39,7.39,7.38,7.38,360988
2025-09-24T18:00:00+00:00,7.38,7.39,7.38,7.39,27949
2025-09-24T19:00:00+00:00,7.38,7.39,7.37,7.39,6361879
2025-09-24T20:00:00+00:00,7.39,7.39,7.37,7.38,562567
2025-09-25T07:00:00+00:00,7.39,7.41,7.39,7.4,7884143
2025-09-25T08:00:00+00:00,7.39,7.4,7.38,7.39,942070
2025-09-25T09:00:00+00:00,7.39,7.39,7.38,7.39,556055
2025-09-25T10:00:00+00:00,7.39,7.39,7.38,7.39,242086
2025-09-25T11:00:00+00:00,7.39,7.39,7.38,7.39,628602
2025-09-25T12:00:00+00:00,7.38,7.39,7.38,7.39,259611
2025-09-25T13:00:00+00:00,7.39,7.39,7.38,7.39,1407204
2025-09-25T14:00:00+00:00,7.38,7.39,7.37,7.38,7504157
2025-09-25T15:00:00+00:00,7.37,7.38,7.37,7.37,639243
2025-09-25T16:00:00+00:00,7.38,7.38,7.37,7.38,198991
2025-09-25T17:00:00+00:00,7.37,7.38,7.37,7.38,554672
2025-09-25T18:00:00+00:00,7.38,7.38,7.37,7.38,1327121
2025-09-25T19:00:00+00:00,7.38,7.38,7.37,7.38,164847
2025-09-25T20:00:00+00:00,7.38,7.38,7.37,7.38,302030
2025-09-26T07:00:00+00:00,7.38,7.4,7.38,7.39,6361124
2025-09-26T08:00:00+00:00,7.39,7.39,7.38,7.39,3118387
2025-09-26T09:00:00+00:00,7.39,7.39,7.38,7.39,1722569
2025-09-26T10:00:00+00:00,7.39,7.39,7.38,7.39,711042
2025-09-26T11:00:00+00:00,7.39,7.39,7.37,7.39,5065345
2025-09-26T12:00:00+00:00,7.38,7.39,7.38,7.38,124916
2025-09-26T13:00:00+00:00,7.39,7.39,7.38,7.38,971446
2025-09-26T14:00:00+00:00,7.38,7.39,7.38,7.39,844933
2025-09-26T15:00:00+00:00,7.38,7.39,7.38,7.39,125050
2025-09-26T16:00:00+00:00,7.38,7.39,7.38,7.39,1107417
2025-09-26T17:00:00+00:00,7.39,7.39,7.37,7.37,124008
2025-09-26T18:00:00+00:00,7.38,7.38,7.37,7.38,148752
2025-09-26T19:00:00+00:00,7.37,7.38,7.37,7.38,89442
2025-09-26T20:00:00+00:00,7.38,7.38,7.37,7.38,144189
2025-09-29T07:00:00+00:00,7.38,7.41,7.38,7.4,1828091
2025-09-29T08:00:00+00:00,7.4,7.4,7.39,7.4,419064
2025-09-29T09:00:00+00:00,7.4,7.4,7.38,7.39,365008
2025-09-29T10:00:00+00:00,7.39,7.4,7.38,7.39,1576822
2025-09-29T11:00:00+00:00,7.39,7.4,7.38,7.38,137544
2025-09-29T12:00:00+00:00,7.39,7.39,7.38,7.39,495878
2025-09-29T13:00:00+00:00,7.39,7.39,7.38,7.39,273604
2025-09-29T14:00:00+00:00,7.39,7.39,7.38,7.38,266821
2025-09-29T15:00:00+00:00,7.39,7.39,7.38,7.39,1122736
2025-09-29T16:00:00+00:00,7.39,7.39,7.38,7.39,476445
2025-09-29T17:00:00+00:00,7.39,7.39,7.37,7.38,405193
2025-09-29T18:00:00+00:00,7.38,7.39,7.37,7.39,283774
2025-09-29T19:00:00+00:00,7.39,7.39,7.37,7.37,90944
2025-09-29T20:00:00+00:00,7.38,7.39,7.37,7.37,935109
2025-09-30T07:00:00+00:00,7.37,7.39,7.36,7.36,736491
2025-09-30T08:00:00+00:00,7.37,7.37,7.36,7.37,1972836
2025-09-30T09:00:00+00:00,7.37,7.37,7.35,7.36,1318423
2025-09-30T10:00:00+00:00,7.36,7.36,7.35,7.35,1035389
2025-09-30T11:00:00+00:00,7.35,7.36,7.35,7.36,562952
2025-09-30T12:00:00+00:00,7.36,7.36,7.35,7.36,901519
2025-09-30T13:00:00+00:00,7.35,7.36,7.35,7.35,358772
2025-09-30T14:00:00+00:00,7.35,7.36,7.35,7.36,2027656
2025-09-30T15:00:00+00:00,7.35,7.36,7.35,7.36,222696
2025-09-30T16:00:00+00:00,7.35,7.36,7.34,7.36,936514
2025-09-30T17:00:00+00:00,7.36,7.36,7.34,7.36,285976
2025-09-30T18:00:00+00:00,7.35,7.36,7.35,7.35,142918
2025-09-30T19:00:00+00:00,7.36,7.36,7.35,7.36,75831
2025-09-30T20:00:00+00:00,7.36,7.36,7.35,7.35,105964
2025-10-01T07:00:00+00:00,7.38,7.38,7.36,7.36,1539567
2025-10-01T08:00:00+00:00,7.36,7.37,7.36,7.37,720191
2025-10-01T09:00:00+00:00,7.37,7.37,7.36,7.37,676735
2025-10-01T10:00:00+00:00,7.37,7.38,7.36,7.38,2859639
2025-10-01T11:00:00+00:00,7.38,7.39,7.37,7.37,1862461
2025-10-01T12:00:00+00:00,7.39,7.39,7.37,7.37,721617
2025-10-01T13:00:00+00:00,7.37,7.38,7.37,7.37,283136
2025-10-01T14:00:00+00:00,7.38,7.38,7.37,7.37,172400
2025-10-01T15:00:00+00:00,7.38,7.38,7.37,7.38,158316
2025-10-01T16:00:00+00:00,7.38,7.39,7.37,7.39,881089
2025-10-01T17:00:00+00:00,7.39,7.39,7.37,7.39,2289839
2025-10-01T18:00:00+00:00,7.39,7.39,7.37,7.37,511787
2025-10-01T19:00:00+00:00,7.37,7.38,7.37,7.38,202543
2025-10-01T20:00:00+00:00,7.37,7.39,7.37,7.38,267583
2025-10-02T07:00:00+00:00,7.38,7.39,7.36,7.37,3988552
2025-10-02T08:00:00+00:00,7.37,7.37,7.36,7.36,386787
2025-10-02T09:00:00+00:00,7.37,7.37,7.36,7.37,237755
2025-10-02T10:00:00+00:00,7.37,7.37,7.35,7.35,2210193
2025-10-02T11:00:00+00:00,7.35,7.36,7.35,7.36,175622
2025-10-02T12:00:00+00:00,7.35,7.36,7.35,7.36,259263
2025-10-02T13:00:00+00:00,7.36,7.37,7.35,7.36,690773
2025-10-02T14:00:00+00:00,7.37,7.37,7.36,7.37,199367
2025-10-02T15:00:00+00:00,7.37,7.37,7.36,7.37,203116
2025-10-02T16:00:00+00:00,7.36,7.37,7.35,7.35,155901
2025-10-02T17:00:00+00:00,7.36,7.36,7.35,7.36,274305
2025-10-02T18:00:00+00:00,7.36,7.36,7.35,7.36,100314
2025-10-02T19:00:00+00:00,7.35,7.36,7.35,7.35,109951
2025-10-02T20:00:00+00:00,7.36,7.37,7.35,7.37,409332
2025-10-03T07:00:00+00:00,7.37,7.39,7.36,7.36,1565009
2025-10-03T08:00:00+00:00,7.36,7.38,7.36,7.37,4752186
2025-10-03T09:00:00+00:00,7.36,7.37,7.36,7.36,3665267
2025-10-03T10:00:00+00:00,7.37,7.37,7.36,7.37,350716
2025-10-03T11:00:00+00:00,7.37,7.37,7.36,7.37,311175
2025-10-03T12:00:00+00:00,7.37,7.37,7.36,7.37,2259626
2025-10-03T13:00:00+00:00,7.37,7.37,7.36,7.36,347339
2025-10-03T14:00:00+00:00,7.36,7.39,7.36,7.38,14814120
2025-10-03T15:00:00+00:00,7.39,7.39,7.37,7.39,1169199
2025-10-03T16:00:00+00:00,7.38,7.39,7.38,7.38,222524
2025-10-03T17:00:00+00:00,7.38,7.4,7.38,7.4,4867056
2025-10-03T18:00:00+00:00,7.39,7.4,7.38,7.39,200500
2025-10-03T19:00:00+00:00,7.4,7.4,7.39,7.4,1084051
2025-10-03T20:00:00+00:00,7.4,7.4,7.39,7.4,2015933
2025-10-06T07:00:00+00:00,7.37,7.42,7.37,7.39,1980637
2025-10-06T08:00:00+00:00,7.39,7.4,7.38,7.39,293449
2025-10-06T09:00:00+00:00,7.39,7.4,7.38,7.4,2122569
2025-10-06T10:00:00+00:00,7.4,7.4,7.38,7.39,149553
2025-10-06T11:00:00+00:00,7.38,7.4,7.38,7.39,254639
2025-10-06T12:00:00+00:00,7.39,7.4,7.39,7.39,343308
2025-10-06T13:00:00+00:00,7.4,7.4,7.38,7.39,1053576
2025-10-06T14:00:00+00:00,7.39,7.39,7.38,7.39,177233
2025-10-06T15:00:00+00:00,7.39,7.4,7.38,7.4,860688
2025-10-06T16:00:00+00:00,7.4,7.4,7.39,7.4,121855
2025-10-06T17:00:00+00:00,7.39,7.4,7.38,7.39,218943
2025-10-06T18:00:00+00:00,7.38,7.39,7.38,7.39,75587
2025-10-06T19:00:00+00:00,7.39,7.39,7.38,7.39,50037
2025-10-06T20:00:00+00:00,7.39,7.4,7.39,7.4,194547
2025-10-07T07:00:00+00:00,7.42,7.42,7.38,7.4,846241
2025-10-07T08:00:00+00:00,7.4,7.4,7.39,7.4,250252
2025-10-07T09:00:00+00:00,7.4,7.4,7.39,7.4,123640
2025-10-07T10:00:00+00:00,7.4,7.4,7.39,7.4,117370
2025-10-07T11:00:00+00:00,7.39,7.4,7.39,7.39,239710
2025-10-07T12:00:00+00:00,7.4,7.4,7.39,7.4,174293
2025-10-07T13:00:00+00:00,7.4,7.41,7.39,7.4,1528067
2025-10-07T14:00:00+00:00,7.39,7.41,7.39,7.4,2560169
2025-10-07T15:00:00+00:00,7.4,7.4,7.39,7.4,235830
2025-10-07T16:00:00+00:00,7.4,7.4,7.39,7.4,149835
2025-10-07T17:00:00+00:00,7.4,7.4,7.39,7.39,216682
2025-10-07T18:00:00+00:00,7.4,7.4,7.39,7.4,94848
2025-10-07T19:00:00+00:00,7.4,7.4,7.39,7.4,306199
2025-10-07T20:00:00+00:00,7.4,7.4,7.39,7.39,164750
2025-10-08T07:00:00+00:00,7.4,7.4,7.37,7.4,227942
2025-10-08T08:00:00+00:00,7.4,7.4,7.39,7.4,398817
2025-10-08T09:00:00+00:00,7.4,7.4,7.38,7.39,1924995
2025-10-08T10:00:00+00:00,7.39,7.39,7.38,7.39,434958
2025-10-08T11:00:00+00:00,7.39,7.39,7.38,7.39,944354
2025-10-08T12:00:00+00:00,7.38,7.39,7.38,7.38,242347
2025-10-08T13:00:00+00:00,7.38,7.39,7.37,7.38,1013800
2025-10-08T14:00:00+00:00,7.38,7.38,7.37,7.38,175263
2025-10-08T15:00:00+00:00,7.38,7.38,7.37,7.37,179660
2025-10-08T16:00:00+00:00,7.38,7.38,7.36,7.37,588866
2025-10-08T17:00:00+00:00,7.37,7.37,7.36,7.37,103553
2025-10-08T18:00:00+00:00,7.37,7.37,7.36,7.37,53812
2025-10-08T19:00:00+00:00,7.37,7.37,7.36,7.37,42328
2025-10-08T20:00:00+00:00,7.37,7.37,7.36,7.37,138433
2025-10-09T07:00:00+00:00,7.37,7.37,7.35,7.36,613005
2025-10-09T08:00:00+00:00,7.36,7.36,7.34,7.35,1173601
2025-10-09T09:00:00+00:00,7.35,7.35,7.0,7.31,9700365
2025-10-09T10:00:00+00:00,7.32,7.34,7.31,7.33,2088731
2025-10-09T11:00:00+00:00,7.33,7.34,7.32,7.32,1124006
2025-10-09T12:00:00+00:00,7.33,7.34,7.32,7.34,163546
2025-10-09T13:00:00+00:00,7.33,7.34,7.32,7.33,120081
2025-10-09T14:00:00+00:00,7.33,7.33,7.32,7.32,140926
2025-10-09T15:00:00+00:00,7.33,7.33,7.32,7.33,371369
2025-10-09T16:00:00+00:00,7.33,7.34,7.32,7.33,505792
2025-10-09T17:00:00+00:00,7.34,7.34,7.33,7.34,69088
2025-10-09T18:00:00+00:00,7.33,7.35,7.33,7.33,884674
2025-10-09T19:00:00+00:00,7.35,7.35,7.33,7.34,53556
2025-10-09T20:00:00+00:00,7.34,7.34,7.33,7.34,196072
2025-10-10T07:00:00+00:00,7.37,7.37,7.33,7.35,1471317
2025-10-10T08:00:00+00:00,7.34,7.35,7.34,7.35,1013719
2025-10-10T09:00:00+00:00,7.35,7.35,7.34,7.35,245729
2025-10-10T10:00:00+00:00,7.35,7.35,7.34,7.35,263405
2025-10-10T11:00:00+00:00,7.35,7.35,7.34,7.35,230782
2025-10-10T12:00:00+00:00,7.35,7.35,7.34,7.34,118591
2025-10-10T13:00:00+00:00,7.35,7.35,7.34,7.35,1098149
2025-10-10T14:00:00+00:00,7.34,7.35,7.34,7.34,628416
2025-10-10T15:00:00+00:00,7.35,7.35,7.34,7.34,164206
2025-10-10T16:00:00+00:00,7.35,7.35,7.34,7.35,416509
2025-10-10T17:00:00+00:00,7.35,7.35,7.34,7.34,55855
2025-10-10T18:00:00+00:00,7.35,7.35,7.34,7.34,571561
2025-10-10T19:00:00+00:00,7.35,7.35,7.34,7.34,312835
2025-10-10T20:00:00+00:00,7.35,7.35,7.34,7.34,244421
2025-10-13T07:00:00+00:00,7.36,7.38,7.33,7.37,7853147
2025-10-13T08:00:00+00:00,7.36,7.37,7.36,7.37,487579
2025-10-13T09:00:00+00:00,7.37,7.37,7.36,7.37,578113
2025-10-13T10:00:00+00:00,7.37,7.37,7.36,7.37,365406
2025-10-13T11:00:00+00:00,7.37,7.37,7.36,7.37,166629
2025-10-13T12:00:00+00:00,7.37,7.37,7.36,7.36,154897
2025-10-13T13:00:00+00:00,7.37,7.37,7.36,7.36,268169
2025-10-13T14:00:00+00:00,7.37,7.37,7.36,7.37,129022
2025-10-13T15:00:00+00:00,7.37,7.37,7.36,7.37,168738
2025-10-13T16:00:00+00:00,7.37,7.37,7.36,7.36,257922
2025-10-13T17:00:00+00:00,7.36,7.37,7.36,7.37,64200
2025-10-13T18:00:00+00:00,7.37,7.37,7.36,7.37,102372
2025-10-13T19:00:00+00:00,7.37,7.37,7.36,7.37,188369
2025-10-13T20:00:00+00:00,7.37,7.37,7.36,7.37,2143146
2025-10-14T07:00:00+00:00,7.34,7.38,7.34,7.37,3181883
2025-10-14T08:00:00+00:00,7.36,7.37,7.36,7.37,267645
2025-10-14T09:00:00+00:00,7.37,7.37,7.36,7.37,416984
2025-10-14T10:00:00+00:00,7.36,7.37,7.35,7.37,620176
2025-10-14T11:00:00+00:00,7.37,7.37,7.35,7.36,153500
2025-10-14T12:00:00+00:00,7.36,7.36,7.35,7.36,94408
2025-10-14T13:00:00+00:00,7.36,7.37,7.35,7.37,2402738
2025-10-14T14:00:00+00:00,7.36,7.39,7.36,7.38,13412709
2025-10-14T15:00:00+00:00,7.39,7.39,7.38,7.39,97312
2025-10-14T16:00:00+00:00,7.38,7.39,7.38,7.39,199353
2025-10-14T17:00:00+00:00,7.39,7.39,7.38,7.39,295044
2025-10-14T18:00:00+00:00,7.39,7.39,7.38,7.39,281751
2025-10-14T19:00:00+00:00,7.39,7.39,7.38,7.39,813812
2025-10-14T20:00:00+00:00,7.39,7.4,7.38,7.38,1860518
2025-10-15T07:00:00+00:00,7.4,7.4,7.37,7.39,968275
2025-10-15T08:00:00+00:00,7.38,7.39,7.37,7.38,662252
2025-10-15T09:00:00+00:00,7.38,7.38,7.37,7.38,292552
2025-10-15T10:00:00+00:00,7.38,7.38,7.37,7.37,505031
2025-10-15T11:00:00+00:00,7.38,7.39,7.37,7.38,401365
2025-10-15T12:00:00+00:00,7.39,7.39,7.38,7.39,484248
2025-10-15T13:00:00+00:00,7.39,7.39,7.37,7.37,90884
2025-10-15T14:00:00+00:00,7.38,7.39,7.37,7.38,423505
2025-10-15T15:00:00+00:00,7.38,7.38,7.37,7.38,181009
2025-10-15T16:00:00+00:00,7.38,7.39,7.37,7.39,302104
2025-10-15T17:00:00+00:00,7.39,7.39,7.38,7.39,71958
2025-10-15T18:00:00+00:00,7.38,7.39,7.38,7.39,167561
2025-10-15T19:00:00+00:00,7.38,7.39,7.38,7.39,405504
2025-10-15T20:00:00+00:00,7.39,7.4,7.38,7.38,2089742
2025-10-16T07:00:00+00:00,7.4,7.4,7.38,7.39,238480
2025-10-16T08:00:00+00:00,7.39,7.39,7.38,7.38,133192
2025-10-16T09:00:00+00:00,7.39,7.39,7.38,7.39,253737
2025-10-16T10:00:00+00:00,7.39,7.4,7.38,7.4,272325
2025-10-16T11:00:00+00:00,7.4,7.4,7.39,7.4,206823
2025-10-16T12:00:00+00:00,7.4,7.4,7.39,7.4,1195030
2025-10-16T13:00:00+00:00,7.39,7.41,7.39,7.41,724381
2025-10-16T14:00:00+00:00,7.41,7.41,7.4,7.41,155584
2025-10-16T15:00:00+00:00,7.41,7.42,7.4,7.41,1402244
2025-10-16T16:00:00+00:00,7.42,7.44,7.41,7.43,1220255
2025-10-16T17:00:00+00:00,7.43,7.45,7.42,7.44,2135311
2025-10-16T18:00:00+00:00,7.44,7.44,7.42,7.43,1535109
2025-10-16T19:00:00+00:00,7.43,7.46,7.42,7.45,2587490
2025-10-16T20:00:00+00:00,7.46,7.46,7.43,7.43,134771
2025-10-17T07:00:00+00:00,7.41,7.46,7.41,7.45,983479
2025-10-17T08:00:00+00:00,7.44,7.46,7.44,7.46,557246
2025-10-17T09:00:00+00:00,7.46,7.46,7.45,7.46,331287
2025-10-17T10:00:00+00:00,7.46,7.46,7.45,7.46,702592
2025-10-17T11:00:00+00:00,7.46,7.46,7.45,7.46,508072
2025-10-17T12:00:00+00:00,7.45,7.46,7.45,7.46,1117427
2025-10-17T13:00:00+00:00,7.46,7.46,7.45,7.45,538647
2025-10-17T14:00:00+00:00,7.46,7.47,7.45,7.47,1068247
2025-10-17T15:00:00+00:00,7.46,7.47,7.46,7.47,190245
2025-10-17T16:00:00+00:00,7.47,7.49,7.46,7.49,1367579
2025-10-17T17:00:00+00:00,7.49,7.5,7.48,7.5,174269
2025-10-17T18:00:00+00:00,7.5,7.51,7.49,7.5,538532
2025-10-17T19:00:00+00:00,7.51,7.54,7.49,7.53,1180002
2025-10-17T20:00:00+00:00,7.53,7.54,7.49,7.54,1144046
2025-10-20T07:00:00+00:00,7.55,7.58,7.46,7.49,1478914
2025-10-20T08:00:00+00:00,7.49,7.5,7.48,7.49,369977
2025-10-20T09:00:00+00:00,7.49,7.49,7.48,7.49,940474
2025-10-20T10:00:00+00:00,7.49,7.49,7.48,7.49,146971
2025-10-20T11:00:00+00:00,7.49,7.49,7.48,7.49,235659
2025-10-20T12:00:00+00:00,7.49,7.49,7.48,7.49,718780
2025-10-20T13:00:00+00:00,7.49,7.49,7.48,7.49,680532
2025-10-20T14:00:00+00:00,7.49,7.49,7.47,7.48,2143551
2025-10-20T15:00:00+00:00,7.49,7.49,7.48,7.49,208391
2025-10-20T16:00:00+00:00,7.49,7.49,7.48,7.49,703626
2025-10-20T17:00:00+00:00,7.49,7.49,7.48,7.49,667014
2025-10-20T18:00:00+00:00,7.49,7.49,7.48,7.49,90548
2025-10-20T19:00:00+00:00,7.49,7.49,7.48,7.49,307286
2025-10-20T20:00:00+00:00,7.49,7.49,7.48,7.49,665301
2025-10-21T07:00:00+00:00,7.44,7.49,7.44,7.46,496880
2025-10-21T08:00:00+00:00,7.46,7.47,7.45,7.47,271553
2025-10-21T09:00:00+00:00,7.47,7.47,7.45,7.46,652419
2025-10-21T10:00:00+00:00,7.46,7.46,7.45,7.46,495278
2025-10-21T11:00:00+00:00,7.46,7.48,7.45,7.48,541633
2025-10-21T12:00:00+00:00,7.48,7.48,7.46,7.48,370101
2025-10-21T13:00:00+00:00,7.48,7.48,7.47,7.48,191572
2025-10-21T14:00:00+00:00,7.47,7.48,7.47,7.47,253070
2025-10-21T15:00:00+00:00,7.47,7.48,7.47,7.47,369222
2025-10-21T16:00:00+00:00,7.48,7.48,7.45,7.46,867417
2025-10-21T17:00:00+00:00,7.46,7.46,7.45,7.46,99746
2025-10-21T18:00:00+00:00,7.46,7.46,7.44,7.46,291078
2025-10-21T19:00:00+00:00,7.46,7.46,7.45,7.46,99070
2025-10-21T20:00:00+00:00,7.46,7.46,7.44,7.46,124557
2025-10-22T07:00:00+00:00,7.46,7.48,7.45,7.48,513727
2025-10-22T08:00:00+00:00,7.48,7.48,7.45,7.47,568283
2025-10-22T09:00:00+00:00,7.46,7.47,7.45,7.46,953969
2025-10-22T10:00:00+00:00,7.46,7.46,7.45,7.45,162023
2025-10-22T11:00:00+00:00,7.46,7.46,7.45,7.46,93439
2025-10-22T12:00:00+00:00,7.46,7.46,7.45,7.46,155584
2025-10-22T13:00:00+00:00,7.46,7.46,7.45,7.46,154280
2025-10-22T14:00:00+00:00,7.46,7.46,7.45,7.46,121943
2025-10-22T15:00:00+00:00,7.46,7.47,7.45,7.47,235366
2025-10-22T16:00:00+00:00,7.47,7.48,7.46,7.46,201657
2025-10-22T17:00:00+00:00,7.46,7.47,7.46,7.47,42575
2025-10-22T18:00:00+00:00,7.47,7.47,7.46,7.47,49166
2025-10-22T19:00:00+00:00,7.47,7.47,7.46,7.47,453829
2025-10-22T20:00:00+00:00,7.46,7.47,7.43,7.45,328283
2025-10-23T07:00:00+00:00,7.45,7.47,7.44,7.46,437034
2025-10-23T08:00:00+00:00,7.46,7.46,7.45,7.46,486119
2025-10-23T09:00:00+00:00,7.46,7.46,7.44,7.45,632132
2025-10-23T10:00:00+00:00,7.45,7.45,7.44,7.45,93182
2025-10-23T11:00:00+00:00,7.44,7.45,7.44,7.44,249427
2025-10-23T12:00:00+00:00,7.45,7.45,7.44,7.45,146763
2025-10-23T13:00:00+00:00,7.44,7.45,7.44,7.44,242806
2025-10-23T14:00:00+00:00,7.45,7.45,7.44,7.45,414639
2025-10-23T15:00:00+00:00,7.45,7.46,7.44,7.45,2097636
2025-10-23T16:00:00+00:00,7.46,7.46,7.44,7.44,94484
2025-10-23T17:00:00+00:00,7.45,7.46,7.44,7.45,112549
2025-10-23T18:00:00+00:00,7.45,7.45,7.44,7.45,48646
2025-10-23T19:00:00+00:00,7.45,7.45,7.44,7.45,53292
2025-10-23T20:00:00+00:00,7.44,7.46,7.44,7.46,124219
2025-10-24T07:00:00+00:00,7.47,7.47,7.44,7.46,204304
2025-10-24T08:00:00+00:00,7.47,7.47,7.45,7.47,194473
2025-10-24T09:00:00+00:00,7.47,7.47,7.46,7.47,397589
2025-10-24T10:00:00+00:00,7.47,7.49,7.46,7.48,1736612
2025-10-24T11:00:00+00:00,7.48,7.48,7.47,7.48,185622
2025-10-24T12:00:00+00:00,7.48,7.48,7.47,7.48,458401
2025-10-24T13:00:00+00:00,7.48,7.48,7.47,7.48,157062
2025-10-24T14:00:00+00:00,7.48,7.48,7.47,7.48,858402
2025-10-24T15:00:00+00:00,7.48,7.48,7.46,7.48,832821
2025-10-24T16:00:00+00:00,7.48,7.48,7.47,7.48,296863
2025-10-24T17:00:00+00:00,7.47,7.48,7.47,7.48,265980
2025-10-24T18:00:00+00:00,7.47,7.48,7.47,7.47,85797
2025-10-24T19:00:00+00:00,7.48,7.48,7.47,7.48,54921
2025-10-24T20:00:00+00:00,7.48,7.48,7.46,7.48,597992
2025-10-27T07:00:00+00:00,7.46,7.52,7.44,7.46,1036023
2025-10-27T08:00:00+00:00,7.46,7.48,7.46,7.46,274607
2025-10-27T09:00:00+00:00,7.46,7.47,7.46,7.47,239289
2025-10-27T10:00:00+00:00,7.47,7.47,7.45,7.45,487131
2025-10-27T11:00:00+00:00,7.45,7.47,7.45,7.47,267005
2025-10-27T12:00:00+00:00,7.46,7.47,7.45,7.46,292871
2025-10-27T13:00:00+00:00,7.46,7.46,7.45,7.46,540701
2025-10-27T14:00:00+00:00,7.45,7.46,7.44,7.45,1098880
2025-10-27T15:00:00+00:00,7.44,7.46,7.44,7.45,973031
2025-10-27T16:00:00+00:00,7.45,7.45,7.44,7.45,249261
2025-10-27T17:00:00+00:00,7.45,7.45,7.44,7.45,59444
2025-10-27T18:00:00+00:00,7.45,7.45,7.44,7.45,128589
2025-10-27T19:00:00+00:00,7.44,7.45,7.44,7.44,60056
2025-10-27T20:00:00+00:00,7.44,7.45,7.44,7.45,90238
2025-10-28T07:00:00+00:00,7.47,7.47,7.43,7.45,381810
2025-10-28T08:00:00+00:00,7.45,7.45,7.44,7.45,524847
2025-10-28T09:00:00+00:00,7.45,7.46,7.44,7.46,708309
2025-10-28T10:00:00+00:00,7.46,7.46,7.45,7.46,210974
2025-10-28T11:00:00+00:00,7.45,7.47,7.45,7.47,285131
2025-10-28T12:00:00+00:00,7.47,7.47,7.45,7.46,311123
2025-10-28T13:00:00+00:00,7.46,7.47,7.45,7.46,1658813
2025-10-28T14:00:00+00:00,7.47,7.47,7.45,7.45,995489
2025-10-28T15:00:00+00:00,7.46,7.46,7.45,7.46,81307
2025-10-28T16:00:00+00:00,7.46,7.46,7.45,7.45,231787
2025-10-28T17:00:00+00:00,7.46,7.46,7.45,7.45,179201
2025-10-28T18:00:00+00:00,7.46,7.46,7.45,7.45,135306
2025-10-28T19:00:00+00:00,7.46,7.46,7.45,7.46,104580
2025-10-28T20:00:00+00:00,7.46,7.46,7.45,7.45,221906
2025-10-29T07:00:00+00:00,7.45,7.47,7.45,7.47,425114
2025-10-29T08:00:00+00:00,7.47,7.47,7.45,7.46,214621
2025-10-29T09:00:00+00:00,7.46,7.46,7.45,7.46,301044
2025-10-29T10:00:00+00:00,7.46,7.46,7.45,7.46,196511
2025-10-29T11:00:00+00:00,7.46,7.47,7.45,7.46,1294592
2025-10-29T12:00:00+00:00,7.46,7.47,7.45,7.47,189404
2025-10-29T13:00:00+00:00,7.47,7.47,7.45,7.46,86265
2025-10-29T14:00:00+00:00,7.47,7.47,7.46,7.47,147553
2025-10-29T15:00:00+00:00,7.47,7.47,7.46,7.47,135080
2025-10-29T16:00:00+00:00,7.47,7.47,7.46,7.47,71625
2025-10-29T17:00:00+00:00,7.46,7.49,7.46,7.48,963046
2025-10-29T18:00:00+00:00,7.49,7.49,7.47,7.49,243655
2025-10-29T19:00:00+00:00,7.49,7.49,7.47,7.48,40378
2025-10-29T20:00:00+00:00,7.49,7.49,7.48,7.48,119816
2025-10-30T07:00:00+00:00,7.48,7.49,7.47,7.48,319341
2025-10-30T08:00:00+00:00,7.48,7.48,7.47,7.48,357812
2025-10-30T09:00:00+00:00,7.48,7.48,7.47,7.48,392454
2025-10-30T10:00:00+00:00,7.48,7.48,7.47,7.48,319460
2025-10-30T11:00:00+00:00,7.48,7.48,7.47,7.48,73216
2025-10-30T12:00:00+00:00,7.47,7.49,7.47,7.48,648431
2025-10-30T13:00:00+00:00,7.49,7.49,7.48,7.49,274048
2025-10-30T14:00:00+00:00,7.49,7.5,7.48,7.49,478409
2025-10-30T15:00:00+00:00,7.49,7.5,7.48,7.49,319890
2025-10-30T16:00:00+00:00,7.49,7.5,7.48,7.5,154279
2025-10-30T17:00:00+00:00,7.5,7.5,7.49,7.5,93510
2025-10-30T18:00:00+00:00,7.5,7.5,7.49,7.5,230854
2025-10-30T19:00:00+00:00,7.5,7.5,7.49,7.5,101032
2025-10-30T20:00:00+00:00,7.5,7.5,7.49,7.5,397401
2025-10-31T07:00:00+00:00,7.49,7.53,7.48,7.52,798569
2025-10-31T08:00:00+00:00,7.52,7.52,7.5,7.52,782902
2025-10-31T09:00:00+00:00,7.52,7.52,7.5,7.51,506927
2025-10-31T10:00:00+00:00,7.51,7.52,7.5,7.52,300840
2025-10-31T11:00:00+00:00,7.52,7.52,7.5,7.51,487264
2025-10-31T12:00:00+00:00,7.51,7.52,7.5,7.52,356601
2025-10-31T13:00:00+00:00,7.52,7.52,7.5,7.52,151342
2025-10-31T14:00:00+00:00,7.51,7.52,7.51,7.51,192976
2025-10-31T15:00:00+00:00,7.52,7.52,7.51,7.52,177007
2025-10-31T16:00:00+00:00,7.52,7.52,7.51,7.51,173354
2025-10-31T17:00:00+00:00,7.52,7.53,7.51,7.52,2135219
2025-10-31T18:00:00+00:00,7.52,7.52,7.5,7.51,1096649
2025-10-31T19:00:00+00:00,7.51,7.52,7.5,7.51,129641
2025-10-31T20:00:00+00:00,7.51,7.52,7.5,7.52,74648
2025-11-01T07:00:00+00:00,7.5,7.53,7.5,7.52,714561
2025-11-01T08:00:00+00:00,7.53,7.53,7.52,7.53,231316
2025-11-01T09:00:00+00:00,7.53,7.53,7.52,7.53,876696
2025-11-01T10:00:00+00:00,7.53,7.54,7.52,7.54,401972
2025-11-01T11:00:00+00:00,7.53,7.54,7.53,7.54,100250
2025-11-01T12:00:00+00:00,7.54,7.54,7.53,7.53,238244
2025-11-01T13:00:00+00:00,7.54,7.55,7.53,7.55,549907
2025-11-01T14:00:00+00:00,7.55,7.55,7.53,7.54,321034
2025-11-01T15:00:00+00:00,7.55,7.5600000000000005,7.54,7.55,371726
2025-11-01T16:00:00+00:00,7.5600000000000005,7.57,7.55,7.5600000000000005,560594
2025-11-01T17:00:00+00:00,7.57,7.57,7.5600000000000005,7.57,71107
2025-11-01T18:00:00+00:00,7.57,7.57,7.5600000000000005,7.57,89452
2025-11-01T19:00:00+00:00,7.57,7.57,7.5600000000000005,7.57,1048890
2025-11-01T20:00:00+00:00,7.57,7.57,7.5600000000000005,7.5600000000000005,1436668
2025-11-03T07:00:00+00:00,7.61,7.61,7.52,7.57,361295
2025-11-03T08:00:00+00:00,7.5600000000000005,7.57,7.5600000000000005,7.57,465401
2025-11-03T09:00:00+00:00,7.57,7.58,7.5600000000000005,7.58,500891
2025-11-03T10:00:00+00:00,7.58,7.58,7.57,7.58,174914
2025-11-03T11:00:00+00:00,7.58,7.6,7.57,7.58,1176066
2025-11-03T12:00:00+00:00,7.58,7.6,7.58,7.59,116629
2025-11-03T13:00:00+00:00,7.59,7.6,7.58,7.59,123400
2025-11-03T14:00:00+00:00,7.59,7.59,7.58,7.58,177339
2025-11-03T15:00:00+00:00,7.59,7.59,7.58,7.58,84149
2025-11-03T16:00:00+00:00,7.59,7.59,7.58,7.59,238557
2025-11-03T17:00:00+00:00,7.59,7.59,7.58,7.59,286754
2025-11-03T18:00:00+00:00,7.59,7.59,7.58,7.59,137396
2025-11-03T19:00:00+00:00,7.58,7.59,7.58,7.58,87823
2025-11-03T20:00:00+00:00,7.59,7.6,7.58,7.59,393866
2025-11-05T07:00:00+00:00,7.55,7.61,7.55,7.57,1991503
2025-11-05T08:00:00+00:00,7.58,7.58,7.5600000000000005,7.58,826652
2025-11-05T09:00:00+00:00,7.58,7.58,7.57,7.58,357193
2025-11-05T10:00:00+00:00,7.58,7.58,7.57,7.58,440486
2025-11-05T11:00:00+00:00,7.58,7.58,7.5600000000000005,7.5600000000000005,1824895
2025-11-05T12:00:00+00:00,7.57,7.57,7.55,7.5600000000000005,352312
2025-11-05T13:00:00+00:00,7.57,7.57,7.5600000000000005,7.57,602063
2025-11-05T14:00:00+00:00,7.5600000000000005,7.57,7.5600000000000005,7.5600000000000005,141528
2025-11-05T15:00:00+00:00,7.5600000000000005,7.57,7.55,7.57,321007
2025-11-05T16:00:00+00:00,7.57,7.58,7.5600000000000005,7.58,1725315
2025-11-05T17:00:00+00:00,7.58,7.58,7.57,7.58,163338
2025-11-05T18:00:00+00:00,7.58,7.58,7.57,7.58,87914
2025-11-05T19:00:00+00:00,7.57,7.58,7.57,7.57,65398
2025-11-05T20:00:00+00:00,7.58,7.58,7.57,7.58,137067
2025-11-06T07:00:00+00:00,7.6,7.6,7.57,7.57,508138
2025-11-06T08:00:00+00:00,7.58,7.58,7.57,7.58,313872
2025-11-06T09:00:00+00:00,7.58,7.58,7.57,7.58,130400
2025-11-06T10:00:00+00:00,7.58,7.58,7.57,7.58,224936
2025-11-06T11:00:00+00:00,7.58,7.58,7.57,7.58,306652
2025-11-06T12:00:00+00:00,7.58,7.58,7.57,7.57,357968
2025-11-06T13:00:00+00:00,7.58,7.58,7.57,7.57,225840
2025-11-06T14:00:00+00:00,7.58,7.58,7.57,7.58,199772
2025-11-06T15:00:00+00:00,7.58,7.59,7.57,7.59,462460
2025-11-06T16:00:00+00:00,7.59,7.59,7.58,7.59,256300
2025-11-06T17:00:00+00:00,7.59,7.59,7.58,7.59,171371
2025-11-06T18:00:00+00:00,7.59,7.59,7.58,7.58,136285
2025-11-06T19:00:00+00:00,7.59,7.59,7.58,7.59,123718
2025-11-06T20:00:00+00:00,7.59,7.6,7.58,7.6,867251
2025-11-07T07:00:00+00:00,7.59,7.59,7.58,7.59,396209
2025-11-07T08:00:00+00:00,7.59,7.59,7.58,7.59,2433401
2025-11-07T09:00:00+00:00,7.59,7.59,7.58,7.59,630388
2025-11-07T10:00:00+00:00,7.59,7.59,7.58,7.59,538505
2025-11-07T11:00:00+00:00,7.59,7.59,7.58,7.59,343712
2025-11-07T12:00:00+00:00,7.58,7.59,7.58,7.59,898980
2025-11-07T13:00:00+00:00,7.59,7.59,7.58,7.59,173642
2025-11-07T14:00:00+00:00,7.59,7.59,7.58,7.59,108182
2025-11-07T15:00:00+00:00,7.58,7.6,7.58,7.6,4054019
2025-11-07T16:00:00+00:00,7.6,7.6,7.57,7.59,3757676
2025-11-07T17:00:00+00:00,7.59,7.59,7.57,7.59,130740
2025-11-07T18:00:00+00:00,7.59,7.59,7.57,7.57,137766
2025-11-07T19:00:00+00:00,7.57,7.59,7.57,7.59,279883
2025-11-07T20:00:00+00:00,7.59,7.59,7.57,7.57,66568
2025-11-10T07:00:00+00:00,7.5600000000000005,7.59,7.5600000000000005,7.59,748546
2025-11-10T08:00:00+00:00,7.59,7.59,7.58,7.59,508806
2025-11-10T09:00:00+00:00,7.58,7.59,7.58,7.59,459976
2025-11-10T10:00:00+00:00,7.59,7.59,7.58,7.59,924180
2025-11-10T11:00:00+00:00,7.59,7.59,7.58,7.59,305125
2025-11-10T12:00:00+00:00,7.59,7.59,7.58,7.58,549992
2025-11-10T13:00:00+00:00,7.59,7.59,7.58,7.59,1136238
2025-11-10T14:00:00+00:00,7.59,7.59,7.58,7.58,318096
2025-11-10T15:00:00+00:00,7.59,7.6,7.58,7.6,3526167
2025-11-10T16:00:00+00:00,7.6,7.6,7.58,7.6,152375
2025-11-10T17:00:00+00:00,7.6,7.6,7.59,7.6,334733
2025-11-10T18:00:00+00:00,7.6,7.61,7.59,7.61,732699
2025-11-10T19:00:00+00:00,7.61,7.61,7.59,7.6,589668
2025-11-10T20:00:00+00:00,7.6,7.61,7.59,7.6,466435
2025-11-11T07:00:00+00:00,7.57,7.61,7.57,7.6,983892
2025-11-11T08:00:00+00:00,7.6,7.6,7.59,7.6,512736
2025-11-11T09:00:00+00:00,7.6,7.6,7.59,7.6,1227658
2025-11-11T10:00:00+00:00,7.6,7.6,7.59,7.6,423052
2025-11-11T11:00:00+00:00,7.6,7.6,7.59,7.6,574497
2025-11-11T12:00:00+00:00,7.6,7.6,7.59,7.6,411541
2025-11-11T13:00:00+00:00,7.59,7.6,7.59,7.6,291293
2025-11-11T14:00:00+00:00,7.6,7.6,7.59,7.6,200713
2025-11-11T15:00:00+00:00,7.6,7.6,7.58,7.59,4313018
2025-11-11T16:00:00+00:00,7.59,7.6,7.59,7.6,177298
2025-11-11T17:00:00+00:00,7.6,7.6,7.59,7.6,183724
2025-11-11T18:00:00+00:00,7.6,7.6,7.59,7.6,280735
2025-11-11T19:00:00+00:00,7.6,7.6,7.59,7.6,339797
2025-11-11T20:00:00+00:00,7.6,7.6,7.59,7.59,366328
2025-11-12T07:00:00+00:00,7.57,7.61,7.57,7.6,810123
2025-11-12T08:00:00+00:00,7.6,7.6,7.59,7.6,259721
2025-11-12T09:00:00+00:00,7.6,7.6,7.59,7.6,1350328
2025-11-12T10:00:00+00:00,7.6,7.6,7.59,7.6,511843
2025-11-12T11:00:00+00:00,7.59,7.6,7.59,7.6,302109
2025-11-12T12:00:00+00:00,7.6,7.6,7.59,7.6,192071
2025-11-12T13:00:00+00:00,7.6,7.6,7.59,7.6,696989
2025-11-12T14:00:00+00:00,7.6,7.6,7.59,7.6,222190
2025-11-12T15:00:00+00:00,7.6,7.6,7.59,7.6,235259
2025-11-12T16:00:00+00:00,7.6,7.6,7.59,7.6,153468
2025-11-12T17:00:00+00:00,7.59,7.6,7.59,7.6,188365
2025-11-12T18:00:00+00:00,7.6,7.6,7.59,7.6,269869
2025-11-12T19:00:00+00:00,7.6,7.6,7.59,7.59,387645
2025-11-12T20:00:00+00:00,7.6,7.6,7.59,7.6,794602
2025-11-13T07:00:00+00:00,7.58,7.61,7.58,7.6,498321
2025-11-13T08:00:00+00:00,7.6,7.61,7.6,7.61,2955120
2025-11-13T09:00:00+00:00,7.61,7.61,7.6,7.61,379719
2025-11-13T10:00:00+00:00,7.61,7.61,7.6,7.61,533322
2025-11-13T11:00:00+00:00,7.61,7.61,7.6,7.61,773894
2025-11-13T12:00:00+00:00,7.6,7.61,7.6,7.61,513966
2025-11-13T13:00:00+00:00,7.61,7.61,7.6,7.6,467677
2025-11-13T14:00:00+00:00,7.6,7.61,7.6,7.61,422788
2025-11-13T15:00:00+00:00,7.61,7.61,7.6,7.61,199672
2025-11-13T16:00:00+00:00,7.61,7.61,7.6,7.61,176303
2025-11-13T17:00:00+00:00,7.61,7.61,7.6,7.6,380558
2025-11-13T18:00:00+00:00,7.61,7.61,7.6,7.61,139537
2025-11-13T19:00:00+00:00,7.6,7.61,7.6,7.61,214172
2025-11-13T20:00:00+00:00,7.61,7.62,7.6,7.62,530165
2025-11-14T07:00:00+00:00,7.62,7.62,7.6,7.62,2105755
2025-11-14T08:00:00+00:00,7.62,7.62,7.61,7.62,1598272
2025-11-14T09:00:00+00:00,7.62,7.62,7.61,7.62,1323817
2025-11-14T10:00:00+00:00,7.62,7.62,7.61,7.62,901052
2025-11-14T11:00:00+00:00,7.62,7.62,7.61,7.61,1395732
2025-11-14T12:00:00+00:00,7.62,7.62,7.61,7.62,1308257
2025-11-14T13:00:00+00:00,7.62,7.62,7.61,7.62,613287
2025-11-14T14:00:00+00:00,7.62,7.62,7.61,7.62,231831
2025-11-14T15:00:00+00:00,7.62,7.63,7.61,7.63,2384801
2025-11-14T16:00:00+00:00,7.62,7.63,7.62,7.63,267851
2025-11-14T17:00:00+00:00,7.63,7.64,7.62,7.64,1074518
2025-11-14T18:00:00+00:00,7.64,7.64,7.62,7.64,279117
2025-11-14T19:00:00+00:00,7.64,7.64,7.62,7.62,576288
2025-11-14T20:00:00+00:00,7.63,7.63,7.62,7.62,194341
2025-11-17T07:00:00+00:00,7.62,7.64,7.61,7.64,883581
2025-11-17T08:00:00+00:00,7.64,7.64,7.62,7.63,4960557
2025-11-17T09:00:00+00:00,7.63,7.63,7.62,7.63,1788090
2025-11-17T10:00:00+00:00,7.62,7.63,7.62,7.63,500267
2025-11-17T11:00:00+00:00,7.63,7.64,7.62,7.63,1610356
2025-11-17T12:00:00+00:00,7.63,7.63,7.62,7.63,333610
2025-11-17T13:00:00+00:00,7.62,7.63,7.62,7.63,1013370
2025-11-17T14:00:00+00:00,7.63,7.63,7.6,7.61,11067023
2025-11-17T15:00:00+00:00,7.6,7.61,7.6,7.6,341928
2025-11-17T16:00:00+00:00,7.6,7.61,7.6,7.6,270078
2025-11-17T17:00:00+00:00,7.61,7.61,7.6,7.61,98142
2025-11-17T18:00:00+00:00,7.61,7.61,7.6,7.61,209080
2025-11-17T19:00:00+00:00,7.61,7.61,7.6,7.61,176786
2025-11-17T20:00:00+00:00,7.61,7.61,7.59,7.61,1170939
2025-11-18T07:00:00+00:00,7.61,7.62,7.59,7.6,549595
2025-11-18T08:00:00+00:00,7.61,7.62,7.6,7.61,799167
2025-11-18T09:00:00+00:00,7.61,7.62,7.6,7.6,354932
2025-11-18T10:00:00+00:00,7.61,7.61,7.6,7.61,160781
2025-11-18T11:00:00+00:00,7.61,7.61,7.6,7.61,369913
2025-11-18T12:00:00+00:00,7.61,7.61,7.6,7.6,194932
2025-11-18T13:00:00+00:00,7.61,7.61,7.6,7.61,158420
2025-11-18T14:00:00+00:00,7.6,7.61,7.6,7.61,129393
2025-11-18T15:00:00+00:00,7.61,7.61,7.6,7.61,236263
2025-11-18T16:00:00+00:00,7.6,7.61,7.59,7.59,1332788
2025-11-18T17:00:00+00:00,7.6,7.6,7.59,7.6,196750
2025-11-18T18:00:00+00:00,7.6,7.6,7.59,7.6,155026
2025-11-18T19:00:00+00:00,7.6,7.6,7.59,7.59,168697
2025-11-18T20:00:00+00:00,7.6,7.6,7.59,7.6,564861
2025-11-19T07:00:00+00:00,7.58,7.61,7.58,7.59,2957917
2025-11-19T08:00:00+00:00,7.59,7.59,7.58,7.59,648976
2025-11-19T09:00:00+00:00,7.58,7.59,7.58,7.59,523305
2025-11-19T10:00:00+00:00,7.59,7.59,7.58,7.59,239208
2025-11-19T11:00:00+00:00,7.59,7.59,7.58,7.59,204451
2025-11-19T12:00:00+00:00,7.59,7.59,7.58,7.58,587256
2025-11-19T13:00:00+00:00,7.58,7.6,7.58,7.6,794951
2025-11-19T14:00:00+00:00,7.6,7.6,7.59,7.6,604425
2025-11-19T15:00:00+00:00,7.59,7.6,7.59,7.6,166220
2025-11-19T16:00:00+00:00,7.6,7.6,7.59,7.6,678990
2025-11-19T17:00:00+00:00,7.6,7.6,7.59,7.6,644315
2025-11-19T18:00:00+00:00,7.6,7.6,7.59,7.6,406207
2025-11-19T19:00:00+00:00,7.6,7.6,7.59,7.6,504923
2025-11-19T20:00:00+00:00,7.6,7.6,7.59,7.6,1058849
2025-11-20T07:00:00+00:00,7.61,7.61,7.59,7.61,824033
2025-11-20T08:00:00+00:00,7.61,7.61,7.6,7.61,299347
2025-11-20T09:00:00+00:00,7.61,7.61,7.6,7.61,588501
2025-11-20T10:00:00+00:00,7.61,7.61,7.6,7.6,180933
2025-11-20T11:00:00+00:00,7.6,7.61,7.6,7.61,462565
2025-11-20T12:00:00+00:00,7.61,7.61,7.6,7.6,229208
2025-11-20T13:00:00+00:00,7.6,7.61,7.6,7.61,991786
2025-11-20T14:00:00+00:00,7.61,7.61,7.6,7.61,147627
2025-11-20T15:00:00+00:00,7.61,7.61,7.6,7.6,241824
2025-11-20T16:00:00+00:00,7.61,7.61,7.6,7.61,234984
2025-11-20T17:00:00+00:00,7.61,7.61,7.6,7.61,292384
2025-11-20T18:00:00+00:00,7.61,7.61,7.6,7.61,578758
2025-11-20T19:00:00+00:00,7.61,7.61,7.6,7.6,283750
2025-11-20T20:00:00+00:00,7.6,7.61,7.6,7.61,175137
2025-11-21T07:00:00+00:00,7.61,7.61,7.59,7.61,489660
2025-11-21T08:00:00+00:00,7.61,7.62,7.6,7.62,359491
2025-11-21T09:00:00+00:00,7.62,7.62,7.6,7.61,860782
2025-11-21T10:00:00+00:00,7.61,7.61,7.6,7.61,165627
2025-11-21T11:00:00+00:00,7.61,7.61,7.6,7.61,179387
2025-11-21T12:00:00+00:00,7.61,7.61,7.6,7.6,739341
2025-11-21T13:00:00+00:00,7.61,7.61,7.6,7.61,198357
2025-11-21T14:00:00+00:00,7.61,7.61,7.59,7.59,690760
2025-11-21T15:00:00+00:00,7.61,7.61,7.59,7.59,316741
2025-11-21T16:00:00+00:00,7.6,7.6,7.59,7.6,433125
2025-11-21T17:00:00+00:00,7.6,7.6,7.59,7.6,157104
2025-11-21T18:00:00+00:00,7.59,7.6,7.58,7.59,732273
2025-11-21T19:00:00+00:00,7.59,7.6,7.58,7.6,119905
2025-11-21T20:00:00+00:00,7.6,7.61,7.59,7.61,1669023
2025-11-24T07:00:00+00:00,7.62,7.62,7.59,7.62,977737
2025-11-24T08:00:00+00:00,7.62,7.62,7.61,7.62,337125
2025-11-24T09:00:00+00:00,7.61,7.62,7.61,7.61,659249
2025-11-24T10:00:00+00:00,7.62,7.62,7.6,7.61,346274
2025-11-24T11:00:00+00:00,7.61,7.61,7.6,7.6,792039
2025-11-24T12:00:00+00:00,7.61,7.61,7.6,7.6,182179
2025-11-24T13:00:00+00:00,7.61,7.61,7.6,7.61,204135
2025-11-24T14:00:00+00:00,7.61,7.61,7.6,7.61,292437
2025-11-24T15:00:00+00:00,7.6,7.62,7.6,7.62,563282
2025-11-24T16:00:00+00:00,7.62,7.62,7.61,7.62,356616
2025-11-24T17:00:00+00:00,7.61,7.62,7.61,7.62,289891
2025-11-24T18:00:00+00:00,7.62,7.62,7.61,7.62,98646
2025-11-24T19:00:00+00:00,7.62,7.62,7.61,7.62,285660
2025-11-24T20:00:00+00:00,7.61,7.62,7.61,7.62,252145
2025-11-25T07:00:00+00:00,7.62,7.63,7.6,7.62,550784
2025-11-25T08:00:00+00:00,7.62,7.63,7.61,7.63,356332
2025-11-25T09:00:00+00:00,7.63,7.63,7.62,7.63,375250
2025-11-25T10:00:00+00:00,7.62,7.63,7.61,7.63,319396
2025-11-25T11:00:00+00:00,7.63,7.63,7.61,7.63,374347
2025-11-25T12:00:00+00:00,7.62,7.63,7.62,7.63,252085
2025-11-25T13:00:00+00:00,7.63,7.63,7.61,7.63,298420
2025-11-25T14:00:00+00:00,7.62,7.63,7.61,7.62,214065
2025-11-25T15:00:00+00:00,7.63,7.63,7.61,7.63,250632
2025-11-25T16:00:00+00:00,7.63,7.63,7.62,7.63,344927
2025-11-25T17:00:00+00:00,7.63,7.63,7.62,7.63,260569
2025-11-25T18:00:00+00:00,7.62,7.63,7.62,7.63,170823
2025-11-25T19:00:00+00:00,7.63,7.63,7.62,7.63,266222
2025-11-25T20:00:00+00:00,7.63,7.63,7.62,7.62,371912
2025-11-26T07:00:00+00:00,7.63,7.63,7.61,7.62,658815
2025-11-26T08:00:00+00:00,7.63,7.63,7.62,7.63,402951
2025-11-26T09:00:00+00:00,7.63,7.63,7.62,7.63,295799
2025-11-26T10:00:00+00:00,7.63,7.63,7.62,7.63,225160
2025-11-26T11:00:00+00:00,7.63,7.63,7.62,7.62,406360
2025-11-26T12:00:00+00:00,7.63,7.63,7.62,7.63,336616
2025-11-26T13:00:00+00:00,7.63,7.63,7.61,7.62,350839
2025-11-26T14:00:00+00:00,7.62,7.62,7.61,7.62,490569
2025-11-26T15:00:00+00:00,7.62,7.62,7.61,7.62,128327
2025-11-26T16:00:00+00:00,7.62,7.62,7.61,7.62,163656
2025-11-26T17:00:00+00:00,7.61,7.62,7.61,7.62,124378
2025-11-26T18:00:00+00:00,7.62,7.62,7.61,7.62,1497124
2025-11-26T19:00:00+00:00,7.62,7.62,7.6,7.61,211744
2025-11-26T20:00:00+00:00,7.61,7.62,7.6,7.61,1043691
2025-11-27T07:00:00+00:00,7.61,7.62,7.61,7.62,548862
2025-11-27T08:00:00+00:00,7.62,7.62,7.6,7.61,155937
2025-11-27T09:00:00+00:00,7.61,7.61,7.6,7.61,252351
2025-11-27T10:00:00+00:00,7.61,7.61,7.6,7.61,179341
2025-11-27T11:00:00+00:00,7.6,7.62,7.6,7.62,212870
2025-11-27T12:00:00+00:00,7.62,7.62,7.61,7.61,109742
2025-11-27T13:00:00+00:00,7.61,7.62,7.61,7.61,166825
2025-11-27T14:00:00+00:00,7.61,7.62,7.6,7.61,283052
2025-11-27T15:00:00+00:00,7.61,7.61,7.6,7.61,577656
2025-11-27T16:00:00+00:00,7.6,7.61,7.59,7.61,152656
2025-11-27T17:00:00+00:00,7.61,7.61,7.59,7.61,240978
2025-11-27T18:00:00+00:00,7.61,7.61,7.59,7.6,67432
2025-11-27T19:00:00+00:00,7.6,7.61,7.59,7.61,39177
2025-11-27T20:00:00+00:00,7.61,7.61,7.6,7.61,461195
2025-11-28T07:00:00+00:00,7.61,7.61,7.6,7.61,836805
2025-11-28T08:00:00+00:00,7.61,7.61,7.6,7.61,258070
2025-11-28T09:00:00+00:00,7.61,7.62,7.6,7.62,732227
2025-11-28T10:00:00+00:00,7.62,7.62,7.61,7.62,201802
2025-11-28T11:00:00+00:00,7.62,7.62,7.6,7.61,421281
2025-11-28T12:00:00+00:00,7.61,7.61,7.6,7.61,212680
2025-11-28T13:00:00+00:00,7.6,7.61,7.6,7.61,297486
2025-11-28T14:00:00+00:00,7.61,7.61,7.59,7.6,611337
2025-11-28T15:00:00+00:00,7.6,7.6,7.58,7.6,820285
2025-11-28T16:00:00+00:00,7.6,7.61,7.58,7.6,3474577
2025-11-28T17:00:00+00:00,7.61,7.61,7.6,7.61,109156
2025-11-28T18:00:00+00:00,7.61,7.61,7.6,7.61,116066
2025-11-28T19:00:00+00:00,7.6,7.61,7.6,7.61,214830
2025-11-28T20:00:00+00:00,7.61,7.61,7.6,7.61,1357874
2025-12-01T07:00:00+00:00,7.59,7.62,7.59,7.62,1123750
2025-12-01T08:00:00+00:00,7.61,7.62,7.6,7.61,549841
2025-12-01T09:00:00+00:00,7.62,7.62,7.61,7.62,468309
2025-12-01T10:00:00+00:00,7.61,7.62,7.61,7.61,386309
2025-12-01T11:00:00+00:00,7.62,7.62,7.61,7.61,485795
2025-12-01T12:00:00+00:00,7.62,7.62,7.61,7.62,855808
2025-12-01T13:00:00+00:00,7.61,7.62,7.61,7.61,444125
2025-12-01T14:00:00+00:00,7.62,7.62,7.61,7.61,286926
2025-12-01T15:00:00+00:00,7.62,7.62,7.6,7.62,300318
2025-12-01T16:00:00+00:00,7.61,7.62,7.6,7.62,152259
2025-12-01T17:00:00+00:00,7.62,7.62,7.6,7.62,195161
2025-12-01T18:00:00+00:00,7.62,7.62,7.61,7.62,208589
2025-12-01T19:00:00+00:00,7.61,7.62,7.61,7.62,101532
2025-12-01T20:00:00+00:00,7.62,7.62,7.61,7.61,104529
2025-12-02T07:00:00+00:00,7.62,7.63,7.62,7.63,1412277
2025-12-02T08:00:00+00:00,7.63,7.63,7.62,7.62,320513
2025-12-02T09:00:00+00:00,7.62,7.63,7.62,7.63,352358
2025-12-02T10:00:00+00:00,7.63,7.63,7.62,7.63,352514
2025-12-02T11:00:00+00:00,7.63,7.63,7.62,7.63,759988
2025-12-02T12:00:00+00:00,7.63,7.63,7.62,7.63,152933
2025-12-02T13:00:00+00:00,7.63,7.63,7.62,7.63,1151817
2025-12-02T14:00:00+00:00,7.63,7.63,7.62,7.63,271797
2025-12-02T15:00:00+00:00,7.62,7.63,7.62,7.63,363585
2025-12-02T16:00:00+00:00,7.63,7.63,7.61,7.61,2962308
2025-12-02T17:00:00+00:00,7.62,7.62,7.61,7.62,83899
2025-12-02T18:00:00+00:00,7.61,7.62,7.61,7.61,56527
2025-12-02T19:00:00+00:00,7.62,7.62,7.61,7.62,126138
2025-12-02T20:00:00+00:00,7.62,7.62,7.61,7.62,439395
2025-12-03T07:00:00+00:00,7.61,7.62,7.61,7.61,274710
2025-12-03T08:00:00+00:00,7.62,7.62,7.61,7.62,293332
2025-12-03T09:00:00+00:00,7.62,7.62,7.6,7.62,562915
2025-12-03T10:00:00+00:00,7.62,7.62,7.61,7.61,194707
2025-12-03T11:00:00+00:00,7.62,7.62,7.61,7.62,185926
2025-12-03T12:00:00+00:00,7.61,7.62,7.61,7.61,375062
2025-12-03T13:00:00+00:00,7.62,7.62,7.61,7.62,148670
2025-12-03T14:00:00+00:00,7.62,7.62,7.61,7.62,1691473
2025-12-03T15:00:00+00:00,7.62,7.62,7.61,7.61,316988
2025-12-03T16:00:00+00:00,7.62,7.63,7.61,7.63,585086
2025-12-03T17:00:00+00:00,7.62,7.63,7.62,7.62,628109
2025-12-03T18:00:00+00:00,7.62,7.63,7.62,7.63,123765
2025-12-03T19:00:00+00:00,7.63,7.63,7.62,7.63,215010
2025-12-03T20:00:00+00:00,7.63,7.64,7.62,7.64,1710215
2025-12-04T07:00:00+00:00,7.63,7.65,7.63,7.63,1428175
2025-12-04T08:00:00+00:00,7.64,7.64,7.63,7.64,1196430
2025-12-04T09:00:00+00:00,7.63,7.64,7.63,7.64,1554800
2025-12-04T10:00:00+00:00,7.64,7.65,7.63,7.64,505749
2025-12-04T11:00:00+00:00,7.65,7.65,7.63,7.64,1431911
2025-12-04T12:00:00+00:00,7.64,7.64,7.63,7.64,96991
2025-12-04T13:00:00+00:00,7.64,7.64,7.63,7.63,362850
2025-12-04T14:00:00+00:00,7.64,7.64,7.63,7.63,682108
2025-12-04T15:00:00+00:00,7.64,7.64,7.63,7.64,115214
2025-12-04T16:00:00+00:00,7.63,7.64,7.63,7.64,361155
2025-12-04T17:00:00+00:00,7.64,7.64,7.63,7.63,116383
2025-12-04T18:00:00+00:00,7.64,7.64,7.62,7.63,218393
2025-12-04T19:00:00+00:00,7.63,7.64,7.62,7.64,48139
2025-12-04T20:00:00+00:00,7.64,7.64,7.63,7.64,128301
2025-12-05T07:00:00+00:00,7.65,7.65,7.64,7.64,425477
2025-12-05T08:00:00+00:00,7.64,7.65,7.64,7.65,883172
2025-12-05T09:00:00+00:00,7.64,7.66,7.64,7.66,1132950
2025-12-05T10:00:00+00:00,7.65,7.66,7.65,7.66,358343
2025-12-05T11:00:00+00:00,7.66,7.66,7.65,7.65,2441917
2025-12-05T12:00:00+00:00,7.66,7.66,7.64,7.64,396774
2025-12-05T13:00:00+00:00,7.65,7.66,7.64,7.66,689000
2025-12-05T14:00:00+00:00,7.65,7.66,7.64,7.65,427151
2025-12-05T15:00:00+00:00,7.65,7.66,7.64,7.66,112824
2025-12-05T16:00:00+00:00,7.66,7.66,7.65,7.66,268725
2025-12-05T17:00:00+00:00,7.65,7.66,7.65,7.66,492483
2025-12-05T18:00:00+00:00,7.65,7.66,7.65,7.65,245269
2025-12-05T19:00:00+00:00,7.66,7.66,7.65,7.65,136721
2025-12-05T20:00:00+00:00,7.66,7.66,7.65,7.65,532852
2025-12-08T07:00:00+00:00,7.67,7.68,7.64,7.67,1367143
2025-12-08T08:00:00+00:00,7.66,7.67,7.66,7.67,477639
2025-12-08T09:00:00+00:00,7.66,7.67,7.66,7.66,976869
2025-12-08T10:00:00+00:00,7.66,7.67,7.64,7.65,3492178
2025-12-08T11:00:00+00:00,7.65,7.65,7.64,7.65,230352
2025-12-08T12:00:00+00:00,7.65,7.65,7.64,7.64,324047
2025-12-08T13:00:00+00:00,7.65,7.65,7.64,7.65,167069
2025-12-08T14:00:00+00:00,7.65,7.65,7.64,7.65,1599966
2025-12-08T15:00:00+00:00,7.64,7.65,7.64,7.65,302014
2025-12-08T16:00:00+00:00,7.64,7.65,7.64,7.65,184815
2025-12-08T17:00:00+00:00,7.65,7.65,7.64,7.65,284161
2025-12-08T18:00:00+00:00,7.65,7.65,7.64,7.64,248188
2025-12-08T19:00:00+00:00,7.64,7.65,7.64,7.65,211918
2025-12-08T20:00:00+00:00,7.65,7.65,7.64,7.64,461843
2025-12-09T07:00:00+00:00,7.63,7.66,7.63,7.65,1547622
2025-12-09T08:00:00+00:00,7.66,7.66,7.64,7.65,1901507
2025-12-09T09:00:00+00:00,7.65,7.65,7.64,7.65,1449008
2025-12-09T10:00:00+00:00,7.65,7.65,7.63,7.64,298135
2025-12-09T11:00:00+00:00,7.64,7.64,7.63,7.64,754191
2025-12-09T12:00:00+00:00,7.64,7.65,7.63,7.65,459418
2025-12-09T13:00:00+00:00,7.65,7.65,7.63,7.64,216657
2025-12-09T14:00:00+00:00,7.64,7.65,7.63,7.65,170971
2025-12-09T15:00:00+00:00,7.65,7.65,7.63,7.65,831451
2025-12-09T16:00:00+00:00,7.65,7.65,7.64,7.65,375782
2025-12-09T17:00:00+00:00,7.64,7.65,7.64,7.64,79780
2025-12-09T18:00:00+00:00,7.65,7.65,7.64,7.65,367392
2025-12-09T19:00:00+00:00,7.65,7.65,7.64,7.65,227505
2025-12-09T20:00:00+00:00,7.65,7.65,7.63,7.63,577321
2025-12-10T07:00:00+00:00,7.62,7.66,7.62,7.64,451589
2025-12-10T08:00:00+00:00,7.65,7.65,7.64,7.64,387000
2025-12-10T09:00:00+00:00,7.64,7.65,7.64,7.65,369820
2025-12-10T10:00:00+00:00,7.65,7.65,7.64,7.65,240287
2025-12-10T11:00:00+00:00,7.65,7.65,7.64,7.65,393604
2025-12-10T12:00:00+00:00,7.65,7.65,7.64,7.65,324350
2025-12-10T13:00:00+00:00,7.64,7.65,7.64,7.65,288324
2025-12-10T14:00:00+00:00,7.65,7.65,7.64,7.65,235871
2025-12-10T15:00:00+00:00,7.65,7.65,7.64,7.65,331583
2025-12-10T16:00:00+00:00,7.65,7.65,7.64,7.65,543734
2025-12-10T17:00:00+00:00,7.65,7.65,7.64,7.65,383681
2025-12-10T18:00:00+00:00,7.64,7.66,7.64,7.66,618573
2025-12-10T19:00:00+00:00,7.65,7.66,7.65,7.66,102790
2025-12-10T20:00:00+00:00,7.66,7.66,7.65,7.66,497484
2025-12-11T07:00:00+00:00,7.68,7.68,7.64,7.65,1045655
2025-12-11T08:00:00+00:00,7.65,7.66,7.65,7.66,507149
2025-12-11T09:00:00+00:00,7.66,7.66,7.65,7.66,1458267
2025-12-11T10:00:00+00:00,7.65,7.66,7.65,7.66,499253
2025-12-11T11:00:00+00:00,7.66,7.66,7.65,7.66,164221
2025-12-11T12:00:00+00:00,7.66,7.66,7.64,7.64,700140
2025-12-11T13:00:00+00:00,7.65,7.65,7.64,7.65,486861
2025-12-11T14:00:00+00:00,7.65,7.65,7.64,7.65,472213
2025-12-11T15:00:00+00:00,7.65,7.66,7.64,7.65,774542
2025-12-11T16:00:00+00:00,7.66,7.66,7.65,7.66,221341
2025-12-11T17:00:00+00:00,7.65,7.66,7.65,7.66,425977
2025-12-11T18:00:00+00:00,7.65,7.66,7.65,7.65,535923
2025-12-11T19:00:00+00:00,7.66,7.66,7.64,7.65,311389
2025-12-11T20:00:00+00:00,7.65,7.66,7.64,7.66,779897
2025-12-12T07:00:00+00:00,7.66,7.68,7.64,7.66,1551005
2025-12-12T08:00:00+00:00,7.67,7.67,7.66,7.67,451468
2025-12-12T09:00:00+00:00,7.67,7.67,7.66,7.67,446932
2025-12-12T10:00:00+00:00,7.67,7.67,7.66,7.67,255588
2025-12-12T11:00:00+00:00,7.67,7.67,7.65,7.65,2758259
2025-12-12T12:00:00+00:00,7.66,7.67,7.65,7.67,2314519
2025-12-12T13:00:00+00:00,7.67,7.68,7.66,7.68,1083610
2025-12-12T14:00:00+00:00,7.68,7.68,7.67,7.68,182266
2025-12-12T15:00:00+00:00,7.68,7.68,7.67,7.67,662739
2025-12-12T16:00:00+00:00,7.68,7.68,7.67,7.68,231982
2025-12-12T17:00:00+00:00,7.68,7.68,7.67,7.68,399629
2025-12-12T18:00:00+00:00,7.68,7.68,7.67,7.68,334392
2025-12-12T19:00:00+00:00,7.68,7.68,7.67,7.68,164532
2025-12-12T20:00:00+00:00,7.68,7.68,7.67,7.68,775901
2025-12-15T07:00:00+00:00,7.7,7.7,7.66,7.68,2446325
2025-12-15T08:00:00+00:00,7.6899999999999995,7.6899999999999995,7.68,7.6899999999999995,633166
2025-12-15T09:00:00+00:00,7.6899999999999995,7.6899999999999995,7.68,7.6899999999999995,490177
2025-12-15T10:00:00+00:00,7.6899999999999995,7.6899999999999995,7.68,7.6899999999999995,324569
2025-12-15T11:00:00+00:00,7.6899999999999995,7.6899999999999995,7.68,7.6899999999999995,939084
2025-12-15T12:00:00+00:00,7.6899999999999995,7.6899999999999995,7.68,7.6899999999999995,468264
2025-12-15T13:00:00+00:00,7.6899999999999995,7.6899999999999995,7.68,7.6899999999999995,1437364
2025-12-15T14:00:00+00:00,7.6899999999999995,7.6899999999999995,7.68,7.6899999999999995,845619
2025-12-15T15:00:00+00:00,7.6899999999999995,7.6899999999999995,7.68,7.68,243251
2025-12-15T16:00:00+00:00,7.6899999999999995,7.6899999999999995,7.68,7.6899999999999995,255985
2025-12-15T17:00:00+00:00,7.68,7.6899999999999995,7.68,7.6899999999999995,1272761
2025-12-15T18:00:00+00:00,7.68,7.7,7.68,7.6899999999999995,395342
2025-12-15T19:00:00+00:00,7.7,7.7,7.6899999999999995,7.7,235463
2025-12-15T20:00:00+00:00,7.7,7.7,7.6899999999999995,7.7,1056676
2025-12-16T07:00:00+00:00,7.7,7.7,7.68,7.7,454738
2025-12-16T08:00:00+00:00,7.6899999999999995,7.7,7.6899999999999995,7.7,583621
2025-12-16T09:00:00+00:00,7.7,7.7,7.6899999999999995,7.7,344447
2025-12-16T10:00:00+00:00,7.7,7.7,7.6899999999999995,7.7,469077
2025-12-16T11:00:00+00:00,7.6899999999999995,7.7,7.6899999999999995,7.7,683611
2025-12-16T12:00:00+00:00,7.7,7.7,7.6899999999999995,7.7,452627
2025-12-16T13:00:00+00:00,7.7,7.7,7.6899999999999995,7.7,792711
2025-12-16T14:00:00+00:00,7.7,7.7,7.6899999999999995,7.7,2198897
2025-12-16T15:00:00+00:00,7.7,7.7,7.67,7.6899999999999995,5999509
2025-12-16T16:00:00+00:00,7.6899999999999995,7.6899999999999995,7.68,7.6899999999999995,313018
2025-12-16T17:00:00+00:00,7.6899999999999995,7.6899999999999995,7.68,7.68,316693
2025-12-16T18:00:00+00:00,7.6899999999999995,7.6899999999999995,7.68,7.6899999999999995,232983
2025-12-16T19:00:00+00:00,7.6899999999999995,7.6899999999999995,7.68,7.68,151258
2025-12-16T20:00:00+00:00,7.68,7.6899999999999995,7.68,7.6899999999999995,480975
2025-12-17T07:00:00+00:00,7.6899999999999995,7.6899999999999995,7.67,7.6899999999999995,426398
2025-12-17T08:00:00+00:00,7.6899999999999995,7.6899999999999995,7.68,7.68,557031
2025-12-17T09:00:00+00:00,7.6899999999999995,7.6899999999999995,7.68,7.6899999999999995,258340
2025-12-17T10:00:00+00:00,7.6899999999999995,7.6899999999999995,7.68,7.6899999999999995,694584
2025-12-17T11:00:00+00:00,7.6899999999999995,7.6899999999999995,7.67,7.6899999999999995,194395
2025-12-17T12:00:00+00:00,7.6899999999999995,7.6899999999999995,7.68,7.6899999999999995,223272
2025-12-17T13:00:00+00:00,7.6899999999999995,7.6899999999999995,7.68,7.6899999999999995,339917
2025-12-17T14:00:00+00:00,7.68,7.6899999999999995,7.68,7.6899999999999995,167126
2025-12-17T15:00:00+00:00,7.6899999999999995,7.6899999999999995,7.68,7.6899999999999995,260178
2025-12-17T16:00:00+00:00,7.68,7.6899999999999995,7.68,7.6899999999999995,303193
2025-12-17T17:00:00+00:00,7.6899999999999995,7.6899999999999995,7.68,7.6899999999999995,463045
2025-12-17T18:00:00+00:00,7.6899999999999995,7.6899999999999995,7.68,7.6899999999999995,463456
2025-12-17T19:00:00+00:00,7.6899999999999995,7.6899999999999995,7.68,7.6899999999999995,156824
2025-12-17T20:00:00+00:00,7.6899999999999995,7.6899999999999995,7.68,7.6899999999999995,323480
2025-12-18T07:00:00+00:00,7.6899999999999995,7.6899999999999995,7.67,7.6899999999999995,1140445
2025-12-18T08:00:00+00:00,7.6899999999999995,7.7,7.68,7.7,492831
2025-12-18T09:00:00+00:00,7.7,7.7,7.6899999999999995,7.7,562173
2025-12-18T10:00:00+00:00,7.6899999999999995,7.7,7.6899999999999995,7.7,420656
2025-12-18T11:00:00+00:00,7.7,7.7,7.6899999999999995,7.7,802374
2025-12-18T12:00:00+00:00,7.7,7.7,7.6899999999999995,7.7,598728
2025-12-18T13:00:00+00:00,7.7,7.7,7.6899999999999995,7.6899999999999995,411872
2025-12-18T14:00:00+00:00,7.7,7.7,7.6899999999999995,7.7,938162
2025-12-18T15:00:00+00:00,7.6899999999999995,7.7,7.6899999999999995,7.7,1505675
2025-12-18T16:00:00+00:00,7.7,7.7,7.6899999999999995,7.6899999999999995,389604
2025-12-18T17:00:00+00:00,7.7,7.71,7.6899999999999995,7.71,416441
2025-12-18T18:00:00+00:00,7.71,7.71,7.7,7.71,242661
2025-12-18T19:00:00+00:00,7.71,7.71,7.7,7.71,357581
2025-12-18T20:00:00+00:00,7.71,7.71,7.7,7.71,185119
2025-12-19T07:00:00+00:00,7.71,7.72,7.6899999999999995,7.72,1330025
2025-12-19T08:00:00+00:00,7.72,7.72,7.71,7.72,828262
2025-12-19T09:00:00+00:00,7.72,7.72,7.71,7.72,416314
2025-12-19T10:00:00+00:00,7.72,7.72,7.7,7.71,2747373
2025-12-19T11:00:00+00:00,7.71,7.71,7.7,7.71,683708
2025-12-19T12:00:00+00:00,7.71,7.71,7.7,7.7,524792
2025-12-19T13:00:00+00:00,7.7,7.72,7.7,7.72,1094184
2025-12-19T14:00:00+00:00,7.72,7.72,7.71,7.72,994696
2025-12-19T15:00:00+00:00,7.72,7.72,7.71,7.72,335926
2025-12-19T16:00:00+00:00,7.72,7.72,7.7,7.71,5405480
2025-12-19T17:00:00+00:00,7.72,7.72,7.71,7.72,217140
2025-12-19T18:00:00+00:00,7.72,7.72,7.71,7.72,151871
2025-12-19T19:00:00+00:00,7.72,7.72,7.71,7.72,546707
2025-12-19T20:00:00+00:00,7.72,7.74,7.71,7.71,4528689
2025-12-22T07:00:00+00:00,7.73,7.73,7.6899999999999995,7.7,5308186
2025-12-22T08:00:00+00:00,7.71,7.72,7.7,7.71,1813081
2025-12-22T09:00:00+00:00,7.71,7.71,7.7,7.71,335898
2025-12-22T10:00:00+00:00,7.71,7.71,7.7,7.71,2923158
2025-12-22T11:00:00+00:00,7.71,7.71,7.7,7.71,1286882
2025-12-22T12:00:00+00:00,7.71,7.71,7.68,7.6899999999999995,2724420
2025-12-22T13:00:00+00:00,7.68,7.6899999999999995,7.67,7.6899999999999995,1410930
2025-12-22T14:00:00+00:00,7.68,7.6899999999999995,7.65,7.67,3220667
2025-12-22T15:00:00+00:00,7.67,7.67,7.65,7.67,865448
2025-12-22T16:00:00+00:00,7.66,7.67,7.65,7.67,267529
2025-12-22T17:00:00+00:00,7.67,7.67,7.65,7.66,179931
2025-12-22T18:00:00+00:00,7.66,7.66,7.65,7.66,371394
2025-12-22T19:00:00+00:00,7.66,7.66,7.65,7.66,99787
2025-12-22T20:00:00+00:00,7.66,7.66,7.65,7.66,522833
2025-12-23T07:00:00+00:00,7.67,7.67,7.63,7.63,1049732
2025-12-23T08:00:00+00:00,7.64,7.65,7.62,7.64,2355557
2025-12-23T09:00:00+00:00,7.64,7.64,7.62,7.64,1855265
2025-12-23T10:00:00+00:00,7.64,7.64,7.62,7.63,476284
2025-12-23T11:00:00+00:00,7.62,7.63,7.62,7.62,281677
2025-12-23T12:00:00+00:00,7.63,7.63,7.62,7.63,596165
2025-12-23T13:00:00+00:00,7.63,7.64,7.62,7.63,835034
2025-12-23T14:00:00+00:00,7.63,7.64,7.62,7.63,207157
2025-12-23T15:00:00+00:00,7.63,7.64,7.62,7.64,437748
2025-12-23T16:00:00+00:00,7.64,7.64,7.63,7.64,241182
2025-12-23T17:00:00+00:00,7.64,7.64,7.63,7.64,220106
2025-12-23T18:00:00+00:00,7.64,7.64,7.63,7.64,98791
2025-12-23T19:00:00+00:00,7.64,7.65,7.63,7.65,605629
2025-12-23T20:00:00+00:00,7.64,7.65,7.63,7.65,155639
2025-12-24T07:00:00+00:00,7.65,7.65,7.63,7.65,654227
2025-12-24T08:00:00+00:00,7.65,7.65,7.62,7.63,9511843
2025-12-24T09:00:00+00:00,7.63,7.63,7.62,7.63,329937
2025-12-24T10:00:00+00:00,7.63,7.63,7.62,7.63,800579
2025-12-24T11:00:00+00:00,7.63,7.63,7.62,7.63,894015
2025-12-24T12:00:00+00:00,7.63,7.64,7.62,7.64,3050958
2025-12-24T13:00:00+00:00,7.64,7.64,7.63,7.64,484816
2025-12-24T14:00:00+00:00,7.64,7.64,7.63,7.64,565017
2025-12-24T15:00:00+00:00,7.63,7.64,7.63,7.64,223223
2025-12-24T16:00:00+00:00,7.64,7.64,7.63,7.63,307240
2025-12-24T17:00:00+00:00,7.63,7.64,7.63,7.64,448388
2025-12-24T18:00:00+00:00,7.64,7.64,7.63,7.64,193741
2025-12-24T19:00:00+00:00,7.63,7.64,7.63,7.64,189736
2025-12-24T20:00:00+00:00,7.64,7.64,7.63,7.64,195559
2025-12-25T07:00:00+00:00,7.65,7.65,7.61,7.63,2494159
2025-12-25T08:00:00+00:00,7.64,7.64,7.63,7.64,613755
2025-12-25T09:00:00+00:00,7.64,7.64,7.62,7.63,570592
2025-12-25T10:00:00+00:00,7.63,7.63,7.62,7.63,890914
2025-12-25T11:00:00+00:00,7.63,7.63,7.61,7.63,469150
2025-12-25T12:00:00+00:00,7.63,7.66,7.62,7.66,11198990
2025-12-25T13:00:00+00:00,7.65,7.66,7.64,7.65,645632
2025-12-25T14:00:00+00:00,7.65,7.66,7.64,7.66,381136
2025-12-25T15:00:00+00:00,7.66,7.66,7.64,7.65,221119
2025-12-25T16:00:00+00:00,7.65,7.66,7.64,7.65,1114824
2025-12-25T17:00:00+00:00,7.66,7.67,7.65,7.67,1199043
2025-12-25T18:00:00+00:00,7.67,7.68,7.66,7.67,824664
2025-12-25T19:00:00+00:00,7.68,7.68,7.67,7.68,225666
2025-12-25T20:00:00+00:00,7.68,7.6899999999999995,7.66,7.68,379801
2025-12-26T07:00:00+00:00,7.68,7.6899999999999995,7.65,7.68,515342
2025-12-26T08:00:00+00:00,7.68,7.68,7.67,7.67,1198357
2025-12-26T09:00:00+00:00,7.68,7.68,7.65,7.68,2124246
2025-12-26T10:00:00+00:00,7.68,7.6899999999999995,7.66,7.6899999999999995,1851557
2025-12-26T11:00:00+00:00,7.6899999999999995,7.6899999999999995,7.68,7.6899999999999995,349580
2025-12-26T12:00:00+00:00,7.6899999999999995,7.6899999999999995,7.68,7.6899999999999995,479487
2025-12-26T13:00:00+00:00,7.6899999999999995,7.6899999999999995,7.68,7.6899999999999995,1114490
2025-12-26T14:00:00+00:00,7.6899999999999995,7.6899999999999995,7.68,7.68,834911
2025-12-26T15:00:00+00:00,7.68,7.6899999999999995,7.68,7.6899999999999995,2721903
2025-12-26T16:00:00+00:00,7.6899999999999995,7.7,7.68,7.7,515136
2025-12-26T17:00:00+00:00,7.7,7.7,7.6899999999999995,7.7,1405757
2025-12-26T18:00:00+00:00,7.7,7.7,7.6899999999999995,7.7,286244
2025-12-26T19:00:00+00:00,7.7,7.7,7.68,7.6899999999999995,2008678
2025-12-26T20:00:00+00:00,7.6899999999999995,7.7,7.68,7.7,833136
2025-12-29T07:00:00+00:00,7.71,7.72,7.68,7.71,1658767
2025-12-29T08:00:00+00:00,7.71,7.71,7.7,7.71,737194
2025-12-29T09:00:00+00:00,7.71,7.71,7.7,7.71,1836321
2025-12-29T10:00:00+00:00,7.71,7.71,7.7,7.71,585598
2025-12-29T11:00:00+00:00,7.71,7.71,7.7,7.71,757243
2025-12-29T12:00:00+00:00,7.71,7.71,7.7,7.71,1770100
2025-12-29T13:00:00+00:00,7.71,7.71,7.7,7.7,1482002
2025-12-29T14:00:00+00:00,7.71,7.71,7.7,7.71,1885697
2025-12-29T15:00:00+00:00,7.7,7.72,7.7,7.72,2968165
2025-12-29T16:00:00+00:00,7.72,7.74,7.71,7.73,3621728
2025-12-29T17:00:00+00:00,7.73,7.73,7.71,7.72,335652
2025-12-29T18:00:00+00:00,7.72,7.73,7.71,7.72,487247
2025-12-29T19:00:00+00:00,7.73,7.73,7.72,7.73,292612
2025-12-29T20:00:00+00:00,7.73,7.74,7.72,7.74,491283
2025-12-30T07:00:00+00:00,7.74,7.74,7.7,7.74,2557732
2025-12-30T08:00:00+00:00,7.74,7.76,7.73,7.75,7043607
2025-12-30T09:00:00+00:00,7.75,7.78,7.74,7.78,3593283
2025-12-30T10:00:00+00:00,7.78,7.78,7.74,7.77,2665445
2025-12-30T11:00:00+00:00,7.77,7.77,7.75,7.77,1230299
2025-12-30T12:00:00+00:00,7.77,7.77,7.76,7.77,987003
2025-12-30T13:00:00+00:00,7.77,7.77,7.76,7.77,3103776
2025-12-30T14:00:00+00:00,7.77,7.78,7.76,7.76,1419778
2025-12-30T15:00:00+00:00,7.78,7.8,7.76,7.8,2760084
2025-12-30T16:00:00+00:00,7.8,7.83,7.79,7.8,1185458
2025-12-30T17:00:00+00:00,7.8,7.8100000000000005,7.78,7.79,859395
2025-12-30T18:00:00+00:00,7.8,7.8100000000000005,7.79,7.8100000000000005,355379
2025-12-30T19:00:00+00:00,7.8100000000000005,7.8100000000000005,7.79,7.8100000000000005,504187
2025-12-30T20:00:00+00:00,7.8100000000000005,7.86,7.8,7.84,1458163
2026-01-05T07:00:00+00:00,7.84,7.86,7.7,7.8,2400801
2026-01-05T08:00:00+00:00,7.8,7.82,7.8,7.82,1860230
2026-01-05T09:00:00+00:00,7.82,7.83,7.8100000000000005,7.83,825438
2026-01-05T10:00:00+00:00,7.83,7.84,7.82,7.84,570415
2026-01-05T11:00:00+00:00,7.84,7.85,7.75,7.78,6833826
2026-01-05T12:00:00+00:00,7.78,7.79,7.77,7.78,1120591
2026-01-05T13:00:00+00:00,7.78,7.79,7.77,7.79,681720
2026-01-05T14:00:00+00:00,7.79,7.79,7.78,7.78,188197
2026-01-05T15:00:00+00:00,7.79,7.79,7.77,7.79,497262
2026-01-05T16:00:00+00:00,7.79,7.79,7.78,7.78,97383
2026-01-05T17:00:00+00:00,7.78,7.79,7.78,7.78,780231
2026-01-05T18:00:00+00:00,7.79,7.79,7.78,7.78,97268
2026-01-05T19:00:00+00:00,7.79,7.79,7.77,7.79,221321
2026-01-05T20:00:00+00:00,7.78,7.79,7.78,7.79,455205
2026-01-06T07:00:00+00:00,7.72,7.82,7.72,7.8,3089678
2026-01-06T08:00:00+00:00,7.8,7.8,7.78,7.79,950642
2026-01-06T09:00:00+00:00,7.79,7.8,7.78,7.8,622390
2026-01-06T10:00:00+00:00,7.8,7.8,7.79,7.8,3196466
2026-01-06T11:00:00+00:00,7.8,7.8,7.79,7.8,461437
2026-01-06T12:00:00+00:00,7.8,7.8,7.78,7.78,501152
2026-01-06T13:00:00+00:00,7.79,7.8,7.78,7.78,555922
2026-01-06T14:00:00+00:00,7.79,7.79,7.78,7.79,106571
2026-01-06T15:00:00+00:00,7.79,7.79,7.78,7.78,424649
2026-01-06T16:00:00+00:00,7.78,7.8100000000000005,7.78,7.8100000000000005,3799972
2026-01-06T17:00:00+00:00,7.8100000000000005,7.8100000000000005,7.8,7.8,192721
2026-01-06T18:00:00+00:00,7.8,7.8100000000000005,7.8,7.8100000000000005,93678
2026-01-06T19:00:00+00:00,7.8100000000000005,7.83,7.8,7.83,507051
2026-01-06T20:00:00+00:00,7.82,7.83,7.8100000000000005,7.83,712484
2026-01-08T07:00:00+00:00,7.77,7.84,7.77,7.8100000000000005,797854
2026-01-08T08:00:00+00:00,7.8,7.8100000000000005,7.8,7.8100000000000005,595164
2026-01-08T09:00:00+00:00,7.8100000000000005,7.8100000000000005,7.8,7.8100000000000005,132920
2026-01-08T10:00:00+00:00,7.8100000000000005,7.8100000000000005,7.79,7.8,2603693
2026-01-08T11:00:00+00:00,7.79,7.8,7.79,7.8,168951
2026-01-08T12:00:00+00:00,7.8,7.8,7.79,7.8,284384
2026-01-08T13:00:00+00:00,7.8,7.8,7.79,7.8,176391
2026-01-08T14:00:00+00:00,7.8,7.8,7.79,7.8,162592
2026-01-08T15:00:00+00:00,7.79,7.8,7.79,7.8,81951
2026-01-08T16:00:00+00:00,7.79,7.82,7.79,7.8100000000000005,1597348
2026-01-08T17:00:00+00:00,7.8100000000000005,7.82,7.8,7.8,451193
2026-01-08T18:00:00+00:00,7.82,7.82,7.8,7.82,130594
2026-01-08T19:00:00+00:00,7.82,7.82,7.8100000000000005,7.8100000000000005,294068
2026-01-08T20:00:00+00:00,7.8100000000000005,7.82,7.8,7.8100000000000005,189376
2026-01-09T07:00:00+00:00,7.83,7.83,7.8,7.82,570758
2026-01-09T08:00:00+00:00,7.82,7.82,7.8100000000000005,7.82,372823
2026-01-09T09:00:00+00:00,7.82,7.82,7.8100000000000005,7.82,177053
2026-01-09T10:00:00+00:00,7.82,7.82,7.8,7.8100000000000005,1228817
2026-01-09T11:00:00+00:00,7.8,7.8100000000000005,7.8,7.8100000000000005,123188
2026-01-09T12:00:00+00:00,7.8100000000000005,7.8100000000000005,7.8,7.8100000000000005,212670
2026-01-09T13:00:00+00:00,7.8,7.8100000000000005,7.8,7.8100000000000005,195487
2026-01-09T14:00:00+00:00,7.8100000000000005,7.8100000000000005,7.8,7.8,111675
2026-01-09T15:00:00+00:00,7.8,7.82,7.8,7.82,2031804
2026-01-09T16:00:00+00:00,7.82,7.83,7.8100000000000005,7.83,523476
2026-01-09T17:00:00+00:00,7.83,7.83,7.8100000000000005,7.83,221663
2026-01-09T18:00:00+00:00,7.83,7.83,7.8100000000000005,7.83,87961
2026-01-09T19:00:00+00:00,7.83,7.83,7.8100000000000005,7.82,181886
2026-01-09T20:00:00+00:00,7.82,7.82,7.8100000000000005,7.8100000000000005,247545
2026-01-12T07:00:00+00:00,7.8,7.83,7.8,7.8,935033
2026-01-12T08:00:00+00:00,7.8100000000000005,7.8100000000000005,7.8,7.8100000000000005,732541
2026-01-12T09:00:00+00:00,7.8100000000000005,7.8100000000000005,7.78,7.8,3817382
2026-01-12T10:00:00+00:00,7.8,7.8,7.77,7.78,6358993
2026-01-12T11:00:00+00:00,7.78,7.79,7.77,7.79,452883
2026-01-12T12:00:00+00:00,7.79,7.79,7.77,7.79,926656
2026-01-12T13:00:00+00:00,7.78,7.79,7.77,7.79,1138966
2026-01-12T14:00:00+00:00,7.79,7.79,7.76,7.77,7832074
2026-01-12T15:00:00+00:00,7.78,7.78,7.77,7.78,263591
2026-01-12T16:00:00+00:00,7.78,7.78,7.77,7.78,430584
2026-01-12T17:00:00+00:00,7.77,7.78,7.77,7.78,725694
2026-01-12T18:00:00+00:00,7.78,7.79,7.77,7.78,376980
2026-01-12T19:00:00+00:00,7.78,7.79,7.77,7.79,389585
2026-01-12T20:00:00+00:00,7.79,7.79,7.77,7.78,394425
2026-01-13T07:00:00+00:00,7.77,7.8,7.77,7.79,730358
2026-01-13T08:00:00+00:00,7.79,7.79,7.77,7.77,832460
2026-01-13T09:00:00+00:00,7.78,7.78,7.77,7.78,215301
2026-01-13T10:00:00+00:00,7.78,7.78,7.77,7.78,1995827
2026-01-13T11:00:00+00:00,7.78,7.78,7.77,7.78,725448
2026-01-13T12:00:00+00:00,7.78,7.78,7.77,7.78,367836
2026-01-13T13:00:00+00:00,7.78,7.78,7.77,7.78,312759
2026-01-13T14:00:00+00:00,7.77,7.78,7.77,7.78,232011
2026-01-13T15:00:00+00:00,7.77,7.78,7.76,7.78,1065417
2026-01-13T16:00:00+00:00,7.78,7.78,7.77,7.77,213486
2026-01-13T17:00:00+00:00,7.77,7.78,7.77,7.78,150344
2026-01-13T18:00:00+00:00,7.77,7.78,7.77,7.78,788759
2026-01-13T19:00:00+00:00,7.78,7.78,7.77,7.78,106251
2026-01-13T20:00:00+00:00,7.77,7.78,7.77,7.77,559504
2026-01-14T07:00:00+00:00,7.78,7.79,7.76,7.78,1473454
2026-01-14T08:00:00+00:00,7.78,7.79,7.78,7.79,700584
2026-01-14T09:00:00+00:00,7.79,7.79,7.78,7.78,529365
2026-01-14T10:00:00+00:00,7.79,7.79,7.78,7.79,291856
2026-01-14T11:00:00+00:00,7.79,7.79,7.77,7.77,3653700
2026-01-14T12:00:00+00:00,7.77,7.78,7.75,7.76,14106098
2026-01-14T13:00:00+00:00,7.75,7.77,7.75,7.76,2283525
2026-01-14T14:00:00+00:00,7.76,7.77,7.75,7.76,1268471
2026-01-14T15:00:00+00:00,7.77,7.77,7.76,7.77,324634
2026-01-14T16:00:00+00:00,7.76,7.77,7.74,7.76,1630650
2026-01-14T17:00:00+00:00,7.75,7.76,7.74,7.75,346986
2026-01-14T18:00:00+00:00,7.75,7.76,7.74,7.76,247755
2026-01-14T19:00:00+00:00,7.76,7.76,7.74,7.75,208759
2026-01-14T20:00:00+00:00,7.75,7.75,7.74,7.75,299372
2026-01-15T07:00:00+00:00,7.77,7.77,7.74,7.76,483349
2026-01-15T08:00:00+00:00,7.75,7.76,7.74,7.76,861614
2026-01-15T09:00:00+00:00,7.76,7.76,7.74,7.75,302361
2026-01-15T10:00:00+00:00,7.75,7.75,7.73,7.74,2417854
2026-01-15T11:00:00+00:00,7.75,7.75,7.74,7.75,316362
2026-01-15T12:00:00+00:00,7.75,7.75,7.74,7.75,784668
2026-01-15T13:00:00+00:00,7.75,7.75,7.74,7.75,494710
2026-01-15T14:00:00+00:00,7.75,7.75,7.74,7.75,248449
2026-01-15T15:00:00+00:00,7.74,7.75,7.73,7.74,1682203
2026-01-15T16:00:00+00:00,7.73,7.75,7.73,7.75,205836
2026-01-15T17:00:00+00:00,7.74,7.75,7.73,7.75,334800
2026-01-15T18:00:00+00:00,7.74,7.75,7.73,7.74,121405
2026-01-15T19:00:00+00:00,7.74,7.75,7.73,7.74,159623
2026-01-15T20:00:00+00:00,7.73,7.75,7.73,7.74,39872
2026-01-16T07:00:00+00:00,7.74,7.76,7.73,7.76,3406536
2026-01-16T08:00:00+00:00,7.76,7.76,7.75,7.76,1309869
2026-01-16T09:00:00+00:00,7.76,7.76,7.74,7.75,753229
2026-01-16T10:00:00+00:00,7.74,7.75,7.74,7.74,530966
2026-01-16T11:00:00+00:00,7.75,7.75,7.74,7.74,261584
2026-01-16T12:00:00+00:00,7.75,7.75,7.74,7.75,139939
2026-01-16T13:00:00+00:00,7.75,7.75,7.74,7.75,583479
2026-01-16T14:00:00+00:00,7.75,7.76,7.74,7.76,1091377
2026-01-16T15:00:00+00:00,7.76,7.76,7.75,7.76,314334
2026-01-16T16:00:00+00:00,7.76,7.77,7.75,7.77,510104
2026-01-16T17:00:00+00:00,7.77,7.77,7.75,7.75,1493172
2026-01-16T18:00:00+00:00,7.76,7.77,7.75,7.76,1513397
2026-01-16T19:00:00+00:00,7.77,7.78,7.76,7.78,1124760
2026-01-16T20:00:00+00:00,7.78,7.78,7.76,7.76,1061113
2026-01-19T07:00:00+00:00,7.79,7.79,7.76,7.77,1700630
2026-01-19T08:00:00+00:00,7.76,7.78,7.76,7.77,427465
2026-01-19T09:00:00+00:00,7.77,7.77,7.76,7.77,530735
2026-01-19T10:00:00+00:00,7.77,7.77,7.75,7.77,1016071
2026-01-19T11:00:00+00:00,7.77,7.77,7.75,7.76,531621
2026-01-19T12:00:00+00:00,7.77,7.77,7.75,7.76,377557
2026-01-19T13:00:00+00:00,7.76,7.76,7.75,7.76,467505
2026-01-19T14:00:00+00:00,7.75,7.76,7.75,7.76,585357
2026-01-19T15:00:00+00:00,7.76,7.77,7.75,7.76,339544
2026-01-19T16:00:00+00:00,7.76,7.77,7.75,7.76,133374
2026-01-19T17:00:00+00:00,7.77,7.77,7.76,7.77,170119
2026-01-19T18:00:00+00:00,7.77,7.77,7.76,7.76,94379
2026-01-19T19:00:00+00:00,7.77,7.77,7.76,7.77,166981
2026-01-19T20:00:00+00:00,7.77,7.77,7.76,7.77,111721
2026-01-20T07:00:00+00:00,7.75,7.77,7.75,7.77,925829
2026-01-20T08:00:00+00:00,7.77,7.77,7.76,7.77,422642
2026-01-20T09:00:00+00:00,7.77,7.77,7.76,7.77,680710
2026-01-20T10:00:00+00:00,7.77,7.77,7.76,7.77,262069
2026-01-20T11:00:00+00:00,7.77,7.77,7.76,7.77,170245
2026-01-20T12:00:00+00:00,7.77,7.77,7.76,7.77,701088
2026-01-20T13:00:00+00:00,7.76,7.77,7.76,7.77,202396
2026-01-20T14:00:00+00:00,7.77,7.77,7.76,7.76,448030
2026-01-20T15:00:00+00:00,7.77,7.77,7.76,7.77,332046
2026-01-20T16:00:00+00:00,7.77,7.77,7.75,7.76,281501
2026-01-20T17:00:00+00:00,7.76,7.77,7.75,7.77,343575
2026-01-20T18:00:00+00:00,7.77,7.77,7.75,7.76,99778
2026-01-20T19:00:00+00:00,7.76,7.77,7.75,7.77,164039
2026-01-20T20:00:00+00:00,7.77,7.77,7.76,7.76,150997
2026-01-21T07:00:00+00:00,7.77,7.78,7.75,7.77,748606
2026-01-21T08:00:00+00:00,7.76,7.77,7.76,7.77,244094
2026-01-21T09:00:00+00:00,7.77,7.77,7.75,7.76,368190
2026-01-21T10:00:00+00:00,7.76,7.76,7.75,7.76,381657
2026-01-21T11:00:00+00:00,7.76,7.77,7.75,7.76,983147
2026-01-21T12:00:00+00:00,7.77,7.77,7.75,7.77,305857
2026-01-21T13:00:00+00:00,7.76,7.77,7.75,7.75,338751
2026-01-21T14:00:00+00:00,7.77,7.77,7.75,7.77,489299
2026-01-21T15:00:00+00:00,7.76,7.77,7.75,7.76,610562
2026-01-21T16:00:00+00:00,7.76,7.77,7.75,7.76,3255291
2026-01-21T17:00:00+00:00,7.76,7.76,7.75,7.75,75038
2026-01-21T18:00:00+00:00,7.76,7.76,7.75,7.76,102872
2026-01-21T19:00:00+00:00,7.76,7.78,7.75,7.78,14530024
2026-01-21T20:00:00+00:00,7.77,7.78,7.77,7.78,431970
2026-01-22T07:00:00+00:00,7.75,7.78,7.75,7.77,629240
2026-01-22T08:00:00+00:00,7.77,7.78,7.76,7.76,374615
2026-01-22T09:00:00+00:00,7.77,7.78,7.76,7.78,292083
2026-01-22T10:00:00+00:00,7.78,7.78,7.76,7.77,274155
2026-01-22T11:00:00+00:00,7.78,7.78,7.77,7.78,314384
2026-01-22T12:00:00+00:00,7.78,7.78,7.77,7.78,366361
2026-01-22T13:00:00+00:00,7.77,7.78,7.77,7.78,367368
2026-01-22T14:00:00+00:00,7.78,7.78,7.77,7.78,667356
2026-01-22T15:00:00+00:00,7.78,7.78,7.77,7.77,354536
2026-01-22T16:00:00+00:00,7.78,7.78,7.77,7.78,4114869
2026-01-22T17:00:00+00:00,7.78,7.78,7.77,7.78,257715
2026-01-22T18:00:00+00:00,7.77,7.78,7.77,7.77,840944
2026-01-22T19:00:00+00:00,7.78,7.78,7.77,7.78,193214
2026-01-22T20:00:00+00:00,7.78,7.78,7.76,7.77,1064611
2026-01-23T07:00:00+00:00,7.78,7.78,7.77,7.78,1305077
2026-01-23T08:00:00+00:00,7.78,7.79,7.77,7.78,1497081
2026-01-23T09:00:00+00:00,7.78,7.79,7.77,7.78,1434212
2026-01-23T10:00:00+00:00,7.78,7.78,7.77,7.78,492849
2026-01-23T11:00:00+00:00,7.77,7.78,7.77,7.78,426342
2026-01-23T12:00:00+00:00,7.78,7.78,7.77,7.78,496369
2026-01-23T13:00:00+00:00,7.78,7.78,7.77,7.77,483429
2026-01-23T14:00:00+00:00,7.77,7.78,7.77,7.78,384367
2026-01-23T15:00:00+00:00,7.78,7.78,7.77,7.78,367325
2026-01-23T16:00:00+00:00,7.78,7.78,7.77,7.78,94409
2026-01-23T17:00:00+00:00,7.78,7.78,7.77,7.78,309019
2026-01-23T18:00:00+00:00,7.78,7.78,7.77,7.78,279553
2026-01-23T19:00:00+00:00,7.78,7.78,7.77,7.78,99087
2026-01-23T20:00:00+00:00,7.78,7.78,7.77,7.78,379585
2026-01-26T07:00:00+00:00,8.03,8.03,7.74,7.78,1357270
2026-01-26T08:00:00+00:00,7.78,7.78,7.77,7.78,602187
2026-01-26T09:00:00+00:00,7.78,7.78,7.77,7.78,342207
2026-01-26T10:00:00+00:00,7.78,7.78,7.77,7.77,506171
2026-01-26T11:00:00+00:00,7.78,7.78,7.77,7.77,350232
2026-01-26T12:00:00+00:00,7.78,7.78,7.76,7.76,897687
2026-01-26T13:00:00+00:00,7.77,7.77,7.76,7.77,198443
2026-01-26T14:00:00+00:00,7.77,7.77,7.76,7.77,625268
2026-01-26T15:00:00+00:00,7.77,7.78,7.76,7.78,2527152
2026-01-26T16:00:00+00:00,7.78,7.78,7.77,7.78,483053
2026-01-26T17:00:00+00:00,7.78,7.78,7.77,7.78,355499
2026-01-26T18:00:00+00:00,7.77,7.78,7.77,7.78,123198
2026-01-26T19:00:00+00:00,7.78,7.78,7.77,7.78,1500120
2026-01-26T20:00:00+00:00,7.77,7.78,7.77,7.78,260234
2026-01-27T07:00:00+00:00,7.77,7.78,7.76,7.76,1333313
2026-01-27T08:00:00+00:00,7.77,7.78,7.76,7.77,799344
2026-01-27T09:00:00+00:00,7.77,7.78,7.76,7.77,482936
2026-01-27T10:00:00+00:00,7.77,7.77,7.76,7.77,335082
2026-01-27T11:00:00+00:00,7.77,7.78,7.76,7.77,442968
2026-01-27T12:00:00+00:00,7.77,7.78,7.76,7.77,705357
2026-01-27T13:00:00+00:00,7.77,7.78,7.76,7.77,343543
2026-01-27T14:00:00+00:00,7.78,7.78,7.77,7.77,357217
2026-01-27T15:00:00+00:00,7.78,7.79,7.76,7.79,13093859
2026-01-27T16:00:00+00:00,7.79,7.79,7.78,7.79,159733
2026-01-27T17:00:00+00:00,7.78,7.79,7.78,7.79,390445
2026-01-27T18:00:00+00:00,7.79,7.79,7.78,7.79,191886
2026-01-27T19:00:00+00:00,7.79,7.79,7.78,7.79,531425
2026-01-27T20:00:00+00:00,7.79,7.79,7.78,7.79,2893020
2026-01-28T07:00:00+00:00,7.8,8.03,7.75,7.79,6884742
2026-01-28T08:00:00+00:00,7.79,7.8,7.78,7.79,4990352
2026-01-28T09:00:00+00:00,7.79,7.79,7.78,7.79,613276
2026-01-28T10:00:00+00:00,7.79,7.79,7.78,7.79,471868
2026-01-28T11:00:00+00:00,7.79,7.79,7.78,7.79,505629
2026-01-28T12:00:00+00:00,7.79,7.79,7.78,7.78,209568
2026-01-28T13:00:00+00:00,7.79,7.79,7.78,7.79,593096
2026-01-28T14:00:00+00:00,7.78,7.79,7.78,7.78,797695
2026-01-28T15:00:00+00:00,7.79,7.79,7.78,7.79,453698
2026-01-28T16:00:00+00:00,7.79,7.8100000000000005,7.78,7.8100000000000005,3466811
2026-01-28T17:00:00+00:00,7.8100000000000005,7.8100000000000005,7.8,7.8100000000000005,201515
2026-01-28T18:00:00+00:00,7.8,7.8100000000000005,7.8,7.8100000000000005,306306
2026-01-28T19:00:00+00:00,7.8100000000000005,7.8100000000000005,7.8,7.8,258742
2026-01-28T20:00:00+00:00,7.8100000000000005,7.8100000000000005,7.79,7.8,938504
2026-01-29T07:00:00+00:00,7.83,7.85,7.79,7.79,1139863
2026-01-29T08:00:00+00:00,7.79,7.8,7.79,7.8,537356
2026-01-29T09:00:00+00:00,7.79,7.8,7.79,7.8,786720
2026-01-29T10:00:00+00:00,7.8,7.8,7.79,7.8,226174
2026-01-29T11:00:00+00:00,7.8,7.8,7.79,7.79,355103
2026-01-29T12:00:00+00:00,7.8,7.8,7.79,7.8,417184
2026-01-29T13:00:00+00:00,7.79,7.8,7.79,7.8,386028
2026-01-29T14:00:00+00:00,7.8,7.8,7.79,7.8,779013
2026-01-29T15:00:00+00:00,7.79,7.8,7.79,7.79,668856
2026-01-29T16:00:00+00:00,7.8,7.8,7.79,7.79,914729
2026-01-29T17:00:00+00:00,7.8,7.8,7.79,7.79,154672
2026-01-29T18:00:00+00:00,7.8,7.8,7.79,7.79,407370
2026-01-29T19:00:00+00:00,7.8,7.8,7.79,7.8,303388
2026-01-29T20:00:00+00:00,7.8,7.8,7.79,7.8,306893
2026-01-30T07:00:00+00:00,7.79,7.8100000000000005,7.79,7.8,1113372
2026-01-30T08:00:00+00:00,7.8,7.8,7.79,7.8,384420
2026-01-30T09:00:00+00:00,7.8,7.8,7.78,7.79,1627378
2026-01-30T10:00:00+00:00,7.79,7.8,7.78,7.78,1674851
2026-01-30T11:00:00+00:00,7.79,7.79,7.78,7.79,828044
2026-01-30T12:00:00+00:00,7.79,7.79,7.78,7.79,257204
2026-01-30T13:00:00+00:00,7.78,7.79,7.78,7.79,1124121
2026-01-30T14:00:00+00:00,7.78,7.79,7.78,7.79,617341
2026-01-30T15:00:00+00:00,7.79,7.79,7.78,7.79,658571
2026-01-30T16:00:00+00:00,7.79,7.79,7.78,7.79,72960
2026-01-30T17:00:00+00:00,7.79,7.79,7.78,7.79,295327
2026-01-30T18:00:00+00:00,7.78,7.79,7.78,7.79,216925
2026-01-30T19:00:00+00:00,7.78,7.79,7.78,7.79,292099
2026-01-30T20:00:00+00:00,7.79,7.79,7.78,7.79,650010
2026-02-02T07:00:00+00:00,7.79,7.82,7.76,7.8100000000000005,3306155
2026-02-02T08:00:00+00:00,7.8100000000000005,7.8100000000000005,7.79,7.8,1250374
2026-02-02T09:00:00+00:00,7.79,7.8,7.79,7.8,1212330
2026-02-02T10:00:00+00:00,7.79,7.8,7.79,7.8,318026
2026-02-02T11:00:00+00:00,7.8,7.8,7.79,7.8,511867
2026-02-02T12:00:00+00:00,7.8,7.8,7.79,7.8,169748
2026-02-02T13:00:00+00:00,7.8,7.8,7.79,7.79,339223
2026-02-02T14:00:00+00:00,7.8,7.8,7.79,7.79,217840
2026-02-02T15:00:00+00:00,7.8,7.8,7.79,7.8,133526
2026-02-02T16:00:00+00:00,7.8,7.8,7.79,7.8,1640916
2026-02-02T17:00:00+00:00,7.8,7.8,7.79,7.79,95906
2026-02-02T18:00:00+00:00,7.8,7.8100000000000005,7.79,7.8,549584
2026-02-02T19:00:00+00:00,7.8,7.8,7.79,7.79,404025
2026-02-02T20:00:00+00:00,7.8,7.8,7.79,7.8,193507
2026-02-03T07:00:00+00:00,7.79,7.8100000000000005,7.75,7.8,972036
2026-02-03T08:00:00+00:00,7.8,7.8100000000000005,7.8,7.8100000000000005,472718
2026-02-03T09:00:00+00:00,7.8100000000000005,7.8100000000000005,7.8,7.8100000000000005,627765
2026-02-03T10:00:00+00:00,7.8100000000000005,7.8100000000000005,7.8,7.8100000000000005,334112
2026-02-03T11:00:00+00:00,7.8100000000000005,7.8100000000000005,7.8,7.8,526068
2026-02-03T12:00:00+00:00,7.8100000000000005,7.8100000000000005,7.8,7.8100000000000005,170169
2026-02-03T13:00:00+00:00,7.8100000000000005,7.8100000000000005,7.8,7.8100000000000005,410510
2026-02-03T14:00:00+00:00,7.8100000000000005,7.82,7.8,7.8,1338421
2026-02-03T15:00:00+00:00,7.8100000000000005,7.82,7.8,7.8,881848
2026-02-03T16:00:00+00:00,7.8100000000000005,7.82,7.8,7.8100000000000005,464048
2026-02-03T17:00:00+00:00,7.82,7.82,7.8100000000000005,7.82,466470
2026-02-03T18:00:00+00:00,7.82,7.82,7.8100000000000005,7.82,1745236
2026-02-03T19:00:00+00:00,7.82,7.82,7.8100000000000005,7.82,226604
2026-02-03T20:00:00+00:00,7.82,7.82,7.8100000000000005,7.82,1053732
2026-02-04T07:00:00+00:00,7.82,7.83,7.8100000000000005,7.83,1279800
2026-02-04T08:00:00+00:00,7.83,7.83,7.8100000000000005,7.82,505181
2026-02-04T09:00:00+00:00,7.82,7.83,7.8100000000000005,7.83,602268
2026-02-04T10:00:00+00:00,7.83,7.83,7.8100000000000005,7.8100000000000005,620969
2026-02-04T11:00:00+00:00,7.82,7.83,7.8100000000000005,7.83,1049105
2026-02-04T12:00:00+00:00,7.83,7.83,7.8100000000000005,7.82,298289
2026-02-04T13:00:00+00:00,7.82,7.83,7.82,7.83,312075
2026-02-04T14:00:00+00:00,7.83,7.83,7.8100000000000005,7.8100000000000005,3776165
2026-02-04T15:00:00+00:00,7.8100000000000005,7.82,7.8,7.8100000000000005,679959
2026-02-04T16:00:00+00:00,7.8100000000000005,7.82,7.8,7.8100000000000005,443718
2026-02-04T17:00:00+00:00,7.8100000000000005,7.8100000000000005,7.8,7.8100000000000005,151523
2026-02-04T18:00:00+00:00,7.8100000000000005,7.8100000000000005,7.8,7.8100000000000005,719297
2026-02-04T19:00:00+00:00,7.8100000000000005,7.8100000000000005,7.8,7.8100000000000005,97466
2026-02-04T20:00:00+00:00,7.8100000000000005,7.8100000000000005,7.79,7.8100000000000005,3061601
2026-02-05T07:00:00+00:00,7.8100000000000005,7.8100000000000005,7.77,7.79,3164888
2026-02-05T08:00:00+00:00,7.79,7.79,7.77,7.79,668124
2026-02-05T09:00:00+00:00,7.79,7.8,7.77,7.8,8199429
2026-02-05T10:00:00+00:00,7.79,7.8100000000000005,7.79,7.8100000000000005,4593245
2026-02-05T11:00:00+00:00,7.8100000000000005,7.8100000000000005,7.8,7.8100000000000005,195441
2026-02-05T12:00:00+00:00,7.8100000000000005,7.8100000000000005,7.78,7.8,4615046
2026-02-05T13:00:00+00:00,7.8,7.8,7.78,7.8,1358229
2026-02-05T14:00:00+00:00,7.8,7.8,7.79,7.8,220974
2026-02-05T15:00:00+00:00,7.8,7.8,7.78,7.79,6666237
2026-02-05T16:00:00+00:00,7.8,7.8,7.79,7.8,295826
2026-02-05T17:00:00+00:00,7.8,7.8100000000000005,7.79,7.8,5063851
2026-02-05T18:00:00+00:00,7.8100000000000005,7.8100000000000005,7.8,7.8,176250
2026-02-05T19:00:00+00:00,7.8,7.8100000000000005,7.79,7.8,351035
2026-02-05T20:00:00+00:00,7.79,7.8100000000000005,7.79,7.8100000000000005,174919
2026-02-06T07:00:00+00:00,7.86,7.86,7.76,7.8,430634
2026-02-06T08:00:00+00:00,7.8100000000000005,7.8100000000000005,7.79,7.8,799473
2026-02-06T09:00:00+00:00,7.8,7.8,7.79,7.8,706748
2026-02-06T10:00:00+00:00,7.8,7.82,7.79,7.82,14372792
2026-02-06T11:00:00+00:00,7.82,7.82,7.8,7.8100000000000005,694063
2026-02-06T12:00:00+00:00,7.8100000000000005,7.82,7.8,7.8100000000000005,2782388
2026-02-06T13:00:00+00:00,7.8100000000000005,7.82,7.8,7.82,1407726
2026-02-06T14:00:00+00:00,7.82,7.82,7.78,7.8,7437239
2026-02-06T15:00:00+00:00,7.8,7.8100000000000005,7.79,7.8,3197578
2026-02-06T16:00:00+00:00,7.8,7.8,7.79,7.79,412579
2026-02-06T17:00:00+00:00,7.78,7.8,7.78,7.79,310234
2026-02-06T18:00:00+00:00,7.79,7.8,7.78,7.79,163786
2026-02-06T19:00:00+00:00,7.8,7.8,7.78,7.8,107714
2026-02-06T20:00:00+00:00,7.8,7.8,7.78,7.79,41870
2026-02-09T07:00:00+00:00,7.78,7.86,7.74,7.79,1133312
2026-02-09T08:00:00+00:00,7.8,7.8,7.79,7.8,146981
2026-02-09T09:00:00+00:00,7.8,7.8,7.78,7.8,584624
2026-02-09T10:00:00+00:00,7.8,7.8,7.78,7.8,337833
2026-02-09T11:00:00+00:00,7.8,7.8,7.78,7.79,687242
2026-02-09T12:00:00+00:00,7.79,7.79,7.78,7.78,204486
2026-02-09T13:00:00+00:00,7.79,7.79,7.78,7.78,266923
2026-02-09T14:00:00+00:00,7.79,7.79,7.78,7.79,1799068
2026-02-09T15:00:00+00:00,7.79,7.79,7.78,7.78,246095
2026-02-09T16:00:00+00:00,7.79,7.8,7.78,7.79,686883
2026-02-09T17:00:00+00:00,7.79,7.79,7.78,7.79,236648
2026-02-09T18:00:00+00:00,7.79,7.8,7.78,7.8,323474
2026-02-09T19:00:00+00:00,7.8,7.8,7.79,7.8,90701
2026-02-09T20:00:00+00:00,7.79,7.8,7.79,7.8,57395
2026-02-10T07:00:00+00:00,7.85,7.85,7.78,7.78,530486
2026-02-10T08:00:00+00:00,7.78,7.8,7.78,7.8,586231
2026-02-10T09:00:00+00:00,7.79,7.8,7.78,7.79,2095357
2026-02-10T10:00:00+00:00,7.79,7.79,7.77,7.78,660093
2026-02-10T11:00:00+00:00,7.78,7.79,7.77,7.79,2832065
2026-02-10T12:00:00+00:00,7.79,7.79,7.77,7.79,233732
2026-02-10T13:00:00+00:00,7.78,7.79,7.77,7.78,182623
2026-02-10T14:00:00+00:00,7.79,7.79,7.77,7.78,522867
2026-02-10T15:00:00+00:00,7.78,7.78,7.77,7.78,252455
2026-02-10T16:00:00+00:00,7.77,7.79,7.77,7.79,2476441
2026-02-10T17:00:00+00:00,7.79,7.79,7.77,7.79,198439
2026-02-10T18:00:00+00:00,7.79,7.79,7.77,7.78,328190
2026-02-10T19:00:00+00:00,7.78,7.78,7.76,7.77,8390865
2026-02-10T20:00:00+00:00,7.77,7.77,7.75,7.76,1543962
2026-02-11T07:00:00+00:00,7.76,7.83,7.75,7.77,3989868
2026-02-11T08:00:00+00:00,7.77,7.77,7.76,7.77,170521
2026-02-11T09:00:00+00:00,7.77,7.77,7.76,7.77,773413
2026-02-11T10:00:00+00:00,7.77,7.77,7.76,7.77,401778
2026-02-11T11:00:00+00:00,7.77,7.77,7.76,7.77,281235
2026-02-11T12:00:00+00:00,7.77,7.77,7.76,7.77,178097
2026-02-11T13:00:00+00:00,7.77,7.77,7.76,7.77,504086
2026-02-11T14:00:00+00:00,7.77,7.78,7.76,7.78,6982945
2026-02-11T15:00:00+00:00,7.78,7.78,7.76,7.78,343590
2026-02-11T16:00:00+00:00,7.78,7.79,7.77,7.79,1269880
2026-02-11T17:00:00+00:00,7.79,7.8,7.77,7.8,2761648
2026-02-11T18:00:00+00:00,7.8,7.8,7.78,7.79,488974
2026-02-11T19:00:00+00:00,7.8,7.8,7.78,7.8,151548
2026-02-11T20:00:00+00:00,7.8,7.8,7.78,7.78,168043
2026-02-12T07:00:00+00:00,7.82,7.82,7.78,7.8100000000000005,848534
2026-02-12T08:00:00+00:00,7.8100000000000005,7.8100000000000005,7.79,7.8100000000000005,814203
2026-02-12T09:00:00+00:00,7.8100000000000005,7.82,7.79,7.82,4682866
2026-02-12T10:00:00+00:00,7.8100000000000005,7.82,7.8100000000000005,7.82,365703
2026-02-12T11:00:00+00:00,7.82,7.82,7.8100000000000005,7.82,478797
2026-02-12T12:00:00+00:00,7.82,7.82,7.8100000000000005,7.8100000000000005,3405701
2026-02-12T13:00:00+00:00,7.82,7.82,7.8,7.82,3577172
2026-02-12T14:00:00+00:00,7.8100000000000005,7.82,7.8,7.8100000000000005,434585
2026-02-12T15:00:00+00:00,7.8100000000000005,7.82,7.8,7.8100000000000005,1027453
2026-02-12T16:00:00+00:00,7.8100000000000005,7.8100000000000005,7.8,7.8100000000000005,462603
2026-02-12T17:00:00+00:00,7.8100000000000005,7.8100000000000005,7.8,7.8,852305
2026-02-12T18:00:00+00:00,7.8,7.8100000000000005,7.8,7.8,165028
2026-02-12T19:00:00+00:00,7.8100000000000005,7.8100000000000005,7.8,7.8100000000000005,63889
2026-02-12T20:00:00+00:00,7.8100000000000005,7.8100000000000005,7.8,7.8100000000000005,159591
2026-02-13T07:00:00+00:00,7.8,7.84,7.79,7.8100000000000005,866256
2026-02-13T08:00:00+00:00,7.82,7.82,7.8,7.8100000000000005,1081519
2026-02-13T09:00:00+00:00,7.8100000000000005,7.82,7.8,7.82,2230455
2026-02-13T10:00:00+00:00,7.82,7.85,7.8100000000000005,7.85,7734524
2026-02-13T11:00:00+00:00,7.85,7.85,7.83,7.85,984395
2026-02-13T12:00:00+00:00,7.85,7.85,7.83,7.84,4101744
2026-02-13T13:00:00+00:00,7.84,7.86,7.83,7.86,9544863
2026-02-13T14:00:00+00:00,7.86,7.86,7.85,7.86,773694
2026-02-13T15:00:00+00:00,7.86,7.86,7.85,7.86,566557
2026-02-13T16:00:00+00:00,7.86,7.86,7.85,7.85,299477
2026-02-13T17:00:00+00:00,7.86,7.86,7.85,7.86,121979
2026-02-13T18:00:00+00:00,7.86,7.86,7.85,7.86,123172
2026-02-13T19:00:00+00:00,7.86,7.86,7.83,7.85,3724672
2026-02-13T20:00:00+00:00,7.85,7.85,7.83,7.83,300126
2026-02-16T07:00:00+00:00,7.86,7.92,7.83,7.9,1770619
2026-02-16T08:00:00+00:00,7.9,7.9,7.88,7.89,1372212
2026-02-16T09:00:00+00:00,7.89,7.89,7.87,7.87,880499
2026-02-16T10:00:00+00:00,7.88,7.89,7.87,7.88,515490
2026-02-16T11:00:00+00:00,7.88,7.89,7.87,7.88,394169
2026-02-16T12:00:00+00:00,7.88,7.88,7.87,7.88,243876
2026-02-16T13:00:00+00:00,7.88,7.88,7.87,7.88,414849
2026-02-16T14:00:00+00:00,7.88,7.89,7.87,7.89,556213
2026-02-16T15:00:00+00:00,7.89,7.89,7.87,7.87,707084
2026-02-16T16:00:00+00:00,7.88,7.89,7.87,7.89,695957
2026-02-16T17:00:00+00:00,7.87,7.89,7.87,7.89,197575
2026-02-16T18:00:00+00:00,7.89,7.89,7.87,7.89,272177
2026-02-16T19:00:00+00:00,7.89,7.89,7.87,7.88,261781
2026-02-16T20:00:00+00:00,7.88,7.89,7.87,7.88,121356
2026-02-17T07:00:00+00:00,7.89,7.9399999999999995,7.85,7.89,1141669
2026-02-17T08:00:00+00:00,7.89,7.9,7.88,7.89,819532
2026-02-17T09:00:00+00:00,7.89,7.89,7.88,7.89,565439
2026-02-17T10:00:00+00:00,7.89,7.9,7.88,7.9,850139
2026-02-17T11:00:00+00:00,7.9,7.9,7.88,7.9,173553
2026-02-17T12:00:00+00:00,7.9,7.9,7.89,7.9,242553
2026-02-17T13:00:00+00:00,7.9,7.9,7.89,7.89,134735
2026-02-17T14:00:00+00:00,7.9,7.9,7.89,7.9,177669
2026-02-17T15:00:00+00:00,7.9,7.9,7.89,7.89,883759
2026-02-17T16:00:00+00:00,7.9,7.9,7.89,7.89,505393
2026-02-17T17:00:00+00:00,7.9,7.9,7.89,7.89,630744
2026-02-17T18:00:00+00:00,7.9,7.9,7.89,7.9,216243
2026-02-17T19:00:00+00:00,7.89,7.9,7.89,7.9,545459
2026-02-17T20:00:00+00:00,7.9,7.9,7.89,7.9,528783
2026-02-18T07:00:00+00:00,7.88,7.91,7.85,7.91,893609
2026-02-18T08:00:00+00:00,7.91,7.92,7.9,7.91,1525570
2026-02-18T09:00:00+00:00,7.92,7.92,7.91,7.92,871292
2026-02-18T10:00:00+00:00,7.92,7.92,7.91,7.92,609056
2026-02-18T11:00:00+00:00,7.92,7.92,7.9,7.91,6594288
2026-02-18T12:00:00+00:00,7.91,7.92,7.9,7.91,2141832
2026-02-18T13:00:00+00:00,7.9,7.92,7.9,7.92,588225
2026-02-18T14:00:00+00:00,7.92,7.92,7.9,7.91,324664
2026-02-18T15:00:00+00:00,7.91,7.92,7.9,7.92,593665
2026-02-18T16:00:00+00:00,7.92,7.92,7.91,7.92,460214
2026-02-18T17:00:00+00:00,7.92,7.93,7.91,7.92,379534
2026-02-18T18:00:00+00:00,7.92,7.93,7.91,7.93,369371
2026-02-18T19:00:00+00:00,7.93,7.93,7.92,7.93,499311
2026-02-18T20:00:00+00:00,7.93,7.9399999999999995,7.92,7.9399999999999995,252293
2026-02-19T07:00:00+00:00,7.88,7.97,7.88,7.93,627263
2026-02-19T08:00:00+00:00,7.93,7.93,7.92,7.93,543071
2026-02-19T09:00:00+00:00,7.93,7.93,7.92,7.93,306564
2026-02-19T10:00:00+00:00,7.93,7.93,7.92,7.93,421559
2026-02-19T11:00:00+00:00,7.93,7.93,7.91,7.92,2391413
2026-02-19T12:00:00+00:00,7.92,7.92,7.91,7.92,287289
2026-02-19T13:00:00+00:00,7.92,7.92,7.9,7.91,908648
2026-02-19T14:00:00+00:00,7.91,7.91,7.9,7.91,384718
2026-02-19T15:00:00+00:00,7.9,7.92,7.9,7.92,616981
2026-02-19T16:00:00+00:00,7.92,7.92,7.91,7.92,277283
2026-02-19T17:00:00+00:00,7.92,7.92,7.91,7.92,69124
2026-02-19T18:00:00+00:00,7.92,7.92,7.91,7.92,210881
2026-02-19T19:00:00+00:00,7.92,7.92,7.91,7.92,96048
2026-02-19T20:00:00+00:00,7.92,7.92,7.91,7.92,162066
2026-02-20T07:00:00+00:00,7.88,8.0,7.88,7.92,727874
2026-02-20T08:00:00+00:00,7.91,7.92,7.91,7.92,651977
2026-02-20T09:00:00+00:00,7.92,7.92,7.91,7.92,691302
2026-02-20T10:00:00+00:00,7.92,7.92,7.91,7.92,944576
2026-02-20T11:00:00+00:00,7.92,7.92,7.91,7.92,263012
2026-02-20T12:00:00+00:00,7.92,7.92,7.9,7.91,859258
2026-02-20T13:00:00+00:00,7.91,7.91,7.9,7.9,449509
2026-02-20T14:00:00+00:00,7.9,7.91,7.9,7.91,249828
2026-02-20T15:00:00+00:00,7.91,7.92,7.9,7.92,461894
2026-02-20T16:00:00+00:00,7.92,7.92,7.9,7.9,1083181
2026-02-20T17:00:00+00:00,7.91,7.91,7.9,7.91,358495
2026-02-20T18:00:00+00:00,7.91,7.91,7.9,7.91,239987
2026-02-20T19:00:00+00:00,7.91,7.91,7.9,7.91,279069
2026-02-20T20:00:00+00:00,7.9,7.91,7.9,7.9,283757
2026-02-24T07:00:00+00:00,7.95,7.95,7.7,7.93,2168186
2026-02-24T08:00:00+00:00,7.93,7.93,7.92,7.93,796825
2026-02-24T09:00:00+00:00,7.93,7.93,7.92,7.93,774960
2026-02-24T10:00:00+00:00,7.93,7.93,7.92,7.93,1149277
2026-02-24T11:00:00+00:00,7.92,7.93,7.92,7.93,425998
2026-02-24T12:00:00+00:00,7.93,7.93,7.92,7.93,576155
2026-02-24T13:00:00+00:00,7.93,7.93,7.92,7.92,220194
2026-02-24T14:00:00+00:00,7.92,7.93,7.92,7.93,413999
2026-02-24T15:00:00+00:00,7.92,7.9399999999999995,7.92,7.9399999999999995,1226027
2026-02-24T16:00:00+00:00,7.9399999999999995,7.95,7.93,7.9399999999999995,740121
2026-02-24T17:00:00+00:00,7.93,7.95,7.93,7.95,409969
2026-02-24T18:00:00+00:00,7.95,7.95,7.9399999999999995,7.95,932294
2026-02-24T19:00:00+00:00,7.95,7.95,7.9399999999999995,7.95,180530
2026-02-24T20:00:00+00:00,7.95,7.95,7.9399999999999995,7.95,344022
2026-02-25T07:00:00+00:00,7.97,7.97,7.93,7.95,994895
2026-02-25T08:00:00+00:00,7.95,7.95,7.93,7.9399999999999995,3512798
2026-02-25T09:00:00+00:00,7.9399999999999995,7.9399999999999995,7.93,7.9399999999999995,477229
2026-02-25T10:00:00+00:00,7.9399999999999995,7.9399999999999995,7.93,7.9399999999999995,719755
2026-02-25T11:00:00+00:00,7.9399999999999995,7.9399999999999995,7.92,7.9399999999999995,523360
2026-02-25T12:00:00+00:00,7.9399999999999995,7.9399999999999995,7.92,7.9399999999999995,1087941
2026-02-25T13:00:00+00:00,7.93,7.9399999999999995,7.93,7.9399999999999995,269843
2026-02-25T14:00:00+00:00,7.9399999999999995,7.9399999999999995,7.92,7.93,1254454
2026-02-25T15:00:00+00:00,7.93,7.9399999999999995,7.92,7.9399999999999995,805575
2026-02-25T16:00:00+00:00,7.9399999999999995,7.9399999999999995,7.92,7.9399999999999995,241900
2026-02-25T17:00:00+00:00,7.93,7.9399999999999995,7.93,7.9399999999999995,792652
2026-02-25T18:00:00+00:00,7.93,7.9399999999999995,7.93,7.9399999999999995,122080
2026-02-25T19:00:00+00:00,7.9399999999999995,7.9399999999999995,7.93,7.9399999999999995,88376
2026-02-25T20:00:00+00:00,7.93,7.9399999999999995,7.93,7.9399999999999995,102137
2026-02-26T07:00:00+00:00,7.96,7.98,7.92,7.9399999999999995,971795
2026-02-26T08:00:00+00:00,7.9399999999999995,7.9399999999999995,7.93,7.9399999999999995,1212415
2026-02-26T09:00:00+00:00,7.9399999999999995,7.9399999999999995,7.93,7.9399999999999995,395516
2026-02-26T10:00:00+00:00,7.9399999999999995,7.9399999999999995,7.93,7.9399999999999995,301769
2026-02-26T11:00:00+00:00,7.9399999999999995,7.9399999999999995,7.93,7.9399999999999995,680710
2026-02-26T12:00:00+00:00,7.9399999999999995,7.9399999999999995,7.93,7.9399999999999995,316677
2026-02-26T13:00:00+00:00,7.93,7.9399999999999995,7.93,7.9399999999999995,197282
2026-02-26T14:00:00+00:00,7.93,7.9399999999999995,7.91,7.92,3028190
2026-02-26T15:00:00+00:00,7.93,7.93,7.91,7.92,727510
2026-02-26T16:00:00+00:00,7.92,7.92,7.91,7.92,186957
2026-02-26T17:00:00+00:00,7.91,7.92,7.91,7.92,240137
2026-02-26T18:00:00+00:00,7.91,7.92,7.9,7.91,528919
2026-02-26T19:00:00+00:00,7.9,7.91,7.9,7.91,222704
2026-02-26T20:00:00+00:00,7.91,7.92,7.9,7.92,445981
2026-02-27T07:00:00+00:00,7.88,7.93,7.88,7.91,774766
2026-02-27T08:00:00+00:00,7.9,7.92,7.9,7.92,378317
2026-02-27T09:00:00+00:00,7.92,7.92,7.91,7.91,327162
2026-02-27T10:00:00+00:00,7.92,7.92,7.91,7.92,505365
2026-02-27T11:00:00+00:00,7.92,7.93,7.91,7.93,578887
2026-02-27T12:00:00+00:00,7.93,7.93,7.92,7.93,382608
2026-02-27T13:00:00+00:00,7.93,7.93,7.92,7.92,294194
2026-02-27T14:00:00+00:00,7.93,7.9399999999999995,7.92,7.93,497317
2026-02-27T15:00:00+00:00,7.9399999999999995,7.9399999999999995,7.93,7.9399999999999995,232406
2026-02-27T16:00:00+00:00,7.9399999999999995,7.9399999999999995,7.93,7.9399999999999995,298995
2026-02-27T17:00:00+00:00,7.9399999999999995,7.9399999999999995,7.93,7.9399999999999995,367751
2026-02-27T18:00:00+00:00,7.9399999999999995,7.9399999999999995,7.93,7.93,100179
2026-02-27T19:00:00+00:00,7.9399999999999995,7.95,7.93,7.95,574936
2026-02-27T20:00:00+00:00,7.95,7.95,7.9399999999999995,7.95,214259
2026-03-02T07:00:00+00:00,7.97,7.97,7.91,7.95,2783618
2026-03-02T08:00:00+00:00,7.95,7.95,7.9399999999999995,7.95,1256573
2026-03-02T09:00:00+00:00,7.95,7.95,7.9399999999999995,7.9399999999999995,977139
2026-03-02T10:00:00+00:00,7.95,7.95,7.9399999999999995,7.95,571240
2026-03-02T11:00:00+00:00,7.95,7.95,7.9399999999999995,7.95,489723
2026-03-02T12:00:00+00:00,7.95,7.95,7.9399999999999995,7.95,1168320
2026-03-02T13:00:00+00:00,7.9399999999999995,7.95,7.9399999999999995,7.95,2043453
2026-03-02T14:00:00+00:00,7.95,7.95,7.9399999999999995,7.95,2025319
2026-03-02T15:00:00+00:00,7.95,7.96,7.9399999999999995,7.96,742495
2026-03-02T16:00:00+00:00,7.96,7.96,7.95,7.96,618149
2026-03-02T17:00:00+00:00,7.96,7.96,7.95,7.96,212363
2026-03-02T18:00:00+00:00,7.96,7.96,7.95,7.95,321639
2026-03-02T19:00:00+00:00,7.95,7.96,7.95,7.96,119285
2026-03-02T20:00:00+00:00,7.96,7.96,7.95,7.96,767997
2026-03-03T07:00:00+00:00,7.92,8.1,7.92,7.96,1694125
2026-03-03T08:00:00+00:00,7.96,7.96,7.95,7.96,362786
2026-03-03T09:00:00+00:00,7.96,7.96,7.95,7.96,309131
2026-03-03T10:00:00+00:00,7.96,7.96,7.95,7.96,432852
2026-03-03T11:00:00+00:00,7.96,7.96,7.9399999999999995,7.95,3780199
2026-03-03T12:00:00+00:00,7.95,7.95,7.9399999999999995,7.95,717568
2026-03-03T13:00:00+00:00,7.95,7.95,7.9399999999999995,7.9399999999999995,574933
2026-03-03T14:00:00+00:00,7.95,7.96,7.9399999999999995,7.95,6867429
2026-03-03T15:00:00+00:00,7.9399999999999995,7.95,7.9399999999999995,7.95,450266
2026-03-03T16:00:00+00:00,7.95,7.95,7.9399999999999995,7.95,290663
2026-03-03T17:00:00+00:00,7.95,7.95,7.9399999999999995,7.95,137647
2026-03-03T18:00:00+00:00,7.9399999999999995,7.95,7.9399999999999995,7.95,273413
2026-03-03T19:00:00+00:00,7.9399999999999995,7.95,7.9399999999999995,7.95,121900
2026-03-03T20:00:00+00:00,7.95,7.95,7.9399999999999995,7.95,782647
2026-03-04T07:00:00+00:00,7.91,7.99,7.91,7.96,1579330
2026-03-04T08:00:00+00:00,7.96,7.96,7.95,7.96,467805
2026-03-04T09:00:00+00:00,7.96,7.96,7.95,7.96,462050
2026-03-04T10:00:00+00:00,7.96,7.96,7.95,7.96,526975
2026-03-04T11:00:00+00:00,7.96,7.96,7.95,7.95,1337501
2026-03-04T12:00:00+00:00,7.95,7.96,7.95,7.96,512944
2026-03-04T13:00:00+00:00,7.96,7.96,7.95,7.96,388133
2026-03-04T14:00:00+00:00,7.96,7.96,7.95,7.96,185220
2026-03-04T15:00:00+00:00,7.96,7.96,7.9399999999999995,7.9399999999999995,2273872
2026-03-04T16:00:00+00:00,7.95,7.96,7.9399999999999995,7.96,1336728
2026-03-04T17:00:00+00:00,7.96,7.96,7.95,7.96,150949
2026-03-04T18:00:00+00:00,7.96,7.96,7.95,7.96,169244
2026-03-04T19:00:00+00:00,7.96,7.96,7.95,7.95,148147
2026-03-04T20:00:00+00:00,7.96,7.96,7.95,7.96,352120
2026-03-05T07:00:00+00:00,7.96,7.97,7.9399999999999995,7.97,1635048
2026-03-05T08:00:00+00:00,7.97,7.97,7.95,7.96,1107923
2026-03-05T09:00:00+00:00,7.96,7.96,7.95,7.95,186739
2026-03-05T10:00:00+00:00,7.96,7.96,7.95,7.96,299168
2026-03-05T11:00:00+00:00,7.95,7.96,7.95,7.95,201203
2026-03-05T12:00:00+00:00,7.96,7.96,7.95,7.95,1304708
2026-03-05T13:00:00+00:00,7.96,7.96,7.95,7.96,1005490
2026-03-05T14:00:00+00:00,7.96,7.96,7.95,7.95,292531
2026-03-05T15:00:00+00:00,7.96,7.96,7.95,7.96,811389
2026-03-05T16:00:00+00:00,7.96,7.96,7.95,7.96,190098
2026-03-05T17:00:00+00:00,7.96,7.96,7.95,7.96,155610
2026-03-05T18:00:00+00:00,7.96,7.96,7.95,7.95,175142
2026-03-05T19:00:00+00:00,7.96,7.96,7.95,7.96,209239
2026-03-05T20:00:00+00:00,7.95,7.96,7.95,7.96,198122
2026-03-06T07:00:00+00:00,7.97,7.97,7.95,7.96,643030
2026-03-06T08:00:00+00:00,7.96,7.97,7.95,7.96,327076
2026-03-06T09:00:00+00:00,7.97,7.97,7.95,7.97,1194507
2026-03-06T10:00:00+00:00,7.97,7.97,7.96,7.97,596203
2026-03-06T11:00:00+00:00,7.97,7.97,7.96,7.97,2651393
2026-03-06T12:00:00+00:00,7.97,7.97,7.96,7.97,1452594
2026-03-06T13:00:00+00:00,7.97,7.97,7.96,7.97,712691
2026-03-06T14:00:00+00:00,7.97,7.97,7.96,7.96,673600
2026-03-06T15:00:00+00:00,7.96,7.97,7.96,7.96,427359
2026-03-06T16:00:00+00:00,7.97,7.97,7.96,7.97,246947
2026-03-06T17:00:00+00:00,7.97,7.97,7.96,7.96,153479
2026-03-06T18:00:00+00:00,7.97,7.97,7.96,7.97,153919
2026-03-06T19:00:00+00:00,7.97,7.97,7.96,7.97,472771
2026-03-06T20:00:00+00:00,7.97,7.97,7.96,7.97,214635
2026-03-09T07:00:00+00:00,7.96,7.98,7.9,7.96,1874666
2026-03-09T08:00:00+00:00,7.96,7.97,7.95,7.95,2251767
2026-03-09T09:00:00+00:00,7.95,7.97,7.95,7.97,699711
2026-03-09T10:00:00+00:00,7.97,7.97,7.96,7.97,294732
2026-03-09T11:00:00+00:00,7.97,7.97,7.96,7.97,442097
2026-03-09T12:00:00+00:00,7.97,7.97,7.96,7.97,318032
2026-03-09T13:00:00+00:00,7.97,7.97,7.96,7.97,934331
2026-03-09T14:00:00+00:00,7.96,7.97,7.96,7.97,223507
2026-03-09T15:00:00+00:00,7.96,7.97,7.96,7.96,1091158
2026-03-09T16:00:00+00:00,7.97,7.97,7.96,7.96,189049
2026-03-09T17:00:00+00:00,7.97,7.97,7.95,7.96,575596
2026-03-09T18:00:00+00:00,7.95,7.97,7.95,7.97,59672
2026-03-09T19:00:00+00:00,7.97,7.97,7.95,7.96,82504
2026-03-09T20:00:00+00:00,7.96,7.97,7.95,7.97,231082
2026-03-10T07:00:00+00:00,7.8,8.0,7.8,7.98,1878794
2026-03-10T08:00:00+00:00,7.98,7.98,7.97,7.98,1415911
2026-03-10T09:00:00+00:00,7.98,7.98,7.97,7.98,1194087
2026-03-10T10:00:00+00:00,7.98,7.98,7.97,7.98,557068
2026-03-10T11:00:00+00:00,7.98,7.98,7.97,7.98,2778374
2026-03-10T12:00:00+00:00,7.98,7.98,7.97,7.98,1026347
2026-03-10T13:00:00+00:00,7.98,7.98,7.97,7.98,754472
2026-03-10T14:00:00+00:00,7.98,7.98,7.97,7.98,433337
2026-03-10T15:00:00+00:00,7.98,7.98,7.97,7.98,276247
2026-03-10T16:00:00+00:00,7.98,7.98,7.97,7.98,355685
2026-03-10T17:00:00+00:00,7.98,7.98,7.97,7.98,541622
2026-03-10T18:00:00+00:00,7.98,7.99,7.97,7.99,540310
2026-03-10T19:00:00+00:00,7.99,7.99,7.97,7.98,658439
2026-03-10T20:00:00+00:00,7.98,7.98,7.97,7.98,69892
2026-03-11T07:00:00+00:00,7.98,7.99,7.97,7.99,741591
2026-03-11T08:00:00+00:00,7.99,7.99,7.98,7.99,714183
2026-03-11T09:00:00+00:00,7.99,7.99,7.98,7.99,474599
2026-03-11T10:00:00+00:00,7.99,7.99,7.98,7.99,348456
2026-03-11T11:00:00+00:00,7.99,7.99,7.98,7.99,370347
2026-03-11T12:00:00+00:00,7.99,7.99,7.98,7.99,942056
2026-03-11T13:00:00+00:00,7.99,7.99,7.98,7.99,236714
2026-03-11T14:00:00+00:00,7.99,7.99,7.98,7.99,197594
2026-03-11T15:00:00+00:00,7.99,7.99,7.98,7.98,1125371
2026-03-11T16:00:00+00:00,7.98,7.99,7.98,7.99,125645
2026-03-11T17:00:00+00:00,7.99,7.99,7.98,7.99,391514
2026-03-11T18:00:00+00:00,7.99,7.99,7.98,7.99,545505
2026-03-11T19:00:00+00:00,7.99,8.0,7.98,8.0,1858802
2026-03-11T20:00:00+00:00,8.0,8.0,7.99,7.99,309291
2026-03-12T07:00:00+00:00,7.98,8.01,7.98,8.01,1341410
2026-03-12T08:00:00+00:00,8.01,8.01,7.99,8.0,2886268
2026-03-12T09:00:00+00:00,8.0,8.0,7.99,8.0,617493
2026-03-12T10:00:00+00:00,8.0,8.0,7.99,8.0,492308
2026-03-12T11:00:00+00:00,8.0,8.0,7.99,8.0,1536856
2026-03-12T12:00:00+00:00,8.0,8.0,7.99,8.0,359800
2026-03-12T13:00:00+00:00,7.99,8.01,7.99,8.0,1370950
2026-03-12T14:00:00+00:00,8.01,8.01,8.0,8.01,752322
2026-03-12T15:00:00+00:00,8.01,8.02,8.0,8.02,2445267
2026-03-12T16:00:00+00:00,8.02,8.03,8.01,8.03,1943752
2026-03-12T17:00:00+00:00,8.03,8.04,8.02,8.03,1044292
2026-03-12T18:00:00+00:00,8.03,8.04,8.02,8.03,707681
2026-03-12T19:00:00+00:00,8.03,8.03,8.02,8.02,233372
2026-03-12T20:00:00+00:00,8.03,8.04,8.02,8.03,142459
2026-03-13T07:00:00+00:00,7.99,8.07,7.99,8.03,1993403
2026-03-13T08:00:00+00:00,8.02,8.03,8.02,8.03,1748261
2026-03-13T09:00:00+00:00,8.03,8.03,8.02,8.03,903328
2026-03-13T10:00:00+00:00,8.03,8.03,8.02,8.03,712811
2026-03-13T11:00:00+00:00,8.03,8.04,8.02,8.04,1370459
2026-03-13T12:00:00+00:00,8.04,8.04,8.03,8.04,729741
2026-03-13T13:00:00+00:00,8.04,8.04,8.03,8.03,592212
2026-03-13T14:00:00+00:00,8.03,8.05,8.03,8.04,4894023
2026-03-13T15:00:00+00:00,8.04,8.05,8.03,8.05,1371228
2026-03-13T16:00:00+00:00,8.05,8.06,8.04,8.05,1632111
2026-03-13T17:00:00+00:00,8.04,8.06,8.04,8.06,792150
2026-03-13T18:00:00+00:00,8.06,8.06,8.05,8.05,258788
2026-03-13T19:00:00+00:00,8.06,8.06,8.05,8.05,232841
2026-03-13T20:00:00+00:00,8.05,8.06,8.05,8.06,708178
2026-03-16T07:00:00+00:00,8.05,8.08,8.02,8.07,4453946
2026-03-16T08:00:00+00:00,8.07,8.07,8.06,8.07,2508165
2026-03-16T09:00:00+00:00,8.07,8.07,8.06,8.07,2061722
2026-03-16T10:00:00+00:00,8.07,8.07,8.06,8.07,2094139
2026-03-16T11:00:00+00:00,8.07,8.07,8.02,8.05,21940934
2026-03-16T12:00:00+00:00,8.05,8.06,8.04,8.05,1163470
2026-03-16T13:00:00+00:00,8.05,8.06,8.04,8.06,1447332
2026-03-16T14:00:00+00:00,8.05,8.06,8.04,8.06,2254335
2026-03-16T15:00:00+00:00,8.06,8.06,8.04,8.06,2240478
2026-03-16T16:00:00+00:00,8.06,8.06,8.04,8.06,1450181
2026-03-16T17:00:00+00:00,8.06,8.06,8.04,8.05,1759367
2026-03-16T18:00:00+00:00,8.05,8.05,8.04,8.05,782833
2026-03-16T19:00:00+00:00,8.05,8.05,8.04,8.05,420601
2026-03-16T20:00:00+00:00,8.04,8.05,8.04,8.05,1405131
2026-03-17T07:00:00+00:00,8.01,8.06,8.01,8.06,1964790
2026-03-17T08:00:00+00:00,8.06,8.06,8.05,8.05,1563333
2026-03-17T09:00:00+00:00,8.06,8.06,8.05,8.06,762244
2026-03-17T10:00:00+00:00,8.06,8.06,8.05,8.06,932117
2026-03-17T11:00:00+00:00,8.06,8.06,8.05,8.06,615774
2026-03-17T12:00:00+00:00,8.05,8.06,8.05,8.06,647824
2026-03-17T13:00:00+00:00,8.06,8.06,8.05,8.05,445601
2026-03-17T14:00:00+00:00,8.06,8.06,8.05,8.06,357748
2026-03-17T15:00:00+00:00,8.06,8.06,8.05,8.06,913658
2026-03-17T16:00:00+00:00,8.06,8.06,8.05,8.06,448567
2026-03-17T17:00:00+00:00,8.06,8.06,8.05,8.06,879229
2026-03-17T18:00:00+00:00,8.06,8.06,8.05,8.06,284565
2026-03-17T19:00:00+00:00,8.06,8.06,8.05,8.06,594173
2026-03-17T20:00:00+00:00,8.05,8.06,8.05,8.05,945529
2026-03-18T07:00:00+00:00,8.02,8.09,8.02,8.06,826690
2026-03-18T08:00:00+00:00,8.05,8.06,8.05,8.06,838626
2026-03-18T09:00:00+00:00,8.06,8.07,8.05,8.07,8545263
2026-03-18T10:00:00+00:00,8.07,8.07,8.05,8.07,1486695
2026-03-18T11:00:00+00:00,8.07,8.07,8.06,8.07,1012999
2026-03-18T12:00:00+00:00,8.07,8.07,8.05,8.06,3908093
2026-03-18T13:00:00+00:00,8.06,8.06,8.05,8.06,643204
2026-03-18T14:00:00+00:00,8.06,8.06,8.05,8.05,393573
2026-03-18T15:00:00+00:00,8.06,8.06,8.05,8.06,752833
2026-03-18T16:00:00+00:00,8.06,8.06,8.05,8.06,659031
2026-03-18T17:00:00+00:00,8.06,8.06,8.05,8.06,831009
2026-03-18T18:00:00+00:00,8.06,8.07,8.05,8.06,1513553
2026-03-18T19:00:00+00:00,8.07,8.07,8.05,8.06,280593
2026-03-18T20:00:00+00:00,8.05,8.07,8.05,8.06,1257690
2026-03-19T07:00:00+00:00,8.03,8.1,8.03,8.07,928413
2026-03-19T08:00:00+00:00,8.07,8.07,8.06,8.07,1149870
2026-03-19T09:00:00+00:00,8.07,8.07,8.06,8.07,1831677
2026-03-19T10:00:00+00:00,8.06,8.07,8.06,8.07,851527
2026-03-19T11:00:00+00:00,8.07,8.07,8.06,8.07,946097
2026-03-19T12:00:00+00:00,8.06,8.07,8.06,8.06,867237
2026-03-19T13:00:00+00:00,8.07,8.07,8.06,8.07,469797
2026-03-19T14:00:00+00:00,8.07,8.07,8.05,8.06,15060087
2026-03-19T15:00:00+00:00,8.06,8.06,8.05,8.06,746443
2026-03-19T16:00:00+00:00,8.05,8.06,8.05,8.06,474369
2026-03-19T17:00:00+00:00,8.06,8.06,8.05,8.06,264008
2026-03-19T18:00:00+00:00,8.05,8.06,8.05,8.05,390954
2026-03-19T19:00:00+00:00,8.06,8.06,8.02,8.03,3057460
2026-03-19T20:00:00+00:00,8.03,8.04,8.02,8.04,653596
2026-03-20T07:00:00+00:00,8.04,8.06,8.01,8.05,2384655
2026-03-20T08:00:00+00:00,8.06,8.06,8.04,8.06,3025483
2026-03-20T09:00:00+00:00,8.06,8.06,8.05,8.06,3178446
2026-03-20T10:00:00+00:00,8.06,8.08,8.05,8.06,14888905
2026-03-20T11:00:00+00:00,8.06,8.06,8.05,8.05,1551298
2026-03-20T12:00:00+00:00,8.06,8.06,8.05,8.06,555629
2026-03-20T13:00:00+00:00,8.06,8.06,8.05,8.06,674237
2026-03-20T14:00:00+00:00,8.06,8.06,8.05,8.06,684886
2026-03-20T15:00:00+00:00,8.06,8.06,8.05,8.06,462781
2026-03-20T16:00:00+00:00,8.06,8.06,8.04,8.04,2257104
2026-03-20T17:00:00+00:00,8.05,8.05,8.04,8.05,166797
2026-03-20T18:00:00+00:00,8.05,8.05,8.03,8.04,1469719
2026-03-20T19:00:00+00:00,8.04,8.04,8.03,8.04,244075
2026-03-20T20:00:00+00:00,8.04,8.06,8.03,8.05,1007576
2026-03-23T07:00:00+00:00,8.08,8.16,8.0,8.09,4329881
2026-03-23T08:00:00+00:00,8.09,8.09,8.07,8.07,4971593
2026-03-23T09:00:00+00:00,8.08,8.09,8.07,8.09,1949475
2026-03-23T10:00:00+00:00,8.09,8.09,8.07,8.07,1253923
2026-03-23T11:00:00+00:00,8.08,8.09,8.07,8.07,2056629
2026-03-23T12:00:00+00:00,8.08,8.08,8.07,8.07,1341657
2026-03-23T13:00:00+00:00,8.08,8.08,8.07,8.08,659256
2026-03-23T14:00:00+00:00,8.08,8.08,8.06,8.07,4660837
2026-03-23T15:00:00+00:00,8.07,8.07,8.06,8.07,636609
2026-03-23T16:00:00+00:00,8.07,8.07,8.06,8.07,357267
2026-03-23T17:00:00+00:00,8.06,8.07,8.06,8.06,199607
2026-03-23T18:00:00+00:00,8.07,8.07,8.06,8.06,321240
2026-03-23T19:00:00+00:00,8.07,8.07,8.06,8.07,666158
2026-03-23T20:00:00+00:00,8.06,8.07,8.06,8.06,1322271
2026-03-24T07:00:00+00:00,8.14,8.14,8.06,8.08,890402
2026-03-24T08:00:00+00:00,8.08,8.09,8.07,8.09,785334
2026-03-24T09:00:00+00:00,8.09,8.09,8.08,8.09,611656
2026-03-24T10:00:00+00:00,8.09,8.09,8.08,8.09,582972
2026-03-24T11:00:00+00:00,8.09,8.09,8.08,8.09,1657173
2026-03-24T12:00:00+00:00,8.09,8.09,8.08,8.09,1196757
2026-03-24T13:00:00+00:00,8.09,8.09,8.07,8.08,3171199
2026-03-24T14:00:00+00:00,8.08,8.08,8.07,8.08,554562
2026-03-24T15:00:00+00:00,8.07,8.08,8.07,8.08,1155536
2026-03-24T16:00:00+00:00,8.08,8.09,8.07,8.08,1562415
2026-03-24T17:00:00+00:00,8.08,8.09,8.07,8.08,172721
2026-03-24T18:00:00+00:00,8.08,8.09,8.07,8.08,634608
2026-03-24T19:00:00+00:00,8.09,8.09,8.08,8.09,468415
2026-03-24T20:00:00+00:00,8.09,8.09,8.08,8.08,110601
2026-03-25T07:00:00+00:00,8.09,8.12,8.08,8.09,930263
2026-03-25T08:00:00+00:00,8.09,8.09,8.08,8.09,426015
2026-03-25T09:00:00+00:00,8.09,8.09,8.08,8.09,809191
2026-03-25T10:00:00+00:00,8.09,8.09,8.08,8.09,1105752
2026-03-25T11:00:00+00:00,8.09,8.09,8.08,8.09,704098
2026-03-25T12:00:00+00:00,8.09,8.09,8.08,8.09,1097944
2026-03-25T13:00:00+00:00,8.09,8.09,8.08,8.08,389925
2026-03-25T14:00:00+00:00,8.09,8.09,8.08,8.08,4632899
2026-03-25T15:00:00+00:00,8.09,8.09,8.08,8.09,839795
2026-03-25T16:00:00+00:00,8.08,8.09,8.08,8.08,621533
2026-03-25T17:00:00+00:00,8.08,8.09,8.08,8.09,812329
2026-03-25T18:00:00+00:00,8.09,8.09,8.08,8.09,307398
2026-03-25T19:00:00+00:00,8.09,8.09,8.08,8.09,376501
2026-03-25T20:00:00+00:00,8.09,8.09,8.08,8.08,1369714
2026-03-26T07:00:00+00:00,8.09,8.39,7.86,8.09,1438756
2026-03-26T08:00:00+00:00,8.09,8.09,8.08,8.09,434764
2026-03-26T09:00:00+00:00,8.09,8.09,8.08,8.09,892526
2026-03-26T10:00:00+00:00,8.09,8.09,8.08,8.09,788289
2026-03-26T11:00:00+00:00,8.09,8.09,8.08,8.08,2119097
2026-03-26T12:00:00+00:00,8.09,8.09,8.08,8.09,395128
2026-03-26T13:00:00+00:00,8.09,8.09,8.08,8.09,804567
2026-03-26T14:00:00+00:00,8.09,8.1,8.08,8.09,992213
2026-03-26T15:00:00+00:00,8.1,8.1,8.08,8.1,1104204
2026-03-26T16:00:00+00:00,8.09,8.1,8.09,8.1,357516
2026-03-26T17:00:00+00:00,8.1,8.1,8.09,8.1,995671
2026-03-26T18:00:00+00:00,8.1,8.11,8.09,8.11,1493276
2026-03-26T19:00:00+00:00,8.11,8.11,8.1,8.11,508014
2026-03-26T20:00:00+00:00,8.11,8.12,8.1,8.11,923674
2026-03-27T07:00:00+00:00,8.12,8.15,7.87,8.09,1358012
2026-03-27T08:00:00+00:00,8.1,8.11,8.09,8.11,1605652
2026-03-27T09:00:00+00:00,8.11,8.11,8.09,8.1,2089905
2026-03-27T10:00:00+00:00,8.1,8.1,8.09,8.09,1708340
2026-03-27T11:00:00+00:00,8.1,8.1,8.09,8.1,551210
2026-03-27T12:00:00+00:00,8.1,8.11,8.09,8.1,1211804
2026-03-27T13:00:00+00:00,8.1,8.11,8.09,8.11,1270474
2026-03-27T14:00:00+00:00,8.11,8.11,8.1,8.11,1382651
2026-03-27T15:00:00+00:00,8.1,8.11,8.1,8.11,1290375
2026-03-27T16:00:00+00:00,8.11,8.11,8.1,8.11,613334
2026-03-27T17:00:00+00:00,8.11,8.11,8.1,8.1,1383628
2026-03-27T18:00:00+00:00,8.11,8.11,8.1,8.11,294651
2026-03-27T19:00:00+00:00,8.11,8.11,8.1,8.1,364242
2026-03-27T20:00:00+00:00,8.11,8.12,8.1,8.12,300874
2026-03-30T07:00:00+00:00,8.16,8.16,8.08,8.13,2882823
2026-03-30T08:00:00+00:00,8.13,8.13,8.12,8.13,2548477
2026-03-30T09:00:00+00:00,8.13,8.13,8.1,8.11,10657588
2026-03-30T10:00:00+00:00,8.11,8.11,8.1,8.11,1378865
2026-03-30T11:00:00+00:00,8.11,8.11,8.1,8.11,1224218
2026-03-30T12:00:00+00:00,8.11,8.11,8.1,8.11,675032
2026-03-30T13:00:00+00:00,8.11,8.11,8.1,8.1,883723
2026-03-30T14:00:00+00:00,8.11,8.11,8.1,8.11,1258249
2026-03-30T15:00:00+00:00,8.1,8.11,8.1,8.11,551500
2026-03-30T16:00:00+00:00,8.11,8.12,8.1,8.12,1015561
2026-03-30T17:00:00+00:00,8.11,8.12,8.11,8.12,535639
2026-03-30T18:00:00+00:00,8.12,8.12,8.11,8.11,133340
2026-03-30T19:00:00+00:00,8.11,8.12,8.1,8.1,4484205
2026-03-30T20:00:00+00:00,8.11,8.11,8.1,8.11,1441206
2026-03-31T07:00:00+00:00,8.16,8.24,8.1,8.12,1394326
2026-03-31T08:00:00+00:00,8.12,8.12,8.11,8.12,1097455
2026-03-31T09:00:00+00:00,8.12,8.12,8.11,8.12,1569196
2026-03-31T10:00:00+00:00,8.12,8.12,8.1,8.11,6335525
2026-03-31T11:00:00+00:00,8.11,8.11,8.1,8.11,1055756
2026-03-31T12:00:00+00:00,8.11,8.12,8.1,8.12,1686110
2026-03-31T13:00:00+00:00,8.12,8.12,8.11,8.11,1918333
2026-03-31T14:00:00+00:00,8.12,8.12,8.1,8.11,7841259
2026-03-31T15:00:00+00:00,8.11,8.11,8.1,8.11,529010
2026-03-31T16:00:00+00:00,8.11,8.11,8.1,8.1,692078
2026-03-31T17:00:00+00:00,8.11,8.11,8.1,8.11,197163
2026-03-31T18:00:00+00:00,8.1,8.11,8.1,8.1,823776
2026-03-31T19:00:00+00:00,8.11,8.11,8.1,8.11,351427
2026-03-31T20:00:00+00:00,8.11,8.11,8.1,8.11,2619143
2026-04-01T07:00:00+00:00,8.14,8.14,8.1,8.12,1946286
2026-04-01T08:00:00+00:00,8.12,8.12,8.11,8.12,991641
2026-04-01T09:00:00+00:00,8.11,8.12,8.11,8.12,3726111
2026-04-01T10:00:00+00:00,8.12,8.12,8.11,8.12,695907
2026-04-01T11:00:00+00:00,8.12,8.12,8.11,8.11,1294993
2026-04-01T12:00:00+00:00,8.12,8.12,8.11,8.12,988064
2026-04-01T13:00:00+00:00,8.12,8.12,8.11,8.11,1236290
2026-04-01T14:00:00+00:00,8.12,8.13,8.11,8.13,1530351
2026-04-01T15:00:00+00:00,8.13,8.13,8.11,8.13,4030860
2026-04-01T16:00:00+00:00,8.12,8.13,8.11,8.11,1480399
2026-04-01T17:00:00+00:00,8.13,8.13,8.11,8.13,1041467
2026-04-01T18:00:00+00:00,8.13,8.13,8.12,8.13,186564
2026-04-01T19:00:00+00:00,8.13,8.13,8.12,8.13,439758
2026-04-01T20:00:00+00:00,8.13,8.13,8.12,8.13,574534
2026-04-02T07:00:00+00:00,8.17,8.17,8.11,8.13,758261
2026-04-02T08:00:00+00:00,8.13,8.13,8.12,8.13,1010487
2026-04-02T09:00:00+00:00,8.13,8.13,8.12,8.12,2111111
2026-04-02T10:00:00+00:00,8.13,8.13,8.12,8.13,1637055
2026-04-02T11:00:00+00:00,8.13,8.13,8.12,8.13,658900
2026-04-02T12:00:00+00:00,8.12,8.13,8.12,8.13,767444
2026-04-02T13:00:00+00:00,8.12,8.13,8.12,8.13,1657170
2026-04-02T14:00:00+00:00,8.13,8.13,8.12,8.13,806295
2026-04-02T15:00:00+00:00,8.13,8.14,8.12,8.14,2090938
2026-04-02T16:00:00+00:00,8.14,8.14,8.13,8.14,2208568
2026-04-02T17:00:00+00:00,8.14,8.14,8.13,8.13,134598
2026-04-02T18:00:00+00:00,8.13,8.14,8.13,8.14,733527
2026-04-02T19:00:00+00:00,8.14,8.14,8.13,8.14,431155
2026-04-02T20:00:00+00:00,8.14,8.14,8.13,8.14,824284
2026-04-03T07:00:00+00:00,8.16,8.19,8.12,8.14,1301388
2026-04-03T08:00:00+00:00,8.14,8.14,8.13,8.14,1357183
2026-04-03T09:00:00+00:00,8.13,8.14,8.13,8.14,2663582
2026-04-03T10:00:00+00:00,8.14,8.14,8.13,8.14,1379039
2026-04-03T11:00:00+00:00,8.14,8.14,8.13,8.14,2000381
2026-04-03T12:00:00+00:00,8.14,8.14,8.13,8.14,926972
2026-04-03T13:00:00+00:00,8.14,8.14,8.13,8.14,1825689
2026-04-03T14:00:00+00:00,8.14,8.14,8.13,8.14,1019216
2026-04-03T15:00:00+00:00,8.14,8.16,8.13,8.15,3787904
2026-04-03T16:00:00+00:00,8.15,8.16,8.14,8.16,1346354
2026-04-03T17:00:00+00:00,8.16,8.16,8.15,8.16,677173
2026-04-03T18:00:00+00:00,8.16,8.18,8.15,8.17,3282462
2026-04-03T19:00:00+00:00,8.16,8.17,8.16,8.17,1217551
2026-04-03T20:00:00+00:00,8.17,8.17,8.16,8.17,1103253
2026-04-04T07:00:00+00:00,8.18,8.22,8.15,8.2,946442
2026-04-04T08:00:00+00:00,8.2,8.2,8.17,8.18,3958564
2026-04-04T09:00:00+00:00,8.18,8.19,8.17,8.19,1027949
2026-04-04T10:00:00+00:00,8.17,8.19,8.17,8.17,426183
2026-04-04T11:00:00+00:00,8.18,8.18,8.17,8.18,428995
2026-04-04T12:00:00+00:00,8.18,8.18,8.17,8.18,321277
2026-04-04T13:00:00+00:00,8.18,8.18,8.17,8.18,700060
2026-04-04T14:00:00+00:00,8.18,8.18,8.17,8.18,1184362
2026-04-04T15:00:00+00:00,8.18,8.2,8.17,8.2,1807938
2026-04-05T07:00:00+00:00,8.2,8.2,8.17,8.18,442967
2026-04-05T08:00:00+00:00,8.17,8.18,8.17,8.18,435876
2026-04-05T09:00:00+00:00,8.18,8.21,8.17,8.18,4768489
2026-04-05T10:00:00+00:00,8.18,8.18,8.17,8.17,1197933
2026-04-05T11:00:00+00:00,8.18,8.18,8.17,8.18,1632407
2026-04-05T12:00:00+00:00,8.18,8.18,8.17,8.18,191442
2026-04-05T13:00:00+00:00,8.18,8.18,8.17,8.18,786334
2026-04-05T14:00:00+00:00,8.17,8.18,8.17,8.18,575743
2026-04-05T15:00:00+00:00,8.18,8.18,8.17,8.18,498903
2026-04-06T07:00:00+00:00,8.2,8.2,8.15,8.16,12750209
2026-04-06T08:00:00+00:00,8.16,8.17,8.15,8.17,1834336
2026-04-06T09:00:00+00:00,8.17,8.17,8.16,8.16,1323052
2026-04-06T10:00:00+00:00,8.17,8.17,8.16,8.17,1677034
2026-04-06T11:00:00+00:00,8.17,8.17,8.16,8.17,849284
2026-04-06T12:00:00+00:00,8.17,8.17,8.16,8.17,2336235
2026-04-06T13:00:00+00:00,8.16,8.17,8.15,8.16,26879180
2026-04-06T14:00:00+00:00,8.16,8.16,8.15,8.16,2893765
2026-04-06T15:00:00+00:00,8.16,8.16,8.15,8.16,2686703
2026-04-06T16:00:00+00:00,8.16,8.16,8.15,8.16,373908
2026-04-06T17:00:00+00:00,8.16,8.16,8.15,8.16,653637
2026-04-06T18:00:00+00:00,8.16,8.16,8.15,8.16,631826
2026-04-06T19:00:00+00:00,8.16,8.16,8.15,8.16,571488
2026-04-06T20:00:00+00:00,8.16,8.16,8.15,8.16,2537091
2026-04-07T07:00:00+00:00,8.2,8.2,8.15,8.15,1510726
2026-04-07T08:00:00+00:00,8.15,8.16,8.15,8.16,3563312
2026-04-07T09:00:00+00:00,8.16,8.16,8.15,8.16,1025664
2026-04-07T10:00:00+00:00,8.16,8.16,8.15,8.16,479782
2026-04-07T11:00:00+00:00,8.16,8.16,8.15,8.16,806848
2026-04-07T12:00:00+00:00,8.16,8.16,8.15,8.16,888839
2026-04-07T13:00:00+00:00,8.15,8.16,8.15,8.16,607134
2026-04-07T14:00:00+00:00,8.16,8.16,8.15,8.16,1069800
2026-04-07T15:00:00+00:00,8.16,8.16,8.15,8.16,2234119
2026-04-07T16:00:00+00:00,8.16,8.16,8.15,8.15,1622934
2026-04-07T17:00:00+00:00,8.16,8.16,8.15,8.16,904959
2026-04-07T18:00:00+00:00,8.15,8.16,8.15,8.16,664096
2026-04-07T19:00:00+00:00,8.16,8.16,8.15,8.16,575316
2026-04-07T20:00:00+00:00,8.16,8.16,8.15,8.16,1466679
2026-04-08T07:00:00+00:00,8.12,8.2,7.84,8.14,4332290
2026-04-08T08:00:00+00:00,8.14,8.15,8.14,8.15,541046
2026-04-08T09:00:00+00:00,8.15,8.15,8.14,8.15,2301850
2026-04-08T10:00:00+00:00,8.15,8.15,8.14,8.15,631288
2026-04-08T11:00:00+00:00,8.15,8.15,8.14,8.14,1736724
2026-04-08T12:00:00+00:00,8.15,8.15,8.14,8.14,3589485
2026-04-08T13:00:00+00:00,8.15,8.15,8.14,8.14,472491
2026-04-08T14:00:00+00:00,8.14,8.15,8.14,8.15,489473
2026-04-08T15:00:00+00:00,8.15,8.15,8.13,8.14,18283916
2026-04-08T16:00:00+00:00,8.13,8.14,8.13,8.14,1976644
2026-04-08T17:00:00+00:00,8.14,8.14,8.12,8.13,2611060
2026-04-08T18:00:00+00:00,8.13,8.13,8.12,8.13,641498
2026-04-08T19:00:00+00:00,8.13,8.13,8.12,8.13,845910
2026-04-08T20:00:00+00:00,8.13,8.13,8.12,8.13,1670686
2026-04-09T07:00:00+00:00,8.15,8.15,8.12,8.14,1675526
2026-04-09T08:00:00+00:00,8.14,8.14,8.13,8.13,671962
2026-04-09T09:00:00+00:00,8.14,8.14,8.12,8.13,1527439
2026-04-09T10:00:00+00:00,8.13,8.13,8.12,8.13,975298
2026-04-09T11:00:00+00:00,8.12,8.13,8.12,8.13,930203
2026-04-09T12:00:00+00:00,8.13,8.13,8.12,8.13,1143956
2026-04-09T13:00:00+00:00,8.13,8.13,8.12,8.13,2007746
2026-04-09T14:00:00+00:00,8.13,8.13,8.12,8.13,412253
2026-04-09T15:00:00+00:00,8.13,8.14,8.12,8.13,1054462
2026-04-09T16:00:00+00:00,8.13,8.14,8.12,8.14,776138
2026-04-09T17:00:00+00:00,8.14,8.14,8.13,8.14,596427
2026-04-09T18:00:00+00:00,8.14,8.14,8.13,8.14,335770
2026-04-09T19:00:00+00:00,8.14,8.14,8.13,8.14,296835
2026-04-09T20:00:00+00:00,8.14,8.14,8.13,8.14,384535
2026-04-10T07:00:00+00:00,8.12,8.16,8.12,8.14,1575519
2026-04-10T08:00:00+00:00,8.14,8.15,8.13,8.15,3988113
2026-04-10T09:00:00+00:00,8.15,8.16,8.14,8.16,3641576
2026-04-10T10:00:00+00:00,8.16,8.16,8.14,8.16,1778403
2026-04-10T11:00:00+00:00,8.16,8.16,8.14,8.16,1942709
2026-04-10T12:00:00+00:00,8.15,8.16,8.15,8.16,489974
2026-04-10T13:00:00+00:00,8.16,8.16,8.15,8.16,735040
2026-04-10T14:00:00+00:00,8.15,8.16,8.15,8.16,736310
2026-04-10T15:00:00+00:00,8.15,8.16,8.15,8.16,1543988
2026-04-10T16:00:00+00:00,8.15,8.16,8.15,8.16,739121
2026-04-10T17:00:00+00:00,8.15,8.16,8.15,8.16,195111
2026-04-10T18:00:00+00:00,8.16,8.16,8.15,8.16,497221
2026-04-10T19:00:00+00:00,8.16,8.16,8.15,8.15,311810
2026-04-10T20:00:00+00:00,8.16,8.16,8.15,8.16,1698964
2026-04-11T07:00:00+00:00,8.19,8.19,8.15,8.17,247558
2026-04-11T08:00:00+00:00,8.17,8.17,8.16,8.17,211799
2026-04-11T09:00:00+00:00,8.17,8.17,8.16,8.17,567952
2026-04-11T10:00:00+00:00,8.16,8.17,8.16,8.17,449957
2026-04-11T11:00:00+00:00,8.17,8.17,8.16,8.16,309535
2026-04-11T12:00:00+00:00,8.17,8.17,8.16,8.17,188934
2026-04-11T13:00:00+00:00,8.17,8.17,8.16,8.16,315213
2026-04-11T14:00:00+00:00,8.17,8.17,8.16,8.17,1116236
2026-04-11T15:00:00+00:00,8.17,8.17,8.16,8.17,256534
2026-04-12T07:00:00+00:00,8.18,8.18,8.15,8.17,251011
2026-04-12T08:00:00+00:00,8.18,8.18,8.17,8.18,845826
2026-04-12T09:00:00+00:00,8.18,8.18,8.17,8.18,87044
2026-04-12T10:00:00+00:00,8.18,8.18,8.16,8.17,4277624
2026-04-12T11:00:00+00:00,8.17,8.17,8.16,8.17,114008
2026-04-12T12:00:00+00:00,8.16,8.17,8.16,8.16,74205
2026-04-12T13:00:00+00:00,8.16,8.17,8.16,8.17,264297
2026-04-12T14:00:00+00:00,8.17,8.17,8.16,8.16,77667
2026-04-12T15:00:00+00:00,8.17,8.17,8.15,8.15,3055787
2026-04-13T07:00:00+00:00,8.18,8.18,8.11,8.15,2927025
2026-04-13T08:00:00+00:00,8.16,8.16,8.15,8.16,879849
2026-04-13T09:00:00+00:00,8.16,8.16,8.15,8.16,2156779
2026-04-13T10:00:00+00:00,8.16,8.16,8.15,8.16,1191349
2026-04-13T11:00:00+00:00,8.16,8.17,8.15,8.16,4282613
2026-04-13T12:00:00+00:00,8.16,8.16,8.15,8.16,771387
2026-04-13T13:00:00+00:00,8.16,8.16,8.15,8.16,903296
2026-04-13T14:00:00+00:00,8.16,8.17,8.15,8.17,2736823
2026-04-13T15:00:00+00:00,8.17,8.17,8.16,8.17,956602
2026-04-13T16:00:00+00:00,8.17,8.17,8.16,8.17,1274149
2026-04-13T17:00:00+00:00,8.17,8.17,8.16,8.17,8463422
2026-04-13T18:00:00+00:00,8.16,8.17,8.16,8.17,310361
2026-04-13T19:00:00+00:00,8.17,8.17,8.16,8.17,602048
2026-04-13T20:00:00+00:00,8.17,8.17,8.16,8.16,1045508
2026-04-14T07:00:00+00:00,8.22,8.22,8.14,8.18,1740702
2026-04-14T08:00:00+00:00,8.18,8.18,8.17,8.18,529428
2026-04-14T09:00:00+00:00,8.18,8.18,8.17,8.18,1247554
2026-04-14T10:00:00+00:00,8.18,8.18,8.17,8.18,983407
2026-04-14T11:00:00+00:00,8.18,8.18,8.17,8.17,594868
2026-04-14T12:00:00+00:00,8.18,8.18,8.17,8.18,746149
2026-04-14T13:00:00+00:00,8.18,8.18,8.17,8.18,1299893
2026-04-14T14:00:00+00:00,8.18,8.18,8.17,8.18,629850
2026-04-14T15:00:00+00:00,8.18,8.18,8.16,8.17,5201935
2026-04-14T16:00:00+00:00,8.17,8.17,8.16,8.17,330379
2026-04-14T17:00:00+00:00,8.17,8.18,8.16,8.18,715964
2026-04-14T18:00:00+00:00,8.18,8.18,8.17,8.18,2244549
2026-04-14T19:00:00+00:00,8.18,8.18,8.17,8.18,149282
2026-04-14T20:00:00+00:00,8.18,8.18,8.17,8.17,1312389
2026-04-15T07:00:00+00:00,8.15,8.18,8.12,8.18,1809720
2026-04-15T08:00:00+00:00,8.18,8.18,8.15,8.17,7210267
2026-04-15T09:00:00+00:00,8.17,8.17,8.15,8.17,1566349
2026-04-15T10:00:00+00:00,8.17,8.17,8.15,8.16,907500
2026-04-15T11:00:00+00:00,8.16,8.17,8.15,8.17,594148
2026-04-15T12:00:00+00:00,8.17,8.17,8.16,8.17,863851
2026-04-15T13:00:00+00:00,8.17,8.17,8.16,8.17,415023
2026-04-15T14:00:00+00:00,8.17,8.17,8.16,8.17,360127
2026-04-15T15:00:00+00:00,8.17,8.17,8.16,8.17,565732
2026-04-15T16:00:00+00:00,8.17,8.18,8.16,8.18,1655767
2026-04-15T17:00:00+00:00,8.18,8.18,8.17,8.18,654893
2026-04-15T18:00:00+00:00,8.18,8.18,8.17,8.18,1041539
2026-04-15T19:00:00+00:00,8.18,8.19,8.17,8.18,345630
2026-04-15T20:00:00+00:00,8.19,8.19,8.18,8.19,486639
2026-04-16T07:00:00+00:00,8.16,8.2,8.16,8.18,3582309
2026-04-16T08:00:00+00:00,8.18,8.19,8.17,8.19,1933743
2026-04-16T09:00:00+00:00,8.18,8.19,8.17,8.18,3024976
2026-04-16T10:00:00+00:00,8.18,8.19,8.17,8.19,997212
2026-04-16T11:00:00+00:00,8.19,8.19,8.18,8.19,873630
2026-04-16T12:00:00+00:00,8.19,8.19,8.18,8.19,961706
2026-04-16T13:00:00+00:00,8.19,8.19,8.18,8.19,1818536
2026-04-16T14:00:00+00:00,8.19,8.2,8.18,8.2,5983655
2026-04-16T15:00:00+00:00,8.2,8.2,8.19,8.2,708090
2026-04-16T16:00:00+00:00,8.19,8.2,8.19,8.2,375652
2026-04-16T17:00:00+00:00,8.2,8.2,8.19,8.2,435076
2026-04-16T18:00:00+00:00,8.2,8.2,8.19,8.2,744821
2026-04-16T19:00:00+00:00,8.2,8.2,8.19,8.2,1134392
2026-04-16T20:00:00+00:00,8.2,8.21,8.19,8.21,938938
2026-04-17T07:00:00+00:00,8.23,8.23,8.18,8.21,2888170
2026-04-17T08:00:00+00:00,8.21,8.21,8.2,8.21,905785
2026-04-17T09:00:00+00:00,8.21,8.21,8.19,8.2,7416639
2026-04-17T10:00:00+00:00,8.2,8.2,8.19,8.2,496534
2026-04-17T11:00:00+00:00,8.2,8.2,8.19,8.2,1274091
2026-04-17T12:00:00+00:00,8.2,8.2,8.19,8.2,2462361
2026-04-17T13:00:00+00:00,8.19,8.2,8.19,8.19,2710555
2026-04-17T14:00:00+00:00,8.2,8.2,8.19,8.2,960330
2026-04-17T15:00:00+00:00,8.2,8.2,8.19,8.2,1371237
2026-04-17T16:00:00+00:00,8.2,8.21,8.19,8.2,1468257
2026-04-17T17:00:00+00:00,8.2,8.21,8.2,8.21,574053
2026-04-17T18:00:00+00:00,8.21,8.21,8.2,8.21,336264
2026-04-17T19:00:00+00:00,8.21,8.21,8.2,8.21,430066
2026-04-17T20:00:00+00:00,8.21,8.21,8.2,8.21,886263
2026-04-18T07:00:00+00:00,8.26,8.26,8.19,8.21,981830
2026-04-18T08:00:00+00:00,8.21,8.22,8.2,8.22,804794
2026-04-18T09:00:00+00:00,8.22,8.22,8.21,8.22,787881
2026-04-18T10:00:00+00:00,8.22,8.22,8.21,8.22,289083
2026-04-18T11:00:00+00:00,8.22,8.22,8.21,8.22,1207678
2026-04-18T12:00:00+00:00,8.22,8.22,8.21,8.21,501170
2026-04-18T13:00:00+00:00,8.21,8.22,8.21,8.22,275353
2026-04-18T14:00:00+00:00,8.22,8.22,8.21,8.22,162104
2026-04-18T15:00:00+00:00,8.21,8.22,8.21,8.21,413478
2026-04-19T07:00:00+00:00,8.23,8.23,8.2,8.22,571024
2026-04-19T08:00:00+00:00,8.21,8.22,8.2,8.21,3477823
2026-04-19T09:00:00+00:00,8.21,8.22,8.21,8.22,390724
2026-04-19T10:00:00+00:00,8.22,8.22,8.21,8.22,186994
2026-04-19T11:00:00+00:00,8.22,8.22,8.21,8.21,181678
2026-04-19T12:00:00+00:00,8.22,8.22,8.21,8.22,113006
2026-04-19T13:00:00+00:00,8.22,8.22,8.21,8.22,560513
2026-04-19T14:00:00+00:00,8.21,8.22,8.21,8.22,238630
2026-04-19T15:00:00+00:00,8.22,8.22,8.21,8.22,205783
2026-04-20T07:00:00+00:00,8.18,8.26,8.18,8.21,2982917
2026-04-20T08:00:00+00:00,8.2,8.21,8.2,8.21,5893577
2026-04-20T09:00:00+00:00,8.21,8.21,8.2,8.21,3027821
2026-04-20T10:00:00+00:00,8.21,8.21,8.2,8.21,712500
2026-04-20T11:00:00+00:00,8.21,8.21,8.2,8.21,860817
2026-04-20T12:00:00+00:00,8.21,8.21,8.2,8.21,4230137
2026-04-20T13:00:00+00:00,8.21,8.21,8.2,8.21,673423
2026-04-20T14:00:00+00:00,8.21,8.21,8.2,8.21,710569
2026-04-20T15:00:00+00:00,8.21,8.22,8.2,8.22,2794416
2026-04-20T16:00:00+00:00,8.22,8.23,8.21,8.23,2580252
2026-04-20T17:00:00+00:00,8.23,8.23,8.22,8.23,685461
2026-04-20T18:00:00+00:00,8.23,8.23,8.22,8.23,498479
2026-04-20T19:00:00+00:00,8.23,8.24,8.22,8.24,1214475
2026-04-20T20:00:00+00:00,8.24,8.24,8.22,8.24,811922
2026-04-21T07:00:00+00:00,8.25,8.28,8.21,8.22,6299817
2026-04-21T08:00:00+00:00,8.22,8.22,8.21,8.22,1877640
2026-04-21T09:00:00+00:00,8.22,8.22,8.21,8.22,1238787
2026-04-21T10:00:00+00:00,8.22,8.22,8.21,8.22,849955
2026-04-21T11:00:00+00:00,8.22,8.22,8.21,8.22,1150921
2026-04-21T12:00:00+00:00,8.22,8.22,8.21,8.22,1452004
2026-04-21T13:00:00+00:00,8.22,8.22,8.21,8.22,3774387
2026-04-21T14:00:00+00:00,8.22,8.22,8.21,8.21,986425
2026-04-21T15:00:00+00:00,8.22,8.22,8.21,8.22,1318159
2026-04-21T16:00:00+00:00,8.22,8.23,8.21,8.23,1644902
2026-04-21T17:00:00+00:00,8.23,8.23,8.22,8.23,1458925
2026-04-21T18:00:00+00:00,8.23,8.23,8.22,8.23,644281
2026-04-21T19:00:00+00:00,8.22,8.24,8.22,8.24,1013977
2026-04-21T20:00:00+00:00,8.24,8.24,8.22,8.23,1563441
2026-04-22T07:00:00+00:00,8.27,8.27,8.22,8.23,1689270
2026-04-22T08:00:00+00:00,8.23,8.23,8.22,8.23,1347503
2026-04-22T09:00:00+00:00,8.23,8.23,8.22,8.23,2255679
2026-04-22T10:00:00+00:00,8.23,8.23,8.22,8.23,620887
2026-04-22T11:00:00+00:00,8.23,8.24,8.22,8.24,2875055
2026-04-22T12:00:00+00:00,8.24,8.24,8.23,8.24,2278747
2026-04-22T13:00:00+00:00,8.24,8.24,8.23,8.24,1980357
2026-04-22T14:00:00+00:00,8.24,8.25,8.23,8.24,1832500
2026-04-22T15:00:00+00:00,8.25,8.25,8.24,8.25,1303525
2026-04-22T16:00:00+00:00,8.25,8.27,8.24,8.26,2815232
2026-04-22T17:00:00+00:00,8.27,8.27,8.26,8.26,772063
2026-04-22T18:00:00+00:00,8.26,8.27,8.26,8.27,1135109
2026-04-22T19:00:00+00:00,8.26,8.27,8.26,8.27,443495
2026-04-22T20:00:00+00:00,8.26,8.27,8.26,8.26,996683
2026-04-23T07:00:00+00:00,8.29,8.3,8.22,8.26,3951364
2026-04-23T08:00:00+00:00,8.26,8.26,8.25,8.26,1619899
2026-04-23T09:00:00+00:00,8.26,8.26,8.25,8.26,2505402
2026-04-23T10:00:00+00:00,8.26,8.26,8.25,8.26,2390374
2026-04-23T11:00:00+00:00,8.26,8.26,8.25,8.26,1229382
2026-04-23T12:00:00+00:00,8.26,8.26,8.25,8.26,1477098
2026-04-23T13:00:00+00:00,8.26,8.26,8.25,8.26,2547317
2026-04-23T14:00:00+00:00,8.26,8.26,8.25,8.26,1242889
2026-04-23T15:00:00+00:00,8.26,8.26,8.25,8.26,1386933
2026-04-23T16:00:00+00:00,8.26,8.26,8.25,8.26,1008167
2026-04-23T17:00:00+00:00,8.26,8.27,8.25,8.26,1349662
2026-04-23T18:00:00+00:00,8.26,8.27,8.26,8.27,721482
2026-04-23T19:00:00+00:00,8.27,8.27,8.26,8.27,1502096
2026-04-23T20:00:00+00:00,8.27,8.27,8.26,8.27,1201596
2026-04-24T07:00:00+00:00,8.27,8.29,8.25,8.28,3681995
2026-04-24T08:00:00+00:00,8.28,8.28,8.27,8.28,2578652
2026-04-24T09:00:00+00:00,8.28,8.28,8.27,8.28,3386624
2026-04-24T10:00:00+00:00,8.28,8.28,8.25,8.26,10299184
2026-04-24T11:00:00+00:00,8.26,8.26,8.21,8.24,8030655
2026-04-24T12:00:00+00:00,8.24,8.24,8.22,8.23,4457060
2026-04-24T13:00:00+00:00,8.22,8.23,8.21,8.23,2968555
2026-04-24T14:00:00+00:00,8.22,8.24,8.22,8.24,3217605
2026-04-24T15:00:00+00:00,8.24,8.24,8.23,8.24,1774641
2026-04-24T16:00:00+00:00,8.24,8.26,8.23,8.26,2899207
2026-04-24T17:00:00+00:00,8.26,8.26,8.25,8.26,294840
2026-04-24T18:00:00+00:00,8.26,8.26,8.25,8.25,614707
2026-04-24T19:00:00+00:00,8.26,8.26,8.24,8.25,1605602
2026-04-24T20:00:00+00:00,8.25,8.26,8.24,8.25,1450211
2026-04-25T07:00:00+00:00,8.28,8.28,8.23,8.23,1461299
2026-04-25T08:00:00+00:00,8.23,8.24,8.23,8.24,694714
2026-04-25T09:00:00+00:00,8.24,8.24,8.23,8.24,440035
2026-04-25T10:00:00+00:00,8.23,8.24,8.23,8.24,447945
2026-04-25T11:00:00+00:00,8.24,8.24,8.23,8.24,121789
2026-04-25T12:00:00+00:00,8.24,8.24,8.23,8.23,182242
2026-04-25T13:00:00+00:00,8.24,8.24,8.23,8.24,318341
2026-04-25T14:00:00+00:00,8.23,8.24,8.23,8.24,76099
2026-04-25T15:00:00+00:00,8.24,8.24,8.23,8.23,654750
2026-04-26T07:00:00+00:00,8.24,8.26,8.23,8.24,1729301
2026-04-26T08:00:00+00:00,8.24,8.24,8.23,8.24,752994
2026-04-26T09:00:00+00:00,8.24,8.24,8.23,8.24,151023
2026-04-26T10:00:00+00:00,8.24,8.24,8.23,8.24,1213980
2026-04-26T11:00:00+00:00,8.24,8.24,8.23,8.24,775058
2026-04-26T12:00:00+00:00,8.24,8.24,8.23,8.23,534270
2026-04-26T13:00:00+00:00,8.24,8.24,8.23,8.24,187915
2026-04-26T14:00:00+00:00,8.24,8.24,8.23,8.23,525720
2026-04-26T15:00:00+00:00,8.24,8.24,8.23,8.24,443187
2026-04-27T07:00:00+00:00,8.24,8.26,8.2,8.22,2912580
2026-04-27T08:00:00+00:00,8.22,8.24,8.22,8.24,2661538
2026-04-27T09:00:00+00:00,8.24,8.24,8.23,8.24,1211335
2026-04-27T10:00:00+00:00,8.24,8.24,8.23,8.24,1820443
2026-04-27T11:00:00+00:00,8.24,8.24,8.23,8.24,1069093
2026-04-27T12:00:00+00:00,8.24,8.24,8.23,8.24,711740
2026-04-27T13:00:00+00:00,8.24,8.24,8.23,8.24,2468458
2026-04-27T14:00:00+00:00,8.24,8.24,8.23,8.23,5403882
2026-04-27T15:00:00+00:00,8.23,8.23,8.22,8.23,2033147
2026-04-27T16:00:00+00:00,8.23,8.24,8.23,8.24,1527886
2026-04-27T17:00:00+00:00,8.24,8.24,8.23,8.24,528336
2026-04-27T18:00:00+00:00,8.24,8.24,8.23,8.24,339257
2026-04-27T19:00:00+00:00,8.24,8.24,8.22,8.23,1077767
2026-04-27T20:00:00+00:00,8.23,8.23,8.22,8.23,701777
2026-04-28T07:00:00+00:00,8.29,8.29,8.22,8.24,1458312
2026-04-28T08:00:00+00:00,8.23,8.24,8.23,8.24,1676671
2026-04-28T09:00:00+00:00,8.24,8.24,8.23,8.24,2037082
2026-04-28T10:00:00+00:00,8.24,8.24,8.23,8.24,1508773
2026-04-28T11:00:00+00:00,8.24,8.24,8.23,8.24,1988697
2026-04-28T12:00:00+00:00,8.23,8.24,8.23,8.23,1231343
2026-04-28T13:00:00+00:00,8.24,8.24,8.23,8.23,2310048
2026-04-28T14:00:00+00:00,8.23,8.24,8.23,8.24,1796424
2026-04-28T15:00:00+00:00,8.23,8.24,8.23,8.24,1109762
2026-04-28T16:00:00+00:00,8.24,8.24,8.23,8.24,678236
2026-04-28T17:00:00+00:00,8.24,8.24,8.23,8.24,550540
2026-04-28T18:00:00+00:00,8.24,8.24,8.23,8.24,400944
2026-04-28T19:00:00+00:00,8.24,8.24,8.23,8.24,389817
2026-04-28T20:00:00+00:00,8.23,8.24,8.23,8.24,471351
2026-04-29T07:00:00+00:00,8.23,8.28,8.23,8.24,3355650
2026-04-29T08:00:00+00:00,8.25,8.25,8.24,8.24,2710741
2026-04-29T09:00:00+00:00,8.25,8.25,8.24,8.24,3518129
2026-04-29T10:00:00+00:00,8.25,8.25,8.24,8.25,1104153
2026-04-29T11:00:00+00:00,8.25,8.25,8.24,8.25,2284806
2026-04-29T12:00:00+00:00,8.25,8.25,8.24,8.24,5459624
2026-04-29T13:00:00+00:00,8.24,8.25,8.24,8.24,1145167
2026-04-29T14:00:00+00:00,8.24,8.25,8.24,8.25,1435887
2026-04-29T15:00:00+00:00,8.25,8.25,8.24,8.25,2333782
2026-04-29T16:00:00+00:00,8.25,8.25,8.24,8.25,768858
2026-04-29T17:00:00+00:00,8.25,8.25,8.24,8.25,451171
2026-04-29T18:00:00+00:00,8.25,8.25,8.24,8.25,505631
2026-04-29T19:00:00+00:00,8.24,8.25,8.24,8.25,221050
2026-04-29T20:00:00+00:00,8.25,8.25,8.24,8.24,1713080
2026-04-30T07:00:00+00:00,8.26,8.26,8.23,8.24,1916316
2026-04-30T08:00:00+00:00,8.25,8.26,8.24,8.26,3544840
2026-04-30T09:00:00+00:00,8.26,8.26,8.25,8.26,1585899
2026-04-30T10:00:00+00:00,8.26,8.26,8.25,8.26,7249385
2026-04-30T11:00:00+00:00,8.26,8.26,8.25,8.26,2178215
2026-04-30T12:00:00+00:00,8.26,8.26,8.25,8.26,10290563
2026-04-30T13:00:00+00:00,8.26,8.26,8.24,8.25,5452363
2026-04-30T14:00:00+00:00,8.25,8.25,8.24,8.25,1033096
2026-04-30T15:00:00+00:00,8.25,8.25,8.24,8.25,749076
2026-04-30T16:00:00+00:00,8.25,8.26,8.24,8.26,2756828
2026-04-30T17:00:00+00:00,8.26,8.26,8.25,8.26,538924
2026-04-30T18:00:00+00:00,8.25,8.26,8.25,8.26,632521
2026-04-30T19:00:00+00:00,8.26,8.26,8.25,8.26,461451
2026-04-30T20:00:00+00:00,8.26,8.26,8.25,8.25,2760922
2026-05-01T07:00:00+00:00,8.23,8.26,8.22,8.26,836996
2026-05-01T08:00:00+00:00,8.26,8.26,8.25,8.26,1026670
2026-05-01T09:00:00+00:00,8.25,8.26,8.25,8.25,586064
2026-05-01T10:00:00+00:00,8.26,8.26,8.25,8.26,210215
2026-05-01T11:00:00+00:00,8.26,8.26,8.25,8.26,933529
2026-05-01T12:00:00+00:00,8.26,8.26,8.25,8.26,379993
2026-05-01T13:00:00+00:00,8.26,8.26,8.25,8.26,773501
2026-05-01T14:00:00+00:00,8.26,8.26,8.25,8.26,884271
2026-05-01T15:00:00+00:00,8.26,8.26,8.25,8.25,495263
2026-05-02T07:00:00+00:00,8.29,8.29,8.23,8.27,1462839
2026-05-02T08:00:00+00:00,8.27,8.27,8.26,8.27,325135
2026-05-02T09:00:00+00:00,8.26,8.27,8.26,8.27,501767
2026-05-02T10:00:00+00:00,8.27,8.27,8.26,8.27,381018
2026-05-02T11:00:00+00:00,8.27,8.27,8.26,8.27,967657
2026-05-02T12:00:00+00:00,8.27,8.27,8.26,8.26,195123
2026-05-02T13:00:00+00:00,8.26,8.27,8.26,8.27,251000
2026-05-02T14:00:00+00:00,8.26,8.27,8.26,8.26,400634
2026-05-02T15:00:00+00:00,8.27,8.27,8.26,8.27,746734
2026-05-03T07:00:00+00:00,8.26,8.28,8.23,8.28,1603064
2026-05-03T08:00:00+00:00,8.27,8.28,8.26,8.26,359133
2026-05-03T09:00:00+00:00,8.27,8.27,8.26,8.26,237742
2026-05-03T10:00:00+00:00,8.26,8.27,8.26,8.27,313056
2026-05-03T11:00:00+00:00,8.27,8.27,8.26,8.26,141206
2026-05-03T12:00:00+00:00,8.26,8.27,8.26,8.26,191862
2026-05-03T13:00:00+00:00,8.26,8.27,8.26,8.26,214242
2026-05-03T14:00:00+00:00,8.26,8.27,8.26,8.27,240051
2026-05-03T15:00:00+00:00,8.27,8.28,8.26,8.27,1954635
2026-05-04T07:00:00+00:00,8.28,8.28,8.23,8.26,2096623
2026-05-04T08:00:00+00:00,8.26,8.27,8.26,8.27,776170
2026-05-04T09:00:00+00:00,8.27,8.27,8.26,8.27,1286197
2026-05-04T10:00:00+00:00,8.27,8.27,8.26,8.26,1524290
2026-05-04T11:00:00+00:00,8.27,8.27,8.26,8.27,734276
2026-05-04T12:00:00+00:00,8.27,8.27,8.26,8.26,1524872
2026-05-04T13:00:00+00:00,8.27,8.27,8.26,8.27,1488124
2026-05-04T14:00:00+00:00,8.27,8.27,8.26,8.27,2570994
2026-05-04T15:00:00+00:00,8.27,8.27,8.26,8.26,891334
2026-05-04T16:00:00+00:00,8.26,8.27,8.26,8.26,469172
2026-05-04T17:00:00+00:00,8.27,8.27,8.26,8.27,542454
2026-05-04T18:00:00+00:00,8.27,8.27,8.26,8.27,1312532
2026-05-04T19:00:00+00:00,8.27,8.27,8.26,8.27,605009
2026-05-04T20:00:00+00:00,8.27,8.27,8.26,8.26,909470
2026-05-05T07:00:00+00:00,8.23,8.29,8.23,8.28,3068845
2026-05-05T08:00:00+00:00,8.27,8.28,8.26,8.27,6962305
2026-05-05T09:00:00+00:00,8.27,8.27,8.26,8.27,1271156
2026-05-05T10:00:00+00:00,8.27,8.27,8.26,8.27,446726
2026-05-05T11:00:00+00:00,8.27,8.27,8.26,8.26,716887
2026-05-05T12:00:00+00:00,8.27,8.27,8.26,8.27,2049165
2026-05-05T13:00:00+00:00,8.27,8.27,8.26,8.27,1975266
2026-05-05T14:00:00+00:00,8.27,8.27,8.26,8.27,707926
2026-05-05T15:00:00+00:00,8.27,8.27,8.26,8.27,780730
2026-05-05T16:00:00+00:00,8.27,8.27,8.26,8.26,838542
2026-05-05T17:00:00+00:00,8.27,8.27,8.26,8.26,439680
2026-05-05T18:00:00+00:00,8.26,8.27,8.26,8.27,813568
2026-05-05T19:00:00+00:00,8.27,8.27,8.26,8.27,753174
2026-05-05T20:00:00+00:00,8.27,8.27,8.26,8.27,2720858
2026-05-06T07:00:00+00:00,8.28,8.28,8.26,8.26,2015613
2026-05-06T08:00:00+00:00,8.27,8.27,8.26,8.27,1111820
2026-05-06T09:00:00+00:00,8.27,8.27,8.26,8.27,2196551
2026-05-06T10:00:00+00:00,8.27,8.27,8.26,8.27,2427485
2026-05-06T11:00:00+00:00,8.27,8.27,8.26,8.27,701225
2026-05-06T12:00:00+00:00,8.26,8.27,8.26,8.27,1629839
2026-05-06T13:00:00+00:00,8.27,8.27,8.26,8.27,783423
2026-05-06T14:00:00+00:00,8.27,8.27,8.26,8.26,546080
2026-05-06T15:00:00+00:00,8.27,8.27,8.26,8.27,760466
2026-05-06T16:00:00+00:00,8.27,8.27,8.26,8.27,1648444
2026-05-06T17:00:00+00:00,8.26,8.27,8.26,8.27,1069082
2026-05-06T18:00:00+00:00,8.27,8.27,8.26,8.27,1297022
2026-05-06T19:00:00+00:00,8.26,8.27,8.26,8.27,458921
2026-05-06T20:00:00+00:00,8.27,8.27,8.25,8.26,3218406
2026-05-07T07:00:00+00:00,8.28,8.28,8.25,8.27,1141966
2026-05-07T08:00:00+00:00,8.27,8.27,8.26,8.27,3732468
2026-05-07T09:00:00+00:00,8.27,8.27,8.25,8.27,3580161
2026-05-07T10:00:00+00:00,8.27,8.27,8.26,8.27,1151893
2026-05-07T11:00:00+00:00,8.27,8.27,8.26,8.27,545022
2026-05-07T12:00:00+00:00,8.26,8.27,8.26,8.27,589912
2026-05-07T13:00:00+00:00,8.26,8.27,8.26,8.26,1078364
2026-05-07T14:00:00+00:00,8.27,8.27,8.26,8.26,545346
2026-05-07T15:00:00+00:00,8.27,8.27,8.25,8.26,1068208
2026-05-07T16:00:00+00:00,8.26,8.26,8.25,8.26,1552407
2026-05-07T17:00:00+00:00,8.26,8.27,8.25,8.27,675945
2026-05-07T18:00:00+00:00,8.27,8.27,8.26,8.27,139211
2026-05-07T19:00:00+00:00,8.27,8.27,8.26,8.27,428151
2026-05-07T20:00:00+00:00,8.27,8.27,8.25,8.27,1076746
2026-05-08T07:00:00+00:00,8.15,8.31,8.1,8.26,2644345
2026-05-08T08:00:00+00:00,8.26,8.26,8.25,8.26,855116
2026-05-08T09:00:00+00:00,8.26,8.26,8.25,8.26,475829
2026-05-08T10:00:00+00:00,8.26,8.26,8.25,8.26,931441
2026-05-08T11:00:00+00:00,8.26,8.26,8.25,8.26,798797
2026-05-08T12:00:00+00:00,8.25,8.26,8.25,8.25,1001753
2026-05-08T13:00:00+00:00,8.25,8.26,8.25,8.26,1671785
2026-05-08T14:00:00+00:00,8.25,8.26,8.25,8.25,969746
2026-05-08T15:00:00+00:00,8.26,8.26,8.25,8.26,1019143
2026-05-08T16:00:00+00:00,8.26,8.26,8.25,8.25,874718
2026-05-08T17:00:00+00:00,8.26,8.26,8.25,8.26,4543765
2026-05-08T18:00:00+00:00,8.26,8.26,8.25,8.26,2206690
2026-05-08T19:00:00+00:00,8.26,8.26,8.25,8.26,1681661
2026-05-08T20:00:00+00:00,8.26,8.26,8.25,8.26,1136998
2026-05-09T07:00:00+00:00,8.26,8.27,8.25,8.27,431116
2026-05-09T08:00:00+00:00,8.26,8.27,8.25,8.27,200296
2026-05-09T09:00:00+00:00,8.26,8.27,8.25,8.26,77378
2026-05-09T10:00:00+00:00,8.26,8.27,8.25,8.26,140509
2026-05-09T11:00:00+00:00,8.27,8.27,8.25,8.25,241400
2026-05-09T12:00:00+00:00,8.26,8.26,8.25,8.26,93827
2026-05-09T13:00:00+00:00,8.26,8.26,8.25,8.26,107999
2026-05-09T14:00:00+00:00,8.26,8.26,8.25,8.25,98924
2026-05-09T15:00:00+00:00,8.26,8.26,8.25,8.26,1400260
2026-05-10T07:00:00+00:00,8.25,8.29,8.25,8.26,289074
2026-05-10T08:00:00+00:00,8.25,8.26,8.25,8.26,160290
2026-05-10T09:00:00+00:00,8.25,8.26,8.25,8.25,119444
2026-05-10T10:00:00+00:00,8.26,8.26,8.25,8.26,64371
2026-05-10T11:00:00+00:00,8.26,8.26,8.25,8.26,206633
2026-05-10T12:00:00+00:00,8.26,8.26,8.25,8.25,127267
2026-05-10T13:00:00+00:00,8.26,8.26,8.25,8.26,365532
2026-05-10T14:00:00+00:00,8.26,8.26,8.25,8.26,281000
2026-05-10T15:00:00+00:00,8.25,8.26,8.25,8.25,862589
2026-05-11T07:00:00+00:00,8.25,8.29,8.24,8.27,4276688
2026-05-11T08:00:00+00:00,8.28,8.28,8.27,8.28,1676860
2026-05-11T09:00:00+00:00,8.27,8.28,8.27,8.28,1839878
2026-05-11T10:00:00+00:00,8.28,8.28,8.27,8.28,1873738
2026-05-11T11:00:00+00:00,8.28,8.28,8.27,8.28,309353
2026-05-11T12:00:00+00:00,8.28,8.28,8.27,8.28,322136
2026-05-11T13:00:00+00:00,8.27,8.28,8.27,8.27,323101
2026-05-11T14:00:00+00:00,8.27,8.28,8.27,8.28,196849
2026-05-11T15:00:00+00:00,8.28,8.28,8.27,8.28,895366
2026-05-11T16:00:00+00:00,8.28,8.28,8.27,8.28,127201
2026-05-11T17:00:00+00:00,8.28,8.28,8.27,8.28,474243
2026-05-11T18:00:00+00:00,8.27,8.28,8.27,8.28,361564
2026-05-11T19:00:00+00:00,8.28,8.28,8.27,8.28,254662
2026-05-11T20:00:00+00:00,8.28,8.28,8.27,8.28,627192
2026-05-12T07:00:00+00:00,8.29,8.29,8.26,8.28,3838161
2026-05-12T08:00:00+00:00,8.28,8.28,8.27,8.28,1007003
2026-05-12T09:00:00+00:00,8.28,8.28,8.27,8.27,570562
2026-05-12T10:00:00+00:00,8.28,8.28,8.27,8.28,496566
2026-05-12T11:00:00+00:00,8.28,8.28,8.27,8.28,971717
2026-05-12T12:00:00+00:00,8.28,8.28,8.27,8.28,1329103
2026-05-12T13:00:00+00:00,8.28,8.28,8.27,8.28,862453
2026-05-12T14:00:00+00:00,8.27,8.28,8.27,8.27,1866311
2026-05-12T15:00:00+00:00,8.27,8.28,8.27,8.28,825656
2026-05-12T16:00:00+00:00,8.28,8.28,8.27,8.28,773272
2026-05-12T17:00:00+00:00,8.28,8.28,8.27,8.28,637354
2026-05-12T18:00:00+00:00,8.27,8.28,8.27,8.28,340050
2026-05-12T19:00:00+00:00,8.28,8.28,8.27,8.28,380307
2026-05-12T20:00:00+00:00,8.28,8.28,8.27,8.28,1968589
2026-05-13T07:00:00+00:00,8.25,8.3,8.25,8.28,1040632
2026-05-13T08:00:00+00:00,8.28,8.28,8.27,8.28,482824
2026-05-13T09:00:00+00:00,8.28,8.28,8.27,8.28,619256
2026-05-13T10:00:00+00:00,8.28,8.28,8.27,8.28,982819
2026-05-13T11:00:00+00:00,8.27,8.28,8.27,8.28,915638
2026-05-13T12:00:00+00:00,8.28,8.28,8.27,8.28,1131791
2026-05-13T13:00:00+00:00,8.27,8.28,8.27,8.27,2269766
2026-05-13T14:00:00+00:00,8.28,8.28,8.27,8.28,1340721
2026-05-13T15:00:00+00:00,8.28,8.28,8.27,8.28,902265
2026-05-13T16:00:00+00:00,8.28,8.28,8.27,8.28,254533
2026-05-13T17:00:00+00:00,8.28,8.28,8.27,8.28,242881
2026-05-13T18:00:00+00:00,8.28,8.28,8.27,8.27,321540
2026-05-13T19:00:00+00:00,8.27,8.28,8.27,8.28,585260
2026-05-13T20:00:00+00:00,8.28,8.28,8.27,8.28,1944946
2026-05-14T07:00:00+00:00,8.32,8.32,8.24,8.28,2474597
2026-05-14T08:00:00+00:00,8.28,8.28,8.27,8.28,909623
2026-05-14T09:00:00+00:00,8.28,8.28,8.27,8.28,726436
2026-05-14T10:00:00+00:00,8.28,8.28,8.27,8.28,489424
2026-05-14T11:00:00+00:00,8.28,8.28,8.27,8.28,413623
2026-05-14T12:00:00+00:00,8.28,8.28,8.26,8.27,12070493
2026-05-14T13:00:00+00:00,8.27,8.27,8.26,8.27,2393047
2026-05-14T14:00:00+00:00,8.27,8.27,8.26,8.26,352059
2026-05-14T15:00:00+00:00,8.27,8.27,8.26,8.27,814546
2026-05-14T16:00:00+00:00,8.26,8.27,8.26,8.27,672261
2026-05-14T17:00:00+00:00,8.27,8.27,8.26,8.26,226227
2026-05-14T18:00:00+00:00,8.27,8.27,8.26,8.26,345936
2026-05-14T19:00:00+00:00,8.27,8.27,8.26,8.26,2089264
2026-05-14T20:00:00+00:00,8.27,8.27,8.26,8.27,749437
2026-05-15T07:00:00+00:00,8.36,8.36,8.25,8.28,2119045
2026-05-15T08:00:00+00:00,8.28,8.28,8.27,8.27,1090953
2026-05-15T09:00:00+00:00,8.28,8.28,8.27,8.28,1361287
2026-05-15T10:00:00+00:00,8.28,8.28,8.27,8.28,1150544
2026-05-15T11:00:00+00:00,8.27,8.28,8.27,8.28,3291244
2026-05-15T12:00:00+00:00,8.28,8.28,8.27,8.28,642264
2026-05-15T13:00:00+00:00,8.28,8.28,8.27,8.28,1234899
2026-05-15T14:00:00+00:00,8.27,8.28,8.27,8.28,953150
2026-05-15T15:00:00+00:00,8.28,8.28,8.27,8.27,1508020
2026-05-15T16:00:00+00:00,8.28,8.28,8.26,8.27,1443227
2026-05-15T17:00:00+00:00,8.27,8.27,8.26,8.27,228146
2026-05-15T18:00:00+00:00,8.27,8.27,8.26,8.27,432218
2026-05-15T19:00:00+00:00,8.27,8.27,8.26,8.27,186239
2026-05-15T20:00:00+00:00,8.27,8.27,8.26,8.27,610890
2026-05-16T07:00:00+00:00,8.32,8.32,8.27,8.28,655791
2026-05-16T08:00:00+00:00,8.28,8.28,8.27,8.27,386237
2026-05-16T09:00:00+00:00,8.28,8.28,8.27,8.28,171632
2026-05-16T10:00:00+00:00,8.28,8.28,8.27,8.28,82222
2026-05-16T11:00:00+00:00,8.28,8.28,8.27,8.28,244031
2026-05-16T12:00:00+00:00,8.27,8.28,8.27,8.27,254293
2026-05-16T13:00:00+00:00,8.28,8.28,8.27,8.28,118377
2026-05-16T14:00:00+00:00,8.27,8.28,8.27,8.27,61549
2026-05-16T15:00:00+00:00,8.28,8.28,8.27,8.27,469117
2026-05-17T07:00:00+00:00,8.3,8.3,8.27,8.28,744934
2026-05-17T08:00:00+00:00,8.28,8.28,8.27,8.28,229250
2026-05-17T09:00:00+00:00,8.28,8.28,8.27,8.28,208995
2026-05-17T10:00:00+00:00,8.28,8.28,8.27,8.28,241883
2026-05-17T11:00:00+00:00,8.28,8.28,8.27,8.27,525492
2026-05-17T12:00:00+00:00,8.28,8.28,8.27,8.28,500956
2026-05-17T13:00:00+00:00,8.28,8.28,8.27,8.28,395383
2026-05-17T14:00:00+00:00,8.28,8.28,8.27,8.28,121759
2026-05-17T15:00:00+00:00,8.27,8.28,8.27,8.27,4380769
2026-05-18T07:00:00+00:00,8.32,8.32,8.26,8.3,12900848
2026-05-18T08:00:00+00:00,8.3,8.3,8.28,8.29,2988111
2026-05-18T09:00:00+00:00,8.29,8.29,8.28,8.29,711340
2026-05-18T10:00:00+00:00,8.28,8.29,8.28,8.29,557387
2026-05-18T11:00:00+00:00,8.29,8.29,8.28,8.29,313179
2026-05-18T12:00:00+00:00,8.29,8.29,8.28,8.28,1149865
2026-05-18T13:00:00+00:00,8.28,8.29,8.28,8.29,944137
2026-05-18T14:00:00+00:00,8.28,8.29,8.28,8.29,1822402
2026-05-18T15:00:00+00:00,8.28,8.29,8.28,8.29,1187505
2026-05-18T16:00:00+00:00,8.29,8.29,8.28,8.29,993614
2026-05-18T17:00:00+00:00,8.29,8.29,8.28,8.28,440322
2026-05-18T18:00:00+00:00,8.29,8.29,8.28,8.29,531307
2026-05-18T19:00:00+00:00,8.28,8.29,8.28,8.29,767649
2026-05-18T20:00:00+00:00,8.29,8.29,8.28,8.29,574010
2026-05-19T07:00:00+00:00,8.29,8.3,8.27,8.29,2226784
2026-05-19T08:00:00+00:00,8.28,8.29,8.28,8.28,1851722
2026-05-19T09:00:00+00:00,8.29,8.29,8.28,8.29,661485
2026-05-19T10:00:00+00:00,8.29,8.29,8.28,8.29,993405
2026-05-19T11:00:00+00:00,8.28,8.29,8.28,8.29,512014
2026-05-19T12:00:00+00:00,8.28,8.29,8.28,8.29,378484
2026-05-19T13:00:00+00:00,8.28,8.29,8.28,8.29,1305927
2026-05-19T14:00:00+00:00,8.29,8.29,8.28,8.29,748476
2026-05-19T15:00:00+00:00,8.29,8.29,8.28,8.28,492335
2026-05-19T16:00:00+00:00,8.28,8.29,8.28,8.29,319638
2026-05-19T17:00:00+00:00,8.29,8.29,8.28,8.28,427287
2026-05-19T18:00:00+00:00,8.29,8.29,8.28,8.28,148965
2026-05-19T19:00:00+00:00,8.29,8.29,8.28,8.29,1454000
2026-05-19T20:00:00+00:00,8.28,8.29,8.28,8.28,832013
2026-05-20T07:00:00+00:00,8.28,8.29,8.27,8.29,2161672
2026-05-20T08:00:00+00:00,8.28,8.29,8.28,8.29,1474173
2026-05-20T09:00:00+00:00,8.29,8.29,8.28,8.29,1120393
2026-05-20T10:00:00+00:00,8.29,8.29,8.28,8.29,1159179
2026-05-20T11:00:00+00:00,8.29,8.29,8.28,8.28,1563850
2026-05-20T12:00:00+00:00,8.29,8.29,8.28,8.29,568155
2026-05-20T13:00:00+00:00,8.29,8.29,8.28,8.29,1241669
2026-05-20T14:00:00+00:00,8.29,8.29,8.28,8.28,1570123
2026-05-20T15:00:00+00:00,8.29,8.29,8.28,8.29,779340
2026-05-20T16:00:00+00:00,8.29,8.29,8.28,8.29,326200
2026-05-20T17:00:00+00:00,8.29,8.29,8.28,8.29,1446232
2026-05-20T18:00:00+00:00,8.29,8.29,8.28,8.28,209994
2026-05-20T19:00:00+00:00,8.29,8.29,8.28,8.29,197448
2026-05-20T20:00:00+00:00,8.29,8.29,8.28,8.28,4162245
2026-05-21T07:00:00+00:00,8.3,8.3,8.28,8.29,3515722
2026-05-21T08:00:00+00:00,8.3,8.3,8.29,8.3,990636
2026-05-21T09:00:00+00:00,8.3,8.3,8.29,8.3,554175
2026-05-21T10:00:00+00:00,8.3,8.3,8.29,8.3,1876296
2026-05-21T11:00:00+00:00,8.3,8.3,8.29,8.29,2998306
2026-05-21T12:00:00+00:00,8.3,8.3,8.29,8.3,2552135
2026-05-21T13:00:00+00:00,8.3,8.3,8.29,8.3,577814
2026-05-21T14:00:00+00:00,8.3,8.3,8.29,8.3,1811260
2026-05-21T15:00:00+00:00,8.29,8.3,8.29,8.3,1237362
2026-05-21T16:00:00+00:00,8.3,8.3,8.29,8.29,388095
2026-05-21T17:00:00+00:00,8.3,8.3,8.29,8.3,918914
2026-05-21T18:00:00+00:00,8.29,8.3,8.29,8.3,327414
2026-05-21T19:00:00+00:00,8.3,8.3,8.29,8.3,400325
2026-05-21T20:00:00+00:00,8.3,8.3,8.29,8.3,266461
2026-05-22T07:00:00+00:00,8.26,8.35,8.26,8.31,1325103
2026-05-22T08:00:00+00:00,8.31,8.31,8.3,8.31,2894312
2026-05-22T09:00:00+00:00,8.31,8.31,8.3,8.31,539310
2026-05-22T10:00:00+00:00,8.31,8.31,8.3,8.31,1059316
2026-05-22T11:00:00+00:00,8.31,8.31,8.3,8.3,2607079
2026-05-22T12:00:00+00:00,8.31,8.31,8.3,8.31,1577142
2026-05-22T13:00:00+00:00,8.31,8.31,8.3,8.31,1170296
2026-05-22T14:00:00+00:00,8.31,8.31,8.3,8.31,642420
2026-05-22T15:00:00+00:00,8.31,8.31,8.3,8.3,1771283
2026-05-22T16:00:00+00:00,8.31,8.31,8.3,8.31,581311
2026-05-22T17:00:00+00:00,8.31,8.31,8.3,8.31,809176
2026-05-22T18:00:00+00:00,8.31,8.31,8.3,8.31,334338
2026-05-22T19:00:00+00:00,8.31,8.31,8.3,8.31,382066
2026-05-22T20:00:00+00:00,8.31,8.31,8.3,8.31,181734
2026-05-23T07:00:00+00:00,8.27,8.32,8.27,8.31,409658
2026-05-23T08:00:00+00:00,8.3,8.35,8.3,8.32,438287
2026-05-23T09:00:00+00:00,8.31,8.33,8.31,8.32,818272
2026-05-23T10:00:00+00:00,8.32,8.33,8.31,8.33,215977
2026-05-23T11:00:00+00:00,8.32,8.33,8.31,8.33,325532
2026-05-23T12:00:00+00:00,8.33,8.33,8.32,8.33,410228
2026-05-23T13:00:00+00:00,8.32,8.33,8.32,8.33,163648
2026-05-23T14:00:00+00:00,8.33,8.33,8.32,8.33,128141
2026-05-23T15:00:00+00:00,8.32,8.33,8.32,8.32,313365
2026-05-24T07:00:00+00:00,8.4,8.4,8.3,8.33,429379
2026-05-24T08:00:00+00:00,8.33,8.33,8.32,8.33,351841
2026-05-24T09:00:00+00:00,8.33,8.33,8.32,8.33,367963
2026-05-24T10:00:00+00:00,8.33,8.33,8.32,8.33,419468
2026-05-24T11:00:00+00:00,8.33,8.33,8.32,8.32,174898
2026-05-24T12:00:00+00:00,8.33,8.33,8.32,8.33,290168
2026-05-24T13:00:00+00:00,8.33,8.33,8.32,8.33,131296
2026-05-24T14:00:00+00:00,8.33,8.33,8.32,8.33,145955
2026-05-24T15:00:00+00:00,8.33,8.33,8.32,8.33,1217177
2026-05-25T07:00:00+00:00,8.45,8.45,8.31,8.31,3798050
2026-05-25T08:00:00+00:00,8.32,8.32,8.31,8.31,767311
2026-05-25T09:00:00+00:00,8.32,8.32,8.31,8.32,500299
2026-05-25T10:00:00+00:00,8.32,8.32,8.31,8.32,2146782
2026-05-25T11:00:00+00:00,8.31,8.32,8.31,8.31,891076
2026-05-25T12:00:00+00:00,8.31,8.32,8.31,8.32,826212
2026-05-25T13:00:00+00:00,8.32,8.32,8.31,8.31,640237
2026-05-25T14:00:00+00:00,8.32,8.32,8.31,8.31,1169957
2026-05-25T15:00:00+00:00,8.32,8.32,8.31,8.32,949332
2026-05-25T16:00:00+00:00,8.32,8.32,8.31,8.32,902903
2026-05-25T17:00:00+00:00,8.32,8.32,8.31,8.31,386581
2026-05-25T18:00:00+00:00,8.32,8.32,8.31,8.32,541150
2026-05-25T19:00:00+00:00,8.32,8.32,8.31,8.31,346115
2026-05-25T20:00:00+00:00,8.31,8.32,8.31,8.32,1084330
2026-05-26T07:00:00+00:00,8.38,8.38,8.31,8.32,1043631
2026-05-26T08:00:00+00:00,8.32,8.32,8.31,8.32,1246331
2026-05-26T09:00:00+00:00,8.32,8.32,8.31,8.32,940054
2026-05-26T10:00:00+00:00,8.32,8.32,8.31,8.32,1786871
2026-05-26T11:00:00+00:00,8.32,8.32,8.31,8.32,300730
2026-05-26T12:00:00+00:00,8.32,8.32,8.31,8.32,938094
2026-05-26T13:00:00+00:00,8.32,8.32,8.31,8.31,1569442
2026-05-26T14:00:00+00:00,8.32,8.32,8.31,8.32,2724242
2026-05-26T15:00:00+00:00,8.32,8.32,8.3,8.31,7242489
2026-05-26T16:00:00+00:00,8.31,8.31,8.3,8.31,912766
2026-05-26T17:00:00+00:00,8.3,8.31,8.3,8.31,172618
2026-05-26T18:00:00+00:00,8.31,8.31,8.3,8.31,393827
2026-05-26T19:00:00+00:00,8.31,8.31,8.3,8.31,291759
2026-05-26T20:00:00+00:00,8.31,8.31,8.29,8.3,1293404
2026-05-27T07:00:00+00:00,8.3,8.42,8.29,8.31,1152067
2026-05-27T08:00:00+00:00,8.31,8.31,8.3,8.31,1402240
2026-05-27T09:00:00+00:00,8.31,8.31,8.3,8.31,969466
2026-05-27T10:00:00+00:00,8.31,8.31,8.3,8.3,1506361
2026-05-27T11:00:00+00:00,8.3,8.31,8.3,8.31,1900981
2026-05-27T12:00:00+00:00,8.31,8.32,8.3,8.31,3550658
2026-05-27T13:00:00+00:00,8.31,8.32,8.31,8.32,4186169
2026-05-27T14:00:00+00:00,8.32,8.32,8.31,8.31,1820396
2026-05-27T15:00:00+00:00,8.32,8.32,8.31,8.32,523797
2026-05-27T16:00:00+00:00,8.32,8.32,8.31,8.31,726496
2026-05-27T17:00:00+00:00,8.32,8.32,8.31,8.31,263914
2026-05-27T18:00:00+00:00,8.32,8.32,8.31,8.32,203812
2026-05-27T19:00:00+00:00,8.32,8.32,8.31,8.32,287899
2026-05-27T20:00:00+00:00,8.32,8.32,8.31,8.32,1206954
2026-05-28T07:00:00+00:00,8.32,8.4,8.3,8.33,1759579
2026-05-28T08:00:00+00:00,8.33,8.33,8.31,8.32,3279691
2026-05-28T09:00:00+00:00,8.32,8.33,8.31,8.32,1508902
2026-05-28T10:00:00+00:00,8.33,8.33,8.32,8.33,679952
2026-05-28T11:00:00+00:00,8.33,8.33,8.32,8.33,1735168
2026-05-28T12:00:00+00:00,8.33,8.33,8.32,8.33,449716
2026-05-28T13:00:00+00:00,8.33,8.33,8.31,8.32,2034565
2026-05-28T14:00:00+00:00,8.32,8.33,8.31,8.32,678561
2026-05-28T15:00:00+00:00,8.32,8.32,8.31,8.32,536202
2026-05-28T16:00:00+00:00,8.32,8.32,8.31,8.31,1912328
2026-05-28T17:00:00+00:00,8.32,8.32,8.31,8.32,795351
2026-05-28T18:00:00+00:00,8.31,8.32,8.31,8.32,310336
2026-05-28T19:00:00+00:00,8.32,8.32,8.31,8.31,1440430
2026-05-28T20:00:00+00:00,8.32,8.32,8.31,8.31,1367455
2026-05-29T07:00:00+00:00,8.33,8.34,8.31,8.32,2100402
2026-05-29T08:00:00+00:00,8.32,8.32,8.31,8.32,1427032
2026-05-29T09:00:00+00:00,8.32,8.32,8.31,8.32,937063
2026-05-29T10:00:00+00:00,8.32,8.32,8.31,8.31,1587565
2026-05-29T11:00:00+00:00,8.32,8.32,8.31,8.32,1645915
2026-05-29T12:00:00+00:00,8.32,8.33,8.31,8.33,2929616
2026-05-29T13:00:00+00:00,8.33,8.33,8.31,8.32,287193
2026-05-29T14:00:00+00:00,8.32,8.33,8.31,8.32,580670
2026-05-29T15:00:00+00:00,8.32,8.33,8.31,8.33,575395
2026-05-29T16:00:00+00:00,8.32,8.33,8.32,8.33,289924
2026-05-29T17:00:00+00:00,8.33,8.33,8.32,8.33,352391
2026-05-29T18:00:00+00:00,8.33,8.33,8.32,8.33,200369
2026-05-29T19:00:00+00:00,8.33,8.33,8.32,8.33,365363
2026-05-29T20:00:00+00:00,8.33,8.33,8.32,8.33,137728
2026-05-30T07:00:00+00:00,8.37,8.37,8.32,8.33,1198890
2026-05-30T08:00:00+00:00,8.33,8.33,8.32,8.33,154079
2026-05-30T09:00:00+00:00,8.32,8.33,8.32,8.32,85280
2026-05-30T10:00:00+00:00,8.33,8.33,8.32,8.33,266485
2026-05-30T11:00:00+00:00,8.33,8.33,8.32,8.33,442831
2026-05-30T12:00:00+00:00,8.32,8.33,8.32,8.33,310416
2026-05-30T13:00:00+00:00,8.33,8.33,8.32,8.32,237681
2026-05-30T14:00:00+00:00,8.32,8.33,8.32,8.33,161158
2026-05-30T15:00:00+00:00,8.33,8.33,8.32,8.33,538408
2026-05-31T07:00:00+00:00,8.35,8.35,8.31,8.32,334081
2026-05-31T08:00:00+00:00,8.32,8.33,8.31,8.32,716391
2026-05-31T09:00:00+00:00,8.32,8.33,8.31,8.31,301850
2026-05-31T10:00:00+00:00,8.31,8.32,8.31,8.32,229765
2026-05-31T11:00:00+00:00,8.32,8.32,8.31,8.32,348947
2026-05-31T12:00:00+00:00,8.31,8.32,8.31,8.32,160647
2026-05-31T13:00:00+00:00,8.32,8.32,8.31,8.32,495706
2026-05-31T14:00:00+00:00,8.32,8.32,8.31,8.32,487854
2026-05-31T15:00:00+00:00,8.32,8.32,8.31,8.32,410430
2026-06-01T07:00:00+00:00,8.35,8.35,8.31,8.33,1828501
2026-06-01T08:00:00+00:00,8.33,8.33,8.32,8.32,888409
2026-06-01T09:00:00+00:00,8.33,8.33,8.32,8.33,1705745
2026-06-01T10:00:00+00:00,8.33,8.33,8.32,8.33,972034
2026-06-01T11:00:00+00:00,8.33,8.33,8.32,8.33,1623934
2026-06-01T12:00:00+00:00,8.33,8.33,8.32,8.32,521257
2026-06-01T13:00:00+00:00,8.33,8.33,8.32,8.33,1775162
2026-06-01T14:00:00+00:00,8.33,8.33,8.32,8.33,1306409
2026-06-01T15:00:00+00:00,8.33,8.33,8.32,8.33,1690120
2026-06-01T16:00:00+00:00,8.33,8.33,8.32,8.32,622420
2026-06-01T17:00:00+00:00,8.32,8.33,8.32,8.33,345574
2026-06-01T18:00:00+00:00,8.33,8.33,8.32,8.33,1271251
2026-06-01T19:00:00+00:00,8.32,8.33,8.32,8.33,425861
2026-06-01T20:00:00+00:00,8.33,8.33,8.31,8.33,1588368
2026-06-02T07:00:00+00:00,8.33,8.36,8.31,8.32,1422597
2026-06-02T08:00:00+00:00,8.33,8.33,8.32,8.33,3516373
2026-06-02T09:00:00+00:00,8.33,8.33,8.32,8.33,1184084
2026-06-02T10:00:00+00:00,8.33,8.34,8.32,8.34,2140604
2026-06-02T11:00:00+00:00,8.34,8.34,8.32,8.34,1072250
2026-06-02T12:00:00+00:00,8.34,8.34,8.33,8.34,1352868
2026-06-02T13:00:00+00:00,8.34,8.34,8.33,8.34,1744771
2026-06-02T14:00:00+00:00,8.34,8.34,8.33,8.34,690129
2026-06-02T15:00:00+00:00,8.33,8.34,8.33,8.34,587263
2026-06-02T16:00:00+00:00,8.34,8.34,8.33,8.34,2035998
2026-06-02T17:00:00+00:00,8.34,8.34,8.33,8.34,720163
2026-06-02T18:00:00+00:00,8.33,8.34,8.33,8.34,139024
2026-06-02T19:00:00+00:00,8.34,8.34,8.33,8.34,304570
2026-06-02T20:00:00+00:00,8.34,8.34,8.33,8.33,606190
2026-06-03T07:00:00+00:00,8.34,8.35,8.33,8.35,1392796
2026-06-03T08:00:00+00:00,8.35,8.35,8.34,8.35,1620295
2026-06-03T09:00:00+00:00,8.35,8.35,8.34,8.35,580079
2026-06-03T10:00:00+00:00,8.35,8.35,8.34,8.34,1081907
2026-06-03T11:00:00+00:00,8.35,8.35,8.34,8.35,701898
2026-06-03T12:00:00+00:00,8.35,8.35,8.34,8.34,304535
2026-06-03T13:00:00+00:00,8.35,8.35,8.34,8.35,1347501
2026-06-03T14:00:00+00:00,8.35,8.35,8.34,8.35,1657692
2026-06-03T15:00:00+00:00,8.35,8.35,8.34,8.35,554059
2026-06-03T16:00:00+00:00,8.35,8.35,8.34,8.35,534494
2026-06-03T17:00:00+00:00,8.35,8.36,8.34,8.35,4800553
2026-06-03T18:00:00+00:00,8.35,8.37,8.35,8.37,1431543
2026-06-03T19:00:00+00:00,8.37,8.37,8.36,8.37,248812
2026-06-03T20:00:00+00:00,8.37,8.38,8.36,8.38,461299
2026-06-04T07:00:00+00:00,8.4,8.42,8.34,8.35,2272626
2026-06-04T08:00:00+00:00,8.36,8.36,8.34,8.35,57937978
2026-06-04T09:00:00+00:00,8.35,8.35,8.34,8.35,399106
2026-06-04T10:00:00+00:00,8.35,8.35,8.34,8.35,1013614
2026-06-04T11:00:00+00:00,8.35,8.35,8.34,8.34,1291966
2026-06-04T12:00:00+00:00,8.34,8.35,8.34,8.35,866498
2026-06-04T13:00:00+00:00,8.34,8.35,8.34,8.35,773665
2026-06-04T14:00:00+00:00,8.35,8.35,8.34,8.35,395487
2026-06-04T15:00:00+00:00,8.35,8.35,8.34,8.35,863845
2026-06-04T16:00:00+00:00,8.34,8.35,8.34,8.34,767518
2026-06-04T17:00:00+00:00,8.35,8.35,8.34,8.35,137192
2026-06-04T18:00:00+00:00,8.35,8.35,8.34,8.35,162393
2026-06-04T19:00:00+00:00,8.35,8.35,8.34,8.35,269823
2026-06-04T20:00:00+00:00,8.34,8.35,8.34,8.35,1705045
2026-06-05T07:00:00+00:00,8.38,8.38,8.32,8.32,14411883
2026-06-05T08:00:00+00:00,8.33,8.34,8.31,8.33,26668634
2026-06-05T09:00:00+00:00,8.33,8.35,8.33,8.34,7445987
2026-06-05T10:00:00+00:00,8.34,8.34,8.33,8.34,445884
2026-06-05T11:00:00+00:00,8.34,8.35,8.33,8.34,4137208
2026-06-05T12:00:00+00:00,8.34,8.34,8.33,8.34,485457
2026-06-05T13:00:00+00:00,8.34,8.34,8.33,8.34,444726
2026-06-05T14:00:00+00:00,8.34,8.34,8.33,8.34,1972086
2026-06-05T15:00:00+00:00,8.34,8.34,8.33,8.34,12718082
2026-06-05T16:00:00+00:00,8.34,8.35,8.33,8.34,4793854
2026-06-05T17:00:00+00:00,8.34,8.34,8.33,8.34,400474
2026-06-05T18:00:00+00:00,8.34,8.34,8.33,8.33,279448
2026-06-05T19:00:00+00:00,8.34,8.34,8.33,8.34,91554
2026-06-05T20:00:00+00:00,8.33,8.34,8.33,8.34,1625944
2026-06-06T07:00:00+00:00,8.35,8.35,8.33,8.35,399520
2026-06-06T08:00:00+00:00,8.35,8.35,8.34,8.34,483221
2026-06-06T09:00:00+00:00,8.34,8.35,8.34,8.35,124309
2026-06-06T10:00:00+00:00,8.35,8.35,8.34,8.35,111623
2026-06-06T11:00:00+00:00,8.34,8.35,8.34,8.35,199097
2026-06-06T12:00:00+00:00,8.34,8.35,8.34,8.34,264887
2026-06-06T13:00:00+00:00,8.35,8.35,8.34,8.35,391770
2026-06-06T14:00:00+00:00,8.34,8.35,8.34,8.35,721012
2026-06-06T15:00:00+00:00,8.34,8.36,8.34,8.36,3776835
2026-06-07T07:00:00+00:00,8.36,8.37,8.34,8.36,471963
2026-06-07T08:00:00+00:00,8.36,8.37,8.35,8.36,125428
2026-06-07T09:00:00+00:00,8.37,8.37,8.36,8.36,79181
2026-06-07T10:00:00+00:00,8.37,8.37,8.36,8.37,139379
2026-06-07T11:00:00+00:00,8.36,8.37,8.36,8.37,263120
2026-06-07T12:00:00+00:00,8.37,8.37,8.36,8.36,106984
2026-06-07T13:00:00+00:00,8.37,8.37,8.35,8.36,363707
2026-06-07T14:00:00+00:00,8.36,8.37,8.35,8.36,186167
2026-06-07T15:00:00+00:00,8.37,8.37,8.36,8.37,317174
2026-06-08T07:00:00+00:00,8.41,8.41,8.31,8.35,2033663
2026-06-08T08:00:00+00:00,8.35,8.37,8.35,8.35,783639
2026-06-08T09:00:00+00:00,8.36,8.37,8.35,8.36,1174408
2026-06-08T10:00:00+00:00,8.36,8.36,8.35,8.36,1301325
2026-06-08T11:00:00+00:00,8.36,8.36,8.35,8.36,1955437
2026-06-08T12:00:00+00:00,8.36,8.36,8.34,8.35,1563624
2026-06-08T13:00:00+00:00,8.34,8.36,8.34,8.34,668986
2026-06-08T14:00:00+00:00,8.34,8.36,8.34,8.35,5283212
2026-06-08T15:00:00+00:00,8.35,8.35,8.34,8.35,1012583
2026-06-08T16:00:00+00:00,8.35,8.35,8.34,8.35,368069
2026-06-08T17:00:00+00:00,8.35,8.35,8.34,8.34,352738
2026-06-08T18:00:00+00:00,8.35,8.35,8.34,8.34,310457
2026-06-08T19:00:00+00:00,8.35,8.36,8.34,8.36,872966
2026-06-08T20:00:00+00:00,8.36,8.36,8.35,8.36,322550
2026-06-09T07:00:00+00:00,8.38,8.38,8.3,8.35,2582543
2026-06-09T08:00:00+00:00,8.35,8.35,8.34,8.35,943715
2026-06-09T09:00:00+00:00,8.35,8.35,8.33,8.34,2270517
2026-06-09T10:00:00+00:00,8.34,8.34,8.33,8.34,615260
2026-06-09T11:00:00+00:00,8.34,8.34,8.33,8.34,721497
2026-06-09T12:00:00+00:00,8.34,8.34,8.33,8.34,490648
2026-06-09T13:00:00+00:00,8.34,8.35,8.33,8.35,1252669
2026-06-09T14:00:00+00:00,8.34,8.35,8.34,8.34,551881
2026-06-09T15:00:00+00:00,8.35,8.35,8.34,8.35,391066
2026-06-09T16:00:00+00:00,8.35,8.35,8.34,8.34,474080
2026-06-09T17:00:00+00:00,8.34,8.35,8.34,8.35,232382
2026-06-09T18:00:00+00:00,8.35,8.35,8.34,8.35,202096
2026-06-09T19:00:00+00:00,8.35,8.35,8.34,8.34,397548
2026-06-09T20:00:00+00:00,8.35,8.35,8.34,8.35,178141
2026-06-10T07:00:00+00:00,8.36,8.36,8.34,8.34,1876493
2026-06-10T08:00:00+00:00,8.35,8.35,8.34,8.35,1633340
2026-06-10T09:00:00+00:00,8.35,8.35,8.34,8.35,2080506
2026-06-10T10:00:00+00:00,8.35,8.35,8.34,8.35,738635
2026-06-10T11:00:00+00:00,8.35,8.35,8.34,8.35,1331446
2026-06-10T12:00:00+00:00,8.35,8.35,8.34,8.35,503357
2026-06-10T13:00:00+00:00,8.34,8.35,8.34,8.34,399377
2026-06-10T14:00:00+00:00,8.35,8.35,8.34,8.34,843517
2026-06-10T15:00:00+00:00,8.34,8.36,8.34,8.36,3722157
2026-06-10T16:00:00+00:00,8.36,8.36,8.35,8.36,377077
2026-06-10T17:00:00+00:00,8.36,8.36,8.35,8.36,363666
2026-06-10T18:00:00+00:00,8.36,8.36,8.35,8.35,177803
2026-06-10T19:00:00+00:00,8.36,8.36,8.35,8.36,330645
2026-06-10T20:00:00+00:00,8.35,8.36,8.35,8.36,767048
2026-06-11T07:00:00+00:00,8.29,8.39,8.29,8.36,1401244
2026-06-11T08:00:00+00:00,8.35,8.36,8.35,8.36,1146974
2026-06-11T09:00:00+00:00,8.36,8.36,8.35,8.36,649965
2026-06-11T10:00:00+00:00,8.36,8.36,8.35,8.36,903320
2026-06-11T11:00:00+00:00,8.36,8.36,8.35,8.36,873806
2026-06-11T12:00:00+00:00,8.35,8.36,8.35,8.36,680024
2026-06-11T13:00:00+00:00,8.36,8.36,8.35,8.36,638017
2026-06-11T14:00:00+00:00,8.35,8.36,8.35,8.36,712668
2026-06-11T15:00:00+00:00,8.36,8.36,8.35,8.36,699929
2026-06-11T16:00:00+00:00,8.36,8.36,8.35,8.36,242636
2026-06-11T17:00:00+00:00,8.36,8.36,8.35,8.36,298743
2026-06-11T18:00:00+00:00,8.35,8.36,8.35,8.36,229198
2026-06-11T19:00:00+00:00,8.35,8.36,8.35,8.36,484660
2026-06-11T20:00:00+00:00,8.36,8.36,8.35,8.35,501799
2026-06-12T07:00:00+00:00,8.38,8.38,8.35,8.35,658295
2026-06-12T08:00:00+00:00,8.36,8.36,8.35,8.36,4163721
