time,open,high,low,close,volume
2025-06-13T06:00:00+00:00,6.12,6.12,6.12,6.12,159938
2025-06-13T07:00:00+00:00,6.12,6.15,6.11,6.14,3855399
2025-06-13T08:00:00+00:00,6.14,6.15,6.13,6.13,1522452
2025-06-13T09:00:00+00:00,6.14,6.18,6.13,6.18,1836662
2025-06-13T10:00:00+00:00,6.18,6.18,6.16,6.18,1043711
2025-06-13T11:00:00+00:00,6.18,6.18,6.15,6.17,476381
2025-06-13T12:00:00+00:00,6.16,6.18,6.15,6.16,1121100
2025-06-13T13:00:00+00:00,6.16,6.17,6.15,6.16,405960
2025-06-13T14:00:00+00:00,6.15,6.17,6.15,6.16,957122
2025-06-13T15:00:00+00:00,6.16,6.16,6.15,6.15,395393
2025-06-13T16:00:00+00:00,6.15,6.16,6.14,6.15,294495
2025-06-13T17:00:00+00:00,6.15,6.16,6.14,6.16,260417
2025-06-13T18:00:00+00:00,6.15,6.16,6.14,6.16,424738
2025-06-13T19:00:00+00:00,6.16,6.17,6.15,6.16,445438
2025-06-13T20:00:00+00:00,6.16,6.16,6.14,6.15,152327
2025-06-16T06:00:00+00:00,6.19,6.19,6.19,6.19,49967
2025-06-16T07:00:00+00:00,6.19,6.2,6.15,6.16,8590193
2025-06-16T08:00:00+00:00,6.16,6.17,6.14,6.16,1600216
2025-06-16T09:00:00+00:00,6.15,6.18,6.15,6.18,1761872
2025-06-16T10:00:00+00:00,6.18,6.19,6.16,6.17,1166604
2025-06-16T11:00:00+00:00,6.17,6.18,6.16,6.17,672711
2025-06-16T12:00:00+00:00,6.17,6.18,6.15,6.16,2021232
2025-06-16T13:00:00+00:00,6.16,6.17,6.12,6.12,1471026
2025-06-16T14:00:00+00:00,6.12,6.14,6.12,6.13,753543
2025-06-16T15:00:00+00:00,6.12,6.13,6.12,6.12,1486146
2025-06-16T16:00:00+00:00,6.12,6.14,6.12,6.14,535618
2025-06-16T17:00:00+00:00,6.13,6.14,6.12,6.14,423375
2025-06-16T18:00:00+00:00,6.14,6.14,6.12,6.14,249973
2025-06-16T19:00:00+00:00,6.12,6.14,6.11,6.12,540295
2025-06-16T20:00:00+00:00,6.13,6.13,6.12,6.12,343814
2025-06-17T06:00:00+00:00,6.13,6.13,6.13,6.13,67649
2025-06-17T07:00:00+00:00,6.12,6.18,6.12,6.18,2422346
2025-06-17T08:00:00+00:00,6.18,6.18,6.16,6.16,1021137
2025-06-17T09:00:00+00:00,6.17,6.21,6.16,6.21,3315257
2025-06-17T10:00:00+00:00,6.21,6.21,6.18,6.19,1395721
2025-06-17T11:00:00+00:00,6.19,6.2,6.17,6.18,699495
2025-06-17T12:00:00+00:00,6.19,6.21,6.18,6.2,1207263
2025-06-17T13:00:00+00:00,6.2,6.23,6.19,6.23,1909497
2025-06-17T14:00:00+00:00,6.23,6.25,6.22,6.24,1939353
2025-06-17T15:00:00+00:00,6.24,6.25,6.23,6.24,854691
2025-06-17T16:00:00+00:00,6.24,6.25,6.23,6.24,963151
2025-06-17T17:00:00+00:00,6.24,6.25,6.22,6.25,1091100
2025-06-17T18:00:00+00:00,6.24,6.25,6.22,6.24,666403
2025-06-17T19:00:00+00:00,6.24,6.24,6.21,6.23,506342
2025-06-17T20:00:00+00:00,6.23,6.24,6.22,6.24,211101
2025-06-18T06:00:00+00:00,6.25,6.25,6.25,6.25,56924
2025-06-18T07:00:00+00:00,6.26,6.26,6.22,6.24,2205210
2025-06-18T08:00:00+00:00,6.24,6.25,6.22,6.24,2145571
2025-06-18T09:00:00+00:00,6.24,6.27,6.22,6.27,1967324
2025-06-18T10:00:00+00:00,6.27,6.29,6.25,6.27,1464990
2025-06-18T11:00:00+00:00,6.28,6.29,6.26,6.28,1510596
2025-06-18T12:00:00+00:00,6.28,6.28,6.26,6.28,866995
2025-06-18T13:00:00+00:00,6.27,6.28,6.25,6.27,1713226
2025-06-18T14:00:00+00:00,6.27,6.27,6.22,6.25,2499440
2025-06-18T15:00:00+00:00,6.25,6.25,6.23,6.24,483645
2025-06-18T16:00:00+00:00,6.25,6.25,6.23,6.24,424810
2025-06-18T17:00:00+00:00,6.23,6.24,6.23,6.24,411227
2025-06-18T18:00:00+00:00,6.23,6.24,6.23,6.23,126736
2025-06-18T19:00:00+00:00,6.23,6.24,6.22,6.23,915443
2025-06-18T20:00:00+00:00,6.23,6.24,6.22,6.22,146050
2025-06-19T06:00:00+00:00,6.24,6.24,6.24,6.24,43384
2025-06-19T07:00:00+00:00,6.25,6.26,6.23,6.26,1360422
2025-06-19T08:00:00+00:00,6.26,6.26,6.24,6.26,736766
2025-06-19T09:00:00+00:00,6.26,6.26,6.24,6.25,658266
2025-06-19T10:00:00+00:00,6.25,6.25,6.21,6.21,1638602
2025-06-19T11:00:00+00:00,6.22,6.23,6.21,6.23,851443
2025-06-19T12:00:00+00:00,6.21,6.23,6.19,6.21,1874153
2025-06-19T13:00:00+00:00,6.21,6.21,6.2,6.2,667958
2025-06-19T14:00:00+00:00,6.21,6.23,6.2,6.23,2705760
2025-06-19T15:00:00+00:00,6.22,6.23,6.21,6.22,443560
2025-06-19T16:00:00+00:00,6.22,6.23,6.21,6.23,466503
2025-06-19T17:00:00+00:00,6.23,6.23,6.21,6.22,476112
2025-06-19T18:00:00+00:00,6.22,6.22,6.21,6.22,208068
2025-06-19T19:00:00+00:00,6.22,6.22,6.2,6.22,241346
2025-06-19T20:00:00+00:00,6.22,6.22,6.2,6.22,605894
2025-06-20T06:00:00+00:00,6.21,6.21,6.21,6.21,3011
2025-06-20T07:00:00+00:00,6.22,6.23,6.18,6.22,2006183
2025-06-20T08:00:00+00:00,6.22,6.23,6.21,6.22,1268906
2025-06-20T09:00:00+00:00,6.22,6.22,6.2,6.22,887625
2025-06-20T10:00:00+00:00,6.22,6.22,6.19,6.21,1188270
2025-06-20T11:00:00+00:00,6.21,6.22,6.18,6.19,1104725
2025-06-20T12:00:00+00:00,6.19,6.21,6.18,6.2,656038
2025-06-20T13:00:00+00:00,6.19,6.2,6.17,6.18,1016799
2025-06-20T14:00:00+00:00,6.18,6.18,6.15,6.17,3245596
2025-06-20T15:00:00+00:00,6.16,6.17,6.15,6.16,640219
2025-06-20T16:00:00+00:00,6.17,6.17,6.15,6.16,532496
2025-06-20T17:00:00+00:00,6.15,6.16,6.15,6.15,377267
2025-06-20T18:00:00+00:00,6.15,6.17,6.15,6.16,576364
2025-06-20T19:00:00+00:00,6.16,6.17,6.16,6.17,392143
2025-06-20T20:00:00+00:00,6.17,6.18,6.16,6.16,543387
2025-06-23T06:00:00+00:00,6.16,6.16,6.16,6.16,11068
2025-06-23T07:00:00+00:00,6.16,6.18,6.13,6.15,4639110
2025-06-23T08:00:00+00:00,6.15,6.16,6.13,6.16,3655125
2025-06-23T09:00:00+00:00,6.16,6.17,6.15,6.16,1547480
2025-06-23T10:00:00+00:00,6.17,6.17,6.15,6.16,1030724
2025-06-23T11:00:00+00:00,6.16,6.17,6.14,6.16,710293
2025-06-23T12:00:00+00:00,6.16,6.16,6.15,6.16,688019
2025-06-23T13:00:00+00:00,6.15,6.2,6.15,6.19,2039679
2025-06-23T14:00:00+00:00,6.19,6.2,6.18,6.19,1219279
2025-06-23T15:00:00+00:00,6.19,6.2,6.17,6.19,1129515
2025-06-23T16:00:00+00:00,6.18,6.19,6.17,6.18,1066630
2025-06-23T17:00:00+00:00,6.18,6.18,6.16,6.17,499478
2025-06-23T18:00:00+00:00,6.17,6.17,6.16,6.17,359146
2025-06-23T19:00:00+00:00,6.17,6.17,6.16,6.17,191958
2025-06-23T20:00:00+00:00,6.17,6.17,6.14,6.15,754544
2025-06-24T06:00:00+00:00,6.11,6.11,6.11,6.11,41986
2025-06-24T07:00:00+00:00,6.12,6.14,6.08,6.1,5509790
2025-06-24T08:00:00+00:00,6.09,6.12,6.08,6.1,1528114
2025-06-24T09:00:00+00:00,6.1,6.12,6.09,6.11,863606
2025-06-24T10:00:00+00:00,6.12,6.12,6.11,6.12,1102475
2025-06-24T11:00:00+00:00,6.12,6.12,6.1,6.11,524218
2025-06-24T12:00:00+00:00,6.11,6.11,6.09,6.11,774639
2025-06-24T13:00:00+00:00,6.1,6.13,6.1,6.12,927940
2025-06-24T14:00:00+00:00,6.12,6.16,6.11,6.15,1519387
2025-06-24T15:00:00+00:00,6.14,6.15,6.14,6.14,754413
2025-06-24T16:00:00+00:00,6.15,6.15,6.13,6.13,377322
2025-06-24T17:00:00+00:00,6.14,6.15,6.13,6.15,211725
2025-06-24T18:00:00+00:00,6.15,6.16,6.14,6.16,1271190
2025-06-24T19:00:00+00:00,6.16,6.17,6.15,6.17,609253
2025-06-24T20:00:00+00:00,6.17,6.2,6.16,6.2,1076975
2025-06-25T06:00:00+00:00,6.19,6.19,6.19,6.19,4020
2025-06-25T07:00:00+00:00,6.19,6.22,6.18,6.22,2535662
2025-06-25T08:00:00+00:00,6.22,6.22,6.2,6.22,1330387
2025-06-25T09:00:00+00:00,6.22,6.22,6.2,6.22,1747717
2025-06-25T10:00:00+00:00,6.22,6.22,6.2,6.22,816782
2025-06-25T11:00:00+00:00,6.21,6.22,6.2,6.22,829824
2025-06-25T12:00:00+00:00,6.22,6.22,6.2,6.2,671975
2025-06-25T13:00:00+00:00,6.21,6.22,6.2,6.21,1368988
2025-06-25T14:00:00+00:00,6.21,6.24,6.19,6.24,4712299
2025-06-25T15:00:00+00:00,6.23,6.25,6.23,6.25,833772
2025-06-25T16:00:00+00:00,6.24,6.26,6.24,6.25,858686
2025-06-25T17:00:00+00:00,6.25,6.25,6.24,6.25,259782
2025-06-25T18:00:00+00:00,6.25,6.25,6.24,6.25,167786
2025-06-25T19:00:00+00:00,6.24,6.25,6.24,6.25,292508
2025-06-25T20:00:00+00:00,6.25,6.25,6.23,6.24,427685
2025-06-26T06:00:00+00:00,6.25,6.25,6.25,6.25,60739
2025-06-26T07:00:00+00:00,6.26,6.27,6.22,6.25,2833059
2025-06-26T08:00:00+00:00,6.25,6.25,6.23,6.24,2082101
2025-06-26T09:00:00+00:00,6.24,6.25,6.23,6.25,1618253
2025-06-26T10:00:00+00:00,6.25,6.26,6.24,6.25,797372
2025-06-26T11:00:00+00:00,6.25,6.26,6.24,6.26,682084
2025-06-26T12:00:00+00:00,6.26,6.27,6.25,6.26,1263842
2025-06-26T13:00:00+00:00,6.26,6.26,6.25,6.26,517685
2025-06-26T14:00:00+00:00,6.26,6.28,6.25,6.28,1464280
2025-06-26T15:00:00+00:00,6.28,6.28,6.26,6.26,348792
2025-06-26T16:00:00+00:00,6.26,6.27,6.26,6.27,540837
2025-06-26T17:00:00+00:00,6.27,6.27,6.24,6.26,416315
2025-06-26T18:00:00+00:00,6.26,6.26,6.25,6.26,272750
2025-06-26T19:00:00+00:00,6.25,6.26,6.25,6.26,260286
2025-06-26T20:00:00+00:00,6.26,6.27,6.25,6.26,159973
2025-06-27T06:00:00+00:00,6.25,6.25,6.25,6.25,3575
2025-06-27T07:00:00+00:00,6.24,6.26,6.22,6.22,4059069
2025-06-27T08:00:00+00:00,6.24,6.25,6.22,6.25,955257
2025-06-27T09:00:00+00:00,6.25,6.26,6.23,6.24,1420449
2025-06-27T10:00:00+00:00,6.25,6.26,6.23,6.23,1117348
2025-06-27T11:00:00+00:00,6.24,6.24,6.22,6.24,1396894
2025-06-27T12:00:00+00:00,6.23,6.25,6.23,6.25,787546
2025-06-27T13:00:00+00:00,6.25,6.28,6.24,6.28,2571591
2025-06-27T14:00:00+00:00,6.28,6.29,6.26,6.29,1785659
2025-06-27T15:00:00+00:00,6.29,6.3,6.28,6.29,1078543
2025-06-27T16:00:00+00:00,6.28,6.31,6.28,6.3,2295749
2025-06-27T17:00:00+00:00,6.3,6.31,6.29,6.31,273065
2025-06-27T18:00:00+00:00,6.31,6.31,6.29,6.3,434931
2025-06-27T19:00:00+00:00,6.3,6.3,6.29,6.3,330087
2025-06-27T20:00:00+00:00,6.3,6.31,6.29,6.3,611688
2025-06-30T06:00:00+00:00,6.31,6.31,6.31,6.31,26062
2025-06-30T07:00:00+00:00,6.31,6.33,6.28,6.3,9606771
2025-06-30T08:00:00+00:00,6.3,6.31,6.28,6.29,1741470
2025-06-30T09:00:00+00:00,6.29,6.3,6.28,6.29,1332977
2025-06-30T10:00:00+00:00,6.29,6.34,6.28,6.32,2819540
2025-06-30T11:00:00+00:00,6.33,6.34,6.32,6.34,1754042
2025-06-30T12:00:00+00:00,6.34,6.36,6.33,6.36,2127519
2025-06-30T13:00:00+00:00,6.36,6.36,6.34,6.36,1106820
2025-06-30T14:00:00+00:00,6.35,6.37,6.34,6.37,1978439
2025-06-30T15:00:00+00:00,6.37,6.38,6.36,6.36,1106061
2025-06-30T16:00:00+00:00,6.36,6.38,6.35,6.37,932461
2025-06-30T17:00:00+00:00,6.36,6.37,6.36,6.37,441874
2025-06-30T18:00:00+00:00,6.37,6.38,6.36,6.38,1059757
2025-06-30T19:00:00+00:00,6.38,6.38,6.37,6.38,450046
2025-06-30T20:00:00+00:00,6.37,6.38,6.36,6.37,290309
2025-07-01T06:00:00+00:00,6.38,6.38,6.38,6.38,18282
2025-07-01T07:00:00+00:00,6.39,6.4,6.37,6.4,3046958
2025-07-01T08:00:00+00:00,6.39,6.41,6.38,6.39,2090448
2025-07-01T09:00:00+00:00,6.39,6.39,6.36,6.39,1979856
2025-07-01T10:00:00+00:00,6.39,6.39,6.38,6.39,969050
2025-07-01T11:00:00+00:00,6.39,6.4,6.38,6.4,1459307
2025-07-01T12:00:00+00:00,6.4,6.41,6.39,6.41,1167222
2025-07-01T13:00:00+00:00,6.41,6.41,6.39,6.41,583294
2025-07-01T14:00:00+00:00,6.41,6.41,6.39,6.4,899606
2025-07-01T15:00:00+00:00,6.39,6.4,6.38,6.38,437585
2025-07-01T16:00:00+00:00,6.39,6.4,6.38,6.38,834131
2025-07-01T17:00:00+00:00,6.39,6.39,6.37,6.39,366976
2025-07-01T18:00:00+00:00,6.39,6.39,6.37,6.37,315982
2025-07-01T19:00:00+00:00,6.38,6.38,6.37,6.38,460153
2025-07-01T20:00:00+00:00,6.38,6.38,6.37,6.37,236307
2025-07-02T06:00:00+00:00,6.37,6.37,6.37,6.37,5086
2025-07-02T07:00:00+00:00,6.37,6.38,6.34,6.36,4744159
2025-07-02T08:00:00+00:00,6.35,6.36,6.31,6.33,4699626
2025-07-02T09:00:00+00:00,6.33,6.34,6.31,6.34,765711
2025-07-02T10:00:00+00:00,6.34,6.34,6.31,6.33,1158773
2025-07-02T11:00:00+00:00,6.33,6.35,6.32,6.35,1065010
2025-07-02T12:00:00+00:00,6.35,6.36,6.33,6.34,1007280
2025-07-02T13:00:00+00:00,6.35,6.36,6.34,6.35,1496451
2025-07-02T14:00:00+00:00,6.35,6.35,6.32,6.33,976750
2025-07-02T15:00:00+00:00,6.33,6.33,6.3,6.31,840207
2025-07-02T16:00:00+00:00,6.3,6.34,6.3,6.32,1547721
2025-07-02T17:00:00+00:00,6.33,6.35,6.32,6.34,748686
2025-07-02T18:00:00+00:00,6.34,6.34,6.31,6.33,481251
2025-07-02T19:00:00+00:00,6.33,6.33,6.31,6.32,889241
2025-07-02T20:00:00+00:00,6.32,6.32,6.31,6.32,175195
2025-07-03T06:00:00+00:00,6.32,6.32,6.32,6.32,1971
2025-07-03T07:00:00+00:00,6.33,6.33,6.31,6.32,1972243
2025-07-03T08:00:00+00:00,6.33,6.35,6.32,6.35,2452861
2025-07-03T09:00:00+00:00,6.35,6.36,6.34,6.35,922212
2025-07-03T10:00:00+00:00,6.35,6.35,6.34,6.35,790048
2025-07-03T11:00:00+00:00,6.35,6.35,6.33,6.35,1088031
2025-07-03T12:00:00+00:00,6.35,6.35,6.33,6.33,2747192
2025-07-03T13:00:00+00:00,6.34,6.37,6.33,6.37,3235893
2025-07-03T14:00:00+00:00,6.37,6.37,6.35,6.36,617057
2025-07-03T15:00:00+00:00,6.36,6.36,6.33,6.33,741279
2025-07-03T16:00:00+00:00,6.33,6.35,6.32,6.33,752712
2025-07-03T17:00:00+00:00,6.33,6.33,6.31,6.32,767027
2025-07-03T18:00:00+00:00,6.32,6.32,6.31,6.31,315470
2025-07-03T19:00:00+00:00,6.31,6.32,6.3,6.31,837684
2025-07-03T20:00:00+00:00,6.31,6.32,6.3,6.32,1566713
2025-07-04T06:00:00+00:00,6.3,6.3,6.3,6.3,17311
2025-07-04T07:00:00+00:00,6.29,6.3,6.27,6.3,4024392
2025-07-04T08:00:00+00:00,6.29,6.3,6.26,6.28,1366195
2025-07-04T09:00:00+00:00,6.28,6.29,6.26,6.29,2690914
2025-07-04T10:00:00+00:00,6.29,6.31,6.28,6.31,1139287
2025-07-04T11:00:00+00:00,6.31,6.33,6.29,6.32,1251642
2025-07-04T12:00:00+00:00,6.32,6.32,6.29,6.3,765010
2025-07-04T13:00:00+00:00,6.29,6.31,6.28,6.29,1308863
2025-07-04T14:00:00+00:00,6.29,6.3,6.27,6.3,2099557
2025-07-04T15:00:00+00:00,6.3,6.3,6.28,6.28,304039
2025-07-04T16:00:00+00:00,6.28,6.29,6.27,6.29,549882
2025-07-04T17:00:00+00:00,6.29,6.29,6.27,6.27,356532
2025-07-04T18:00:00+00:00,6.29,6.29,6.27,6.28,322418
2025-07-04T19:00:00+00:00,6.28,6.28,6.27,6.28,312857
2025-07-04T20:00:00+00:00,6.28,6.28,6.27,6.28,153852
2025-07-07T06:00:00+00:00,6.25,6.25,6.25,6.25,23305
2025-07-07T07:00:00+00:00,6.25,6.27,6.22,6.23,5139965
2025-07-07T08:00:00+00:00,6.23,6.24,6.22,6.23,1355751
2025-07-07T09:00:00+00:00,6.23,6.25,6.22,6.24,1456378
2025-07-07T10:00:00+00:00,6.23,6.24,6.22,6.23,1700433
2025-07-07T11:00:00+00:00,6.23,6.25,6.22,6.24,1168682
2025-07-07T12:00:00+00:00,6.25,6.25,6.23,6.24,1267096
2025-07-07T13:00:00+00:00,6.24,6.24,6.21,6.22,1217382
2025-07-07T14:00:00+00:00,6.22,6.22,6.2,6.22,1020786
2025-07-07T15:00:00+00:00,6.21,6.22,6.19,6.2,751696
2025-07-07T16:00:00+00:00,6.2,6.22,6.19,6.21,807859
2025-07-07T17:00:00+00:00,6.21,6.21,6.2,6.21,392197
2025-07-07T18:00:00+00:00,6.21,6.21,6.2,6.21,152196
2025-07-07T19:00:00+00:00,6.21,6.21,6.2,6.21,267046
2025-07-07T20:00:00+00:00,6.21,6.21,6.2,6.21,151787
2025-07-08T06:00:00+00:00,6.19,6.19,6.19,6.19,6378
2025-07-08T07:00:00+00:00,6.19,6.22,6.18,6.21,2937137
2025-07-08T08:00:00+00:00,6.21,6.23,6.2,6.22,1305297
2025-07-08T09:00:00+00:00,6.22,6.23,6.21,6.23,2203343
2025-07-08T10:00:00+00:00,6.22,6.23,6.19,6.21,1542948
2025-07-08T11:00:00+00:00,6.21,6.21,6.18,6.19,1617557
2025-07-08T12:00:00+00:00,6.18,6.19,6.17,6.18,1298894
2025-07-08T13:00:00+00:00,6.17,6.19,6.17,6.19,713277
2025-07-08T14:00:00+00:00,6.19,6.21,6.18,6.21,911628
2025-07-08T15:00:00+00:00,6.21,6.21,6.2,6.2,474101
2025-07-08T16:00:00+00:00,6.2,6.21,6.16,6.17,1155521
2025-07-08T17:00:00+00:00,6.18,6.18,6.14,6.15,1884803
2025-07-08T18:00:00+00:00,6.16,6.16,6.12,6.13,904910
2025-07-08T19:00:00+00:00,6.13,6.14,6.12,6.14,1330229
2025-07-08T20:00:00+00:00,6.14,6.14,6.11,6.13,444310
2025-07-09T06:00:00+00:00,6.14,6.14,6.14,6.14,4481
2025-07-09T07:00:00+00:00,6.14,6.16,6.1,6.11,2409611
2025-07-09T08:00:00+00:00,6.11,6.12,6.09,6.12,2042402
2025-07-09T09:00:00+00:00,6.12,6.12,6.09,6.1,1743342
2025-07-09T10:00:00+00:00,6.1,6.11,6.08,6.09,2156066
2025-07-09T11:00:00+00:00,6.1,6.1,6.09,6.1,596240
2025-07-09T12:00:00+00:00,6.1,6.13,6.09,6.11,4464862
2025-07-09T13:00:00+00:00,6.11,6.13,6.09,6.1,1836565
2025-07-09T14:00:00+00:00,6.1,6.11,6.05,6.07,4555429
2025-07-09T15:00:00+00:00,6.07,6.07,6.04,6.07,1427200
2025-07-09T16:00:00+00:00,6.07,6.09,6.05,6.09,1240391
2025-07-09T17:00:00+00:00,6.09,6.09,6.06,6.08,710100
2025-07-09T18:00:00+00:00,6.08,6.09,6.07,6.08,484920
2025-07-09T19:00:00+00:00,6.09,6.09,6.08,6.08,1176735
2025-07-09T20:00:00+00:00,6.09,6.09,6.07,6.08,342670
2025-07-10T06:00:00+00:00,6.13,6.13,6.13,6.13,168320
2025-07-10T07:00:00+00:00,6.13,6.14,6.1,6.13,2067346
2025-07-10T08:00:00+00:00,6.12,6.14,6.12,6.13,852700
2025-07-10T09:00:00+00:00,6.13,6.13,6.1,6.12,1112599
2025-07-10T10:00:00+00:00,6.12,6.13,6.11,6.12,677385
2025-07-10T11:00:00+00:00,6.12,6.13,6.1,6.11,1059685
2025-07-10T12:00:00+00:00,6.12,6.14,6.1,6.14,1272276
2025-07-10T13:00:00+00:00,6.14,6.15,6.13,6.15,872930
2025-07-10T14:00:00+00:00,6.15,6.16,6.14,6.16,738892
2025-07-10T15:00:00+00:00,6.16,6.16,6.14,6.16,602474
2025-07-10T16:00:00+00:00,6.15,6.16,6.14,6.15,479863
2025-07-10T17:00:00+00:00,6.14,6.15,6.14,6.15,313584
2025-07-10T18:00:00+00:00,6.14,6.16,6.14,6.16,222896
2025-07-10T19:00:00+00:00,6.16,6.16,6.15,6.16,293024
2025-07-10T20:00:00+00:00,6.15,6.16,6.14,6.15,407161
2025-07-11T06:00:00+00:00,6.13,6.13,6.13,6.13,13422
2025-07-11T07:00:00+00:00,6.12,6.13,6.09,6.12,2463327
2025-07-11T08:00:00+00:00,6.11,6.12,6.07,6.08,2541037
2025-07-11T09:00:00+00:00,6.08,6.08,6.05,6.06,2031795
2025-07-11T10:00:00+00:00,6.06,6.07,6.05,6.07,1895312
2025-07-11T11:00:00+00:00,6.06,6.07,6.04,6.06,3069582
2025-07-11T12:00:00+00:00,6.06,6.07,6.04,6.06,1062983
2025-07-11T13:00:00+00:00,6.06,6.07,6.05,6.07,1231005
2025-07-11T14:00:00+00:00,6.07,6.07,6.01,6.02,2971287
2025-07-11T15:00:00+00:00,6.02,6.03,5.98,5.99,2658102
2025-07-11T16:00:00+00:00,6.0,6.02,5.99,6.02,1295994
2025-07-11T17:00:00+00:00,6.02,6.02,6.0,6.01,791563
2025-07-11T18:00:00+00:00,6.01,6.01,5.99,6.0,278373
2025-07-11T19:00:00+00:00,5.99,6.01,5.99,6.0,493093
2025-07-11T20:00:00+00:00,6.0,6.0,5.99,6.0,1464805
2025-07-14T06:00:00+00:00,5.9399999999999995,5.9399999999999995,5.9399999999999995,5.9399999999999995,262084
2025-07-14T07:00:00+00:00,5.9399999999999995,5.99,5.92,5.99,8614771
2025-07-14T08:00:00+00:00,5.99,5.99,5.96,5.97,2039180
2025-07-14T09:00:00+00:00,5.97,6.0,5.97,5.98,3736377
2025-07-14T10:00:00+00:00,5.98,5.99,5.96,5.99,1099980
2025-07-14T11:00:00+00:00,5.99,5.99,5.97,5.98,969897
2025-07-14T12:00:00+00:00,5.98,6.02,5.97,6.01,977850
2025-07-14T13:00:00+00:00,6.02,6.02,5.99,5.99,1357266
2025-07-14T14:00:00+00:00,6.0,6.03,5.99,6.0,1054461
2025-07-14T15:00:00+00:00,5.99,6.16,5.97,6.14,12554840
2025-07-14T16:00:00+00:00,6.14,6.2,6.13,6.18,3721409
2025-07-14T17:00:00+00:00,6.18,6.19,6.15,6.17,1434163
2025-07-14T18:00:00+00:00,6.17,6.17,6.15,6.17,2573702
2025-07-14T19:00:00+00:00,6.17,6.18,6.16,6.18,1011318
2025-07-14T20:00:00+00:00,6.17,6.19,6.17,6.19,1052646
2025-07-15T06:00:00+00:00,6.21,6.21,6.21,6.21,11193
2025-07-15T07:00:00+00:00,6.21,6.23,6.18,6.2,3917486
2025-07-15T08:00:00+00:00,6.2,6.21,6.18,6.19,1590459
2025-07-15T09:00:00+00:00,6.21,6.24,6.19,6.24,3403298
2025-07-15T10:00:00+00:00,6.24,6.24,6.23,6.24,1312149
2025-07-15T11:00:00+00:00,6.24,6.24,6.22,6.24,905228
2025-07-15T12:00:00+00:00,6.24,6.24,6.21,6.22,1210681
2025-07-15T13:00:00+00:00,6.23,6.23,6.22,6.23,1123528
2025-07-15T14:00:00+00:00,6.23,6.24,6.22,6.23,1173720
2025-07-15T15:00:00+00:00,6.23,6.24,6.22,6.22,462736
2025-07-15T16:00:00+00:00,6.23,6.23,6.22,6.23,776456
2025-07-15T17:00:00+00:00,6.23,6.23,6.22,6.23,421975
2025-07-15T18:00:00+00:00,6.23,6.23,6.22,6.22,263599
2025-07-15T19:00:00+00:00,6.22,6.23,6.22,6.23,408274
2025-07-15T20:00:00+00:00,6.23,6.23,6.22,6.23,440165
2025-07-16T06:00:00+00:00,6.24,6.24,6.24,6.24,6223
2025-07-16T07:00:00+00:00,6.24,6.26,6.22,6.24,3267988
2025-07-16T08:00:00+00:00,6.24,6.24,6.23,6.24,625740
2025-07-16T09:00:00+00:00,6.24,6.26,6.23,6.26,2039790
2025-07-16T10:00:00+00:00,6.26,6.28,6.25,6.28,4217249
2025-07-16T11:00:00+00:00,6.28,6.3,6.27,6.29,2026085
2025-07-16T12:00:00+00:00,6.28,6.29,6.27,6.28,1535929
2025-07-16T13:00:00+00:00,6.28,6.29,6.27,6.28,1164547
2025-07-16T14:00:00+00:00,6.28,6.28,6.27,6.28,1151419
2025-07-16T15:00:00+00:00,6.27,6.28,6.26,6.27,661043
2025-07-16T16:00:00+00:00,6.28,6.29,6.27,6.28,1739789
2025-07-16T17:00:00+00:00,6.28,6.29,6.27,6.29,363349
2025-07-16T18:00:00+00:00,6.29,6.3,6.28,6.29,1847665
2025-07-16T19:00:00+00:00,6.3,6.31,6.26,6.29,2720841
2025-07-16T20:00:00+00:00,6.29,6.29,6.28,6.29,410538
2025-07-17T06:00:00+00:00,6.32,6.32,6.32,6.32,27922
2025-07-17T07:00:00+00:00,6.32,6.33,6.29,6.32,2631629
2025-07-17T08:00:00+00:00,6.32,6.33,6.3,6.32,2456203
2025-07-17T09:00:00+00:00,6.32,6.32,6.3,6.31,1682752
2025-07-17T10:00:00+00:00,6.32,6.32,6.3,6.31,1014280
2025-07-17T11:00:00+00:00,6.31,6.31,6.27,6.29,2285839
2025-07-17T12:00:00+00:00,6.29,6.29,6.27,6.28,856748
2025-07-17T13:00:00+00:00,6.28,6.28,6.25,6.26,1588209
2025-07-17T14:00:00+00:00,6.27,6.27,6.25,6.26,1048776
2025-07-17T15:00:00+00:00,6.26,6.27,6.25,6.25,3093970
2025-07-17T16:00:00+00:00,6.25,6.26,6.23,6.24,1410198
2025-07-17T17:00:00+00:00,6.24,6.25,6.23,6.24,889423
2025-07-17T18:00:00+00:00,6.25,6.25,6.23,6.24,466399
2025-07-17T19:00:00+00:00,6.24,6.25,6.24,6.25,293051
2025-07-17T20:00:00+00:00,6.25,6.25,6.24,6.24,266485
2025-07-18T06:00:00+00:00,6.27,6.27,6.27,6.27,587184
2025-07-18T08:00:00+00:00,6.36,6.4,6.35,6.39,4256482
2025-07-18T09:00:00+00:00,6.39,6.4,6.38,6.39,2920818
2025-07-18T12:00:00+00:00,6.41,6.42,6.38,6.39,3569171
2025-07-18T13:00:00+00:00,6.4,6.43,6.39,6.42,3017400
2025-07-18T17:00:00+00:00,6.44,6.45,6.43,6.44,1533567
2025-07-18T18:00:00+00:00,6.44,6.44,6.43,6.44,549583
2025-07-18T19:00:00+00:00,6.44,6.45,6.43,6.45,533178
2025-07-21T07:00:00+00:00,6.5,6.55,6.38,6.5,6480383
2025-07-21T08:00:00+00:00,6.51,6.52,6.48,6.52,1870320
2025-07-21T09:00:00+00:00,6.52,6.57,6.5,6.53,10592418
2025-07-21T10:00:00+00:00,6.54,6.55,6.51,6.53,1988279
2025-07-21T11:00:00+00:00,6.53,6.53,6.49,6.51,2097271
2025-07-21T12:00:00+00:00,6.51,6.52,6.5,6.5,847955
2025-07-21T13:00:00+00:00,6.51,6.52,6.5,6.52,556582
2025-07-21T14:00:00+00:00,6.52,6.52,6.51,6.51,590310
2025-07-21T15:00:00+00:00,6.51,6.53,6.51,6.53,412038
2025-07-21T16:00:00+00:00,6.51,6.53,6.5,6.52,498616
2025-07-21T17:00:00+00:00,6.52,6.53,6.5,6.52,704731
2025-07-21T18:00:00+00:00,6.52,6.53,6.5,6.51,692583
2025-07-21T19:00:00+00:00,6.51,6.53,6.51,6.52,237728
2025-07-21T20:00:00+00:00,6.52,6.53,6.5,6.52,500537
2025-07-22T07:00:00+00:00,6.47,6.54,6.47,6.49,1797829
2025-07-22T08:00:00+00:00,6.51,6.51,6.48,6.48,997851
2025-07-22T09:00:00+00:00,6.5,6.52,6.47,6.52,2075805
2025-07-22T10:00:00+00:00,6.52,6.55,6.51,6.54,2651627
2025-07-22T11:00:00+00:00,6.54,6.54,6.52,6.54,507674
2025-07-22T12:00:00+00:00,6.53,6.54,6.53,6.54,927888
2025-07-22T13:00:00+00:00,6.54,6.55,6.53,6.54,1284606
2025-07-22T14:00:00+00:00,6.54,6.55,6.53,6.55,1046868
2025-07-22T15:00:00+00:00,6.53,6.5600000000000005,6.53,6.5600000000000005,2329485
2025-07-22T16:00:00+00:00,6.5600000000000005,6.5600000000000005,6.51,6.53,1500397
2025-07-22T17:00:00+00:00,6.53,6.53,6.51,6.52,333807
2025-07-22T18:00:00+00:00,6.51,6.53,6.51,6.52,330769
2025-07-22T19:00:00+00:00,6.51,6.53,6.51,6.53,314540
2025-07-22T20:00:00+00:00,6.53,6.53,6.51,6.51,205641
2025-07-23T07:00:00+00:00,6.51,6.58,6.51,6.58,2259433
2025-07-23T08:00:00+00:00,6.57,6.59,6.57,6.59,3179474
2025-07-23T09:00:00+00:00,6.59,6.59,6.5600000000000005,6.57,2988817
2025-07-23T10:00:00+00:00,6.5600000000000005,6.58,6.5600000000000005,6.58,788957
2025-07-23T11:00:00+00:00,6.58,6.58,6.5600000000000005,6.58,561737
2025-07-23T12:00:00+00:00,6.57,6.59,6.57,6.58,1489457
2025-07-23T13:00:00+00:00,6.58,6.58,6.5600000000000005,6.57,1169848
2025-07-23T14:00:00+00:00,6.57,6.57,6.54,6.55,1248809
2025-07-23T15:00:00+00:00,6.54,6.57,6.54,6.5600000000000005,757052
2025-07-23T16:00:00+00:00,6.5600000000000005,6.58,6.55,6.5600000000000005,574399
2025-07-23T17:00:00+00:00,6.5600000000000005,6.57,6.55,6.57,763220
2025-07-23T18:00:00+00:00,6.5600000000000005,6.57,6.5600000000000005,6.57,237610
2025-07-23T19:00:00+00:00,6.57,6.58,6.55,6.57,780250
2025-07-23T20:00:00+00:00,6.57,6.57,6.55,6.5600000000000005,308784
2025-07-24T07:00:00+00:00,6.54,6.58,6.53,6.54,2306141
2025-07-24T08:00:00+00:00,6.54,6.54,6.52,6.53,1717436
2025-07-24T09:00:00+00:00,6.52,6.53,6.52,6.53,3973325
2025-07-24T10:00:00+00:00,6.52,6.53,6.51,6.53,854990
2025-07-24T11:00:00+00:00,6.53,6.53,6.51,6.52,633507
2025-07-24T12:00:00+00:00,6.52,6.52,6.5,6.51,710445
2025-07-24T13:00:00+00:00,6.51,6.52,6.5,6.51,797503
2025-07-24T14:00:00+00:00,6.51,6.51,6.5,6.51,1023326
2025-07-24T15:00:00+00:00,6.51,6.51,6.49,6.5,1130158
2025-07-24T16:00:00+00:00,6.5,6.51,6.48,6.51,582397
2025-07-24T17:00:00+00:00,6.51,6.51,6.48,6.51,371581
2025-07-24T18:00:00+00:00,6.5,6.51,6.49,6.51,152319
2025-07-24T19:00:00+00:00,6.5,6.51,6.5,6.5,244001
2025-07-24T20:00:00+00:00,6.51,6.52,6.5,6.51,224707
2025-07-25T07:00:00+00:00,6.47,6.55,6.47,6.52,3927769
2025-07-25T08:00:00+00:00,6.52,6.52,6.5,6.52,1169997
2025-07-25T09:00:00+00:00,6.52,6.53,6.5,6.53,2067416
2025-07-25T10:00:00+00:00,6.53,6.57,6.46,6.51,21282690
2025-07-25T11:00:00+00:00,6.51,6.51,6.49,6.5,2270148
2025-07-25T12:00:00+00:00,6.5,6.51,6.49,6.5,1759114
2025-07-25T13:00:00+00:00,6.5,6.5,6.42,6.43,9520932
2025-07-25T14:00:00+00:00,6.43,6.43,6.4,6.43,2715374
2025-07-25T15:00:00+00:00,6.43,6.43,6.4,6.42,909889
2025-07-25T16:00:00+00:00,6.41,6.42,6.4,6.42,647071
2025-07-25T17:00:00+00:00,6.42,6.43,6.4,6.43,410813
2025-07-25T18:00:00+00:00,6.43,6.43,6.41,6.43,378708
2025-07-25T19:00:00+00:00,6.42,6.43,6.41,6.43,355330
2025-07-25T20:00:00+00:00,6.43,6.43,6.41,6.41,704712
2025-07-28T07:00:00+00:00,6.4,6.41,6.36,6.38,5552071
2025-07-28T08:00:00+00:00,6.39,6.42,6.38,6.41,2620861
2025-07-28T09:00:00+00:00,6.41,6.41,6.39,6.41,3041575
2025-07-28T10:00:00+00:00,6.4,6.44,6.4,6.42,1124034
2025-07-28T11:00:00+00:00,6.44,6.44,6.38,6.4,1303169
2025-07-28T12:00:00+00:00,6.4,6.4,6.35,6.37,2166467
2025-07-28T13:00:00+00:00,6.37,6.37,6.32,6.34,3345550
2025-07-28T14:00:00+00:00,6.34,6.35,6.32,6.32,903820
2025-07-28T15:00:00+00:00,6.34,6.34,6.32,6.32,495890
2025-07-28T16:00:00+00:00,6.32,6.33,6.32,6.32,378928
2025-07-28T17:00:00+00:00,6.33,6.33,6.32,6.33,325037
2025-07-28T18:00:00+00:00,6.32,6.33,6.32,6.33,339126
2025-07-28T19:00:00+00:00,6.32,6.33,6.31,6.33,736128
2025-07-28T20:00:00+00:00,6.33,6.33,6.31,6.32,253486
2025-07-29T07:00:00+00:00,6.37,6.37,6.32,6.33,1755457
2025-07-29T08:00:00+00:00,6.33,6.36,6.32,6.36,1017780
2025-07-29T09:00:00+00:00,6.36,6.36,6.33,6.36,648113
2025-07-29T10:00:00+00:00,6.36,6.36,6.34,6.35,1000144
2025-07-29T11:00:00+00:00,6.35,6.37,6.34,6.37,1012012
2025-07-29T12:00:00+00:00,6.37,6.38,6.36,6.38,708413
2025-07-29T13:00:00+00:00,6.38,6.38,6.35,6.37,1421058
2025-07-29T14:00:00+00:00,6.37,6.38,6.35,6.37,416753
2025-07-29T15:00:00+00:00,6.38,6.38,6.37,6.38,843504
2025-07-29T16:00:00+00:00,6.38,6.38,6.36,6.37,362962
2025-07-29T17:00:00+00:00,6.37,6.37,6.34,6.35,458053
2025-07-29T18:00:00+00:00,6.35,6.36,6.33,6.36,882473
2025-07-29T19:00:00+00:00,6.36,6.36,6.34,6.35,166143
2025-07-29T20:00:00+00:00,6.36,6.36,6.35,6.36,64740
2025-07-30T07:00:00+00:00,6.36,6.4,6.33,6.36,3237262
2025-07-30T08:00:00+00:00,6.35,6.37,6.35,6.37,784209
2025-07-30T09:00:00+00:00,6.37,6.37,6.35,6.36,696875
2025-07-30T10:00:00+00:00,6.36,6.36,6.35,6.36,539158
2025-07-30T11:00:00+00:00,6.36,6.36,6.35,6.36,588767
2025-07-30T12:00:00+00:00,6.36,6.36,6.3,6.33,2082239
2025-07-30T13:00:00+00:00,6.33,6.33,6.31,6.33,941086
2025-07-30T14:00:00+00:00,6.33,6.33,6.32,6.33,453057
2025-07-30T15:00:00+00:00,6.33,6.33,6.31,6.33,409640
2025-07-30T16:00:00+00:00,6.33,6.34,6.31,6.33,465334
2025-07-30T17:00:00+00:00,6.33,6.33,6.32,6.33,334412
2025-07-30T18:00:00+00:00,6.33,6.33,6.32,6.32,92872
2025-07-30T19:00:00+00:00,6.33,6.33,6.32,6.32,135914
2025-07-30T20:00:00+00:00,6.33,6.33,6.32,6.33,288695
2025-07-31T07:00:00+00:00,6.33,6.39,6.3,6.31,4609052
2025-07-31T08:00:00+00:00,6.3,6.31,6.29,6.31,977200
2025-07-31T09:00:00+00:00,6.31,6.32,6.29,6.32,1104991
2025-07-31T10:00:00+00:00,6.32,6.33,6.31,6.32,718633
2025-07-31T11:00:00+00:00,6.32,6.33,6.3,6.31,658906
2025-07-31T12:00:00+00:00,6.31,6.32,6.29,6.31,558530
2025-07-31T13:00:00+00:00,6.31,6.32,6.29,6.31,586419
2025-07-31T14:00:00+00:00,6.32,6.32,6.3,6.32,312214
2025-07-31T15:00:00+00:00,6.32,6.32,6.3,6.3,385260
2025-07-31T16:00:00+00:00,6.32,6.34,6.3,6.32,573686
2025-07-31T17:00:00+00:00,6.34,6.34,6.32,6.34,320781
2025-07-31T18:00:00+00:00,6.34,6.34,6.32,6.33,203968
2025-07-31T19:00:00+00:00,6.33,6.34,6.33,6.34,203741
2025-07-31T20:00:00+00:00,6.33,6.34,6.33,6.34,111642
2025-08-01T07:00:00+00:00,6.36,6.39,6.35,6.37,2215700
2025-08-01T08:00:00+00:00,6.37,6.37,6.35,6.37,558036
2025-08-01T09:00:00+00:00,6.37,6.37,6.35,6.35,784988
2025-08-01T10:00:00+00:00,6.36,6.36,6.34,6.35,1243689
2025-08-01T11:00:00+00:00,6.36,6.36,6.26,6.31,4859525
2025-08-01T12:00:00+00:00,6.31,6.33,6.3,6.32,1609518
2025-08-01T13:00:00+00:00,6.32,6.33,6.31,6.32,5081850
2025-08-01T14:00:00+00:00,6.31,6.32,6.29,6.32,1322451
2025-08-01T15:00:00+00:00,6.31,6.32,6.3,6.3,422341
2025-08-01T16:00:00+00:00,6.32,6.32,6.29,6.31,417661
2025-08-01T17:00:00+00:00,6.31,6.31,6.27,6.3,1758488
2025-08-01T18:00:00+00:00,6.3,6.3,6.28,6.29,346709
2025-08-01T19:00:00+00:00,6.3,6.3,6.28,6.3,389920
2025-08-01T20:00:00+00:00,6.3,6.3,6.28,6.28,570772
2025-08-04T07:00:00+00:00,6.28,6.34,6.28,6.34,4775244
2025-08-04T08:00:00+00:00,6.34,6.36,6.33,6.36,1428390
2025-08-04T09:00:00+00:00,6.36,6.37,6.34,6.37,1604973
2025-08-04T10:00:00+00:00,6.36,6.37,6.35,6.37,938149
2025-08-04T11:00:00+00:00,6.37,6.37,6.35,6.36,1147930
2025-08-04T12:00:00+00:00,6.37,6.38,6.36,6.38,1172919
2025-08-04T13:00:00+00:00,6.38,6.38,6.37,6.38,869613
2025-08-04T14:00:00+00:00,6.38,6.4,6.37,6.39,2085870
2025-08-04T15:00:00+00:00,6.4,6.42,6.39,6.41,2207253
2025-08-04T16:00:00+00:00,6.41,6.41,6.39,6.4,474914
2025-08-04T17:00:00+00:00,6.4,6.42,6.39,6.42,526030
2025-08-04T18:00:00+00:00,6.42,6.42,6.41,6.42,615320
2025-08-04T19:00:00+00:00,6.41,6.43,6.41,6.43,633588
2025-08-04T20:00:00+00:00,6.43,6.43,6.41,6.42,497240
2025-08-05T07:00:00+00:00,6.39,6.47,6.36,6.44,2391298
2025-08-05T08:00:00+00:00,6.44,6.44,6.42,6.44,1302090
2025-08-05T09:00:00+00:00,6.44,6.44,6.41,6.41,1051642
2025-08-05T10:00:00+00:00,6.42,6.43,6.41,6.41,1141704
2025-08-05T11:00:00+00:00,6.41,6.43,6.4,6.41,703109
2025-08-05T12:00:00+00:00,6.41,6.44,6.4,6.43,954277
2025-08-05T13:00:00+00:00,6.44,6.44,6.43,6.44,822394
2025-08-05T14:00:00+00:00,6.44,6.44,6.43,6.44,617143
2025-08-05T15:00:00+00:00,6.44,6.44,6.43,6.44,389491
2025-08-05T16:00:00+00:00,6.43,6.45,6.43,6.44,393939
2025-08-05T17:00:00+00:00,6.44,6.47,6.44,6.45,1017561
2025-08-05T18:00:00+00:00,6.46,6.46,6.45,6.46,225713
2025-08-05T19:00:00+00:00,6.46,6.46,6.45,6.46,301617
2025-08-05T20:00:00+00:00,6.46,6.46,6.45,6.45,277204
2025-08-06T07:00:00+00:00,6.46,6.5,6.43,6.45,3805551
2025-08-06T08:00:00+00:00,6.45,6.46,6.43,6.44,943680
2025-08-06T09:00:00+00:00,6.44,6.45,6.43,6.45,848735
2025-08-06T10:00:00+00:00,6.45,6.45,6.43,6.45,894656
2025-08-06T11:00:00+00:00,6.45,6.45,6.43,6.45,1186118
2025-08-06T12:00:00+00:00,6.44,6.46,6.43,6.44,1173884
2025-08-06T13:00:00+00:00,6.43,6.45,6.42,6.43,606910
2025-08-06T14:00:00+00:00,6.43,6.45,6.38,6.39,1648522
2025-08-06T15:00:00+00:00,6.39,6.41,6.37,6.41,1016987
2025-08-06T16:00:00+00:00,6.41,6.43,6.38,6.41,2810006
2025-08-06T17:00:00+00:00,6.41,6.45,6.39,6.44,2115051
2025-08-06T18:00:00+00:00,6.44,6.54,6.43,6.54,5377350
2025-08-06T19:00:00+00:00,6.53,6.65,6.52,6.61,7495348
2025-08-06T20:00:00+00:00,6.61,6.62,6.54,6.55,3697531
2025-08-07T07:00:00+00:00,6.54,6.59,6.53,6.58,6170037
2025-08-07T08:00:00+00:00,6.58,6.73,6.57,6.73,10789601
2025-08-07T09:00:00+00:00,6.73,6.75,6.6899999999999995,6.71,5681266
2025-08-07T10:00:00+00:00,6.71,6.73,6.68,6.71,4611706
2025-08-07T11:00:00+00:00,6.71,6.73,6.7,6.72,1457392
2025-08-07T12:00:00+00:00,6.73,6.73,6.6899999999999995,6.72,3917901
2025-08-07T13:00:00+00:00,6.71,6.72,6.7,6.71,2268424
2025-08-07T14:00:00+00:00,6.71,6.71,6.7,6.71,1148532
2025-08-07T15:00:00+00:00,6.71,6.72,6.5600000000000005,6.64,5817410
2025-08-07T16:00:00+00:00,6.64,6.65,6.58,6.64,1214042
2025-08-07T17:00:00+00:00,6.64,6.66,6.6,6.64,1090535
2025-08-07T18:00:00+00:00,6.64,6.68,6.61,6.67,867044
2025-08-07T19:00:00+00:00,6.65,6.67,6.65,6.67,723302
2025-08-07T20:00:00+00:00,6.66,6.71,6.64,6.6899999999999995,1352163
2025-08-08T07:00:00+00:00,6.6899999999999995,6.73,6.64,6.67,2566029
2025-08-08T08:00:00+00:00,6.67,6.67,6.64,6.66,1093973
2025-08-08T09:00:00+00:00,6.66,6.67,6.65,6.66,798888
2025-08-08T10:00:00+00:00,6.66,6.67,6.64,6.67,1162631
2025-08-08T11:00:00+00:00,6.67,6.71,6.65,6.7,1747251
2025-08-08T12:00:00+00:00,6.7,6.71,6.6899999999999995,6.71,1503545
2025-08-08T13:00:00+00:00,6.71,6.71,6.6899999999999995,6.71,751705
2025-08-08T14:00:00+00:00,6.71,6.76,6.6899999999999995,6.76,5065130
2025-08-08T15:00:00+00:00,6.76,6.77,6.74,6.74,2082573
2025-08-08T16:00:00+00:00,6.75,6.77,6.74,6.77,907331
2025-08-08T17:00:00+00:00,6.77,6.78,6.76,6.78,919399
2025-08-08T18:00:00+00:00,6.78,6.78,6.76,6.76,459841
2025-08-08T19:00:00+00:00,6.77,6.77,6.76,6.77,464947
2025-08-08T20:00:00+00:00,6.77,6.89,6.76,6.86,3277080
2025-08-11T07:00:00+00:00,6.91,6.95,6.88,6.9,12782415
2025-08-11T08:00:00+00:00,6.88,6.91,6.88,6.9,3452122
2025-08-11T09:00:00+00:00,6.9,6.91,6.88,6.89,2138781
2025-08-11T10:00:00+00:00,6.89,6.89,6.87,6.88,2346814
2025-08-11T11:00:00+00:00,6.88,6.91,6.87,6.91,8894868
2025-08-11T12:00:00+00:00,6.91,6.91,6.89,6.89,2871519
2025-08-11T13:00:00+00:00,6.9,6.9,6.88,6.9,1756004
2025-08-11T14:00:00+00:00,6.9,6.92,6.89,6.91,5008102
2025-08-11T15:00:00+00:00,6.91,6.91,6.71,6.78,3967899
2025-08-11T16:00:00+00:00,6.79,6.88,6.77,6.8,6615894
2025-08-11T17:00:00+00:00,6.8100000000000005,6.86,6.79,6.82,662025
2025-08-11T18:00:00+00:00,6.82,6.84,6.8100000000000005,6.83,359924
2025-08-11T19:00:00+00:00,6.83,6.83,6.8100000000000005,6.83,389069
2025-08-11T20:00:00+00:00,6.82,6.86,6.82,6.83,353499
2025-08-12T07:00:00+00:00,6.83,6.88,6.83,6.85,2826168
2025-08-12T08:00:00+00:00,6.83,6.85,6.82,6.82,1222602
2025-08-12T09:00:00+00:00,6.84,6.84,6.82,6.84,1675548
2025-08-12T10:00:00+00:00,6.84,6.84,6.83,6.84,740227
2025-08-12T11:00:00+00:00,6.84,6.85,6.82,6.83,725443
2025-08-12T12:00:00+00:00,6.84,6.85,6.82,6.84,1700988
2025-08-12T13:00:00+00:00,6.84,6.88,6.82,6.85,2757930
2025-08-12T14:00:00+00:00,6.86,6.88,6.85,6.88,951385
2025-08-12T15:00:00+00:00,6.88,6.89,6.87,6.89,875699
2025-08-12T16:00:00+00:00,6.88,6.89,6.86,6.87,761799
2025-08-12T17:00:00+00:00,6.89,6.89,6.85,6.87,510276
2025-08-12T18:00:00+00:00,6.87,6.89,6.86,6.88,450476
2025-08-12T19:00:00+00:00,6.88,6.88,6.86,6.88,313535
2025-08-12T20:00:00+00:00,6.88,6.88,6.86,6.87,688706
2025-08-13T07:00:00+00:00,6.87,6.92,6.87,6.89,3768693
2025-08-13T08:00:00+00:00,6.89,6.89,6.86,6.87,8814963
2025-08-13T09:00:00+00:00,6.87,6.89,6.86,6.89,1100064
2025-08-13T10:00:00+00:00,6.89,6.89,6.86,6.87,1048467
2025-08-13T11:00:00+00:00,6.87,6.88,6.85,6.86,1410854
2025-08-13T12:00:00+00:00,6.85,6.88,6.84,6.86,2507416
2025-08-13T13:00:00+00:00,6.87,6.88,6.85,6.88,2052962
2025-08-13T14:00:00+00:00,6.87,6.88,6.86,6.88,942770
2025-08-13T15:00:00+00:00,6.87,6.89,6.87,6.89,1066036
2025-08-13T16:00:00+00:00,6.87,6.89,6.87,6.89,1637449
2025-08-13T17:00:00+00:00,6.89,6.89,6.85,6.87,1025349
2025-08-13T18:00:00+00:00,6.87,6.88,6.85,6.86,328836
2025-08-13T19:00:00+00:00,6.87,6.87,6.85,6.87,459768
2025-08-13T20:00:00+00:00,6.87,6.87,6.83,6.86,453242
2025-08-14T07:00:00+00:00,6.82,6.84,6.79,6.8100000000000005,3279918
2025-08-14T08:00:00+00:00,6.8,6.8100000000000005,6.78,6.8,1731650
2025-08-14T09:00:00+00:00,6.8,6.8100000000000005,6.78,6.8100000000000005,2306066
2025-08-14T10:00:00+00:00,6.8100000000000005,6.85,6.8,6.85,4330249
2025-08-14T11:00:00+00:00,6.85,6.86,6.83,6.86,1083782
2025-08-14T12:00:00+00:00,6.86,6.88,6.85,6.88,2072080
2025-08-14T13:00:00+00:00,6.88,6.9,6.87,6.9,4455897
2025-08-14T14:00:00+00:00,6.88,6.9,6.87,6.89,3021444
2025-08-14T15:00:00+00:00,6.89,6.89,6.86,6.86,1897617
2025-08-14T16:00:00+00:00,6.86,6.88,6.85,6.87,1609547
2025-08-14T17:00:00+00:00,6.87,6.89,6.86,6.89,815593
2025-08-14T18:00:00+00:00,6.89,6.92,6.88,6.91,2724212
2025-08-14T19:00:00+00:00,6.9,6.91,6.88,6.91,828662
2025-08-14T20:00:00+00:00,6.91,6.91,6.88,6.89,422201
2025-08-15T07:00:00+00:00,6.92,6.92,6.88,6.89,3613566
2025-08-15T08:00:00+00:00,6.9,6.92,6.89,6.92,3092903
2025-08-15T09:00:00+00:00,6.92,6.93,6.9,6.91,5803924
2025-08-15T10:00:00+00:00,6.92,6.9399999999999995,6.91,6.92,2820721
2025-08-15T11:00:00+00:00,6.93,6.9399999999999995,6.92,6.92,1266365
2025-08-15T12:00:00+00:00,6.93,6.93,6.91,6.92,2400671
2025-08-15T13:00:00+00:00,6.93,6.9399999999999995,6.92,6.9399999999999995,2875878
2025-08-15T14:00:00+00:00,6.93,6.96,6.93,6.96,4189827
2025-08-15T15:00:00+00:00,6.96,6.96,6.95,6.95,2262904
2025-08-15T16:00:00+00:00,6.96,6.98,6.9399999999999995,6.98,3317867
2025-08-15T17:00:00+00:00,6.98,6.99,6.95,6.97,1785311
2025-08-15T18:00:00+00:00,6.97,6.97,6.95,6.96,914916
2025-08-15T19:00:00+00:00,6.97,6.97,6.92,6.95,2336122
2025-08-15T20:00:00+00:00,6.95,6.97,6.9399999999999995,6.97,2708526
2025-08-18T07:00:00+00:00,6.8,6.85,6.79,6.83,11313088
2025-08-18T08:00:00+00:00,6.83,6.83,6.8100000000000005,6.83,1775218
2025-08-18T09:00:00+00:00,6.83,6.86,6.82,6.86,3002115
2025-08-18T10:00:00+00:00,6.86,6.86,6.84,6.85,1592289
2025-08-18T11:00:00+00:00,6.85,6.85,6.83,6.84,1093001
2025-08-18T12:00:00+00:00,6.83,6.86,6.83,6.86,732756
2025-08-18T13:00:00+00:00,6.86,6.87,6.85,6.86,2977662
2025-08-18T14:00:00+00:00,6.85,6.87,6.83,6.84,1590464
2025-08-18T15:00:00+00:00,6.84,6.84,6.82,6.83,790554
2025-08-18T16:00:00+00:00,6.83,6.84,6.82,6.84,455949
2025-08-18T17:00:00+00:00,6.84,6.85,6.83,6.85,1365362
2025-08-18T18:00:00+00:00,6.84,6.91,6.83,6.9,1111094
2025-08-18T19:00:00+00:00,6.91,6.96,6.89,6.93,2690903
2025-08-18T20:00:00+00:00,6.93,6.93,6.9,6.92,539647
2025-08-19T07:00:00+00:00,6.93,6.96,6.92,6.95,7026680
2025-08-19T08:00:00+00:00,6.95,6.95,6.93,6.9399999999999995,3128980
2025-08-19T09:00:00+00:00,6.9399999999999995,6.9399999999999995,6.91,6.91,1353638
2025-08-19T10:00:00+00:00,6.92,6.93,6.9,6.91,3841824
2025-08-19T11:00:00+00:00,6.91,6.91,6.9,6.91,2591649
2025-08-19T12:00:00+00:00,6.9,6.92,6.88,6.89,11330506
2025-08-19T13:00:00+00:00,6.89,6.91,6.88,6.91,1684543
2025-08-19T14:00:00+00:00,6.91,6.91,6.88,6.9,997105
2025-08-19T15:00:00+00:00,6.9,6.9,6.85,6.88,5709997
2025-08-19T16:00:00+00:00,6.88,6.88,6.83,6.86,980644
2025-08-19T17:00:00+00:00,6.86,6.89,6.83,6.88,943647
2025-08-19T18:00:00+00:00,6.87,6.88,6.85,6.86,808793
2025-08-19T19:00:00+00:00,6.87,6.88,6.86,6.88,255589
2025-08-19T20:00:00+00:00,6.88,6.88,6.85,6.88,375355
2025-08-20T07:00:00+00:00,6.88,6.89,6.85,6.87,2028866
2025-08-20T08:00:00+00:00,6.87,6.87,6.85,6.86,698239
2025-08-20T09:00:00+00:00,6.86,6.87,6.84,6.85,1842609
2025-08-20T10:00:00+00:00,6.85,6.85,6.84,6.84,2877391
2025-08-20T11:00:00+00:00,6.85,6.85,6.8,6.82,2600652
2025-08-20T12:00:00+00:00,6.82,6.82,6.8,6.8100000000000005,1386846
2025-08-20T13:00:00+00:00,6.8100000000000005,6.82,6.78,6.79,3070708
2025-08-20T14:00:00+00:00,6.79,6.8,6.78,6.8,1104804
2025-08-20T15:00:00+00:00,6.8,6.8100000000000005,6.78,6.8100000000000005,1095651
2025-08-20T16:00:00+00:00,6.8100000000000005,6.8100000000000005,6.78,6.79,1010158
2025-08-20T17:00:00+00:00,6.79,6.8,6.78,6.8,509162
2025-08-20T18:00:00+00:00,6.8,6.8,6.78,6.79,501597
2025-08-20T19:00:00+00:00,6.8,6.8,6.79,6.8,225861
2025-08-20T20:00:00+00:00,6.8,6.8,6.79,6.8,282312
2025-08-21T07:00:00+00:00,6.75,6.89,6.74,6.74,2989933
2025-08-21T08:00:00+00:00,6.75,6.75,6.73,6.75,2588185
2025-08-21T09:00:00+00:00,6.75,6.77,6.73,6.77,1573821
2025-08-21T10:00:00+00:00,6.77,6.77,6.73,6.75,1465499
2025-08-21T11:00:00+00:00,6.74,6.79,6.74,6.77,2388962
2025-08-21T12:00:00+00:00,6.77,6.78,6.75,6.76,748816
2025-08-21T13:00:00+00:00,6.76,6.76,6.7,6.71,1813823
2025-08-21T14:00:00+00:00,6.71,6.71,6.68,6.7,2105856
2025-08-21T15:00:00+00:00,6.7,6.7,6.65,6.68,1644195
2025-08-21T16:00:00+00:00,6.68,6.68,6.63,6.66,1288713
2025-08-21T17:00:00+00:00,6.66,6.67,6.65,6.67,463142
2025-08-21T18:00:00+00:00,6.67,6.67,6.65,6.66,508395
2025-08-21T19:00:00+00:00,6.66,6.67,6.63,6.65,1049168
2025-08-21T20:00:00+00:00,6.63,6.66,6.63,6.66,592788
2025-08-22T07:00:00+00:00,6.6899999999999995,6.6899999999999995,6.66,6.67,4501743
2025-08-22T08:00:00+00:00,6.67,6.68,6.66,6.68,1027236
2025-08-22T09:00:00+00:00,6.66,6.68,6.66,6.68,1039475
2025-08-22T10:00:00+00:00,6.68,6.7,6.66,6.68,1152689
2025-08-22T11:00:00+00:00,6.6899999999999995,6.72,6.68,6.7,2627245
2025-08-22T12:00:00+00:00,6.7,6.71,6.68,6.6899999999999995,780660
2025-08-22T13:00:00+00:00,6.68,6.7,6.68,6.6899999999999995,675811
2025-08-22T14:00:00+00:00,6.68,6.7,6.67,6.67,1097615
2025-08-22T15:00:00+00:00,6.67,6.7,6.67,6.7,558496
2025-08-22T16:00:00+00:00,6.68,6.71,6.68,6.7,233280
2025-08-22T17:00:00+00:00,6.7,6.7,6.68,6.7,248228
2025-08-22T18:00:00+00:00,6.6899999999999995,6.7,6.68,6.68,173341
2025-08-22T19:00:00+00:00,6.6899999999999995,6.7,6.68,6.7,401526
2025-08-22T20:00:00+00:00,6.7,6.7,6.6899999999999995,6.6899999999999995,441846
2025-08-25T07:00:00+00:00,6.66,6.6899999999999995,6.66,6.68,4967097
2025-08-25T08:00:00+00:00,6.68,6.68,6.62,6.63,3128676
2025-08-25T09:00:00+00:00,6.64,6.65,6.63,6.65,1101160
2025-08-25T10:00:00+00:00,6.65,6.66,6.63,6.65,715423
2025-08-25T11:00:00+00:00,6.65,6.66,6.63,6.63,1079355
2025-08-25T12:00:00+00:00,6.63,6.65,6.61,6.61,949078
2025-08-25T13:00:00+00:00,6.62,6.65,6.61,6.65,933091
2025-08-25T14:00:00+00:00,6.65,6.67,6.64,6.66,518939
2025-08-25T15:00:00+00:00,6.66,6.68,6.65,6.68,823436
2025-08-25T16:00:00+00:00,6.68,6.6899999999999995,6.66,6.68,443889
2025-08-25T17:00:00+00:00,6.6899999999999995,6.6899999999999995,6.66,6.68,314288
2025-08-25T18:00:00+00:00,6.6899999999999995,6.6899999999999995,6.67,6.68,652228
2025-08-25T19:00:00+00:00,6.6899999999999995,6.6899999999999995,6.67,6.6899999999999995,227220
2025-08-25T20:00:00+00:00,6.68,6.6899999999999995,6.68,6.6899999999999995,177984
2025-08-26T07:00:00+00:00,6.71,6.75,6.71,6.73,3267286
2025-08-26T08:00:00+00:00,6.72,6.73,6.71,6.73,759709
2025-08-26T09:00:00+00:00,6.73,6.73,6.7,6.71,952786
2025-08-26T10:00:00+00:00,6.71,6.72,6.7,6.72,757768
2025-08-26T11:00:00+00:00,6.71,6.73,6.71,6.72,1076647
2025-08-26T12:00:00+00:00,6.72,6.72,6.7,6.71,1409302
2025-08-26T13:00:00+00:00,6.71,6.71,6.68,6.6899999999999995,1048136
2025-08-26T14:00:00+00:00,6.68,6.6899999999999995,6.67,6.68,642202
2025-08-26T15:00:00+00:00,6.68,6.68,6.67,6.68,361679
2025-08-26T16:00:00+00:00,6.67,6.6899999999999995,6.67,6.67,461421
2025-08-26T17:00:00+00:00,6.6899999999999995,6.6899999999999995,6.67,6.6899999999999995,319964
2025-08-26T18:00:00+00:00,6.6899999999999995,6.6899999999999995,6.67,6.6899999999999995,139569
2025-08-26T19:00:00+00:00,6.6899999999999995,6.7,6.68,6.7,233110
2025-08-26T20:00:00+00:00,6.7,6.7,6.68,6.7,240996
2025-08-27T07:00:00+00:00,6.66,6.71,6.66,6.7,4664886
2025-08-27T08:00:00+00:00,6.71,6.72,6.7,6.71,1394818
2025-08-27T09:00:00+00:00,6.71,6.72,6.7,6.7,687508
2025-08-27T10:00:00+00:00,6.71,6.71,6.6899999999999995,6.7,815652
2025-08-27T11:00:00+00:00,6.7,6.73,6.6899999999999995,6.73,1023103
2025-08-27T12:00:00+00:00,6.73,6.74,6.72,6.74,2212566
2025-08-27T13:00:00+00:00,6.74,6.74,6.72,6.73,906819
2025-08-27T14:00:00+00:00,6.73,6.74,6.72,6.72,645808
2025-08-27T15:00:00+00:00,6.74,6.74,6.72,6.73,404439
2025-08-27T16:00:00+00:00,6.73,6.75,6.72,6.75,2977212
2025-08-27T17:00:00+00:00,6.75,6.75,6.73,6.75,708282
2025-08-27T18:00:00+00:00,6.75,6.77,6.74,6.75,477074
2025-08-27T19:00:00+00:00,6.76,6.77,6.75,6.75,347378
2025-08-27T20:00:00+00:00,6.75,6.76,6.74,6.76,135758
2025-08-28T07:00:00+00:00,6.73,6.77,6.72,6.72,2019337
2025-08-28T08:00:00+00:00,6.74,6.74,6.72,6.72,455947
2025-08-28T09:00:00+00:00,6.72,6.74,6.72,6.74,649107
2025-08-28T10:00:00+00:00,6.74,6.74,6.71,6.72,869161
2025-08-28T11:00:00+00:00,6.72,6.72,6.71,6.72,649650
2025-08-28T12:00:00+00:00,6.72,6.73,6.71,6.73,961066
2025-08-28T13:00:00+00:00,6.73,6.74,6.71,6.73,1026161
2025-08-28T14:00:00+00:00,6.73,6.73,6.71,6.73,431308
2025-08-28T15:00:00+00:00,6.73,6.74,6.71,6.72,450180
2025-08-28T16:00:00+00:00,6.74,6.74,6.71,6.71,1134906
2025-08-28T17:00:00+00:00,6.73,6.73,6.62,6.65,2984980
2025-08-28T18:00:00+00:00,6.67,6.67,6.64,6.67,407014
2025-08-28T19:00:00+00:00,6.66,6.67,6.65,6.65,221999
2025-08-28T20:00:00+00:00,6.67,6.67,6.65,6.65,471656
2025-08-29T07:00:00+00:00,6.65,6.71,6.64,6.6899999999999995,1458431
2025-08-29T08:00:00+00:00,6.68,6.7,6.68,6.7,706515
2025-08-29T09:00:00+00:00,6.7,6.7,6.67,6.68,627630
2025-08-29T10:00:00+00:00,6.68,6.7,6.67,6.6899999999999995,1329972
2025-08-29T11:00:00+00:00,6.6899999999999995,6.6899999999999995,6.67,6.68,1275899
2025-08-29T12:00:00+00:00,6.68,6.68,6.67,6.68,2010641
2025-08-29T13:00:00+00:00,6.68,6.6899999999999995,6.67,6.68,770370
2025-08-29T14:00:00+00:00,6.68,6.7,6.67,6.7,1280098
2025-08-29T15:00:00+00:00,6.7,6.7,6.6899999999999995,6.7,708171
2025-08-29T16:00:00+00:00,6.7,6.7,6.68,6.7,310332
2025-08-29T17:00:00+00:00,6.7,6.7,6.68,6.7,210265
2025-08-29T18:00:00+00:00,6.7,6.7,6.68,6.6899999999999995,157522
2025-08-29T19:00:00+00:00,6.6899999999999995,6.7,6.68,6.68,196937
2025-08-29T20:00:00+00:00,6.6899999999999995,6.7,6.67,6.67,296975
2025-09-01T07:00:00+00:00,6.77,6.77,6.73,6.75,4523533
2025-09-01T08:00:00+00:00,6.75,6.75,6.73,6.73,1287696
2025-09-01T09:00:00+00:00,6.75,6.75,6.73,6.74,1129828
2025-09-01T10:00:00+00:00,6.74,6.74,6.72,6.73,1081441
2025-09-01T11:00:00+00:00,6.73,6.74,6.72,6.73,851604
2025-09-01T12:00:00+00:00,6.73,6.74,6.72,6.72,769450
2025-09-01T13:00:00+00:00,6.73,6.74,6.71,6.72,732367
2025-09-01T14:00:00+00:00,6.72,6.73,6.68,6.7,1308158
2025-09-01T15:00:00+00:00,6.68,6.7,6.68,6.68,395035
2025-09-01T16:00:00+00:00,6.6899999999999995,6.7,6.67,6.68,380348
2025-09-01T17:00:00+00:00,6.68,6.6899999999999995,6.67,6.6899999999999995,318168
2025-09-01T18:00:00+00:00,6.6899999999999995,6.6899999999999995,6.67,6.68,248814
2025-09-01T19:00:00+00:00,6.67,6.6899999999999995,6.67,6.6899999999999995,431207
2025-09-01T20:00:00+00:00,6.6899999999999995,6.6899999999999995,6.67,6.6899999999999995,111963
2025-09-02T07:00:00+00:00,6.67,6.67,6.62,6.63,2343156
2025-09-02T08:00:00+00:00,6.64,6.65,6.62,6.65,1214380
2025-09-02T09:00:00+00:00,6.64,6.65,6.63,6.65,1090053
2025-09-02T10:00:00+00:00,6.65,6.65,6.63,6.63,749494
2025-09-02T11:00:00+00:00,6.64,6.65,6.63,6.65,659537
2025-09-02T12:00:00+00:00,6.64,6.66,6.62,6.63,1781838
2025-09-02T13:00:00+00:00,6.63,6.63,6.6,6.62,1970378
2025-09-02T14:00:00+00:00,6.62,6.62,6.6,6.62,399858
2025-09-02T15:00:00+00:00,6.62,6.62,6.57,6.6,2196769
2025-09-02T16:00:00+00:00,6.6,6.61,6.58,6.6,607026
2025-09-02T17:00:00+00:00,6.61,6.61,6.58,6.59,764422
2025-09-02T18:00:00+00:00,6.58,6.61,6.57,6.61,596967
2025-09-02T19:00:00+00:00,6.61,6.64,6.59,6.64,1067990
2025-09-02T20:00:00+00:00,6.64,6.64,6.62,6.62,134438
2025-09-03T07:00:00+00:00,6.67,6.67,6.59,6.6,1298111
2025-09-03T08:00:00+00:00,6.61,6.61,6.58,6.6,1235864
2025-09-03T09:00:00+00:00,6.6,6.62,6.59,6.61,1219694
2025-09-03T10:00:00+00:00,6.61,6.63,6.6,6.62,1008157
2025-09-03T11:00:00+00:00,6.62,6.62,6.6,6.6,576988
2025-09-03T12:00:00+00:00,6.62,6.62,6.6,6.62,520326
2025-09-03T13:00:00+00:00,6.62,6.64,6.6,6.61,1345997
2025-09-03T14:00:00+00:00,6.63,6.63,6.61,6.62,468020
2025-09-03T15:00:00+00:00,6.63,6.63,6.62,6.63,356907
2025-09-03T16:00:00+00:00,6.63,6.65,6.62,6.65,1255004
2025-09-03T17:00:00+00:00,6.65,6.65,6.63,6.65,294427
2025-09-03T18:00:00+00:00,6.63,6.65,6.62,6.64,288025
2025-09-03T19:00:00+00:00,6.64,6.66,6.63,6.66,397399
2025-09-03T20:00:00+00:00,6.66,6.66,6.64,6.66,284384
2025-09-04T07:00:00+00:00,6.66,6.7,6.66,6.68,1263273
2025-09-04T08:00:00+00:00,6.68,6.68,6.67,6.68,136359
2025-09-04T09:00:00+00:00,6.68,6.68,6.67,6.67,429038
2025-09-04T10:00:00+00:00,6.68,6.6899999999999995,6.67,6.6899999999999995,525132
2025-09-04T11:00:00+00:00,6.6899999999999995,6.6899999999999995,6.67,6.67,555610
2025-09-04T12:00:00+00:00,6.68,6.68,6.65,6.65,1426973
2025-09-04T13:00:00+00:00,6.67,6.68,6.65,6.68,1057534
2025-09-04T14:00:00+00:00,6.68,6.68,6.62,6.64,1103258
2025-09-04T15:00:00+00:00,6.64,6.65,6.62,6.65,526457
2025-09-04T16:00:00+00:00,6.63,6.65,6.63,6.63,232009
2025-09-04T17:00:00+00:00,6.65,6.66,6.63,6.66,326489
2025-09-04T18:00:00+00:00,6.65,6.68,6.65,6.67,290490
2025-09-04T19:00:00+00:00,6.67,6.67,6.65,6.67,301161
2025-09-04T20:00:00+00:00,6.67,6.67,6.65,6.66,88794
2025-09-05T07:00:00+00:00,6.67,6.7,6.67,6.6899999999999995,2206369
2025-09-05T08:00:00+00:00,6.68,6.7,6.66,6.6899999999999995,2550765
2025-09-05T09:00:00+00:00,6.7,6.71,6.68,6.7,2387344
2025-09-05T10:00:00+00:00,6.7,6.7,6.68,6.7,1155474
2025-09-05T11:00:00+00:00,6.7,6.7,6.68,6.7,1268727
2025-09-05T12:00:00+00:00,6.7,6.7,6.6899999999999995,6.7,603445
2025-09-05T13:00:00+00:00,6.7,6.71,6.6899999999999995,6.71,961942
2025-09-05T14:00:00+00:00,6.71,6.72,6.7,6.7,764689
2025-09-05T15:00:00+00:00,6.71,6.71,6.6899999999999995,6.7,779101
2025-09-05T16:00:00+00:00,6.7,6.71,6.6899999999999995,6.7,327018
2025-09-05T17:00:00+00:00,6.71,6.71,6.6899999999999995,6.7,660163
2025-09-05T18:00:00+00:00,6.7,6.71,6.6899999999999995,6.71,151555
2025-09-05T19:00:00+00:00,6.7,6.71,6.7,6.71,221305
2025-09-05T20:00:00+00:00,6.71,6.71,6.6899999999999995,6.6899999999999995,422893
2025-09-08T07:00:00+00:00,6.74,6.74,6.71,6.74,4185474
2025-09-08T08:00:00+00:00,6.74,6.74,6.72,6.73,1406139
2025-09-08T09:00:00+00:00,6.74,6.74,6.73,6.74,1297067
2025-09-08T10:00:00+00:00,6.74,6.75,6.72,6.74,1268961
2025-09-08T11:00:00+00:00,6.72,6.74,6.72,6.73,647454
2025-09-08T12:00:00+00:00,6.74,6.74,6.72,6.73,629940
2025-09-08T13:00:00+00:00,6.73,6.73,6.72,6.72,636173
2025-09-08T14:00:00+00:00,6.72,6.74,6.71,6.74,821956
2025-09-08T15:00:00+00:00,6.73,6.75,6.73,6.75,1079038
2025-09-08T16:00:00+00:00,6.75,6.77,6.74,6.77,671659
2025-09-08T17:00:00+00:00,6.77,6.77,6.75,6.75,1287023
2025-09-08T18:00:00+00:00,6.75,6.77,6.75,6.75,178191
2025-09-08T19:00:00+00:00,6.76,6.77,6.75,6.77,246694
2025-09-08T20:00:00+00:00,6.77,6.77,6.75,6.76,138070
2025-09-09T07:00:00+00:00,6.8,6.8,6.75,6.78,2092152
2025-09-09T08:00:00+00:00,6.78,6.79,6.77,6.77,1125597
2025-09-09T09:00:00+00:00,6.77,6.79,6.76,6.78,1298930
2025-09-09T10:00:00+00:00,6.78,6.78,6.75,6.75,891063
2025-09-09T11:00:00+00:00,6.75,6.77,6.75,6.76,849409
2025-09-09T12:00:00+00:00,6.76,6.77,6.74,6.76,896653
2025-09-09T13:00:00+00:00,6.76,6.77,6.74,6.76,1076411
2025-09-09T14:00:00+00:00,6.77,6.78,6.75,6.78,768763
2025-09-09T15:00:00+00:00,6.76,6.79,6.76,6.79,436267
2025-09-09T16:00:00+00:00,6.79,6.79,6.77,6.79,585112
2025-09-09T17:00:00+00:00,6.79,6.79,6.76,6.77,593841
2025-09-09T18:00:00+00:00,6.79,6.79,6.77,6.79,411370
2025-09-09T19:00:00+00:00,6.79,6.79,6.77,6.78,311458
2025-09-09T20:00:00+00:00,6.79,6.79,6.77,6.79,146576
2025-09-10T07:00:00+00:00,6.71,6.78,6.71,6.78,2346618
2025-09-10T08:00:00+00:00,6.77,6.79,6.76,6.77,1892334
2025-09-10T09:00:00+00:00,6.76,6.78,6.75,6.78,936819
2025-09-10T10:00:00+00:00,6.78,6.78,6.75,6.77,1174985
2025-09-10T11:00:00+00:00,6.77,6.77,6.75,6.76,2117239
2025-09-10T12:00:00+00:00,6.76,6.76,6.74,6.76,714483
2025-09-10T13:00:00+00:00,6.76,6.76,6.74,6.75,613316
2025-09-10T14:00:00+00:00,6.74,6.76,6.74,6.76,805371
2025-09-10T15:00:00+00:00,6.76,6.76,6.73,6.74,735839
2025-09-10T16:00:00+00:00,6.74,6.75,6.71,6.73,1053599
2025-09-10T17:00:00+00:00,6.73,6.74,6.71,6.73,328067
2025-09-10T18:00:00+00:00,6.74,6.74,6.72,6.74,331256
2025-09-10T19:00:00+00:00,6.74,6.74,6.72,6.72,313546
2025-09-10T20:00:00+00:00,6.73,6.74,6.72,6.72,745384
2025-09-11T07:00:00+00:00,6.72,6.75,6.7,6.71,2267432
2025-09-11T08:00:00+00:00,6.71,6.71,6.6899999999999995,6.7,1297855
2025-09-11T09:00:00+00:00,6.7,6.7,6.6899999999999995,6.7,864043
2025-09-11T10:00:00+00:00,6.7,6.7,6.68,6.6899999999999995,809472
2025-09-11T11:00:00+00:00,6.6899999999999995,6.71,6.68,6.71,898044
2025-09-11T12:00:00+00:00,6.7,6.71,6.6899999999999995,6.6899999999999995,1691947
2025-09-11T13:00:00+00:00,6.7,6.71,6.6899999999999995,6.7,496275
2025-09-11T14:00:00+00:00,6.7,6.73,6.7,6.73,1483567
2025-09-11T15:00:00+00:00,6.73,6.73,6.7,6.72,2007880
2025-09-11T16:00:00+00:00,6.72,6.72,6.7,6.71,444288
2025-09-11T17:00:00+00:00,6.71,6.71,6.7,6.7,362643
2025-09-11T18:00:00+00:00,6.71,6.72,6.7,6.72,463962
2025-09-11T19:00:00+00:00,6.72,6.72,6.71,6.72,285919
2025-09-11T20:00:00+00:00,6.72,6.73,6.7,6.7,591039
2025-09-12T07:00:00+00:00,6.67,6.75,6.67,6.7,1492239
2025-09-12T08:00:00+00:00,6.7,6.7,6.68,6.68,1035970
2025-09-12T09:00:00+00:00,6.7,6.7,6.68,6.7,802953
2025-09-12T10:00:00+00:00,6.7,6.7,6.62,6.65,15491215
2025-09-12T11:00:00+00:00,6.65,6.66,6.64,6.64,1235930
2025-09-12T12:00:00+00:00,6.65,6.65,6.59,6.6,13932535
2025-09-12T13:00:00+00:00,6.6,6.61,6.58,6.58,3116339
2025-09-12T14:00:00+00:00,6.59,6.59,6.57,6.58,1602461
2025-09-12T15:00:00+00:00,6.58,6.59,6.57,6.59,1766749
2025-09-12T16:00:00+00:00,6.59,6.59,6.55,6.5600000000000005,1361150
2025-09-12T17:00:00+00:00,6.5600000000000005,6.57,6.55,6.57,703729
2025-09-12T18:00:00+00:00,6.57,6.57,6.55,6.57,417853
2025-09-12T19:00:00+00:00,6.57,6.57,6.55,6.57,531281
2025-09-12T20:00:00+00:00,6.57,6.57,6.5600000000000005,6.57,1428395
2025-09-15T07:00:00+00:00,6.52,6.59,6.52,6.55,6605922
2025-09-15T08:00:00+00:00,6.55,6.55,6.47,6.49,12243654
2025-09-15T09:00:00+00:00,6.5,6.5,6.48,6.48,3719834
2025-09-15T10:00:00+00:00,6.49,6.5,6.47,6.49,1169043
2025-09-15T11:00:00+00:00,6.48,6.5,6.47,6.49,983629
2025-09-15T12:00:00+00:00,6.5,6.5,6.48,6.5,2177264
2025-09-15T13:00:00+00:00,6.5,6.5,6.48,6.49,1167982
2025-09-15T14:00:00+00:00,6.49,6.51,6.48,6.51,1217610
2025-09-15T15:00:00+00:00,6.49,6.51,6.49,6.51,504378
2025-09-15T16:00:00+00:00,6.51,6.51,6.49,6.51,626943
2025-09-15T17:00:00+00:00,6.5,6.51,6.49,6.51,663775
2025-09-15T18:00:00+00:00,6.51,6.52,6.5,6.51,2232896
2025-09-15T19:00:00+00:00,6.5,6.59,6.4,6.51,7002995
2025-09-15T20:00:00+00:00,6.5,6.51,6.49,6.5,269534
2025-09-16T07:00:00+00:00,6.48,6.55,6.48,6.53,5363090
2025-09-16T08:00:00+00:00,6.52,6.53,6.48,6.5,6784504
2025-09-16T09:00:00+00:00,6.5,6.5,6.45,6.45,5466559
2025-09-16T10:00:00+00:00,6.46,6.46,6.42,6.45,3992511
2025-09-16T11:00:00+00:00,6.45,6.45,6.44,6.45,1743435
2025-09-16T12:00:00+00:00,6.45,6.45,6.43,6.44,648532
2025-09-16T13:00:00+00:00,6.43,6.47,6.43,6.47,3724166
2025-09-16T14:00:00+00:00,6.47,6.49,6.46,6.49,759510
2025-09-16T15:00:00+00:00,6.49,6.49,6.47,6.49,468861
2025-09-16T16:00:00+00:00,6.49,6.49,6.47,6.48,320182
2025-09-16T17:00:00+00:00,6.48,6.49,6.47,6.49,174294
2025-09-16T18:00:00+00:00,6.47,6.49,6.47,6.49,174860
2025-09-16T19:00:00+00:00,6.49,6.49,6.47,6.49,397074
2025-09-16T20:00:00+00:00,6.49,6.49,6.47,6.49,117912
2025-09-17T07:00:00+00:00,6.45,6.49,6.45,6.45,1253031
2025-09-17T08:00:00+00:00,6.46,6.46,6.44,6.45,697825
2025-09-17T09:00:00+00:00,6.45,6.46,6.44,6.44,592745
2025-09-17T10:00:00+00:00,6.45,6.49,6.44,6.48,896088
2025-09-17T11:00:00+00:00,6.48,6.48,6.45,6.47,958618
2025-09-17T12:00:00+00:00,6.45,6.47,6.45,6.45,657497
2025-09-17T13:00:00+00:00,6.45,6.47,6.45,6.46,495087
2025-09-17T14:00:00+00:00,6.45,6.5,6.45,6.5,890692
2025-09-17T15:00:00+00:00,6.49,6.52,6.49,6.51,615900
2025-09-17T16:00:00+00:00,6.51,6.52,6.49,6.52,967023
2025-09-17T17:00:00+00:00,6.52,6.52,6.51,6.52,289375
2025-09-17T18:00:00+00:00,6.52,6.52,6.5,6.52,202075
2025-09-17T19:00:00+00:00,6.5,6.53,6.5,6.53,298960
2025-09-17T20:00:00+00:00,6.53,6.53,6.51,6.53,286799
2025-09-18T07:00:00+00:00,6.49,6.53,6.48,6.5,3121183
2025-09-18T08:00:00+00:00,6.48,6.51,6.48,6.51,628379
2025-09-18T09:00:00+00:00,6.51,6.51,6.48,6.48,920421
2025-09-18T10:00:00+00:00,6.5,6.5,6.47,6.49,580690
2025-09-18T11:00:00+00:00,6.49,6.49,6.47,6.48,537358
2025-09-18T12:00:00+00:00,6.48,6.48,6.44,6.46,1000229
2025-09-18T13:00:00+00:00,6.46,6.46,6.43,6.44,1055795
2025-09-18T14:00:00+00:00,6.43,6.45,6.42,6.45,938654
2025-09-18T15:00:00+00:00,6.45,6.5,6.43,6.49,742231
2025-09-18T16:00:00+00:00,6.49,6.49,6.44,6.47,717949
2025-09-18T17:00:00+00:00,6.47,6.47,6.44,6.45,833342
2025-09-18T18:00:00+00:00,6.45,6.45,6.41,6.43,1191147
2025-09-18T19:00:00+00:00,6.42,6.43,6.42,6.43,188070
2025-09-18T20:00:00+00:00,6.43,6.43,6.42,6.43,159610
2025-09-19T07:00:00+00:00,6.45,6.46,6.41,6.45,1899161
2025-09-19T08:00:00+00:00,6.45,6.45,6.41,6.42,1247991
2025-09-19T09:00:00+00:00,6.42,6.43,6.41,6.42,1221187
2025-09-19T10:00:00+00:00,6.42,6.43,6.4,6.41,1568550
2025-09-19T11:00:00+00:00,6.41,6.42,6.4,6.42,3731732
2025-09-19T12:00:00+00:00,6.42,6.43,6.4,6.42,1861825
2025-09-19T13:00:00+00:00,6.42,6.42,6.41,6.42,591674
2025-09-19T14:00:00+00:00,6.41,6.42,6.37,6.39,2564333
2025-09-19T15:00:00+00:00,6.39,6.39,6.35,6.37,945781
2025-09-19T16:00:00+00:00,6.37,6.37,6.32,6.35,1540689
2025-09-19T17:00:00+00:00,6.35,6.35,6.32,6.35,646975
2025-09-19T18:00:00+00:00,6.35,6.36,6.33,6.35,262533
2025-09-19T19:00:00+00:00,6.34,6.35,6.34,6.35,579222
2025-09-19T20:00:00+00:00,6.35,6.36,6.28,6.29,5669823
2025-09-22T07:00:00+00:00,6.26,6.36,6.26,6.3,5581068
2025-09-22T08:00:00+00:00,6.3,6.31,6.29,6.31,2169390
2025-09-22T09:00:00+00:00,6.31,6.31,6.25,6.26,2617595
2025-09-22T10:00:00+00:00,6.27,6.27,6.25,6.27,1237793
2025-09-22T11:00:00+00:00,6.26,6.31,6.25,6.3,3233015
2025-09-22T12:00:00+00:00,6.3,6.32,6.28,6.28,1204239
2025-09-22T13:00:00+00:00,6.29,6.29,6.26,6.28,2179791
2025-09-22T14:00:00+00:00,6.28,6.32,6.26,6.32,1874986
2025-09-22T15:00:00+00:00,6.32,6.36,6.3,6.31,8745109
2025-09-22T16:00:00+00:00,6.3,6.33,6.3,6.33,9219567
2025-09-22T17:00:00+00:00,6.32,6.39,6.31,6.37,855255
2025-09-22T18:00:00+00:00,6.37,6.38,6.36,6.37,374182
2025-09-22T19:00:00+00:00,6.36,6.38,6.36,6.38,2626753
2025-09-22T20:00:00+00:00,6.37,6.38,6.36,6.38,270982
2025-09-23T07:00:00+00:00,6.37,6.4,6.34,6.36,1951870
2025-09-23T08:00:00+00:00,6.36,6.37,6.33,6.37,2152894
2025-09-23T09:00:00+00:00,6.36,6.39,6.35,6.39,1327068
2025-09-23T10:00:00+00:00,6.39,6.39,6.37,6.38,1406087
2025-09-23T11:00:00+00:00,6.37,6.4,6.37,6.4,799598
2025-09-23T12:00:00+00:00,6.4,6.4,6.37,6.38,891442
2025-09-23T13:00:00+00:00,6.38,6.41,6.37,6.4,1301796
2025-09-23T14:00:00+00:00,6.39,6.4,6.36,6.38,3417169
2025-09-23T15:00:00+00:00,6.38,6.39,6.37,6.39,473637
2025-09-23T16:00:00+00:00,6.39,6.39,6.34,6.34,881145
2025-09-23T17:00:00+00:00,6.36,6.36,6.33,6.34,384893
2025-09-23T18:00:00+00:00,6.34,6.35,6.32,6.33,1007505
2025-09-23T19:00:00+00:00,6.32,6.33,6.23,6.23,10118914
2025-09-23T20:00:00+00:00,6.24,6.25,6.21,6.24,1433948
2025-09-24T07:00:00+00:00,6.21,6.25,6.18,6.24,15481698
2025-09-24T08:00:00+00:00,6.25,6.29,6.24,6.28,6384952
2025-09-24T09:00:00+00:00,6.28,6.28,6.26,6.27,5797622
2025-09-24T10:00:00+00:00,6.28,6.28,6.26,6.28,989386
2025-09-24T11:00:00+00:00,6.28,6.32,6.26,6.32,6171427
2025-09-24T12:00:00+00:00,6.32,6.34,6.31,6.32,2695358
2025-09-24T13:00:00+00:00,6.31,6.35,6.31,6.32,3532286
2025-09-24T14:00:00+00:00,6.33,6.33,6.29,6.32,2397267
2025-09-24T15:00:00+00:00,6.32,6.32,6.29,6.31,541092
2025-09-24T16:00:00+00:00,6.31,6.31,6.29,6.31,846932
2025-09-24T17:00:00+00:00,6.31,6.32,6.3,6.32,760464
2025-09-24T18:00:00+00:00,6.32,6.32,6.29,6.3,565288
2025-09-24T19:00:00+00:00,6.3,6.31,6.29,6.31,1048926
2025-09-24T20:00:00+00:00,6.31,6.34,6.3,6.34,1728899
2025-09-25T07:00:00+00:00,6.31,6.36,6.29,6.31,2235099
2025-09-25T08:00:00+00:00,6.3,6.32,6.28,6.32,1994614
2025-09-25T09:00:00+00:00,6.32,6.32,6.29,6.32,761175
2025-09-25T10:00:00+00:00,6.32,6.32,6.29,6.31,917573
2025-09-25T11:00:00+00:00,6.31,6.31,6.29,6.31,672755
2025-09-25T12:00:00+00:00,6.31,6.31,6.29,6.3,446036
2025-09-25T13:00:00+00:00,6.3,6.3,6.28,6.29,994334
2025-09-25T14:00:00+00:00,6.28,6.3,6.28,6.3,973053
2025-09-25T15:00:00+00:00,6.3,6.3,6.25,6.28,2706975
2025-09-25T16:00:00+00:00,6.28,6.3,6.25,6.28,2359383
2025-09-25T17:00:00+00:00,6.28,6.28,6.26,6.27,379677
2025-09-25T18:00:00+00:00,6.27,6.27,6.24,6.25,1045910
2025-09-25T19:00:00+00:00,6.25,6.26,6.24,6.26,236166
2025-09-25T20:00:00+00:00,6.26,6.27,6.24,6.24,511310
2025-09-26T07:00:00+00:00,6.21,6.27,6.2,6.24,3175523
2025-09-26T08:00:00+00:00,6.24,6.25,6.23,6.24,804808
2025-09-26T09:00:00+00:00,6.24,6.28,6.23,6.28,2690859
2025-09-26T10:00:00+00:00,6.28,6.28,6.26,6.28,1728320
2025-09-26T11:00:00+00:00,6.27,6.28,6.25,6.27,2010872
2025-09-26T12:00:00+00:00,6.27,6.27,6.25,6.27,597277
2025-09-26T13:00:00+00:00,6.27,6.27,6.25,6.26,662538
2025-09-26T14:00:00+00:00,6.25,6.28,6.25,6.28,1301745
2025-09-26T15:00:00+00:00,6.28,6.3,6.27,6.29,1277610
2025-09-26T16:00:00+00:00,6.3,6.3,6.28,6.3,482447
2025-09-26T17:00:00+00:00,6.3,6.3,6.28,6.3,417808
2025-09-26T18:00:00+00:00,6.3,6.33,6.29,6.3,1700350
2025-09-26T19:00:00+00:00,6.31,6.31,6.29,6.3,247351
2025-09-26T20:00:00+00:00,6.31,6.35,6.29,6.32,745617
2025-09-29T07:00:00+00:00,6.29,6.33,6.26,6.33,5441828
2025-09-29T08:00:00+00:00,6.33,6.34,6.32,6.33,1249421
2025-09-29T09:00:00+00:00,6.33,6.36,6.32,6.35,6923691
2025-09-29T10:00:00+00:00,6.35,6.35,6.34,6.35,972190
2025-09-29T11:00:00+00:00,6.35,6.35,6.33,6.35,783963
2025-09-29T12:00:00+00:00,6.35,6.35,6.32,6.33,2288854
2025-09-29T13:00:00+00:00,6.33,6.34,6.3,6.31,1356978
2025-09-29T14:00:00+00:00,6.31,6.31,6.28,6.29,745026
2025-09-29T15:00:00+00:00,6.29,6.29,6.22,6.23,2382401
2025-09-29T16:00:00+00:00,6.24,6.25,6.22,6.23,1192533
2025-09-29T17:00:00+00:00,6.23,6.24,6.22,6.23,379487
2025-09-29T18:00:00+00:00,6.23,6.23,6.2,6.21,6860972
2025-09-29T19:00:00+00:00,6.21,6.21,6.19,6.2,561539
2025-09-29T20:00:00+00:00,6.21,6.21,6.18,6.21,1246293
2025-09-30T07:00:00+00:00,6.22,6.22,6.17,6.22,4913399
2025-09-30T08:00:00+00:00,6.21,6.22,6.18,6.19,2289586
2025-09-30T09:00:00+00:00,6.2,6.2,6.15,6.18,4217028
2025-09-30T10:00:00+00:00,6.18,6.19,6.16,6.19,1836756
2025-09-30T11:00:00+00:00,6.19,6.2,6.17,6.18,1713015
2025-09-30T12:00:00+00:00,6.18,6.2,6.17,6.19,1078200
2025-09-30T13:00:00+00:00,6.18,6.22,6.17,6.21,2613276
2025-09-30T14:00:00+00:00,6.22,6.22,6.19,6.21,1445516
2025-09-30T15:00:00+00:00,6.2,6.23,6.19,6.19,1029245
2025-09-30T16:00:00+00:00,6.19,6.22,6.19,6.21,1426779
2025-09-30T17:00:00+00:00,6.21,6.21,6.19,6.21,590782
2025-09-30T18:00:00+00:00,6.21,6.22,6.2,6.21,344602
2025-09-30T19:00:00+00:00,6.2,6.21,6.2,6.21,380490
2025-09-30T20:00:00+00:00,6.2,6.21,6.2,6.21,168353
2025-10-01T07:00:00+00:00,6.22,6.26,6.2,6.21,1999199
2025-10-01T08:00:00+00:00,6.2,6.24,6.2,6.23,2584266
2025-10-01T09:00:00+00:00,6.23,6.24,6.22,6.23,1623628
2025-10-01T10:00:00+00:00,6.24,6.24,6.21,6.21,1267525
2025-10-01T11:00:00+00:00,6.22,6.22,6.2,6.21,1284163
2025-10-01T12:00:00+00:00,6.21,6.21,6.17,6.19,1666499
2025-10-01T13:00:00+00:00,6.19,6.19,6.16,6.18,1223464
2025-10-01T14:00:00+00:00,6.18,6.18,6.13,6.15,1540535
2025-10-01T15:00:00+00:00,6.15,6.16,6.14,6.16,644239
2025-10-01T16:00:00+00:00,6.16,6.17,6.14,6.16,493998
2025-10-01T17:00:00+00:00,6.16,6.17,6.15,6.15,448816
2025-10-01T18:00:00+00:00,6.16,6.16,6.13,6.15,845376
2025-10-01T19:00:00+00:00,6.15,6.15,6.14,6.15,246429
2025-10-01T20:00:00+00:00,6.14,6.15,6.1,6.13,918559
2025-10-02T07:00:00+00:00,6.08,6.13,6.07,6.12,6711273
2025-10-02T08:00:00+00:00,6.12,6.13,6.1,6.11,1922045
2025-10-02T09:00:00+00:00,6.11,6.12,6.1,6.12,2713780
2025-10-02T10:00:00+00:00,6.12,6.14,6.11,6.12,1810348
2025-10-02T11:00:00+00:00,6.12,6.13,6.1,6.13,1211774
2025-10-02T12:00:00+00:00,6.13,6.14,6.11,6.11,2768760
2025-10-02T13:00:00+00:00,6.12,6.13,6.11,6.11,726801
2025-10-02T14:00:00+00:00,6.12,6.14,6.11,6.13,2988376
2025-10-02T15:00:00+00:00,6.13,6.14,6.1,6.12,1862138
2025-10-02T16:00:00+00:00,6.12,6.12,6.1,6.12,461860
2025-10-02T17:00:00+00:00,6.12,6.12,6.1,6.12,253233
2025-10-02T18:00:00+00:00,6.12,6.12,6.1,6.1,1823957
2025-10-02T19:00:00+00:00,6.11,6.12,6.1,6.12,1703504
2025-10-02T20:00:00+00:00,6.12,6.12,6.1,6.11,265289
2025-10-03T07:00:00+00:00,6.15,6.15,6.12,6.13,1481021
2025-10-03T08:00:00+00:00,6.13,6.15,6.13,6.14,1814644
2025-10-03T09:00:00+00:00,6.14,6.14,6.1,6.11,5269033
2025-10-03T10:00:00+00:00,6.11,6.11,6.08,6.11,9781687
2025-10-03T11:00:00+00:00,6.11,6.11,6.08,6.1,1763098
2025-10-03T12:00:00+00:00,6.08,6.1,6.08,6.09,1670842
2025-10-03T13:00:00+00:00,6.09,6.09,6.06,6.07,1362557
2025-10-03T14:00:00+00:00,6.07,6.08,6.04,6.06,1718444
2025-10-03T15:00:00+00:00,6.05,6.06,6.04,6.06,1530126
2025-10-03T16:00:00+00:00,6.06,6.06,6.0,6.03,2663126
2025-10-03T17:00:00+00:00,6.03,6.04,6.02,6.04,868073
2025-10-03T18:00:00+00:00,6.04,6.04,6.02,6.03,398557
2025-10-03T19:00:00+00:00,6.03,6.04,6.02,6.04,405124
2025-10-03T20:00:00+00:00,6.04,6.04,5.99,6.0,1907270
2025-10-06T07:00:00+00:00,6.0,6.07,6.0,6.07,4899293
2025-10-06T08:00:00+00:00,6.07,6.07,6.06,6.07,3656950
2025-10-06T09:00:00+00:00,6.07,6.1,6.06,6.1,9100081
2025-10-06T10:00:00+00:00,6.1,6.1,6.08,6.1,6034136
2025-10-06T11:00:00+00:00,6.1,6.1,6.07,6.08,3612497
2025-10-06T12:00:00+00:00,6.08,6.08,6.03,6.05,2110199
2025-10-06T13:00:00+00:00,6.04,6.12,6.03,6.12,2710360
2025-10-06T14:00:00+00:00,6.12,6.13,6.11,6.12,916384
2025-10-06T15:00:00+00:00,6.12,6.15,6.11,6.14,1878089
2025-10-06T16:00:00+00:00,6.14,6.17,6.13,6.16,1154268
2025-10-06T17:00:00+00:00,6.16,6.17,6.15,6.16,497789
2025-10-06T18:00:00+00:00,6.16,6.16,6.15,6.16,322631
2025-10-06T19:00:00+00:00,6.16,6.17,6.15,6.17,303797
2025-10-06T20:00:00+00:00,6.17,6.17,6.15,6.16,435992
2025-10-07T07:00:00+00:00,6.12,6.18,6.12,6.18,3508227
2025-10-07T08:00:00+00:00,6.17,6.22,6.17,6.22,4463203
2025-10-07T09:00:00+00:00,6.22,6.22,6.2,6.21,1341495
2025-10-07T10:00:00+00:00,6.2,6.22,6.2,6.21,3775952
2025-10-07T11:00:00+00:00,6.21,6.22,6.18,6.18,1555989
2025-10-07T12:00:00+00:00,6.19,6.2,6.17,6.2,1003314
2025-10-07T13:00:00+00:00,6.2,6.2,6.18,6.18,649079
2025-10-07T14:00:00+00:00,6.18,6.19,6.17,6.19,637830
2025-10-07T15:00:00+00:00,6.19,6.2,6.17,6.2,541518
2025-10-07T16:00:00+00:00,6.2,6.2,6.18,6.19,320730
2025-10-07T17:00:00+00:00,6.18,6.2,6.18,6.2,841840
2025-10-07T18:00:00+00:00,6.2,6.2,6.19,6.2,278942
2025-10-07T19:00:00+00:00,6.19,6.2,6.19,6.2,268848
2025-10-07T20:00:00+00:00,6.2,6.2,6.16,6.17,887121
2025-10-08T07:00:00+00:00,6.18,6.22,6.16,6.18,2500550
2025-10-08T08:00:00+00:00,6.17,6.18,6.15,6.17,2642495
2025-10-08T09:00:00+00:00,6.17,6.17,6.11,6.13,2703026
2025-10-08T10:00:00+00:00,6.12,6.13,6.07,6.08,1472098
2025-10-08T11:00:00+00:00,6.09,6.1,6.06,6.09,8637366
2025-10-08T12:00:00+00:00,6.09,6.09,6.04,6.05,4314279
2025-10-08T13:00:00+00:00,6.05,6.05,6.01,6.02,2068848
2025-10-08T14:00:00+00:00,6.02,6.02,5.97,5.98,2303223
2025-10-08T15:00:00+00:00,5.97,6.0,5.93,5.97,3733307
2025-10-08T16:00:00+00:00,5.97,6.0,5.9399999999999995,5.99,4487233
2025-10-08T17:00:00+00:00,5.99,5.99,5.97,5.99,946168
2025-10-08T18:00:00+00:00,5.99,5.99,5.97,5.99,552037
2025-10-08T19:00:00+00:00,5.99,5.99,5.98,5.99,615808
2025-10-08T20:00:00+00:00,5.98,5.99,5.97,5.99,421823
2025-10-09T07:00:00+00:00,5.96,6.0,5.96,5.98,5808009
2025-10-09T08:00:00+00:00,5.98,6.0,5.86,5.91,10682822
2025-10-09T09:00:00+00:00,5.91,6.06,5.91,6.03,7652734
2025-10-09T10:00:00+00:00,6.04,6.09,6.02,6.04,5657730
2025-10-09T11:00:00+00:00,6.03,6.06,6.01,6.05,982719
2025-10-09T12:00:00+00:00,6.05,6.08,6.04,6.07,1142061
2025-10-09T13:00:00+00:00,6.06,6.13,6.05,6.12,1706808
2025-10-09T14:00:00+00:00,6.12,6.13,6.1,6.12,1087517
2025-10-09T15:00:00+00:00,6.12,6.14,6.11,6.13,1342416
2025-10-09T16:00:00+00:00,6.13,6.13,6.11,6.12,971363
2025-10-09T17:00:00+00:00,6.12,6.12,6.09,6.11,917773
2025-10-09T18:00:00+00:00,6.11,6.12,6.09,6.11,477976
2025-10-09T19:00:00+00:00,6.11,6.12,6.1,6.11,588712
2025-10-09T20:00:00+00:00,6.11,6.11,6.08,6.11,931934
2025-10-10T07:00:00+00:00,6.11,6.12,6.07,6.08,2654131
2025-10-10T08:00:00+00:00,6.09,6.14,6.08,6.13,2807034
2025-10-10T09:00:00+00:00,6.13,6.13,6.1,6.11,1474999
2025-10-10T10:00:00+00:00,6.11,6.11,6.05,6.07,2408408
2025-10-10T11:00:00+00:00,6.07,6.08,6.04,6.05,4374121
2025-10-10T12:00:00+00:00,6.05,6.08,6.03,6.06,3667593
2025-10-10T13:00:00+00:00,6.06,6.07,5.98,6.02,5211563
2025-10-10T14:00:00+00:00,6.01,6.05,5.98,6.01,2269951
2025-10-10T15:00:00+00:00,6.02,6.03,5.98,6.02,1765971
2025-10-10T16:00:00+00:00,6.02,6.02,5.99,6.02,957934
2025-10-10T17:00:00+00:00,6.02,6.02,6.0,6.01,610707
2025-10-10T18:00:00+00:00,6.01,6.01,6.0,6.0,326024
2025-10-10T19:00:00+00:00,6.01,6.01,6.0,6.01,325196
2025-10-10T20:00:00+00:00,6.01,6.02,5.99,6.01,1008496
2025-10-13T07:00:00+00:00,6.05,6.07,5.99,6.0,5163923
2025-10-13T08:00:00+00:00,6.0,6.02,5.98,6.0,5878536
2025-10-13T09:00:00+00:00,6.0,6.01,5.98,6.0,2894992
2025-10-13T10:00:00+00:00,6.0,6.0,5.96,5.96,1388125
2025-10-13T11:00:00+00:00,5.97,5.99,5.9399999999999995,5.99,4798586
2025-10-13T12:00:00+00:00,5.98,6.05,5.98,6.03,3709490
2025-10-13T13:00:00+00:00,6.04,6.04,6.02,6.03,1379282
2025-10-13T14:00:00+00:00,6.03,6.04,5.98,5.99,1425370
2025-10-13T15:00:00+00:00,5.98,6.01,5.98,6.01,829105
2025-10-13T16:00:00+00:00,6.01,6.04,5.99,6.03,1096619
2025-10-13T17:00:00+00:00,6.02,6.04,6.02,6.03,279143
2025-10-13T18:00:00+00:00,6.03,6.04,6.01,6.01,377950
2025-10-13T19:00:00+00:00,6.02,6.02,6.01,6.01,273671
2025-10-13T20:00:00+00:00,6.02,6.02,5.99,6.0,537255
2025-10-14T07:00:00+00:00,5.99,6.01,5.96,5.97,3965996
2025-10-14T08:00:00+00:00,5.98,5.99,5.96,5.98,6174131
2025-10-14T09:00:00+00:00,5.98,5.99,5.96,5.97,1948073
2025-10-14T10:00:00+00:00,5.98,5.98,5.96,5.98,1050763
2025-10-14T11:00:00+00:00,5.98,5.98,5.96,5.97,1289559
2025-10-14T12:00:00+00:00,5.96,5.97,5.92,5.9399999999999995,3627040
2025-10-14T13:00:00+00:00,5.93,5.9399999999999995,5.9,5.92,4147704
2025-10-14T14:00:00+00:00,5.92,5.9399999999999995,5.9,5.93,2768597
2025-10-14T15:00:00+00:00,5.93,5.9399999999999995,5.92,5.93,694611
2025-10-14T16:00:00+00:00,5.93,5.93,5.91,5.92,783023
2025-10-14T17:00:00+00:00,5.92,5.92,5.91,5.92,402228
2025-10-14T18:00:00+00:00,5.92,5.92,5.9,5.92,501549
2025-10-14T19:00:00+00:00,5.92,5.92,5.9,5.92,264763
2025-10-14T20:00:00+00:00,5.92,5.95,5.88,5.95,1339864
2025-10-15T07:00:00+00:00,5.92,5.95,5.9,5.9,2716533
2025-10-15T08:00:00+00:00,5.9,5.92,5.88,5.9,4165019
2025-10-15T09:00:00+00:00,5.9,5.92,5.88,5.91,5569630
2025-10-15T10:00:00+00:00,5.9,5.96,5.9,5.93,4877408
2025-10-15T11:00:00+00:00,5.93,5.95,5.91,5.95,1655261
2025-10-15T12:00:00+00:00,5.9399999999999995,5.97,5.93,5.97,1858679
2025-10-15T13:00:00+00:00,5.97,5.97,5.93,5.9399999999999995,1062222
2025-10-15T14:00:00+00:00,5.9399999999999995,5.95,5.92,5.93,928957
2025-10-15T15:00:00+00:00,5.93,5.9399999999999995,5.92,5.92,877393
2025-10-15T16:00:00+00:00,5.9399999999999995,5.95,5.92,5.93,746689
2025-10-15T17:00:00+00:00,5.93,5.9399999999999995,5.91,5.93,587353
2025-10-15T18:00:00+00:00,5.93,5.95,5.92,5.9399999999999995,855416
2025-10-15T19:00:00+00:00,5.9399999999999995,5.96,5.92,5.96,441462
2025-10-15T20:00:00+00:00,5.96,5.96,5.93,5.93,338217
2025-10-16T07:00:00+00:00,5.91,5.9399999999999995,5.89,5.92,1891599
2025-10-16T08:00:00+00:00,5.91,5.9399999999999995,5.9,5.91,1852889
2025-10-16T09:00:00+00:00,5.91,5.9399999999999995,5.9,5.9399999999999995,5001624
2025-10-16T10:00:00+00:00,5.9399999999999995,5.9399999999999995,5.92,5.9399999999999995,1135768
2025-10-16T11:00:00+00:00,5.9399999999999995,5.96,5.92,5.95,2360883
2025-10-16T12:00:00+00:00,5.95,5.97,5.9399999999999995,5.97,1890636
2025-10-16T13:00:00+00:00,5.97,5.98,5.96,5.98,2229979
2025-10-16T14:00:00+00:00,5.97,6.1,5.97,6.07,7355018
2025-10-16T15:00:00+00:00,6.07,6.08,6.04,6.08,1186028
2025-10-16T16:00:00+00:00,6.08,6.08,6.01,6.05,1736034
2025-10-16T17:00:00+00:00,6.05,6.36,6.04,6.28,16805874
2025-10-16T18:00:00+00:00,6.28,6.29,6.24,6.25,4940247
2025-10-16T19:00:00+00:00,6.25,6.27,6.2,6.27,4443012
2025-10-16T20:00:00+00:00,6.27,6.33,6.25,6.31,3689413
2025-10-17T07:00:00+00:00,6.29,6.31,6.23,6.28,25367396
2025-10-17T08:00:00+00:00,6.28,6.3,6.27,6.29,4559997
2025-10-17T09:00:00+00:00,6.29,6.3,6.27,6.3,2996406
2025-10-17T10:00:00+00:00,6.3,6.3,6.28,6.29,1290678
2025-10-17T11:00:00+00:00,6.29,6.36,6.28,6.33,5436560
2025-10-17T12:00:00+00:00,6.34,6.37,6.32,6.37,1954883
2025-10-17T13:00:00+00:00,6.36,6.37,6.32,6.35,1098635
2025-10-17T14:00:00+00:00,6.34,6.36,6.29,6.31,2931876
2025-10-17T15:00:00+00:00,6.31,6.34,6.3,6.33,1087545
2025-10-17T16:00:00+00:00,6.33,6.36,6.32,6.36,1284368
2025-10-17T17:00:00+00:00,6.35,6.44,6.35,6.4,4495098
2025-10-17T18:00:00+00:00,6.4,6.4,6.34,6.36,2290630
2025-10-17T19:00:00+00:00,6.36,6.36,6.33,6.34,1107559
2025-10-17T20:00:00+00:00,6.34,6.38,6.33,6.37,746337
2025-10-20T07:00:00+00:00,6.38,6.42,6.35,6.41,4689533
2025-10-20T08:00:00+00:00,6.41,6.42,6.4,6.41,7105434
2025-10-20T09:00:00+00:00,6.41,6.41,6.37,6.38,2779952
2025-10-20T10:00:00+00:00,6.38,6.39,6.37,6.39,1491283
2025-10-20T11:00:00+00:00,6.39,6.41,6.38,6.4,2626129
2025-10-20T12:00:00+00:00,6.39,6.41,6.39,6.41,1122330
2025-10-20T13:00:00+00:00,6.4,6.41,6.38,6.39,1200510
2025-10-20T14:00:00+00:00,6.39,6.4,6.38,6.4,1854534
2025-10-20T15:00:00+00:00,6.4,6.4,6.38,6.4,786040
2025-10-20T16:00:00+00:00,6.4,6.4,6.37,6.39,1469347
2025-10-20T17:00:00+00:00,6.38,6.4,6.38,6.4,1072280
2025-10-20T18:00:00+00:00,6.4,6.4,6.38,6.39,1036302
2025-10-20T19:00:00+00:00,6.39,6.4,6.38,6.39,683744
2025-10-20T20:00:00+00:00,6.38,6.4,6.38,6.4,893472
2025-10-21T07:00:00+00:00,6.35,6.35,6.25,6.27,4296739
2025-10-21T08:00:00+00:00,6.27,6.29,6.26,6.28,7513626
2025-10-21T09:00:00+00:00,6.28,6.3,6.26,6.28,9282488
2025-10-21T10:00:00+00:00,6.29,6.33,6.28,6.32,4612284
2025-10-21T11:00:00+00:00,6.32,6.32,6.29,6.31,2722536
2025-10-21T12:00:00+00:00,6.31,6.31,6.28,6.28,1879715
2025-10-21T13:00:00+00:00,6.29,6.3,6.27,6.27,2722305
2025-10-21T14:00:00+00:00,6.28,6.28,6.21,6.21,12288384
2025-10-21T15:00:00+00:00,6.21,6.21,6.09,6.16,17388379
2025-10-21T16:00:00+00:00,6.17,6.22,6.14,6.22,2410592
2025-10-21T17:00:00+00:00,6.22,6.22,6.14,6.16,2366321
2025-10-21T18:00:00+00:00,6.16,6.18,6.14,6.16,691509
2025-10-21T19:00:00+00:00,6.15,6.2,6.15,6.17,668074
2025-10-21T20:00:00+00:00,6.16,6.22,6.15,6.21,1401486
2025-10-22T07:00:00+00:00,6.18,6.21,6.17,6.19,3317121
2025-10-22T08:00:00+00:00,6.2,6.23,6.18,6.23,8414226
2025-10-22T09:00:00+00:00,6.23,6.24,6.21,6.22,5621498
2025-10-22T10:00:00+00:00,6.23,6.23,6.19,6.19,3095092
2025-10-22T11:00:00+00:00,6.2,6.2,6.17,6.19,2972846
2025-10-22T12:00:00+00:00,6.19,6.21,6.15,6.16,2319858
2025-10-22T13:00:00+00:00,6.16,6.21,6.14,6.2,2299470
2025-10-22T14:00:00+00:00,6.2,6.21,6.18,6.19,1443061
2025-10-22T15:00:00+00:00,6.19,6.21,6.17,6.2,888556
2025-10-22T16:00:00+00:00,6.2,6.2,6.17,6.2,1083712
2025-10-22T17:00:00+00:00,6.2,6.2,6.17,6.2,564171
2025-10-22T18:00:00+00:00,6.2,6.2,6.18,6.18,992799
2025-10-22T19:00:00+00:00,6.18,6.19,6.05,6.1,5566933
2025-10-22T20:00:00+00:00,6.12,6.13,6.03,6.12,3179481
2025-10-23T07:00:00+00:00,6.04,6.07,5.96,6.01,7546491
2025-10-23T08:00:00+00:00,6.02,6.02,5.96,5.97,6982350
2025-10-23T09:00:00+00:00,5.96,5.99,5.95,5.98,4233611
2025-10-23T10:00:00+00:00,5.97,5.98,5.96,5.96,2084601
2025-10-23T11:00:00+00:00,5.97,5.98,5.95,5.97,3503427
2025-10-23T12:00:00+00:00,5.97,5.98,5.95,5.96,7997920
2025-10-23T13:00:00+00:00,5.97,5.98,5.96,5.97,1273426
2025-10-23T14:00:00+00:00,5.98,5.98,5.95,5.97,1296317
2025-10-23T15:00:00+00:00,5.97,6.0,5.95,5.99,3285565
2025-10-23T16:00:00+00:00,5.99,6.0,5.96,5.97,1138176
2025-10-23T17:00:00+00:00,5.99,6.01,5.96,5.99,1500275
2025-10-23T18:00:00+00:00,6.0,6.01,5.98,5.99,795726
2025-10-23T19:00:00+00:00,6.0,6.01,5.99,6.01,672283
2025-10-23T20:00:00+00:00,6.01,6.02,5.99,5.99,712091
2025-10-24T07:00:00+00:00,6.01,6.02,5.98,6.0,1308815
2025-10-24T08:00:00+00:00,5.99,6.01,5.99,6.01,5572817
2025-10-24T09:00:00+00:00,6.01,6.01,5.98,5.99,2419314
2025-10-24T10:00:00+00:00,5.99,6.11,5.93,5.95,10242828
2025-10-24T11:00:00+00:00,5.95,5.95,5.91,5.95,3842874
2025-10-24T12:00:00+00:00,5.95,5.97,5.92,5.97,8632152
2025-10-24T13:00:00+00:00,5.97,5.97,5.9399999999999995,5.97,1628925
2025-10-24T14:00:00+00:00,5.97,5.97,5.9399999999999995,5.97,1587640
2025-10-24T15:00:00+00:00,5.97,5.97,5.9399999999999995,5.96,1556812
2025-10-24T16:00:00+00:00,5.96,5.96,5.93,5.95,2696159
2025-10-24T17:00:00+00:00,5.95,5.96,5.9399999999999995,5.9399999999999995,801569
2025-10-24T18:00:00+00:00,5.95,5.95,5.93,5.9399999999999995,1173650
2025-10-24T19:00:00+00:00,5.9399999999999995,5.95,5.93,5.9399999999999995,779338
2025-10-24T20:00:00+00:00,5.95,5.95,5.9,5.9,1342681
2025-10-27T07:00:00+00:00,5.84,5.93,5.76,5.84,23991200
2025-10-27T08:00:00+00:00,5.84,5.85,5.82,5.83,12081646
2025-10-27T09:00:00+00:00,5.82,5.84,5.82,5.84,5666569
2025-10-27T10:00:00+00:00,5.84,5.84,5.8,5.8100000000000005,2268161
2025-10-27T11:00:00+00:00,5.8100000000000005,5.8100000000000005,5.75,5.75,4006722
2025-10-27T12:00:00+00:00,5.76,5.78,5.75,5.78,4876823
2025-10-27T13:00:00+00:00,5.78,5.78,5.74,5.76,3740945
2025-10-27T14:00:00+00:00,5.76,5.79,5.74,5.79,4000958
2025-10-27T15:00:00+00:00,5.77,5.79,5.76,5.77,2024585
2025-10-27T16:00:00+00:00,5.78,5.8,5.77,5.8,1881644
2025-10-27T17:00:00+00:00,5.8,5.8,5.77,5.8,1565841
2025-10-27T18:00:00+00:00,5.8,5.8,5.76,5.78,1583907
2025-10-27T19:00:00+00:00,5.78,5.8,5.76,5.78,987988
2025-10-27T20:00:00+00:00,5.77,5.78,5.72,5.72,834394
2025-10-28T07:00:00+00:00,5.8100000000000005,5.83,5.77,5.8,6904991
2025-10-28T08:00:00+00:00,5.8,5.85,5.8,5.85,7965819
2025-10-28T09:00:00+00:00,5.85,5.85,5.83,5.85,3501426
2025-10-28T10:00:00+00:00,5.85,5.85,5.82,5.82,2180534
2025-10-28T11:00:00+00:00,5.82,5.85,5.82,5.85,2565865
2025-10-28T12:00:00+00:00,5.85,5.86,5.82,5.83,2295965
2025-10-28T13:00:00+00:00,5.83,5.83,5.8,5.83,1205009
2025-10-28T14:00:00+00:00,5.83,5.84,5.8100000000000005,5.8100000000000005,1894733
2025-10-28T15:00:00+00:00,5.82,5.83,5.8,5.82,1214666
2025-10-28T16:00:00+00:00,5.82,5.84,5.8,5.84,1420540
2025-10-28T17:00:00+00:00,5.84,5.86,5.83,5.86,3108211
2025-10-28T18:00:00+00:00,5.85,5.86,5.82,5.84,1432471
2025-10-28T19:00:00+00:00,5.84,5.85,5.83,5.85,297667
2025-10-28T20:00:00+00:00,5.85,5.92,5.84,5.84,1915833
2025-10-29T07:00:00+00:00,5.86,5.89,5.83,5.87,4774060
2025-10-29T08:00:00+00:00,5.88,5.9,5.87,5.89,5634770
2025-10-29T09:00:00+00:00,5.89,5.89,5.86,5.88,1921404
2025-10-29T10:00:00+00:00,5.88,5.89,5.87,5.89,3477742
2025-10-29T11:00:00+00:00,5.89,5.9,5.86,5.87,3167651
2025-10-29T12:00:00+00:00,5.88,5.88,5.86,5.88,1609410
2025-10-29T13:00:00+00:00,5.88,5.88,5.85,5.85,1560775
2025-10-29T14:00:00+00:00,5.85,5.87,5.85,5.85,919712
2025-10-29T15:00:00+00:00,5.86,5.88,5.85,5.88,1761557
2025-10-29T16:00:00+00:00,5.88,5.88,5.86,5.88,411200
2025-10-29T17:00:00+00:00,5.88,5.88,5.86,5.88,639037
2025-10-29T18:00:00+00:00,5.88,5.88,5.86,5.86,582069
2025-10-29T19:00:00+00:00,5.87,5.87,5.86,5.86,460953
2025-10-29T20:00:00+00:00,5.87,5.87,5.85,5.85,575804
2025-10-30T07:00:00+00:00,5.9,5.91,5.88,5.9,4070790
2025-10-30T08:00:00+00:00,5.89,5.91,5.89,5.91,4908951
2025-10-30T09:00:00+00:00,5.91,5.93,5.9,5.93,2002940
2025-10-30T10:00:00+00:00,5.93,5.93,5.91,5.93,2044297
2025-10-30T11:00:00+00:00,5.93,5.9399999999999995,5.92,5.9399999999999995,1945625
2025-10-30T12:00:00+00:00,5.9399999999999995,5.96,5.93,5.95,2297232
2025-10-30T13:00:00+00:00,5.9399999999999995,5.98,5.9399999999999995,5.98,1165844
2025-10-30T14:00:00+00:00,5.98,5.99,5.95,5.96,2856033
2025-10-30T15:00:00+00:00,5.96,5.96,5.9399999999999995,5.95,2160978
2025-10-30T16:00:00+00:00,5.95,5.95,5.9399999999999995,5.95,661333
2025-10-30T17:00:00+00:00,5.95,5.95,5.9399999999999995,5.95,524283
2025-10-30T18:00:00+00:00,5.95,5.95,5.9399999999999995,5.95,979530
2025-10-30T19:00:00+00:00,5.9399999999999995,5.95,5.93,5.9399999999999995,543886
2025-10-30T20:00:00+00:00,5.9399999999999995,5.95,5.93,5.95,820979
2025-10-31T07:00:00+00:00,5.9399999999999995,5.96,5.92,5.93,2750545
2025-10-31T08:00:00+00:00,5.9399999999999995,5.95,5.92,5.93,4482912
2025-10-31T09:00:00+00:00,5.93,5.93,5.92,5.92,1887078
2025-10-31T10:00:00+00:00,5.93,5.93,5.9,5.91,1957857
2025-10-31T11:00:00+00:00,5.91,5.92,5.9,5.92,2939804
2025-10-31T12:00:00+00:00,5.92,5.93,5.9,5.92,1677754
2025-10-31T13:00:00+00:00,5.92,5.93,5.88,5.9,2099982
2025-10-31T14:00:00+00:00,5.9,5.91,5.88,5.89,1224536
2025-10-31T15:00:00+00:00,5.9,5.9,5.87,5.89,2060042
2025-10-31T16:00:00+00:00,5.89,5.9,5.87,5.9,2074021
2025-10-31T17:00:00+00:00,5.89,5.9,5.84,5.89,1914885
2025-10-31T18:00:00+00:00,5.89,5.9,5.85,5.87,1971568
2025-10-31T19:00:00+00:00,5.87,5.88,5.85,5.85,293456
2025-10-31T20:00:00+00:00,5.86,5.91,5.85,5.91,1027657
2025-11-01T07:00:00+00:00,5.93,5.93,5.88,5.89,2079264
2025-11-01T08:00:00+00:00,5.9,5.91,5.89,5.91,2877116
2025-11-01T09:00:00+00:00,5.91,5.91,5.89,5.89,1217751
2025-11-01T10:00:00+00:00,5.91,5.91,5.89,5.9,808497
2025-11-01T11:00:00+00:00,5.9,5.9,5.88,5.89,1253716
2025-11-01T12:00:00+00:00,5.89,5.89,5.88,5.89,825375
2025-11-01T13:00:00+00:00,5.89,5.9,5.88,5.9,601696
2025-11-01T14:00:00+00:00,5.9,5.9,5.88,5.9,1017400
2025-11-01T15:00:00+00:00,5.9,5.9,5.88,5.9,787634
2025-11-01T16:00:00+00:00,5.9,5.91,5.88,5.91,899540
2025-11-01T17:00:00+00:00,5.91,5.92,5.89,5.91,1429043
2025-11-01T18:00:00+00:00,5.91,5.91,5.89,5.91,292553
2025-11-01T19:00:00+00:00,5.9,5.91,5.89,5.91,266462
2025-11-01T20:00:00+00:00,5.91,5.92,5.89,5.92,254618
2025-11-03T07:00:00+00:00,5.97,6.02,5.95,6.0,2233474
2025-11-03T08:00:00+00:00,6.0,6.05,5.98,6.03,6563067
2025-11-03T09:00:00+00:00,6.03,6.04,6.02,6.04,1314192
2025-11-03T10:00:00+00:00,6.04,6.05,6.03,6.05,1270307
2025-11-03T11:00:00+00:00,6.04,6.05,6.01,6.02,1569136
2025-11-03T12:00:00+00:00,6.01,6.03,6.01,6.02,1490715
2025-11-03T13:00:00+00:00,6.02,6.03,6.01,6.02,1045551
2025-11-03T14:00:00+00:00,6.01,6.03,6.01,6.02,872025
2025-11-03T15:00:00+00:00,6.02,6.03,6.01,6.01,1334956
2025-11-03T16:00:00+00:00,6.02,6.03,6.01,6.03,800928
2025-11-03T17:00:00+00:00,6.03,6.03,6.01,6.02,507496
2025-11-03T18:00:00+00:00,6.02,6.02,6.0,6.01,381240
2025-11-03T19:00:00+00:00,6.01,6.02,6.0,6.02,413197
2025-11-03T20:00:00+00:00,6.02,6.02,5.98,6.0,857727
2025-11-05T07:00:00+00:00,5.99,5.99,5.9,5.95,5876419
2025-11-05T08:00:00+00:00,5.95,5.98,5.95,5.98,7594868
2025-11-05T09:00:00+00:00,5.97,5.98,5.96,5.98,2572068
2025-11-05T10:00:00+00:00,5.97,6.01,5.97,6.0,2876182
2025-11-05T11:00:00+00:00,6.01,6.01,5.99,6.01,1301258
2025-11-05T12:00:00+00:00,6.01,6.01,5.98,6.0,1332053
2025-11-05T13:00:00+00:00,6.0,6.0,5.98,5.99,2974106
2025-11-05T14:00:00+00:00,5.99,5.99,5.9399999999999995,5.95,4358478
2025-11-05T15:00:00+00:00,5.9399999999999995,5.95,5.93,5.95,3276632
2025-11-05T16:00:00+00:00,5.95,5.97,5.93,5.97,845389
2025-11-05T17:00:00+00:00,5.96,5.97,5.95,5.95,937443
2025-11-05T18:00:00+00:00,5.96,5.97,5.95,5.97,706973
2025-11-05T19:00:00+00:00,5.97,5.98,5.96,5.98,443981
2025-11-05T20:00:00+00:00,5.98,5.98,5.96,5.97,764235
2025-11-06T07:00:00+00:00,5.99,5.99,5.93,5.9399999999999995,2192004
2025-11-06T08:00:00+00:00,5.93,5.95,5.93,5.9399999999999995,2962145
2025-11-06T09:00:00+00:00,5.9399999999999995,5.9399999999999995,5.92,5.93,2042903
2025-11-06T10:00:00+00:00,5.93,5.93,5.92,5.93,1517211
2025-11-06T11:00:00+00:00,5.93,5.93,5.91,5.93,2416411
2025-11-06T12:00:00+00:00,5.92,5.9399999999999995,5.92,5.93,1316989
2025-11-06T13:00:00+00:00,5.93,5.93,5.91,5.92,1163027
2025-11-06T14:00:00+00:00,5.92,5.92,5.9,5.91,1962936
2025-11-06T15:00:00+00:00,5.91,5.93,5.91,5.92,1021702
2025-11-06T16:00:00+00:00,5.93,5.95,5.92,5.9399999999999995,1289781
2025-11-06T17:00:00+00:00,5.93,5.96,5.91,5.95,1165714
2025-11-06T18:00:00+00:00,5.96,5.96,5.9399999999999995,5.95,531008
2025-11-06T19:00:00+00:00,5.9399999999999995,5.95,5.91,5.9399999999999995,698484
2025-11-06T20:00:00+00:00,5.9399999999999995,5.95,5.9,5.92,783635
2025-11-07T07:00:00+00:00,5.92,5.98,5.92,5.96,4711506
2025-11-07T08:00:00+00:00,5.97,5.98,5.96,5.98,2858673
2025-11-07T09:00:00+00:00,5.98,6.0,5.97,5.99,4077040
2025-11-07T10:00:00+00:00,5.98,6.0,5.97,5.98,1536793
2025-11-07T11:00:00+00:00,5.99,5.99,5.97,5.99,1560404
2025-11-07T12:00:00+00:00,5.99,5.99,5.97,5.97,1223953
2025-11-07T13:00:00+00:00,5.98,5.98,5.96,5.98,1828305
2025-11-07T14:00:00+00:00,5.98,6.0,5.97,5.99,2849854
2025-11-07T15:00:00+00:00,5.99,6.0,5.97,5.98,1983929
2025-11-07T16:00:00+00:00,5.98,6.0,5.97,5.98,1062916
2025-11-07T17:00:00+00:00,5.97,6.01,5.97,5.98,1315471
2025-11-07T18:00:00+00:00,5.98,5.98,5.95,5.96,2542231
2025-11-07T19:00:00+00:00,5.97,5.98,5.96,5.98,1374961
2025-11-07T20:00:00+00:00,5.97,5.99,5.97,5.98,1505422
2025-11-10T07:00:00+00:00,6.03,6.05,6.0,6.04,4377190
2025-11-10T08:00:00+00:00,6.04,6.05,6.03,6.04,10649785
2025-11-10T09:00:00+00:00,6.05,6.05,6.03,6.04,2480056
2025-11-10T10:00:00+00:00,6.04,6.04,6.02,6.04,3132430
2025-11-10T11:00:00+00:00,6.03,6.04,6.01,6.01,3117049
2025-11-10T12:00:00+00:00,6.01,6.03,6.0,6.01,2916461
2025-11-10T13:00:00+00:00,6.01,6.01,5.97,5.99,2289303
2025-11-10T14:00:00+00:00,5.99,5.99,5.96,5.97,1158536
2025-11-10T15:00:00+00:00,5.97,5.97,5.95,5.97,1865845
2025-11-10T16:00:00+00:00,5.97,5.99,5.95,5.98,1262651
2025-11-10T17:00:00+00:00,5.99,6.0,5.97,6.0,746823
2025-11-10T18:00:00+00:00,5.99,6.0,5.97,5.99,1283429
2025-11-10T19:00:00+00:00,5.99,5.99,5.97,5.99,563027
2025-11-10T20:00:00+00:00,5.99,5.99,5.96,5.97,576167
2025-11-11T07:00:00+00:00,5.95,5.98,5.95,5.97,3869418
2025-11-11T08:00:00+00:00,5.98,5.98,5.95,5.96,3201716
2025-11-11T09:00:00+00:00,5.96,5.97,5.95,5.97,3404358
2025-11-11T10:00:00+00:00,5.97,5.98,5.95,5.97,2726165
2025-11-11T11:00:00+00:00,5.97,6.0,5.96,5.99,2443605
2025-11-11T12:00:00+00:00,6.0,6.0,5.98,5.99,1718174
2025-11-11T13:00:00+00:00,6.0,6.0,5.98,5.99,968074
2025-11-11T14:00:00+00:00,5.99,6.0,5.99,6.0,659328
2025-11-11T15:00:00+00:00,5.99,6.0,5.97,5.99,1381029
2025-11-11T16:00:00+00:00,5.99,6.0,5.98,6.0,593229
2025-11-11T17:00:00+00:00,6.0,6.02,5.98,6.01,2390791
2025-11-11T18:00:00+00:00,6.02,6.04,6.01,6.03,3361298
2025-11-11T19:00:00+00:00,6.03,6.04,6.02,6.03,531439
2025-11-11T20:00:00+00:00,6.03,6.04,6.02,6.03,1014732
2025-11-12T07:00:00+00:00,6.03,6.03,5.98,5.99,3056170
2025-11-12T08:00:00+00:00,5.98,5.99,5.97,5.99,6046750
2025-11-12T09:00:00+00:00,5.98,5.99,5.97,5.98,5807227
2025-11-12T10:00:00+00:00,5.97,5.98,5.95,5.96,2632046
2025-11-12T11:00:00+00:00,5.96,5.97,5.95,5.96,1249315
2025-11-12T12:00:00+00:00,5.96,5.97,5.9399999999999995,5.96,10449190
2025-11-12T13:00:00+00:00,5.96,5.96,5.93,5.9399999999999995,10109537
2025-11-12T14:00:00+00:00,5.9399999999999995,5.9399999999999995,5.91,5.92,13164285
2025-11-12T15:00:00+00:00,5.92,5.95,5.92,5.9399999999999995,3136841
2025-11-12T16:00:00+00:00,5.95,5.95,5.92,5.9399999999999995,2884138
2025-11-12T17:00:00+00:00,5.9399999999999995,5.9399999999999995,5.91,5.91,1254457
2025-11-12T18:00:00+00:00,5.92,5.9399999999999995,5.91,5.93,2930255
2025-11-12T19:00:00+00:00,5.9399999999999995,5.9399999999999995,5.93,5.9399999999999995,564920
2025-11-12T20:00:00+00:00,5.9399999999999995,5.9399999999999995,5.87,5.89,5458813
2025-11-13T07:00:00+00:00,5.96,5.96,5.89,5.9,4123758
2025-11-13T08:00:00+00:00,5.9,5.9399999999999995,5.9,5.9399999999999995,3196413
2025-11-13T09:00:00+00:00,5.9399999999999995,5.9399999999999995,5.92,5.9399999999999995,2443524
2025-11-13T10:00:00+00:00,5.9399999999999995,5.9399999999999995,5.92,5.93,1082964
2025-11-13T11:00:00+00:00,5.93,5.9399999999999995,5.9,5.91,3156475
2025-11-13T12:00:00+00:00,5.92,5.93,5.9,5.92,1466788
2025-11-13T13:00:00+00:00,5.92,5.93,5.91,5.92,1711655
2025-11-13T14:00:00+00:00,5.92,5.93,5.9,5.9,1944202
2025-11-13T15:00:00+00:00,5.91,5.93,5.9,5.92,841373
2025-11-13T16:00:00+00:00,5.92,5.93,5.91,5.93,1180712
2025-11-13T17:00:00+00:00,5.93,5.93,5.91,5.93,530289
2025-11-13T18:00:00+00:00,5.93,5.95,5.92,5.9399999999999995,2140796
2025-11-13T19:00:00+00:00,5.93,5.9399999999999995,5.91,5.92,952549
2025-11-13T20:00:00+00:00,5.93,5.93,5.89,5.91,1306891
2025-11-14T07:00:00+00:00,5.91,5.9399999999999995,5.91,5.93,2313459
2025-11-14T08:00:00+00:00,5.92,5.93,5.89,5.9,4079630
2025-11-14T09:00:00+00:00,5.9,5.91,5.89,5.9,2231283
2025-11-14T10:00:00+00:00,5.91,5.91,5.9,5.91,1528876
2025-11-14T11:00:00+00:00,5.91,5.91,5.88,5.89,2304482
2025-11-14T12:00:00+00:00,5.89,5.9,5.88,5.9,2627942
2025-11-14T13:00:00+00:00,5.9,5.9,5.87,5.88,2182481
2025-11-14T14:00:00+00:00,5.88,5.89,5.87,5.88,1493502
2025-11-14T15:00:00+00:00,5.88,5.9,5.87,5.9,2422210
2025-11-14T16:00:00+00:00,5.89,5.9,5.88,5.9,747955
2025-11-14T17:00:00+00:00,5.9,5.9,5.88,5.89,493458
2025-11-14T18:00:00+00:00,5.89,5.9,5.88,5.89,574236
2025-11-14T19:00:00+00:00,5.89,5.92,5.88,5.91,1011324
2025-11-14T20:00:00+00:00,5.91,5.93,5.9,5.9,1867199
2025-11-17T07:00:00+00:00,5.87,5.87,5.82,5.84,5233779
2025-11-17T08:00:00+00:00,5.85,5.88,5.84,5.88,9653820
2025-11-17T09:00:00+00:00,5.87,5.88,5.87,5.88,2160390
2025-11-17T10:00:00+00:00,5.88,5.88,5.86,5.87,1951942
2025-11-17T11:00:00+00:00,5.87,5.87,5.85,5.86,1301536
2025-11-17T12:00:00+00:00,5.86,5.87,5.85,5.86,998328
2025-11-17T13:00:00+00:00,5.86,5.86,5.85,5.86,1218736
2025-11-17T14:00:00+00:00,5.86,5.86,5.85,5.86,1066042
2025-11-17T15:00:00+00:00,5.86,5.86,5.85,5.86,886850
2025-11-17T16:00:00+00:00,5.86,5.86,5.85,5.86,676529
2025-11-17T17:00:00+00:00,5.86,5.86,5.85,5.86,457330
2025-11-17T18:00:00+00:00,5.86,5.86,5.83,5.83,1465796
2025-11-17T19:00:00+00:00,5.84,5.86,5.83,5.85,2911783
2025-11-17T20:00:00+00:00,5.85,5.86,5.83,5.85,989487
2025-11-18T07:00:00+00:00,5.83,5.93,5.8100000000000005,5.9,11752221
2025-11-18T08:00:00+00:00,5.9,5.99,5.89,5.98,7221308
2025-11-18T09:00:00+00:00,5.98,5.99,5.9399999999999995,5.96,2757309
2025-11-18T10:00:00+00:00,5.96,5.97,5.93,5.95,2113563
2025-11-18T11:00:00+00:00,5.95,5.98,5.93,5.97,2813624
2025-11-18T12:00:00+00:00,5.97,5.98,5.95,5.95,1735467
2025-11-18T13:00:00+00:00,5.96,5.97,5.95,5.96,807834
2025-11-18T14:00:00+00:00,5.96,5.98,5.95,5.97,830690
2025-11-18T15:00:00+00:00,5.97,5.98,5.96,5.98,467774
2025-11-18T16:00:00+00:00,5.98,5.98,5.95,5.98,826431
2025-11-18T17:00:00+00:00,5.97,5.98,5.96,5.97,556964
2025-11-18T18:00:00+00:00,5.97,5.98,5.96,5.98,407901
2025-11-18T19:00:00+00:00,5.98,5.99,5.97,5.99,1280585
2025-11-18T20:00:00+00:00,5.99,5.99,5.9399999999999995,5.9399999999999995,1044612
2025-11-19T07:00:00+00:00,6.01,6.02,5.97,6.0,3365870
2025-11-19T08:00:00+00:00,6.01,6.02,5.97,5.99,3746662
2025-11-19T09:00:00+00:00,5.98,6.0,5.96,5.97,2491724
2025-11-19T10:00:00+00:00,5.97,5.99,5.96,5.99,1437683
2025-11-19T11:00:00+00:00,5.99,6.09,5.98,6.09,10584657
2025-11-19T12:00:00+00:00,6.09,6.1,6.07,6.1,22866079
2025-11-19T13:00:00+00:00,6.1,6.22,6.09,6.19,18778392
2025-11-19T14:00:00+00:00,6.19,6.19,6.14,6.17,7250782
2025-11-19T15:00:00+00:00,6.17,6.18,6.14,6.15,4368832
2025-11-19T16:00:00+00:00,6.15,6.18,6.13,6.18,3550483
2025-11-19T17:00:00+00:00,6.18,6.19,6.16,6.18,1339539
2025-11-19T18:00:00+00:00,6.17,6.18,6.11,6.14,4052593
2025-11-19T19:00:00+00:00,6.14,6.14,6.09,6.12,2414219
2025-11-19T20:00:00+00:00,6.12,6.14,6.1,6.14,803502
2025-11-20T07:00:00+00:00,6.1,6.15,6.1,6.11,1979359
2025-11-20T08:00:00+00:00,6.11,6.14,6.11,6.13,4474620
2025-11-20T09:00:00+00:00,6.14,6.19,6.13,6.18,4771333
2025-11-20T10:00:00+00:00,6.18,6.18,6.15,6.16,4094372
2025-11-20T11:00:00+00:00,6.16,6.16,6.12,6.13,2916999
2025-11-20T12:00:00+00:00,6.13,6.14,6.11,6.14,1529272
2025-11-20T13:00:00+00:00,6.14,6.15,6.12,6.13,2606482
2025-11-20T14:00:00+00:00,6.13,6.13,6.1,6.11,3229659
2025-11-20T15:00:00+00:00,6.12,6.13,6.1,6.12,1016786
2025-11-20T16:00:00+00:00,6.12,6.15,6.11,6.13,2537923
2025-11-20T17:00:00+00:00,6.13,6.31,6.11,6.31,6532443
2025-11-20T18:00:00+00:00,6.3,6.33,6.17,6.21,12771079
2025-11-20T19:00:00+00:00,6.21,6.26,6.21,6.26,7711470
2025-11-20T20:00:00+00:00,6.26,6.3,6.25,6.28,2912804
2025-11-21T07:00:00+00:00,6.25,6.26,6.22,6.25,7905480
2025-11-21T08:00:00+00:00,6.25,6.26,6.22,6.23,5773052
2025-11-21T09:00:00+00:00,6.23,6.25,6.22,6.24,3368186
2025-11-21T10:00:00+00:00,6.23,6.24,6.2,6.21,4767955
2025-11-21T11:00:00+00:00,6.21,6.22,6.18,6.2,2820118
2025-11-21T12:00:00+00:00,6.2,6.22,6.18,6.22,4772664
2025-11-21T13:00:00+00:00,6.22,6.22,6.18,6.19,4502347
2025-11-21T14:00:00+00:00,6.19,6.27,6.17,6.26,5099982
2025-11-21T15:00:00+00:00,6.25,6.26,6.23,6.24,6855437
2025-11-21T16:00:00+00:00,6.24,6.25,6.21,6.25,2095066
2025-11-21T17:00:00+00:00,6.24,6.3,6.24,6.3,3583575
2025-11-21T18:00:00+00:00,6.3,6.3,6.24,6.27,2044846
2025-11-21T19:00:00+00:00,6.28,6.28,6.25,6.28,2190443
2025-11-21T20:00:00+00:00,6.28,6.28,6.25,6.25,2239299
2025-11-24T07:00:00+00:00,6.32,6.32,6.26,6.28,6610451
2025-11-24T08:00:00+00:00,6.28,6.29,6.23,6.23,14275574
2025-11-24T09:00:00+00:00,6.23,6.25,6.2,6.22,5546712
2025-11-24T10:00:00+00:00,6.22,6.22,6.19,6.22,4755072
2025-11-24T11:00:00+00:00,6.21,6.22,6.2,6.22,2729841
2025-11-24T12:00:00+00:00,6.22,6.22,6.19,6.21,1714010
2025-11-24T13:00:00+00:00,6.21,6.23,6.2,6.21,6412409
2025-11-24T14:00:00+00:00,6.22,6.22,6.17,6.19,4663599
2025-11-24T15:00:00+00:00,6.19,6.2,6.18,6.19,1184319
2025-11-24T16:00:00+00:00,6.19,6.19,6.16,6.19,3429164
2025-11-24T17:00:00+00:00,6.19,6.19,6.17,6.19,713010
2025-11-24T18:00:00+00:00,6.19,6.19,6.17,6.17,284440
2025-11-24T19:00:00+00:00,6.18,6.19,6.17,6.18,506067
2025-11-24T20:00:00+00:00,6.18,6.2,6.16,6.2,2945352
2025-11-25T07:00:00+00:00,6.19,6.24,6.19,6.22,8107902
2025-11-25T08:00:00+00:00,6.21,6.23,6.17,6.19,4873496
2025-11-25T09:00:00+00:00,6.19,6.19,6.15,6.18,4400890
2025-11-25T10:00:00+00:00,6.18,6.18,6.16,6.17,1244701
2025-11-25T11:00:00+00:00,6.17,6.19,6.16,6.18,3650989
2025-11-25T12:00:00+00:00,6.18,6.26,6.15,6.22,20803729
2025-11-25T13:00:00+00:00,6.22,6.24,6.21,6.24,5488271
2025-11-25T14:00:00+00:00,6.24,6.25,6.22,6.25,2568590
2025-11-25T15:00:00+00:00,6.25,6.25,6.23,6.25,1298266
2025-11-25T16:00:00+00:00,6.25,6.28,6.24,6.28,3556859
2025-11-25T17:00:00+00:00,6.28,6.28,6.25,6.27,3713061
2025-11-25T18:00:00+00:00,6.27,6.27,6.24,6.24,1572272
2025-11-25T19:00:00+00:00,6.25,6.27,6.24,6.26,1431793
2025-11-25T20:00:00+00:00,6.26,6.27,6.25,6.26,930395
2025-11-26T07:00:00+00:00,6.23,6.25,6.22,6.22,1779085
2025-11-26T08:00:00+00:00,6.22,6.24,6.2,6.21,4181638
2025-11-26T09:00:00+00:00,6.22,6.23,6.2,6.22,2091875
2025-11-26T10:00:00+00:00,6.22,6.22,6.2,6.21,1914302
2025-11-26T11:00:00+00:00,6.22,6.23,6.2,6.22,1742562
2025-11-26T12:00:00+00:00,6.22,6.22,6.2,6.21,1416748
2025-11-26T13:00:00+00:00,6.22,6.22,6.21,6.22,799862
2025-11-26T14:00:00+00:00,6.22,6.22,6.21,6.21,2329157
2025-11-26T15:00:00+00:00,6.22,6.23,6.21,6.23,1140721
2025-11-26T16:00:00+00:00,6.23,6.23,6.21,6.22,773817
2025-11-26T17:00:00+00:00,6.21,6.23,6.21,6.23,395482
2025-11-26T18:00:00+00:00,6.23,6.23,6.21,6.22,1220203
2025-11-26T19:00:00+00:00,6.22,6.23,6.21,6.21,2765740
2025-11-26T20:00:00+00:00,6.21,6.22,6.2,6.2,2928590
2025-11-27T07:00:00+00:00,6.21,6.24,6.19,6.19,4291794
2025-11-27T08:00:00+00:00,6.19,6.2,6.18,6.2,2802132
2025-11-27T09:00:00+00:00,6.2,6.2,6.18,6.2,2260082
2025-11-27T10:00:00+00:00,6.2,6.2,6.18,6.2,978362
2025-11-27T11:00:00+00:00,6.2,6.2,6.18,6.19,1093059
2025-11-27T12:00:00+00:00,6.19,6.2,6.17,6.17,3756342
2025-11-27T13:00:00+00:00,6.18,6.19,6.16,6.17,4262324
2025-11-27T14:00:00+00:00,6.17,6.17,6.06,6.09,5147344
2025-11-27T15:00:00+00:00,6.1,6.11,6.08,6.11,3134818
2025-11-27T16:00:00+00:00,6.11,6.11,6.09,6.1,1909364
2025-11-27T17:00:00+00:00,6.1,6.1,6.08,6.09,785249
2025-11-27T18:00:00+00:00,6.1,6.1,6.09,6.09,756424
2025-11-27T19:00:00+00:00,6.09,6.1,6.09,6.1,1104279
2025-11-27T20:00:00+00:00,6.1,6.1,6.08,6.08,1828505
2025-11-28T07:00:00+00:00,6.1,6.13,6.1,6.13,3548577
2025-11-28T08:00:00+00:00,6.13,6.14,6.1,6.13,2191018
2025-11-28T09:00:00+00:00,6.12,6.15,6.11,6.15,4843376
2025-11-28T10:00:00+00:00,6.15,6.15,6.13,6.15,1212109
2025-11-28T11:00:00+00:00,6.15,6.15,6.12,6.12,1880650
2025-11-28T12:00:00+00:00,6.13,6.14,6.11,6.11,1264386
2025-11-28T13:00:00+00:00,6.11,6.17,6.11,6.16,8585171
2025-11-28T14:00:00+00:00,6.16,6.19,6.15,6.19,3452912
2025-11-28T15:00:00+00:00,6.19,6.23,6.18,6.22,3163978
2025-11-28T16:00:00+00:00,6.23,6.23,6.2,6.22,2114765
2025-11-28T17:00:00+00:00,6.22,6.22,6.18,6.21,3520481
2025-11-28T18:00:00+00:00,6.21,6.22,6.2,6.21,2092351
2025-11-28T19:00:00+00:00,6.21,6.21,6.19,6.21,1035641
2025-11-28T20:00:00+00:00,6.2,6.21,6.17,6.18,563276
2025-12-01T07:00:00+00:00,6.21,6.24,6.2,6.23,14327278
2025-12-01T08:00:00+00:00,6.23,6.26,6.22,6.24,4816543
2025-12-01T09:00:00+00:00,6.25,6.28,6.24,6.27,4292593
2025-12-01T10:00:00+00:00,6.26,6.27,6.24,6.26,2688660
2025-12-01T11:00:00+00:00,6.26,6.26,6.24,6.25,1927727
2025-12-01T12:00:00+00:00,6.25,6.27,6.24,6.27,1615683
2025-12-01T13:00:00+00:00,6.27,6.28,6.25,6.28,2188592
2025-12-01T14:00:00+00:00,6.28,6.28,6.26,6.26,1908179
2025-12-01T15:00:00+00:00,6.26,6.27,6.24,6.25,1397324
2025-12-01T16:00:00+00:00,6.25,6.27,6.24,6.27,1403638
2025-12-01T17:00:00+00:00,6.27,6.27,6.25,6.26,630124
2025-12-01T18:00:00+00:00,6.26,6.26,6.25,6.25,440548
2025-12-01T19:00:00+00:00,6.25,6.27,6.24,6.25,3140886
2025-12-01T20:00:00+00:00,6.25,6.26,6.22,6.23,2085854
2025-12-02T07:00:00+00:00,6.24,6.26,6.23,6.25,6403692
2025-12-02T08:00:00+00:00,6.25,6.25,6.23,6.25,2381998
2025-12-02T09:00:00+00:00,6.25,6.25,6.23,6.25,1563944
2025-12-02T10:00:00+00:00,6.25,6.25,6.23,6.25,1748173
2025-12-02T11:00:00+00:00,6.24,6.25,6.24,6.25,1114424
2025-12-02T12:00:00+00:00,6.25,6.27,6.24,6.25,3959725
2025-12-02T13:00:00+00:00,6.26,6.27,6.24,6.25,2328272
2025-12-02T14:00:00+00:00,6.26,6.26,6.23,6.24,2621366
2025-12-02T15:00:00+00:00,6.24,6.25,6.19,6.21,10467649
2025-12-02T16:00:00+00:00,6.21,6.22,6.2,6.21,951338
2025-12-02T17:00:00+00:00,6.21,6.23,6.2,6.22,1912867
2025-12-02T18:00:00+00:00,6.21,6.25,6.21,6.23,2440676
2025-12-02T19:00:00+00:00,6.23,6.25,6.22,6.24,2799349
2025-12-02T20:00:00+00:00,6.24,6.24,6.19,6.23,1480248
2025-12-03T07:00:00+00:00,6.13,6.16,6.12,6.12,3914561
2025-12-03T08:00:00+00:00,6.13,6.14,6.1,6.12,3910955
2025-12-03T09:00:00+00:00,6.12,6.14,6.11,6.13,1406960
2025-12-03T10:00:00+00:00,6.13,6.14,6.12,6.13,2620702
2025-12-03T11:00:00+00:00,6.13,6.14,6.12,6.14,2513750
2025-12-03T12:00:00+00:00,6.14,6.14,6.13,6.13,998822
2025-12-03T13:00:00+00:00,6.14,6.14,6.11,6.12,2832349
2025-12-03T14:00:00+00:00,6.13,6.15,6.11,6.15,1904604
2025-12-03T15:00:00+00:00,6.15,6.17,6.13,6.17,1546232
2025-12-03T16:00:00+00:00,6.17,6.18,6.15,6.16,1804931
2025-12-03T17:00:00+00:00,6.16,6.17,6.15,6.17,569942
2025-12-03T18:00:00+00:00,6.17,6.17,6.15,6.15,465437
2025-12-03T19:00:00+00:00,6.15,6.18,6.15,6.16,1032952
2025-12-03T20:00:00+00:00,6.16,6.23,6.16,6.18,836316
2025-12-04T07:00:00+00:00,6.18,6.23,6.18,6.21,4023275
2025-12-04T08:00:00+00:00,6.21,6.21,6.19,6.21,1243307
2025-12-04T09:00:00+00:00,6.21,6.22,6.2,6.22,1209401
2025-12-04T10:00:00+00:00,6.21,6.22,6.2,6.21,1159826
2025-12-04T11:00:00+00:00,6.21,6.21,6.2,6.21,926509
2025-12-04T12:00:00+00:00,6.21,6.21,6.2,6.21,906127
2025-12-04T13:00:00+00:00,6.21,6.22,6.2,6.21,1407329
2025-12-04T14:00:00+00:00,6.21,6.21,6.19,6.19,1669692
2025-12-04T15:00:00+00:00,6.2,6.21,6.19,6.21,1235293
2025-12-04T16:00:00+00:00,6.21,6.21,6.19,6.19,813484
2025-12-04T17:00:00+00:00,6.21,6.21,6.19,6.2,544433
2025-12-04T18:00:00+00:00,6.2,6.21,6.19,6.2,1256880
2025-12-04T19:00:00+00:00,6.19,6.2,6.18,6.18,623770
2025-12-04T20:00:00+00:00,6.19,6.21,6.18,6.2,1512536
2025-12-05T07:00:00+00:00,6.2,6.24,6.19,6.23,6656076
2025-12-05T08:00:00+00:00,6.23,6.27,6.22,6.26,5253518
2025-12-05T09:00:00+00:00,6.27,6.29,6.26,6.29,5235772
2025-12-05T10:00:00+00:00,6.29,6.29,6.27,6.28,1707765
2025-12-05T11:00:00+00:00,6.28,6.32,6.27,6.31,4053494
2025-12-05T12:00:00+00:00,6.31,6.31,6.29,6.3,4862691
2025-12-05T13:00:00+00:00,6.29,6.31,6.29,6.31,2019272
2025-12-05T14:00:00+00:00,6.31,6.33,6.3,6.32,3334536
2025-12-05T15:00:00+00:00,6.32,6.32,6.29,6.3,2774014
2025-12-05T16:00:00+00:00,6.3,6.31,6.29,6.31,1211214
2025-12-05T17:00:00+00:00,6.31,6.32,6.29,6.3,1894332
2025-12-05T18:00:00+00:00,6.3,6.3,6.27,6.28,9141078
2025-12-05T19:00:00+00:00,6.29,6.3,6.28,6.3,681768
2025-12-05T20:00:00+00:00,6.3,6.31,6.28,6.31,1672050
2025-12-08T07:00:00+00:00,6.32,6.38,6.32,6.37,29939727
2025-12-08T08:00:00+00:00,6.37,6.38,6.34,6.35,4773381
2025-12-08T09:00:00+00:00,6.36,6.36,6.34,6.35,1710428
2025-12-08T10:00:00+00:00,6.35,6.35,6.32,6.34,5438234
2025-12-08T11:00:00+00:00,6.34,6.35,6.33,6.34,2081322
2025-12-08T12:00:00+00:00,6.34,6.34,6.3,6.31,1927384
2025-12-08T13:00:00+00:00,6.32,6.33,6.31,6.32,1302554
2025-12-08T14:00:00+00:00,6.32,6.32,6.29,6.3,2001358
2025-12-08T15:00:00+00:00,6.3,6.31,6.28,6.29,1760374
2025-12-08T16:00:00+00:00,6.3,6.31,6.28,6.31,1829825
2025-12-08T17:00:00+00:00,6.29,6.32,6.27,6.28,3382769
2025-12-08T18:00:00+00:00,6.27,6.29,6.24,6.27,2227321
2025-12-08T19:00:00+00:00,6.27,6.28,6.25,6.28,3943356
2025-12-08T20:00:00+00:00,6.28,6.29,6.25,6.27,624038
2025-12-09T07:00:00+00:00,6.26,6.29,6.26,6.28,5520342
2025-12-09T08:00:00+00:00,6.27,6.28,6.26,6.28,1388577
2025-12-09T09:00:00+00:00,6.28,6.29,6.27,6.29,2072252
2025-12-09T10:00:00+00:00,6.29,6.29,6.28,6.29,1754947
2025-12-09T11:00:00+00:00,6.29,6.33,6.28,6.33,4817476
2025-12-09T12:00:00+00:00,6.32,6.34,6.31,6.32,2654952
2025-12-09T13:00:00+00:00,6.32,6.34,6.31,6.32,2898241
2025-12-09T14:00:00+00:00,6.32,6.34,6.28,6.29,4135017
2025-12-09T15:00:00+00:00,6.28,6.3,6.27,6.29,3132007
2025-12-09T16:00:00+00:00,6.3,6.31,6.28,6.29,2945876
2025-12-09T17:00:00+00:00,6.29,6.31,6.28,6.31,743525
2025-12-09T18:00:00+00:00,6.31,6.33,6.29,6.32,2637045
2025-12-09T19:00:00+00:00,6.32,6.38,6.31,6.36,10221714
2025-12-09T20:00:00+00:00,6.36,6.36,6.33,6.34,4257244
2025-12-10T07:00:00+00:00,6.33,6.36,6.33,6.34,5196909
2025-12-10T08:00:00+00:00,6.33,6.35,6.33,6.35,5093478
2025-12-10T09:00:00+00:00,6.35,6.36,6.33,6.35,4933265
2025-12-10T10:00:00+00:00,6.35,6.35,6.33,6.34,2774718
2025-12-10T11:00:00+00:00,6.34,6.35,6.32,6.34,2092811
2025-12-10T12:00:00+00:00,6.33,6.34,6.33,6.34,1871443
2025-12-10T13:00:00+00:00,6.34,6.34,6.31,6.33,7484254
2025-12-10T14:00:00+00:00,6.33,6.34,6.31,6.33,2933641
2025-12-10T15:00:00+00:00,6.32,6.33,6.31,6.33,920053
2025-12-10T16:00:00+00:00,6.33,6.33,6.32,6.33,718171
2025-12-10T17:00:00+00:00,6.33,6.33,6.31,6.33,1186480
2025-12-10T18:00:00+00:00,6.33,6.34,6.32,6.33,1908005
2025-12-10T19:00:00+00:00,6.33,6.33,6.31,6.31,346601
2025-12-10T20:00:00+00:00,6.33,6.33,6.25,6.31,1650274
2025-12-11T07:00:00+00:00,6.35,6.38,6.34,6.37,4860875
2025-12-11T08:00:00+00:00,6.37,6.42,6.36,6.4,12162853
2025-12-11T09:00:00+00:00,6.4,6.43,6.39,6.4,9065890
2025-12-11T10:00:00+00:00,6.39,6.4,6.37,6.39,5618002
2025-12-11T11:00:00+00:00,6.39,6.39,6.38,6.39,1473507
2025-12-11T12:00:00+00:00,6.39,6.41,6.38,6.4,2826082
2025-12-11T13:00:00+00:00,6.41,6.41,6.39,6.4,986216
2025-12-11T14:00:00+00:00,6.4,6.43,6.4,6.41,6062125
2025-12-11T15:00:00+00:00,6.41,6.42,6.35,6.38,12475489
2025-12-11T16:00:00+00:00,6.38,6.5,6.38,6.47,14010440
2025-12-11T17:00:00+00:00,6.47,6.48,6.45,6.46,4483727
2025-12-11T18:00:00+00:00,6.46,6.46,6.4,6.42,6230696
2025-12-11T19:00:00+00:00,6.4,6.42,6.39,6.42,3388787
2025-12-11T20:00:00+00:00,6.42,6.42,6.4,6.42,789486
2025-12-12T07:00:00+00:00,6.42,6.44,6.41,6.41,5093162
2025-12-12T08:00:00+00:00,6.41,6.44,6.41,6.43,4546537
2025-12-12T09:00:00+00:00,6.43,6.43,6.41,6.42,2321368
2025-12-12T10:00:00+00:00,6.43,6.45,6.42,6.44,3453277
2025-12-12T11:00:00+00:00,6.43,6.44,6.42,6.43,2648953
2025-12-12T12:00:00+00:00,6.43,6.43,6.41,6.42,2417203
2025-12-12T13:00:00+00:00,6.43,6.43,6.39,6.41,2974290
2025-12-12T14:00:00+00:00,6.41,6.41,6.39,6.4,1346828
2025-12-12T15:00:00+00:00,6.41,6.41,6.38,6.41,2867496
2025-12-12T16:00:00+00:00,6.41,6.41,6.37,6.4,1553069
2025-12-12T17:00:00+00:00,6.4,6.4,6.35,6.36,1594753
2025-12-12T18:00:00+00:00,6.35,6.37,6.34,6.36,1467002
2025-12-12T19:00:00+00:00,6.36,6.36,6.34,6.36,700981
2025-12-12T20:00:00+00:00,6.36,6.36,6.33,6.34,1807675
2025-12-15T07:00:00+00:00,6.4,6.43,6.36,6.38,10760062
2025-12-15T08:00:00+00:00,6.38,6.39,6.35,6.37,11006522
2025-12-15T09:00:00+00:00,6.36,6.39,6.36,6.38,7001917
2025-12-15T10:00:00+00:00,6.38,6.39,6.37,6.39,2359609
2025-12-15T11:00:00+00:00,6.39,6.41,6.38,6.41,2377120
2025-12-15T12:00:00+00:00,6.41,6.42,6.37,6.39,4405409
2025-12-15T13:00:00+00:00,6.39,6.39,6.36,6.39,1462346
2025-12-15T14:00:00+00:00,6.39,6.41,6.38,6.41,2326824
2025-12-15T15:00:00+00:00,6.41,6.41,6.39,6.41,1562797
2025-12-15T16:00:00+00:00,6.4,6.43,6.38,6.4,2720139
2025-12-15T17:00:00+00:00,6.4,6.41,6.39,6.41,1145265
2025-12-15T18:00:00+00:00,6.41,6.41,6.39,6.4,698098
2025-12-15T19:00:00+00:00,6.41,6.41,6.39,6.41,814904
2025-12-15T20:00:00+00:00,6.4,6.44,6.4,6.44,1204637
2025-12-16T07:00:00+00:00,6.4,6.46,6.4,6.46,6077033
2025-12-16T08:00:00+00:00,6.46,6.46,6.43,6.45,4817611
2025-12-16T09:00:00+00:00,6.46,6.47,6.44,6.45,2139761
2025-12-16T10:00:00+00:00,6.46,6.47,6.45,6.47,2255714
2025-12-16T11:00:00+00:00,6.46,6.47,6.45,6.47,1985006
2025-12-16T12:00:00+00:00,6.47,6.47,6.45,6.47,3964233
2025-12-16T13:00:00+00:00,6.47,6.47,6.45,6.47,1764056
2025-12-16T14:00:00+00:00,6.47,6.48,6.45,6.48,2785422
2025-12-16T15:00:00+00:00,6.47,6.48,6.46,6.46,1525598
2025-12-16T16:00:00+00:00,6.47,6.48,6.46,6.48,1101748
2025-12-16T17:00:00+00:00,6.48,6.48,6.45,6.46,2104123
2025-12-16T18:00:00+00:00,6.46,6.47,6.45,6.47,842193
2025-12-16T19:00:00+00:00,6.47,6.48,6.46,6.48,1254635
2025-12-16T20:00:00+00:00,6.48,6.48,6.47,6.48,722408
2025-12-17T07:00:00+00:00,6.47,6.48,6.45,6.47,8638234
2025-12-17T08:00:00+00:00,6.46,6.48,6.45,6.47,3338258
2025-12-17T09:00:00+00:00,6.47,6.47,6.42,6.43,6008711
2025-12-17T10:00:00+00:00,6.42,6.45,6.42,6.44,3314674
2025-12-17T11:00:00+00:00,6.44,6.44,6.41,6.42,18340138
2025-12-17T12:00:00+00:00,6.42,6.43,6.41,6.42,1419940
2025-12-17T13:00:00+00:00,6.41,6.43,6.4,6.41,1483432
2025-12-17T14:00:00+00:00,6.41,6.41,6.38,6.39,5963158
2025-12-17T15:00:00+00:00,6.41,6.43,6.39,6.43,2405898
2025-12-17T16:00:00+00:00,6.43,6.44,6.41,6.42,1481707
2025-12-17T17:00:00+00:00,6.43,6.44,6.42,6.44,1036286
2025-12-17T18:00:00+00:00,6.44,6.44,6.42,6.43,849479
2025-12-17T19:00:00+00:00,6.43,6.45,6.41,6.43,1978472
2025-12-17T20:00:00+00:00,6.44,6.45,6.43,6.44,1172995
2025-12-18T07:00:00+00:00,6.44,6.46,6.43,6.45,3232049
2025-12-18T08:00:00+00:00,6.46,6.46,6.43,6.43,2525706
2025-12-18T09:00:00+00:00,6.44,6.45,6.43,6.43,3228688
2025-12-18T10:00:00+00:00,6.44,6.44,6.43,6.44,1422558
2025-12-18T11:00:00+00:00,6.44,6.44,6.41,6.42,1952766
2025-12-18T12:00:00+00:00,6.42,6.44,6.41,6.44,2568203
2025-12-18T13:00:00+00:00,6.44,6.44,6.43,6.43,1215362
2025-12-18T14:00:00+00:00,6.44,6.44,6.41,6.42,2375828
2025-12-18T15:00:00+00:00,6.41,6.42,6.4,6.42,1743671
2025-12-18T16:00:00+00:00,6.42,6.42,6.4,6.42,670536
2025-12-18T17:00:00+00:00,6.42,6.42,6.4,6.42,507079
2025-12-18T18:00:00+00:00,6.41,6.42,6.4,6.41,600105
2025-12-18T19:00:00+00:00,6.42,6.43,6.41,6.43,1777337
2025-12-18T20:00:00+00:00,6.43,6.43,6.42,6.42,666910
2025-12-19T07:00:00+00:00,6.44,6.5,6.44,6.5,10722435
2025-12-19T08:00:00+00:00,6.5,6.5,6.47,6.49,4810681
2025-12-19T09:00:00+00:00,6.49,6.49,6.47,6.48,2085936
2025-12-19T10:00:00+00:00,6.48,6.48,6.36,6.42,28182253
2025-12-19T11:00:00+00:00,6.42,6.43,6.4,6.43,3571585
2025-12-19T12:00:00+00:00,6.43,6.43,6.4,6.41,2487677
2025-12-19T13:00:00+00:00,6.41,6.43,6.39,6.41,2325563
2025-12-19T14:00:00+00:00,6.41,6.41,6.38,6.38,4038892
2025-12-19T15:00:00+00:00,6.39,6.41,6.38,6.39,5930158
2025-12-19T16:00:00+00:00,6.4,6.42,6.39,6.42,1756631
2025-12-19T17:00:00+00:00,6.42,6.44,6.4,6.42,1733729
2025-12-19T18:00:00+00:00,6.43,6.43,6.41,6.41,1046835
2025-12-19T19:00:00+00:00,6.41,6.43,6.41,6.43,595653
2025-12-19T20:00:00+00:00,6.43,6.43,6.39,6.39,1706765
2025-12-22T07:00:00+00:00,6.37,6.39,6.35,6.35,13950985
2025-12-22T08:00:00+00:00,6.35,6.36,6.34,6.36,7563358
2025-12-22T09:00:00+00:00,6.36,6.38,6.35,6.36,3615878
2025-12-22T10:00:00+00:00,6.36,6.38,6.36,6.38,5905454
2025-12-22T11:00:00+00:00,6.38,6.38,6.36,6.37,2174844
2025-12-22T12:00:00+00:00,6.37,6.37,6.35,6.36,1669740
2025-12-22T13:00:00+00:00,6.36,6.36,6.34,6.35,2079259
2025-12-22T14:00:00+00:00,6.35,6.35,6.32,6.33,2451046
2025-12-22T15:00:00+00:00,6.33,6.33,6.32,6.33,1538730
2025-12-22T16:00:00+00:00,6.33,6.35,6.32,6.33,1769975
2025-12-22T17:00:00+00:00,6.34,6.34,6.33,6.33,466435
2025-12-22T18:00:00+00:00,6.34,6.34,6.31,6.32,1745576
2025-12-22T19:00:00+00:00,6.33,6.33,6.31,6.32,821305
2025-12-22T20:00:00+00:00,6.33,6.33,6.3,6.31,4588924
2025-12-23T07:00:00+00:00,6.31,6.35,6.31,6.34,5754589
2025-12-23T08:00:00+00:00,6.34,6.34,6.3,6.32,3365213
2025-12-23T09:00:00+00:00,6.32,6.32,6.3,6.31,1451742
2025-12-23T10:00:00+00:00,6.31,6.32,6.29,6.3,6928123
2025-12-23T11:00:00+00:00,6.31,6.35,6.3,6.34,5341105
2025-12-23T12:00:00+00:00,6.35,6.35,6.33,6.34,1255095
2025-12-23T13:00:00+00:00,6.34,6.35,6.33,6.35,1437225
2025-12-23T14:00:00+00:00,6.35,6.36,6.33,6.33,1886776
2025-12-23T15:00:00+00:00,6.34,6.36,6.33,6.36,1782636
2025-12-23T16:00:00+00:00,6.36,6.36,6.34,6.35,1478453
2025-12-23T17:00:00+00:00,6.35,6.35,6.33,6.34,1289590
2025-12-23T18:00:00+00:00,6.34,6.36,6.33,6.36,864204
2025-12-23T19:00:00+00:00,6.36,6.36,6.34,6.35,745084
2025-12-23T20:00:00+00:00,6.35,6.35,6.33,6.34,409070
2025-12-24T07:00:00+00:00,6.36,6.36,6.32,6.35,3894977
2025-12-24T08:00:00+00:00,6.34,6.35,6.31,6.33,3684740
2025-12-24T09:00:00+00:00,6.33,6.34,6.31,6.33,2355246
2025-12-24T10:00:00+00:00,6.33,6.35,6.32,6.35,1846204
2025-12-24T11:00:00+00:00,6.35,6.36,6.34,6.35,1964868
2025-12-24T12:00:00+00:00,6.36,6.36,6.34,6.36,2827461
2025-12-24T13:00:00+00:00,6.36,6.36,6.34,6.34,1676227
2025-12-24T14:00:00+00:00,6.35,6.35,6.34,6.35,1918622
2025-12-24T15:00:00+00:00,6.35,6.35,6.32,6.33,5773301
2025-12-24T16:00:00+00:00,6.34,6.34,6.32,6.34,857154
2025-12-24T17:00:00+00:00,6.34,6.34,6.33,6.34,811295
2025-12-24T18:00:00+00:00,6.34,6.35,6.33,6.33,686523
2025-12-24T19:00:00+00:00,6.34,6.35,6.33,6.35,419194
2025-12-24T20:00:00+00:00,6.35,6.35,6.33,6.35,1109522
2025-12-25T07:00:00+00:00,6.33,6.35,6.31,6.32,2752622
2025-12-25T08:00:00+00:00,6.32,6.34,6.31,6.33,2174551
2025-12-25T09:00:00+00:00,6.33,6.34,6.32,6.32,1860383
2025-12-25T10:00:00+00:00,6.33,6.33,6.31,6.33,1577701
2025-12-25T11:00:00+00:00,6.33,6.33,6.31,6.32,1409722
2025-12-25T12:00:00+00:00,6.32,6.32,6.31,6.32,1357594
2025-12-25T13:00:00+00:00,6.32,6.33,6.31,6.32,2408260
2025-12-25T14:00:00+00:00,6.32,6.32,6.31,6.32,841044
2025-12-25T15:00:00+00:00,6.32,6.32,6.31,6.32,799278
2025-12-25T16:00:00+00:00,6.32,6.33,6.31,6.33,1687207
2025-12-25T17:00:00+00:00,6.33,6.33,6.31,6.31,1022561
2025-12-25T18:00:00+00:00,6.32,6.33,6.31,6.32,551356
2025-12-25T19:00:00+00:00,6.32,6.34,6.32,6.33,972016
2025-12-25T20:00:00+00:00,6.33,6.33,6.31,6.31,732728
2025-12-26T07:00:00+00:00,6.4,6.4,6.34,6.38,4777249
2025-12-26T08:00:00+00:00,6.37,6.4,6.37,6.38,3918850
2025-12-26T09:00:00+00:00,6.38,6.39,6.37,6.39,2906242
2025-12-26T10:00:00+00:00,6.39,6.39,6.38,6.39,2620900
2025-12-26T11:00:00+00:00,6.39,6.39,6.38,6.39,3759871
2025-12-26T12:00:00+00:00,6.39,6.41,6.38,6.41,6395152
2025-12-26T13:00:00+00:00,6.41,6.42,6.4,6.42,7184633
2025-12-26T14:00:00+00:00,6.41,6.43,6.4,6.42,2915789
2025-12-26T15:00:00+00:00,6.42,6.43,6.41,6.42,2397590
2025-12-26T16:00:00+00:00,6.42,6.44,6.41,6.43,2278097
2025-12-26T17:00:00+00:00,6.43,6.45,6.42,6.44,2287725
2025-12-26T18:00:00+00:00,6.44,6.46,6.42,6.43,4861576
2025-12-26T19:00:00+00:00,6.43,6.44,6.42,6.43,2936964
2025-12-26T20:00:00+00:00,6.44,6.49,6.42,6.47,8055170
2025-12-29T07:00:00+00:00,6.5,6.5,6.42,6.45,16720235
2025-12-29T08:00:00+00:00,6.46,6.55,6.45,6.54,4576123
2025-12-29T09:00:00+00:00,6.55,6.5600000000000005,6.51,6.53,4871788
2025-12-29T10:00:00+00:00,6.52,6.54,6.52,6.53,2944834
2025-12-29T11:00:00+00:00,6.53,6.54,6.52,6.53,3006959
2025-12-29T12:00:00+00:00,6.53,6.54,6.52,6.53,2794838
2025-12-29T13:00:00+00:00,6.53,6.53,6.47,6.49,4103034
2025-12-29T14:00:00+00:00,6.48,6.49,6.47,6.49,2772655
2025-12-29T15:00:00+00:00,6.49,6.49,6.37,6.4,9668924
2025-12-29T16:00:00+00:00,6.4,6.42,6.38,6.41,4666088
2025-12-29T17:00:00+00:00,6.41,6.43,6.4,6.42,2093308
2025-12-29T18:00:00+00:00,6.42,6.43,6.41,6.42,1060732
2025-12-29T19:00:00+00:00,6.42,6.43,6.41,6.42,1013547
2025-12-29T20:00:00+00:00,6.42,6.42,6.39,6.42,938668
2025-12-30T07:00:00+00:00,6.42,6.43,6.4,6.42,6244076
2025-12-30T08:00:00+00:00,6.42,6.42,6.4,6.42,1964201
2025-12-30T09:00:00+00:00,6.42,6.42,6.4,6.41,3024682
2025-12-30T10:00:00+00:00,6.42,6.43,6.41,6.42,2178611
2025-12-30T11:00:00+00:00,6.43,6.43,6.41,6.43,2361324
2025-12-30T12:00:00+00:00,6.43,6.44,6.42,6.44,2570420
2025-12-30T13:00:00+00:00,6.44,6.46,6.43,6.44,3644670
2025-12-30T14:00:00+00:00,6.45,6.46,6.44,6.45,3817313
2025-12-30T15:00:00+00:00,6.45,6.45,6.43,6.44,2350626
2025-12-30T16:00:00+00:00,6.44,6.46,6.43,6.46,1938064
2025-12-30T17:00:00+00:00,6.46,6.46,6.44,6.45,2466274
2025-12-30T18:00:00+00:00,6.45,6.46,6.44,6.46,926920
2025-12-30T19:00:00+00:00,6.46,6.46,6.43,6.44,1198861
2025-12-30T20:00:00+00:00,6.43,6.53,6.43,6.53,2367812
2026-01-05T07:00:00+00:00,6.41,6.44,6.36,6.42,17681984
2026-01-05T08:00:00+00:00,6.43,6.44,6.41,6.44,3198024
2026-01-05T09:00:00+00:00,6.44,6.44,6.42,6.44,3262186
2026-01-05T10:00:00+00:00,6.44,6.44,6.43,6.44,2287249
2026-01-05T11:00:00+00:00,6.44,6.44,6.42,6.44,2377812
2026-01-05T12:00:00+00:00,6.44,6.44,6.42,6.43,1078803
2026-01-05T13:00:00+00:00,6.42,6.45,6.42,6.45,2118504
2026-01-05T14:00:00+00:00,6.43,6.46,6.43,6.46,1716102
2026-01-05T15:00:00+00:00,6.46,6.48,6.45,6.47,1481256
2026-01-05T16:00:00+00:00,6.47,6.48,6.46,6.47,822907
2026-01-05T17:00:00+00:00,6.47,6.47,6.44,6.46,3530284
2026-01-05T18:00:00+00:00,6.46,6.46,6.42,6.44,3392925
2026-01-05T19:00:00+00:00,6.43,6.44,6.42,6.44,3844492
2026-01-05T20:00:00+00:00,6.44,6.44,6.42,6.44,2092336
2026-01-06T07:00:00+00:00,6.46,6.49,6.43,6.45,8324940
2026-01-06T08:00:00+00:00,6.45,6.46,6.44,6.45,5651480
2026-01-06T09:00:00+00:00,6.45,6.46,6.44,6.45,3680600
2026-01-06T10:00:00+00:00,6.45,6.45,6.43,6.43,4420690
2026-01-06T11:00:00+00:00,6.44,6.44,6.43,6.44,1109337
2026-01-06T12:00:00+00:00,6.44,6.44,6.41,6.42,3101134
2026-01-06T13:00:00+00:00,6.42,6.43,6.4,6.4,1404587
2026-01-06T14:00:00+00:00,6.41,6.41,6.39,6.41,874364
2026-01-06T15:00:00+00:00,6.41,6.42,6.4,6.41,739643
2026-01-06T16:00:00+00:00,6.4,6.42,6.4,6.42,644545
2026-01-06T17:00:00+00:00,6.42,6.42,6.4,6.42,745897
2026-01-06T18:00:00+00:00,6.42,6.42,6.4,6.41,336159
2026-01-06T19:00:00+00:00,6.41,6.41,6.39,6.41,2453514
2026-01-06T20:00:00+00:00,6.41,6.43,6.37,6.37,2984445
2026-01-08T07:00:00+00:00,6.33,6.39,6.33,6.38,8179961
2026-01-08T08:00:00+00:00,6.38,6.38,6.36,6.36,1899747
2026-01-08T09:00:00+00:00,6.37,6.39,6.36,6.38,2950459
2026-01-08T10:00:00+00:00,6.38,6.38,6.36,6.38,3023262
2026-01-08T11:00:00+00:00,6.38,6.38,6.36,6.37,1915905
2026-01-08T12:00:00+00:00,6.37,6.37,6.35,6.36,1800444
2026-01-08T13:00:00+00:00,6.35,6.36,6.34,6.35,1220492
2026-01-08T14:00:00+00:00,6.35,6.36,6.34,6.35,2652434
2026-01-08T15:00:00+00:00,6.35,6.36,6.34,6.35,1041351
2026-01-08T16:00:00+00:00,6.36,6.36,6.33,6.35,1752301
2026-01-08T17:00:00+00:00,6.35,6.35,6.33,6.34,705680
2026-01-08T18:00:00+00:00,6.34,6.35,6.33,6.34,1582363
2026-01-08T19:00:00+00:00,6.35,6.35,6.33,6.34,527704
2026-01-08T20:00:00+00:00,6.34,6.34,6.3,6.32,1152815
2026-01-09T07:00:00+00:00,6.34,6.37,6.34,6.36,3333393
2026-01-09T08:00:00+00:00,6.37,6.38,6.36,6.37,1545152
2026-01-09T09:00:00+00:00,6.38,6.38,6.36,6.37,3355662
2026-01-09T10:00:00+00:00,6.37,6.37,6.36,6.37,1050453
2026-01-09T11:00:00+00:00,6.36,6.38,6.36,6.37,792120
2026-01-09T12:00:00+00:00,6.38,6.38,6.36,6.37,1880524
2026-01-09T13:00:00+00:00,6.37,6.38,6.36,6.36,1084754
2026-01-09T14:00:00+00:00,6.37,6.38,6.36,6.38,1791444
2026-01-09T15:00:00+00:00,6.37,6.38,6.36,6.37,588336
2026-01-09T16:00:00+00:00,6.36,6.37,6.34,6.36,1807145
2026-01-09T17:00:00+00:00,6.36,6.36,6.34,6.35,880688
2026-01-09T18:00:00+00:00,6.36,6.36,6.34,6.35,1281681
2026-01-09T19:00:00+00:00,6.36,6.36,6.35,6.36,1101034
2026-01-09T20:00:00+00:00,6.36,6.37,6.35,6.35,655160
2026-01-12T07:00:00+00:00,6.35,6.46,6.35,6.46,13346739
2026-01-12T08:00:00+00:00,6.46,6.46,6.42,6.44,4331443
2026-01-12T09:00:00+00:00,6.44,6.44,6.42,6.43,2198076
2026-01-12T10:00:00+00:00,6.42,6.43,6.41,6.43,3360216
2026-01-12T11:00:00+00:00,6.43,6.43,6.41,6.42,1715818
2026-01-12T12:00:00+00:00,6.42,6.42,6.4,6.41,2295276
2026-01-12T13:00:00+00:00,6.41,6.41,6.39,6.4,4484323
2026-01-12T14:00:00+00:00,6.4,6.4,6.38,6.39,1929107
2026-01-12T15:00:00+00:00,6.39,6.4,6.38,6.39,3348016
2026-01-12T16:00:00+00:00,6.4,6.4,6.38,6.4,970026
2026-01-12T17:00:00+00:00,6.4,6.4,6.38,6.39,5166807
2026-01-12T18:00:00+00:00,6.39,6.39,6.38,6.38,402610
2026-01-12T19:00:00+00:00,6.38,6.39,6.38,6.39,606585
2026-01-12T20:00:00+00:00,6.39,6.42,6.38,6.41,4548755
2026-01-13T07:00:00+00:00,6.36,6.39,6.36,6.38,3443309
2026-01-13T08:00:00+00:00,6.38,6.38,6.36,6.37,7137324
2026-01-13T09:00:00+00:00,6.37,6.38,6.36,6.38,3905174
2026-01-13T10:00:00+00:00,6.38,6.39,6.37,6.38,2928630
2026-01-13T11:00:00+00:00,6.39,6.39,6.37,6.37,957366
2026-01-13T12:00:00+00:00,6.38,6.38,6.37,6.38,700623
2026-01-13T13:00:00+00:00,6.38,6.39,6.37,6.39,1475914
2026-01-13T14:00:00+00:00,6.39,6.39,6.37,6.39,1808847
2026-01-13T15:00:00+00:00,6.39,6.39,6.36,6.37,1779439
2026-01-13T16:00:00+00:00,6.37,6.37,6.36,6.37,601728
2026-01-13T17:00:00+00:00,6.37,6.37,6.35,6.35,1452162
2026-01-13T18:00:00+00:00,6.36,6.38,6.35,6.37,1208240
2026-01-13T19:00:00+00:00,6.37,6.38,6.36,6.38,586143
2026-01-13T20:00:00+00:00,6.37,6.38,6.35,6.37,677715
2026-01-14T07:00:00+00:00,6.35,6.36,6.32,6.35,5528342
2026-01-14T08:00:00+00:00,6.35,6.41,6.34,6.39,6877627
2026-01-14T09:00:00+00:00,6.39,6.41,6.38,6.41,8713280
2026-01-14T10:00:00+00:00,6.41,6.41,6.39,6.4,6044041
2026-01-14T11:00:00+00:00,6.4,6.41,6.39,6.41,3247872
2026-01-14T12:00:00+00:00,6.4,6.41,6.39,6.41,3455097
2026-01-14T13:00:00+00:00,6.41,6.41,6.39,6.41,3257652
2026-01-14T14:00:00+00:00,6.41,6.42,6.4,6.41,2144019
2026-01-14T15:00:00+00:00,6.4,6.41,6.37,6.38,1892682
2026-01-14T16:00:00+00:00,6.38,6.39,6.37,6.38,2235983
2026-01-14T17:00:00+00:00,6.38,6.39,6.37,6.38,755303
2026-01-14T18:00:00+00:00,6.38,6.39,6.37,6.39,818522
2026-01-14T19:00:00+00:00,6.39,6.41,6.38,6.41,1098275
2026-01-14T20:00:00+00:00,6.41,6.41,6.37,6.37,758145
2026-01-15T07:00:00+00:00,6.37,6.4,6.37,6.39,3375941
2026-01-15T08:00:00+00:00,6.38,6.4,6.38,6.39,1732583
2026-01-15T09:00:00+00:00,6.39,6.39,6.37,6.38,2464791
2026-01-15T10:00:00+00:00,6.38,6.41,6.37,6.4,3803073
2026-01-15T11:00:00+00:00,6.4,6.42,6.39,6.4,3373976
2026-01-15T12:00:00+00:00,6.41,6.42,6.39,6.4,1147004
2026-01-15T13:00:00+00:00,6.4,6.41,6.39,6.41,983359
2026-01-15T14:00:00+00:00,6.4,6.41,6.39,6.4,858049
2026-01-15T15:00:00+00:00,6.4,6.4,6.38,6.39,1637303
2026-01-15T16:00:00+00:00,6.39,6.42,6.38,6.41,7508119
2026-01-15T17:00:00+00:00,6.42,6.43,6.41,6.42,3845628
2026-01-15T18:00:00+00:00,6.42,6.43,6.41,6.41,884293
2026-01-15T19:00:00+00:00,6.42,6.43,6.41,6.43,834538
2026-01-15T20:00:00+00:00,6.43,6.43,6.41,6.43,1225252
2026-01-16T07:00:00+00:00,6.44,6.45,6.41,6.45,6783920
2026-01-16T08:00:00+00:00,6.45,6.47,6.43,6.45,8544068
2026-01-16T09:00:00+00:00,6.44,6.45,6.43,6.45,1876812
2026-01-16T10:00:00+00:00,6.45,6.46,6.44,6.45,5920447
2026-01-16T11:00:00+00:00,6.45,6.46,6.44,6.46,1901834
2026-01-16T12:00:00+00:00,6.46,6.46,6.44,6.45,1525313
2026-01-16T13:00:00+00:00,6.45,6.48,6.44,6.47,7232930
2026-01-16T14:00:00+00:00,6.47,6.48,6.46,6.48,2047258
2026-01-16T15:00:00+00:00,6.48,6.48,6.46,6.47,1111259
2026-01-16T16:00:00+00:00,6.46,6.48,6.46,6.46,1112255
2026-01-16T17:00:00+00:00,6.47,6.48,6.46,6.47,901931
2026-01-16T18:00:00+00:00,6.47,6.48,6.46,6.47,940186
2026-01-16T19:00:00+00:00,6.47,6.48,6.46,6.48,780534
2026-01-16T20:00:00+00:00,6.48,6.49,6.46,6.48,1443303
2026-01-19T07:00:00+00:00,6.45,6.5,6.45,6.49,12500565
2026-01-19T08:00:00+00:00,6.49,6.51,6.47,6.49,3079471
2026-01-19T09:00:00+00:00,6.5,6.51,6.49,6.5,3484800
2026-01-19T10:00:00+00:00,6.5,6.51,6.49,6.49,11215741
2026-01-19T11:00:00+00:00,6.5,6.5,6.49,6.5,1673345
2026-01-19T12:00:00+00:00,6.49,6.5,6.49,6.49,3030776
2026-01-19T13:00:00+00:00,6.5,6.5,6.48,6.5,5523045
2026-01-19T14:00:00+00:00,6.5,6.51,6.49,6.51,1861069
2026-01-19T15:00:00+00:00,6.51,6.51,6.5,6.51,2159302
2026-01-19T16:00:00+00:00,6.5,6.51,6.5,6.51,906748
2026-01-19T17:00:00+00:00,6.51,6.51,6.5,6.5,841984
2026-01-19T18:00:00+00:00,6.51,6.51,6.5,6.5,457053
2026-01-19T19:00:00+00:00,6.5,6.51,6.5,6.51,3221559
2026-01-19T20:00:00+00:00,6.51,6.51,6.49,6.49,3373632
2026-01-20T07:00:00+00:00,6.49,6.52,6.47,6.48,4642706
2026-01-20T08:00:00+00:00,6.48,6.48,6.45,6.47,2342740
2026-01-20T09:00:00+00:00,6.47,6.48,6.45,6.48,1740738
2026-01-20T10:00:00+00:00,6.48,6.48,6.46,6.48,1104158
2026-01-20T11:00:00+00:00,6.48,6.48,6.46,6.47,961613
2026-01-20T12:00:00+00:00,6.47,6.47,6.45,6.47,1312742
2026-01-20T13:00:00+00:00,6.47,6.48,6.46,6.48,1453041
2026-01-20T14:00:00+00:00,6.48,6.48,6.46,6.48,997191
2026-01-20T15:00:00+00:00,6.48,6.49,6.47,6.49,897298
2026-01-20T16:00:00+00:00,6.48,6.49,6.46,6.49,888006
2026-01-20T17:00:00+00:00,6.49,6.49,6.46,6.48,588998
2026-01-20T18:00:00+00:00,6.47,6.49,6.46,6.47,988548
2026-01-20T19:00:00+00:00,6.48,6.52,6.47,6.49,4521553
2026-01-20T20:00:00+00:00,6.49,6.49,6.46,6.47,1948222
2026-01-21T07:00:00+00:00,6.47,6.5,6.47,6.49,5147967
2026-01-21T08:00:00+00:00,6.49,6.49,6.47,6.49,2692487
2026-01-21T09:00:00+00:00,6.49,6.51,6.48,6.5,3967038
2026-01-21T10:00:00+00:00,6.5,6.55,6.49,6.53,6502020
2026-01-21T11:00:00+00:00,6.55,6.57,6.54,6.5600000000000005,3729958
2026-01-21T12:00:00+00:00,6.5600000000000005,6.5600000000000005,6.54,6.5600000000000005,1650933
2026-01-21T13:00:00+00:00,6.5600000000000005,6.5600000000000005,6.54,6.55,1380574
2026-01-21T14:00:00+00:00,6.54,6.5600000000000005,6.54,6.5600000000000005,3428807
2026-01-21T15:00:00+00:00,6.5600000000000005,6.5600000000000005,6.54,6.5600000000000005,1436892
2026-01-21T16:00:00+00:00,6.55,6.5600000000000005,6.54,6.54,501409
2026-01-21T17:00:00+00:00,6.55,6.55,6.54,6.55,519832
2026-01-21T18:00:00+00:00,6.54,6.5600000000000005,6.54,6.5600000000000005,754113
2026-01-21T19:00:00+00:00,6.5600000000000005,6.57,6.54,6.5600000000000005,555204
2026-01-21T20:00:00+00:00,6.5600000000000005,6.59,6.55,6.5600000000000005,871237
2026-01-22T07:00:00+00:00,6.58,6.59,6.55,6.58,4622073
2026-01-22T08:00:00+00:00,6.57,6.59,6.57,6.58,1768000
2026-01-22T09:00:00+00:00,6.58,6.59,6.5600000000000005,6.58,3192565
2026-01-22T10:00:00+00:00,6.58,6.59,6.57,6.57,2570645
2026-01-22T11:00:00+00:00,6.58,6.6,6.57,6.59,3479133
2026-01-22T12:00:00+00:00,6.58,6.59,6.58,6.59,1698316
2026-01-22T13:00:00+00:00,6.59,6.6,6.55,6.5600000000000005,8965733
2026-01-22T14:00:00+00:00,6.5600000000000005,6.5600000000000005,6.51,6.5600000000000005,10194516
2026-01-22T15:00:00+00:00,6.5600000000000005,6.5600000000000005,6.54,6.5600000000000005,1267167
2026-01-22T16:00:00+00:00,6.5600000000000005,6.57,6.54,6.57,1146847
2026-01-22T17:00:00+00:00,6.57,6.57,6.55,6.57,1749162
2026-01-22T18:00:00+00:00,6.57,6.59,6.5600000000000005,6.58,1596076
2026-01-22T19:00:00+00:00,6.57,6.58,6.55,6.57,1347954
2026-01-22T20:00:00+00:00,6.57,6.59,6.5600000000000005,6.58,1250970
2026-01-23T07:00:00+00:00,6.53,6.57,6.53,6.5600000000000005,4566527
2026-01-23T08:00:00+00:00,6.5600000000000005,6.58,6.55,6.58,2737274
2026-01-23T09:00:00+00:00,6.58,6.58,6.5600000000000005,6.5600000000000005,2731926
2026-01-23T10:00:00+00:00,6.57,6.57,6.5600000000000005,6.57,1838856
2026-01-23T11:00:00+00:00,6.57,6.57,6.55,6.5600000000000005,2830586
2026-01-23T12:00:00+00:00,6.5600000000000005,6.57,6.55,6.57,1387736
2026-01-23T13:00:00+00:00,6.57,6.57,6.55,6.5600000000000005,1060028
2026-01-23T14:00:00+00:00,6.5600000000000005,6.57,6.55,6.57,932481
2026-01-23T15:00:00+00:00,6.57,6.57,6.55,6.57,1278023
2026-01-23T16:00:00+00:00,6.57,6.57,6.55,6.57,1128219
2026-01-23T17:00:00+00:00,6.5600000000000005,6.6,6.55,6.6,3206745
2026-01-23T18:00:00+00:00,6.6,6.62,6.59,6.6,2228398
2026-01-23T19:00:00+00:00,6.6,6.61,6.59,6.6,1695587
2026-01-23T20:00:00+00:00,6.61,6.63,6.6,6.61,1612154
2026-01-26T07:00:00+00:00,6.66,6.66,6.5,6.55,22196128
2026-01-26T08:00:00+00:00,6.55,6.5600000000000005,6.53,6.53,3598952
2026-01-26T09:00:00+00:00,6.54,6.55,6.53,6.55,2076561
2026-01-26T10:00:00+00:00,6.55,6.5600000000000005,6.54,6.5600000000000005,2034180
2026-01-26T11:00:00+00:00,6.5600000000000005,6.5600000000000005,6.52,6.53,3704993
2026-01-26T12:00:00+00:00,6.52,6.54,6.52,6.54,1781035
2026-01-26T13:00:00+00:00,6.53,6.55,6.53,6.55,2960239
2026-01-26T14:00:00+00:00,6.55,6.55,6.53,6.55,1082576
2026-01-26T15:00:00+00:00,6.54,6.55,6.53,6.55,2925511
2026-01-26T16:00:00+00:00,6.55,6.55,6.53,6.54,789650
2026-01-26T17:00:00+00:00,6.54,6.5600000000000005,6.53,6.5600000000000005,3356367
2026-01-26T18:00:00+00:00,6.5600000000000005,6.5600000000000005,6.54,6.55,619493
2026-01-26T19:00:00+00:00,6.54,6.55,6.54,6.55,760247
2026-01-26T20:00:00+00:00,6.54,6.55,6.54,6.55,1483780
2026-01-27T07:00:00+00:00,6.54,6.67,6.52,6.53,5888046
2026-01-27T08:00:00+00:00,6.53,6.53,6.51,6.52,6643255
2026-01-27T09:00:00+00:00,6.52,6.53,6.51,6.52,2091931
2026-01-27T10:00:00+00:00,6.53,6.54,6.52,6.54,2742570
2026-01-27T11:00:00+00:00,6.54,6.5600000000000005,6.52,6.55,2837600
2026-01-27T12:00:00+00:00,6.55,6.5600000000000005,6.54,6.55,1245803
2026-01-27T13:00:00+00:00,6.55,6.5600000000000005,6.54,6.5600000000000005,1119440
2026-01-27T14:00:00+00:00,6.5600000000000005,6.58,6.55,6.58,1517128
2026-01-27T15:00:00+00:00,6.58,6.58,6.55,6.58,1373723
2026-01-27T16:00:00+00:00,6.58,6.58,6.57,6.58,743720
2026-01-27T17:00:00+00:00,6.57,6.58,6.5600000000000005,6.58,806771
2026-01-27T18:00:00+00:00,6.58,6.6,6.57,6.6,1310388
2026-01-27T19:00:00+00:00,6.59,6.6,6.59,6.6,555784
2026-01-27T20:00:00+00:00,6.6,6.6,6.58,6.59,2004488
2026-01-28T07:00:00+00:00,6.61,6.63,6.59,6.61,3950113
2026-01-28T08:00:00+00:00,6.6,6.62,6.59,6.6,4559011
2026-01-28T09:00:00+00:00,6.59,6.6,6.58,6.59,2131723
2026-01-28T10:00:00+00:00,6.6,6.6,6.58,6.59,1488277
2026-01-28T11:00:00+00:00,6.59,6.59,6.58,6.59,1099354
2026-01-28T12:00:00+00:00,6.59,6.59,6.57,6.58,1809864
2026-01-28T13:00:00+00:00,6.59,6.59,6.58,6.59,3754610
2026-01-28T14:00:00+00:00,6.59,6.6,6.57,6.6,5977536
2026-01-28T15:00:00+00:00,6.6,6.61,6.58,6.59,1222825
2026-01-28T16:00:00+00:00,6.59,6.6,6.58,6.59,752946
2026-01-28T17:00:00+00:00,6.59,6.59,6.58,6.59,593896
2026-01-28T18:00:00+00:00,6.59,6.6,6.57,6.57,2326579
2026-01-28T19:00:00+00:00,6.58,6.58,6.57,6.57,466847
2026-01-28T20:00:00+00:00,6.57,6.58,6.57,6.57,695238
2026-01-29T07:00:00+00:00,6.6,6.67,6.6,6.65,9801371
2026-01-29T08:00:00+00:00,6.65,6.67,6.64,6.66,2823832
2026-01-29T09:00:00+00:00,6.66,6.66,6.64,6.66,3466085
2026-01-29T10:00:00+00:00,6.66,6.68,6.64,6.68,3906710
2026-01-29T11:00:00+00:00,6.67,6.68,6.66,6.68,1786429
2026-01-29T12:00:00+00:00,6.68,6.68,6.66,6.68,6019460
2026-01-29T13:00:00+00:00,6.68,6.6899999999999995,6.66,6.6899999999999995,4396656
2026-01-29T14:00:00+00:00,6.6899999999999995,6.7,6.68,6.6899999999999995,3520603
2026-01-29T15:00:00+00:00,6.6899999999999995,6.6899999999999995,6.58,6.61,3412166
2026-01-29T16:00:00+00:00,6.61,6.64,6.59,6.63,1463051
2026-01-29T17:00:00+00:00,6.63,6.66,6.62,6.63,1340542
2026-01-29T18:00:00+00:00,6.63,6.64,6.61,6.64,731815
2026-01-29T19:00:00+00:00,6.64,6.66,6.62,6.66,2754459
2026-01-29T20:00:00+00:00,6.66,6.67,6.63,6.65,1892579
2026-01-30T07:00:00+00:00,6.7,6.7,6.5,6.65,8022627
2026-01-30T08:00:00+00:00,6.65,6.65,6.5600000000000005,6.58,12781060
2026-01-30T09:00:00+00:00,6.58,6.58,6.55,6.57,3308745
2026-01-30T10:00:00+00:00,6.57,6.59,6.5600000000000005,6.59,7202386
2026-01-30T11:00:00+00:00,6.59,6.6,6.58,6.59,1517512
2026-01-30T12:00:00+00:00,6.59,6.6,6.57,6.58,1225595
2026-01-30T13:00:00+00:00,6.58,6.59,6.57,6.59,1586831
2026-01-30T14:00:00+00:00,6.59,6.6,6.58,6.59,865203
2026-01-30T15:00:00+00:00,6.6,6.6,6.57,6.59,2327454
2026-01-30T16:00:00+00:00,6.58,6.59,6.55,6.5600000000000005,2871063
2026-01-30T17:00:00+00:00,6.5600000000000005,6.57,6.55,6.57,1320500
2026-01-30T18:00:00+00:00,6.57,6.58,6.53,6.54,3029124
2026-01-30T19:00:00+00:00,6.55,6.5600000000000005,6.53,6.54,499083
2026-01-30T20:00:00+00:00,6.54,6.58,6.53,6.58,1551513
2026-02-02T07:00:00+00:00,6.5600000000000005,6.57,6.5,6.55,24973235
2026-02-02T08:00:00+00:00,6.55,6.55,6.52,6.54,2419386
2026-02-02T09:00:00+00:00,6.54,6.57,6.52,6.5600000000000005,6312269
2026-02-02T10:00:00+00:00,6.5600000000000005,6.57,6.55,6.5600000000000005,5193534
2026-02-02T11:00:00+00:00,6.5600000000000005,6.57,6.54,6.55,1418019
2026-02-02T12:00:00+00:00,6.5600000000000005,6.57,6.54,6.55,2002777
2026-02-02T13:00:00+00:00,6.54,6.5600000000000005,6.53,6.55,1059411
2026-02-02T14:00:00+00:00,6.55,6.55,6.53,6.55,910969
2026-02-02T15:00:00+00:00,6.55,6.5600000000000005,6.54,6.5600000000000005,2796514
2026-02-02T16:00:00+00:00,6.5600000000000005,6.5600000000000005,6.54,6.5600000000000005,1133209
2026-02-02T17:00:00+00:00,6.5600000000000005,6.5600000000000005,6.54,6.5600000000000005,775195
2026-02-02T18:00:00+00:00,6.5600000000000005,6.5600000000000005,6.54,6.5600000000000005,668241
2026-02-02T19:00:00+00:00,6.55,6.58,6.54,6.58,1494431
2026-02-02T20:00:00+00:00,6.58,6.58,6.5600000000000005,6.58,332809
2026-02-03T07:00:00+00:00,6.76,6.76,6.52,6.59,3534056
2026-02-03T08:00:00+00:00,6.59,6.59,6.57,6.58,1609743
2026-02-03T09:00:00+00:00,6.58,6.59,6.5600000000000005,6.59,1938020
2026-02-03T10:00:00+00:00,6.58,6.59,6.58,6.59,1315060
2026-02-03T11:00:00+00:00,6.59,6.59,6.57,6.59,1306457
2026-02-03T12:00:00+00:00,6.59,6.6,6.58,6.59,2077898
2026-02-03T13:00:00+00:00,6.59,6.59,6.58,6.59,832431
2026-02-03T14:00:00+00:00,6.58,6.6,6.58,6.6,1338010
2026-02-03T15:00:00+00:00,6.6,6.6,6.58,6.6,1325971
2026-02-03T16:00:00+00:00,6.6,6.6,6.58,6.59,586716
2026-02-03T17:00:00+00:00,6.59,6.59,6.5600000000000005,6.58,1658512
2026-02-03T18:00:00+00:00,6.58,6.58,6.57,6.58,1095788
2026-02-03T19:00:00+00:00,6.57,6.59,6.5600000000000005,6.59,1041733
2026-02-03T20:00:00+00:00,6.58,6.59,6.5600000000000005,6.57,850456
2026-02-04T07:00:00+00:00,6.55,6.76,6.55,6.61,3306256
2026-02-04T08:00:00+00:00,6.62,6.62,6.61,6.61,1251531
2026-02-04T09:00:00+00:00,6.62,6.62,6.59,6.61,2380009
2026-02-04T10:00:00+00:00,6.61,6.61,6.59,6.61,3821906
2026-02-04T11:00:00+00:00,6.61,6.61,6.57,6.59,2572064
2026-02-04T12:00:00+00:00,6.58,6.6,6.58,6.58,1012530
2026-02-04T13:00:00+00:00,6.59,6.59,6.5600000000000005,6.57,1874533
2026-02-04T14:00:00+00:00,6.57,6.58,6.5600000000000005,6.57,1179369
2026-02-04T15:00:00+00:00,6.57,6.58,6.5600000000000005,6.58,2293991
2026-02-04T16:00:00+00:00,6.57,6.58,6.55,6.5600000000000005,3557720
2026-02-04T17:00:00+00:00,6.5600000000000005,6.5600000000000005,6.52,6.55,2356729
2026-02-04T18:00:00+00:00,6.55,6.55,6.53,6.54,570668
2026-02-04T19:00:00+00:00,6.53,6.55,6.53,6.53,780337
2026-02-04T20:00:00+00:00,6.54,6.5600000000000005,6.53,6.5600000000000005,761362
2026-02-05T07:00:00+00:00,6.54,6.54,6.48,6.51,4028028
2026-02-05T08:00:00+00:00,6.51,6.52,6.5,6.52,2093359
2026-02-05T09:00:00+00:00,6.52,6.52,6.49,6.5,1790153
2026-02-05T10:00:00+00:00,6.49,6.5,6.46,6.48,3116245
2026-02-05T11:00:00+00:00,6.48,6.48,6.45,6.46,3230444
2026-02-05T12:00:00+00:00,6.46,6.46,6.43,6.44,1571928
2026-02-05T13:00:00+00:00,6.45,6.47,6.44,6.47,1926892
2026-02-05T14:00:00+00:00,6.47,6.48,6.45,6.48,1429843
2026-02-05T15:00:00+00:00,6.48,6.48,6.45,6.47,1770009
2026-02-05T16:00:00+00:00,6.47,6.48,6.45,6.46,1140701
2026-02-05T17:00:00+00:00,6.46,6.47,6.45,6.46,678004
2026-02-05T18:00:00+00:00,6.46,6.48,6.45,6.47,1684796
2026-02-05T19:00:00+00:00,6.46,6.48,6.46,6.47,574243
2026-02-05T20:00:00+00:00,6.47,6.49,6.45,6.49,1541096
2026-02-06T07:00:00+00:00,6.5600000000000005,6.5600000000000005,6.43,6.45,3836334
2026-02-06T08:00:00+00:00,6.46,6.47,6.45,6.47,2553899
2026-02-06T09:00:00+00:00,6.47,6.47,6.45,6.46,1643466
2026-02-06T10:00:00+00:00,6.47,6.49,6.46,6.48,1674675
2026-02-06T11:00:00+00:00,6.48,6.49,6.46,6.47,1314328
2026-02-06T12:00:00+00:00,6.47,6.48,6.46,6.47,1558215
2026-02-06T13:00:00+00:00,6.48,6.49,6.47,6.47,1430090
2026-02-06T14:00:00+00:00,6.48,6.48,6.46,6.47,2440906
2026-02-06T15:00:00+00:00,6.47,6.48,6.46,6.48,1159727
2026-02-06T16:00:00+00:00,6.48,6.48,6.45,6.45,4867380
2026-02-06T17:00:00+00:00,6.46,6.48,6.46,6.47,1204214
2026-02-06T18:00:00+00:00,6.47,6.47,6.45,6.47,394846
2026-02-06T19:00:00+00:00,6.47,6.47,6.45,6.47,396738
2026-02-06T20:00:00+00:00,6.46,6.47,6.45,6.47,545875
2026-02-09T07:00:00+00:00,6.47,6.47,6.41,6.43,8866384
2026-02-09T08:00:00+00:00,6.43,6.44,6.42,6.42,2984613
2026-02-09T09:00:00+00:00,6.43,6.45,6.42,6.43,3649424
2026-02-09T10:00:00+00:00,6.43,6.43,6.41,6.43,1953345
2026-02-09T11:00:00+00:00,6.43,6.43,6.41,6.41,1820275
2026-02-09T12:00:00+00:00,6.41,6.43,6.4,6.43,1702459
2026-02-09T13:00:00+00:00,6.42,6.44,6.42,6.42,1551338
2026-02-09T14:00:00+00:00,6.43,6.44,6.42,6.44,1318622
2026-02-09T15:00:00+00:00,6.44,6.44,6.42,6.42,1704838
2026-02-09T16:00:00+00:00,6.42,6.45,6.42,6.44,3217206
2026-02-09T17:00:00+00:00,6.44,6.44,6.42,6.44,1013398
2026-02-09T18:00:00+00:00,6.43,6.44,6.42,6.42,684291
2026-02-09T19:00:00+00:00,6.42,6.43,6.42,6.43,1290965
2026-02-09T20:00:00+00:00,6.43,6.44,6.42,6.44,945553
2026-02-10T07:00:00+00:00,6.47,6.48,6.43,6.47,5596191
2026-02-10T08:00:00+00:00,6.47,6.47,6.45,6.47,1530863
2026-02-10T09:00:00+00:00,6.46,6.47,6.44,6.45,1777362
2026-02-10T10:00:00+00:00,6.45,6.45,6.43,6.44,2242681
2026-02-10T11:00:00+00:00,6.44,6.44,6.42,6.44,3927141
2026-02-10T12:00:00+00:00,6.44,6.44,6.42,6.43,1810967
2026-02-10T13:00:00+00:00,6.43,6.44,6.42,6.43,1341298
2026-02-10T14:00:00+00:00,6.43,6.44,6.42,6.43,2320722
2026-02-10T15:00:00+00:00,6.42,6.43,6.42,6.42,955118
2026-02-10T16:00:00+00:00,6.43,6.43,6.41,6.43,892201
2026-02-10T17:00:00+00:00,6.43,6.43,6.41,6.42,822025
2026-02-10T18:00:00+00:00,6.42,6.42,6.4,6.41,1091496
2026-02-10T19:00:00+00:00,6.4,6.41,6.4,6.4,861534
2026-02-10T20:00:00+00:00,6.41,6.41,6.4,6.4,1069051
2026-02-11T07:00:00+00:00,6.5,6.51,6.42,6.46,4686199
2026-02-11T08:00:00+00:00,6.46,6.46,6.44,6.45,1399814
2026-02-11T09:00:00+00:00,6.45,6.49,6.44,6.48,4197305
2026-02-11T10:00:00+00:00,6.49,6.5,6.47,6.48,1638479
2026-02-11T11:00:00+00:00,6.48,6.49,6.46,6.47,1551417
2026-02-11T12:00:00+00:00,6.47,6.52,6.46,6.51,4203530
2026-02-11T13:00:00+00:00,6.51,6.52,6.49,6.52,1696710
2026-02-11T14:00:00+00:00,6.51,6.53,6.5,6.52,968620
2026-02-11T15:00:00+00:00,6.52,6.52,6.51,6.52,869661
2026-02-11T16:00:00+00:00,6.52,6.53,6.51,6.53,1202805
2026-02-11T17:00:00+00:00,6.53,6.53,6.51,6.52,1488741
2026-02-11T18:00:00+00:00,6.52,6.53,6.5,6.51,738093
2026-02-11T19:00:00+00:00,6.51,6.52,6.51,6.52,1144231
2026-02-11T20:00:00+00:00,6.52,6.52,6.49,6.52,1119192
2026-02-12T07:00:00+00:00,6.53,6.53,6.49,6.49,3882895
2026-02-12T08:00:00+00:00,6.49,6.51,6.49,6.5,2599242
2026-02-12T09:00:00+00:00,6.49,6.54,6.49,6.54,2000288
2026-02-12T10:00:00+00:00,6.54,6.55,6.53,6.54,1564091
2026-02-12T11:00:00+00:00,6.53,6.54,6.52,6.53,1430525
2026-02-12T12:00:00+00:00,6.54,6.54,6.53,6.54,1162203
2026-02-12T13:00:00+00:00,6.54,6.54,6.53,6.54,981573
2026-02-12T14:00:00+00:00,6.53,6.54,6.52,6.54,811565
2026-02-12T15:00:00+00:00,6.54,6.54,6.53,6.53,833305
2026-02-12T16:00:00+00:00,6.54,6.54,6.51,6.52,1479786
2026-02-12T17:00:00+00:00,6.52,6.52,6.5,6.5,1018340
2026-02-12T18:00:00+00:00,6.51,6.52,6.5,6.52,1455141
2026-02-12T19:00:00+00:00,6.51,6.53,6.51,6.51,2661412
2026-02-12T20:00:00+00:00,6.51,6.52,6.5,6.5,577541
2026-02-13T07:00:00+00:00,6.52,6.53,6.48,6.53,3099782
2026-02-13T08:00:00+00:00,6.53,6.53,6.51,6.52,1349149
2026-02-13T09:00:00+00:00,6.52,6.53,6.5,6.52,2912715
2026-02-13T10:00:00+00:00,6.52,6.57,6.49,6.55,11366695
2026-02-13T11:00:00+00:00,6.5600000000000005,6.57,6.53,6.54,3901714
2026-02-13T12:00:00+00:00,6.54,6.5600000000000005,6.53,6.5600000000000005,2932090
2026-02-13T13:00:00+00:00,6.5600000000000005,6.5600000000000005,6.53,6.54,1751906
2026-02-13T14:00:00+00:00,6.55,6.5600000000000005,6.54,6.55,1569421
2026-02-13T15:00:00+00:00,6.55,6.57,6.54,6.5600000000000005,1799397
2026-02-13T16:00:00+00:00,6.57,6.57,6.55,6.5600000000000005,1100757
2026-02-13T17:00:00+00:00,6.5600000000000005,6.57,6.55,6.57,1052598
2026-02-13T18:00:00+00:00,6.5600000000000005,6.58,6.5600000000000005,6.57,1378049
2026-02-13T19:00:00+00:00,6.58,6.58,6.5600000000000005,6.58,874605
2026-02-13T20:00:00+00:00,6.57,6.59,6.57,6.59,3584467
2026-02-16T07:00:00+00:00,6.57,6.67,6.57,6.6,10858110
2026-02-16T08:00:00+00:00,6.6,6.6,6.57,6.58,4124329
2026-02-16T09:00:00+00:00,6.58,6.6,6.57,6.6,3965919
2026-02-16T10:00:00+00:00,6.6,6.61,6.58,6.6,3594751
2026-02-16T11:00:00+00:00,6.6,6.6,6.57,6.58,4340143
2026-02-16T12:00:00+00:00,6.58,6.59,6.57,6.59,1615555
2026-02-16T13:00:00+00:00,6.59,6.59,6.58,6.59,1064127
2026-02-16T14:00:00+00:00,6.59,6.59,6.5600000000000005,6.58,1857162
2026-02-16T15:00:00+00:00,6.58,6.58,6.5600000000000005,6.58,1058901
2026-02-16T16:00:00+00:00,6.58,6.58,6.5600000000000005,6.57,1104388
2026-02-16T17:00:00+00:00,6.57,6.58,6.5600000000000005,6.5600000000000005,3876176
2026-02-16T18:00:00+00:00,6.57,6.58,6.55,6.5600000000000005,1175925
2026-02-16T19:00:00+00:00,6.5600000000000005,6.57,6.55,6.55,641494
2026-02-16T20:00:00+00:00,6.55,6.57,6.53,6.53,732519
2026-02-17T07:00:00+00:00,6.55,6.6,6.55,6.57,2662012
2026-02-17T08:00:00+00:00,6.58,6.58,6.5600000000000005,6.57,2181220
2026-02-17T09:00:00+00:00,6.57,6.58,6.5600000000000005,6.58,1370456
2026-02-17T10:00:00+00:00,6.58,6.58,6.57,6.58,1331317
2026-02-17T11:00:00+00:00,6.58,6.58,6.57,6.57,816769
2026-02-17T12:00:00+00:00,6.57,6.58,6.55,6.55,2003836
2026-02-17T13:00:00+00:00,6.5600000000000005,6.5600000000000005,6.53,6.55,2306551
2026-02-17T14:00:00+00:00,6.55,6.55,6.53,6.53,744557
2026-02-17T15:00:00+00:00,6.54,6.54,6.53,6.54,683007
2026-02-17T16:00:00+00:00,6.53,6.55,6.53,6.54,1013761
2026-02-17T17:00:00+00:00,6.54,6.5600000000000005,6.53,6.55,1129740
2026-02-17T18:00:00+00:00,6.54,6.5600000000000005,6.53,6.53,533361
2026-02-17T19:00:00+00:00,6.54,6.55,6.53,6.55,460191
2026-02-17T20:00:00+00:00,6.55,6.55,6.53,6.54,779376
2026-02-18T07:00:00+00:00,6.55,6.5600000000000005,6.52,6.5600000000000005,2551479
2026-02-18T08:00:00+00:00,6.5600000000000005,6.57,6.54,6.55,1568815
2026-02-18T09:00:00+00:00,6.55,6.55,6.52,6.53,5381905
2026-02-18T10:00:00+00:00,6.53,6.54,6.51,6.54,3590478
2026-02-18T11:00:00+00:00,6.54,6.54,6.52,6.53,1008567
2026-02-18T12:00:00+00:00,6.53,6.54,6.52,6.53,3152396
2026-02-18T13:00:00+00:00,6.53,6.55,6.53,6.55,1792004
2026-02-18T14:00:00+00:00,6.55,6.55,6.53,6.55,717721
2026-02-18T15:00:00+00:00,6.55,6.5600000000000005,6.54,6.5600000000000005,2332537
2026-02-18T16:00:00+00:00,6.54,6.5600000000000005,6.54,6.55,567079
2026-02-18T17:00:00+00:00,6.54,6.57,6.54,6.5600000000000005,1162270
2026-02-18T18:00:00+00:00,6.5600000000000005,6.5600000000000005,6.55,6.5600000000000005,538049
2026-02-18T19:00:00+00:00,6.5600000000000005,6.57,6.55,6.5600000000000005,518224
2026-02-18T20:00:00+00:00,6.5600000000000005,6.57,6.53,6.53,371470
2026-02-19T07:00:00+00:00,6.53,6.6,6.48,6.57,3802248
2026-02-19T08:00:00+00:00,6.58,6.58,6.5600000000000005,6.57,1576250
2026-02-19T09:00:00+00:00,6.58,6.59,6.5600000000000005,6.5600000000000005,3273976
2026-02-19T10:00:00+00:00,6.57,6.58,6.55,6.57,1982381
2026-02-19T11:00:00+00:00,6.57,6.58,6.55,6.55,1229489
2026-02-19T12:00:00+00:00,6.5600000000000005,6.5600000000000005,6.54,6.55,857779
2026-02-19T13:00:00+00:00,6.54,6.5600000000000005,6.54,6.5600000000000005,1522892
2026-02-19T14:00:00+00:00,6.55,6.5600000000000005,6.54,6.55,744034
2026-02-19T15:00:00+00:00,6.55,6.5600000000000005,6.54,6.55,687652
2026-02-19T16:00:00+00:00,6.54,6.55,6.52,6.54,6578184
2026-02-19T17:00:00+00:00,6.54,6.54,6.52,6.53,658196
2026-02-19T18:00:00+00:00,6.53,6.53,6.52,6.53,578380
2026-02-19T19:00:00+00:00,6.52,6.54,6.52,6.53,712203
2026-02-19T20:00:00+00:00,6.53,6.53,6.36,6.42,2161925
2026-02-20T07:00:00+00:00,6.54,6.58,6.54,6.5600000000000005,7255216
2026-02-20T08:00:00+00:00,6.5600000000000005,6.57,6.55,6.5600000000000005,1426490
2026-02-20T09:00:00+00:00,6.5600000000000005,6.57,6.55,6.5600000000000005,2219570
2026-02-20T10:00:00+00:00,6.55,6.5600000000000005,6.53,6.55,1778280
2026-02-20T11:00:00+00:00,6.54,6.5600000000000005,6.54,6.5600000000000005,1855676
2026-02-20T12:00:00+00:00,6.5600000000000005,6.58,6.55,6.58,2416679
2026-02-20T13:00:00+00:00,6.58,6.58,6.5600000000000005,6.58,2590243
2026-02-20T14:00:00+00:00,6.57,6.58,6.5600000000000005,6.5600000000000005,1355646
2026-02-20T15:00:00+00:00,6.57,6.57,6.5600000000000005,6.57,1286356
2026-02-20T16:00:00+00:00,6.57,6.57,6.5600000000000005,6.5600000000000005,879880
2026-02-20T17:00:00+00:00,6.57,6.57,6.55,6.57,1139761
2026-02-20T18:00:00+00:00,6.57,6.57,6.5600000000000005,6.5600000000000005,2224078
2026-02-20T19:00:00+00:00,6.5600000000000005,6.57,6.5600000000000005,6.57,1263685
2026-02-20T20:00:00+00:00,6.57,6.57,6.55,6.55,1104586
2026-02-24T07:00:00+00:00,6.58,6.64,6.58,6.63,15993114
2026-02-24T08:00:00+00:00,6.64,6.64,6.6,6.6,5570685
2026-02-24T09:00:00+00:00,6.6,6.62,6.6,6.6,2304565
2026-02-24T10:00:00+00:00,6.61,6.61,6.57,6.58,1764551
2026-02-24T11:00:00+00:00,6.57,6.59,6.5600000000000005,6.58,2483451
2026-02-24T12:00:00+00:00,6.58,6.59,6.57,6.59,1306653
2026-02-24T13:00:00+00:00,6.58,6.59,6.5600000000000005,6.57,1347256
2026-02-24T14:00:00+00:00,6.5600000000000005,6.57,6.55,6.5600000000000005,2889759
2026-02-24T15:00:00+00:00,6.5600000000000005,6.57,6.55,6.57,691453
2026-02-24T16:00:00+00:00,6.57,6.57,6.55,6.5600000000000005,775084
2026-02-24T17:00:00+00:00,6.5600000000000005,6.5600000000000005,6.54,6.5600000000000005,1490561
2026-02-24T18:00:00+00:00,6.5600000000000005,6.57,6.55,6.5600000000000005,971662
2026-02-24T19:00:00+00:00,6.57,6.57,6.55,6.5600000000000005,907249
2026-02-24T20:00:00+00:00,6.57,6.58,6.5600000000000005,6.58,583186
2026-02-25T07:00:00+00:00,6.6,6.6,6.5600000000000005,6.57,4171464
2026-02-25T08:00:00+00:00,6.57,6.58,6.5600000000000005,6.58,1207502
2026-02-25T09:00:00+00:00,6.58,6.59,6.57,6.58,1859966
2026-02-25T10:00:00+00:00,6.58,6.58,6.5600000000000005,6.58,1868648
2026-02-25T11:00:00+00:00,6.58,6.59,6.57,6.58,3431646
2026-02-25T12:00:00+00:00,6.58,6.58,6.57,6.57,793627
2026-02-25T13:00:00+00:00,6.57,6.58,6.5600000000000005,6.58,2446309
2026-02-25T14:00:00+00:00,6.58,6.59,6.57,6.59,2245576
2026-02-25T15:00:00+00:00,6.59,6.61,6.57,6.6,2219271
2026-02-25T16:00:00+00:00,6.58,6.6,6.58,6.59,1313220
2026-02-25T17:00:00+00:00,6.59,6.59,6.58,6.59,1275960
2026-02-25T18:00:00+00:00,6.58,6.6,6.58,6.58,381044
2026-02-25T19:00:00+00:00,6.59,6.6,6.58,6.6,1505158
2026-02-25T20:00:00+00:00,6.6,6.62,6.58,6.59,1185426
2026-02-26T07:00:00+00:00,6.62,6.62,6.59,6.61,2623724
2026-02-26T08:00:00+00:00,6.61,6.61,6.59,6.61,1635771
2026-02-26T09:00:00+00:00,6.61,6.61,6.59,6.59,1402295
2026-02-26T10:00:00+00:00,6.6,6.61,6.59,6.6,1334033
2026-02-26T11:00:00+00:00,6.61,6.61,6.59,6.6,1372673
2026-02-26T12:00:00+00:00,6.6,6.6,6.58,6.59,2156457
2026-02-26T13:00:00+00:00,6.6,6.6,6.58,6.6,899857
2026-02-26T14:00:00+00:00,6.6,6.6,6.57,6.59,1406840
2026-02-26T15:00:00+00:00,6.59,6.59,6.57,6.57,758447
2026-02-26T16:00:00+00:00,6.58,6.58,6.55,6.5600000000000005,1463338
2026-02-26T17:00:00+00:00,6.5600000000000005,6.58,6.55,6.57,991351
2026-02-26T18:00:00+00:00,6.57,6.57,6.5600000000000005,6.57,425431
2026-02-26T19:00:00+00:00,6.5600000000000005,6.58,6.5600000000000005,6.5600000000000005,1744528
2026-02-26T20:00:00+00:00,6.5600000000000005,6.58,6.5600000000000005,6.5600000000000005,170198
2026-02-27T07:00:00+00:00,6.55,6.59,6.55,6.58,3535582
2026-02-27T08:00:00+00:00,6.58,6.59,6.57,6.59,1814574
2026-02-27T09:00:00+00:00,6.59,6.59,6.57,6.59,1268277
2026-02-27T10:00:00+00:00,6.58,6.59,6.57,6.57,1244855
2026-02-27T11:00:00+00:00,6.59,6.6,6.57,6.59,2251373
2026-02-27T12:00:00+00:00,6.59,6.6,6.59,6.59,1071433
2026-02-27T13:00:00+00:00,6.6,6.62,6.59,6.62,2795352
2026-02-27T14:00:00+00:00,6.62,6.62,6.61,6.62,1116268
2026-02-27T15:00:00+00:00,6.62,6.62,6.6,6.62,1445781
2026-02-27T16:00:00+00:00,6.62,6.62,6.61,6.62,910594
2026-02-27T17:00:00+00:00,6.62,6.62,6.61,6.61,686765
2026-02-27T18:00:00+00:00,6.62,6.62,6.61,6.62,537668
2026-02-27T19:00:00+00:00,6.61,6.62,6.61,6.62,703157
2026-02-27T20:00:00+00:00,6.61,6.63,6.61,6.63,2633119
2026-03-02T07:00:00+00:00,6.68,6.71,6.63,6.71,14341994
2026-03-02T08:00:00+00:00,6.71,6.73,6.7,6.71,13325029
2026-03-02T09:00:00+00:00,6.71,6.71,6.6899999999999995,6.71,2920835
2026-03-02T10:00:00+00:00,6.7,6.71,6.6899999999999995,6.71,4433384
2026-03-02T11:00:00+00:00,6.7,6.71,6.68,6.7,1848643
2026-03-02T12:00:00+00:00,6.6899999999999995,6.73,6.6899999999999995,6.73,7787228
2026-03-02T13:00:00+00:00,6.73,6.73,6.71,6.72,1775972
2026-03-02T14:00:00+00:00,6.71,6.73,6.68,6.6899999999999995,5699128
2026-03-02T15:00:00+00:00,6.6899999999999995,6.6899999999999995,6.68,6.68,1540776
2026-03-02T16:00:00+00:00,6.6899999999999995,6.6899999999999995,6.65,6.67,2067080
2026-03-02T17:00:00+00:00,6.67,6.68,6.66,6.66,1903387
2026-03-02T18:00:00+00:00,6.68,6.68,6.66,6.67,653052
2026-03-02T19:00:00+00:00,6.67,6.68,6.66,6.67,797836
2026-03-02T20:00:00+00:00,6.67,6.71,6.6,6.71,3784862
2026-03-03T07:00:00+00:00,6.7,6.73,6.6899999999999995,6.71,8502595
2026-03-03T08:00:00+00:00,6.72,6.72,6.7,6.72,2569464
2026-03-03T09:00:00+00:00,6.72,6.72,6.6899999999999995,6.71,1761747
2026-03-03T10:00:00+00:00,6.71,6.71,6.6899999999999995,6.6899999999999995,3832762
2026-03-03T11:00:00+00:00,6.7,6.71,6.6899999999999995,6.71,1402445
2026-03-03T12:00:00+00:00,6.7,6.71,6.68,6.6899999999999995,2978700
2026-03-03T13:00:00+00:00,6.6899999999999995,6.6899999999999995,6.66,6.67,3666976
2026-03-03T14:00:00+00:00,6.67,6.6899999999999995,6.67,6.67,2003470
2026-03-03T15:00:00+00:00,6.68,6.68,6.65,6.65,5851526
2026-03-03T16:00:00+00:00,6.66,6.67,6.65,6.65,1054482
2026-03-03T17:00:00+00:00,6.66,6.67,6.63,6.65,2255645
2026-03-03T18:00:00+00:00,6.64,6.66,6.64,6.65,638738
2026-03-03T19:00:00+00:00,6.65,6.65,6.61,6.63,1945792
2026-03-03T20:00:00+00:00,6.63,6.63,6.6,6.62,1330803
2026-03-04T07:00:00+00:00,6.7,6.7,6.65,6.67,3438733
2026-03-04T08:00:00+00:00,6.67,6.67,6.65,6.67,1204178
2026-03-04T09:00:00+00:00,6.66,6.7,6.66,6.67,3853437
2026-03-04T10:00:00+00:00,6.67,6.6899999999999995,6.65,6.67,11934279
2026-03-04T11:00:00+00:00,6.66,6.67,6.64,6.64,1609211
2026-03-04T12:00:00+00:00,6.65,6.67,6.63,6.64,1564719
2026-03-04T13:00:00+00:00,6.65,6.65,6.63,6.64,1353376
2026-03-04T14:00:00+00:00,6.64,6.64,6.61,6.62,1169713
2026-03-04T15:00:00+00:00,6.63,6.63,6.61,6.62,1806732
2026-03-04T16:00:00+00:00,6.62,6.64,6.61,6.64,1083843
2026-03-04T17:00:00+00:00,6.64,6.64,6.63,6.64,1093514
2026-03-04T18:00:00+00:00,6.64,6.64,6.61,6.61,854867
2026-03-04T19:00:00+00:00,6.62,6.63,6.61,6.63,1201842
2026-03-04T20:00:00+00:00,6.62,6.64,6.62,6.64,458044
2026-03-05T07:00:00+00:00,6.66,6.66,6.62,6.66,4093009
2026-03-05T08:00:00+00:00,6.66,6.66,6.64,6.65,3668759
2026-03-05T09:00:00+00:00,6.65,6.66,6.64,6.64,1564581
2026-03-05T10:00:00+00:00,6.65,6.66,6.64,6.66,1477183
2026-03-05T11:00:00+00:00,6.65,6.67,6.64,6.67,3143563
2026-03-05T12:00:00+00:00,6.67,6.68,6.65,6.67,3863176
2026-03-05T13:00:00+00:00,6.67,6.67,6.65,6.66,1318618
2026-03-05T14:00:00+00:00,6.66,6.67,6.65,6.67,1287564
2026-03-05T15:00:00+00:00,6.67,6.67,6.65,6.65,1047177
2026-03-05T16:00:00+00:00,6.67,6.67,6.65,6.67,1173423
2026-03-05T17:00:00+00:00,6.67,6.68,6.66,6.68,1147847
2026-03-05T18:00:00+00:00,6.68,6.68,6.67,6.67,541907
2026-03-05T19:00:00+00:00,6.67,6.6899999999999995,6.67,6.68,1214354
2026-03-05T20:00:00+00:00,6.68,6.6899999999999995,6.66,6.6899999999999995,1037343
2026-03-06T07:00:00+00:00,6.6899999999999995,6.7,6.66,6.6899999999999995,4241617
2026-03-06T08:00:00+00:00,6.6899999999999995,6.7,6.68,6.6899999999999995,2809737
2026-03-06T09:00:00+00:00,6.6899999999999995,6.7,6.68,6.7,1823869
2026-03-06T10:00:00+00:00,6.7,6.71,6.6899999999999995,6.71,4258591
2026-03-06T11:00:00+00:00,6.71,6.72,6.6899999999999995,6.7,2526958
2026-03-06T12:00:00+00:00,6.72,6.72,6.7,6.72,1703581
2026-03-06T13:00:00+00:00,6.72,6.73,6.7,6.73,2136021
2026-03-06T14:00:00+00:00,6.72,6.75,6.72,6.75,4095728
2026-03-06T15:00:00+00:00,6.75,6.75,6.72,6.73,2081310
2026-03-06T16:00:00+00:00,6.73,6.74,6.72,6.73,1372422
2026-03-06T17:00:00+00:00,6.74,6.74,6.72,6.73,1106694
2026-03-06T18:00:00+00:00,6.74,6.75,6.73,6.74,560463
2026-03-06T19:00:00+00:00,6.73,6.75,6.73,6.73,1608748
2026-03-06T20:00:00+00:00,6.74,6.75,6.72,6.73,820793
2026-03-09T07:00:00+00:00,6.8100000000000005,6.89,6.8,6.84,17236008
2026-03-09T08:00:00+00:00,6.85,6.85,6.82,6.83,2972802
2026-03-09T09:00:00+00:00,6.83,6.83,6.78,6.8100000000000005,3079405
2026-03-09T10:00:00+00:00,6.8,6.82,6.79,6.82,1832777
2026-03-09T11:00:00+00:00,6.82,6.82,6.8,6.82,1501104
2026-03-09T12:00:00+00:00,6.82,6.83,6.8,6.82,2397295
2026-03-09T13:00:00+00:00,6.82,6.83,6.8100000000000005,6.83,1503705
2026-03-09T14:00:00+00:00,6.82,6.84,6.82,6.83,1273176
2026-03-09T15:00:00+00:00,6.83,6.83,6.8,6.83,1257192
2026-03-09T16:00:00+00:00,6.83,6.83,6.82,6.83,829672
2026-03-09T17:00:00+00:00,6.83,6.83,6.82,6.82,790936
2026-03-09T18:00:00+00:00,6.83,6.83,6.8100000000000005,6.82,596822
2026-03-09T19:00:00+00:00,6.83,6.83,6.75,6.77,2095018
2026-03-09T20:00:00+00:00,6.77,6.8100000000000005,6.77,6.79,1523057
2026-03-10T07:00:00+00:00,6.8100000000000005,6.84,6.79,6.8,6112169
2026-03-10T08:00:00+00:00,6.8,6.82,6.79,6.79,2518459
2026-03-10T09:00:00+00:00,6.8,6.8,6.77,6.8,2344198
2026-03-10T10:00:00+00:00,6.79,6.8100000000000005,6.79,6.8100000000000005,1548240
2026-03-10T11:00:00+00:00,6.8100000000000005,6.8100000000000005,6.78,6.8,11011285
2026-03-10T12:00:00+00:00,6.8,6.8100000000000005,6.79,6.79,16651698
2026-03-10T13:00:00+00:00,6.8100000000000005,6.8100000000000005,6.78,6.78,3140192
2026-03-10T14:00:00+00:00,6.79,6.79,6.73,6.75,5105743
2026-03-10T15:00:00+00:00,6.75,6.76,6.73,6.74,2204271
2026-03-10T16:00:00+00:00,6.74,6.76,6.73,6.74,1710287
2026-03-10T17:00:00+00:00,6.74,6.74,6.7,6.72,2228832
2026-03-10T18:00:00+00:00,6.71,6.76,6.71,6.76,1857735
2026-03-10T19:00:00+00:00,6.76,6.76,6.75,6.75,730383
2026-03-10T20:00:00+00:00,6.76,6.77,6.74,6.74,3149680
2026-03-11T07:00:00+00:00,6.82,6.82,6.74,6.77,3855602
2026-03-11T08:00:00+00:00,6.77,6.77,6.75,6.76,3750089
2026-03-11T09:00:00+00:00,6.77,6.78,6.76,6.78,1362991
2026-03-11T10:00:00+00:00,6.78,6.78,6.75,6.76,3277509
2026-03-11T11:00:00+00:00,6.76,6.77,6.75,6.77,1379000
2026-03-11T12:00:00+00:00,6.77,6.77,6.76,6.76,1124335
2026-03-11T13:00:00+00:00,6.77,6.77,6.74,6.75,2498145
2026-03-11T14:00:00+00:00,6.75,6.75,6.73,6.75,3583918
2026-03-11T15:00:00+00:00,6.75,6.75,6.73,6.75,1275415
2026-03-11T16:00:00+00:00,6.75,6.76,6.73,6.75,1093262
2026-03-11T17:00:00+00:00,6.75,6.76,6.74,6.74,526322
2026-03-11T18:00:00+00:00,6.75,6.76,6.74,6.75,742049
2026-03-11T19:00:00+00:00,6.74,6.76,6.74,6.75,679517
2026-03-11T20:00:00+00:00,6.76,6.76,6.74,6.76,343351
2026-03-12T07:00:00+00:00,6.8,6.8,6.32,6.78,5514670
2026-03-12T08:00:00+00:00,6.78,6.78,6.77,6.78,2355769
2026-03-12T09:00:00+00:00,6.78,6.78,6.76,6.77,2200053
2026-03-12T10:00:00+00:00,6.77,6.77,6.76,6.77,1330591
2026-03-12T11:00:00+00:00,6.76,6.77,6.75,6.76,1130530
2026-03-12T12:00:00+00:00,6.76,6.77,6.75,6.77,1194441
2026-03-12T13:00:00+00:00,6.77,6.78,6.76,6.77,1110222
2026-03-12T14:00:00+00:00,6.78,6.79,6.77,6.79,2108929
2026-03-12T15:00:00+00:00,6.77,6.79,6.77,6.78,2444329
2026-03-12T16:00:00+00:00,6.78,6.78,6.76,6.78,3361661
2026-03-12T17:00:00+00:00,6.78,6.78,6.76,6.77,3844372
2026-03-12T18:00:00+00:00,6.77,6.78,6.76,6.78,749168
2026-03-12T19:00:00+00:00,6.77,6.79,6.77,6.77,942920
2026-03-12T20:00:00+00:00,6.77,6.78,6.76,6.76,339551
2026-03-13T07:00:00+00:00,6.84,6.84,6.79,6.82,5824492
2026-03-13T08:00:00+00:00,6.82,6.82,6.8,6.8100000000000005,2367871
2026-03-13T09:00:00+00:00,6.8,6.82,6.8,6.8,2929377
2026-03-13T10:00:00+00:00,6.8100000000000005,6.82,6.79,6.8,3669266
2026-03-13T11:00:00+00:00,6.8,6.8100000000000005,6.79,6.8,1818253
2026-03-13T12:00:00+00:00,6.79,6.8,6.77,6.79,3012846
2026-03-13T13:00:00+00:00,6.78,6.79,6.76,6.78,1780455
2026-03-13T14:00:00+00:00,6.78,6.79,6.77,6.77,1406472
2026-03-13T15:00:00+00:00,6.77,6.78,6.77,6.77,1128834
2026-03-13T16:00:00+00:00,6.78,6.78,6.76,6.78,1336976
2026-03-13T17:00:00+00:00,6.78,6.8,6.76,6.79,9492108
2026-03-13T18:00:00+00:00,6.79,6.79,6.77,6.77,975187
2026-03-13T19:00:00+00:00,6.77,6.79,6.77,6.78,618510
2026-03-13T20:00:00+00:00,6.78,6.79,6.74,6.77,1072852
2026-03-16T07:00:00+00:00,6.82,6.88,6.79,6.82,14222492
2026-03-16T08:00:00+00:00,6.82,6.82,6.79,6.8,4912564
2026-03-16T09:00:00+00:00,6.8,6.8,6.76,6.78,2666553
2026-03-16T10:00:00+00:00,6.78,6.78,6.76,6.77,1688653
2026-03-16T11:00:00+00:00,6.77,6.78,6.75,6.77,1622310
2026-03-16T12:00:00+00:00,6.77,6.77,6.74,6.74,1743684
2026-03-16T13:00:00+00:00,6.75,6.75,6.72,6.74,4324516
2026-03-16T14:00:00+00:00,6.74,6.74,6.72,6.74,2796528
2026-03-16T15:00:00+00:00,6.74,6.74,6.72,6.73,2400651
2026-03-16T16:00:00+00:00,6.73,6.74,6.72,6.74,2816931
2026-03-16T17:00:00+00:00,6.74,6.74,6.73,6.74,1053014
2026-03-16T18:00:00+00:00,6.74,6.74,6.73,6.74,1682451
2026-03-16T19:00:00+00:00,6.74,6.74,6.72,6.73,1758061
2026-03-16T20:00:00+00:00,6.74,6.74,6.72,6.74,351086
2026-03-17T07:00:00+00:00,6.8,6.8,6.73,6.75,3837424
2026-03-17T08:00:00+00:00,6.75,6.76,6.74,6.75,1455661
2026-03-17T09:00:00+00:00,6.76,6.76,6.74,6.75,1397581
2026-03-17T10:00:00+00:00,6.75,6.76,6.74,6.75,1272204
2026-03-17T11:00:00+00:00,6.75,6.76,6.74,6.76,1126721
2026-03-17T12:00:00+00:00,6.76,6.76,6.75,6.75,1432356
2026-03-17T13:00:00+00:00,6.76,6.76,6.74,6.75,1177989
2026-03-17T14:00:00+00:00,6.75,6.76,6.73,6.74,1124820
2026-03-17T15:00:00+00:00,6.74,6.74,6.72,6.74,868123
2026-03-17T16:00:00+00:00,6.74,6.74,6.73,6.74,1165632
2026-03-17T17:00:00+00:00,6.73,6.75,6.73,6.75,822114
2026-03-17T18:00:00+00:00,6.75,6.75,6.73,6.75,674376
2026-03-17T19:00:00+00:00,6.75,6.75,6.73,6.73,623775
2026-03-17T20:00:00+00:00,6.73,6.74,6.73,6.73,452769
2026-03-18T07:00:00+00:00,6.77,6.77,6.73,6.77,3584522
2026-03-18T08:00:00+00:00,6.77,6.77,6.75,6.76,1317267
2026-03-18T09:00:00+00:00,6.76,6.76,6.74,6.76,1604654
2026-03-18T10:00:00+00:00,6.76,6.77,6.75,6.76,1409854
2026-03-18T11:00:00+00:00,6.76,6.76,6.74,6.75,1479829
2026-03-18T12:00:00+00:00,6.74,6.77,6.74,6.77,6147134
2026-03-18T13:00:00+00:00,6.76,6.79,6.75,6.77,4808128
2026-03-18T14:00:00+00:00,6.78,6.79,6.77,6.77,1047621
2026-03-18T15:00:00+00:00,6.78,6.78,6.76,6.77,911502
2026-03-18T16:00:00+00:00,6.77,6.78,6.76,6.78,929275
2026-03-18T17:00:00+00:00,6.78,6.8,6.77,6.79,4685935
2026-03-18T18:00:00+00:00,6.79,6.8,6.78,6.78,1325092
2026-03-18T19:00:00+00:00,6.78,6.8,6.78,6.8,1107585
2026-03-18T20:00:00+00:00,6.79,6.8,6.79,6.79,1941846
2026-03-19T07:00:00+00:00,6.87,6.87,6.73,6.82,5098110
2026-03-19T08:00:00+00:00,6.8,6.82,6.8,6.82,2024773
2026-03-19T09:00:00+00:00,6.82,6.82,6.8,6.8100000000000005,2493346
2026-03-19T10:00:00+00:00,6.8,6.8100000000000005,6.79,6.8100000000000005,1791655
2026-03-19T11:00:00+00:00,6.8100000000000005,6.82,6.8,6.8100000000000005,1242131
2026-03-19T12:00:00+00:00,6.82,6.82,6.77,6.78,1440367
2026-03-19T13:00:00+00:00,6.78,6.8,6.77,6.78,1050375
2026-03-19T14:00:00+00:00,6.78,6.79,6.76,6.78,1100148
2026-03-19T15:00:00+00:00,6.78,6.78,6.75,6.77,1666035
2026-03-19T16:00:00+00:00,6.76,6.78,6.76,6.77,1291324
2026-03-19T17:00:00+00:00,6.78,6.78,6.77,6.77,441745
2026-03-19T18:00:00+00:00,6.78,6.78,6.77,6.77,602455
2026-03-19T19:00:00+00:00,6.78,6.8,6.77,6.78,2631086
2026-03-19T20:00:00+00:00,6.78,6.8100000000000005,6.78,6.79,705720
2026-03-20T07:00:00+00:00,6.85,6.85,6.77,6.8100000000000005,5619044
2026-03-20T08:00:00+00:00,6.8100000000000005,6.82,6.79,6.8100000000000005,2245760
2026-03-20T09:00:00+00:00,6.82,6.82,6.8,6.8100000000000005,1535575
2026-03-20T10:00:00+00:00,6.8100000000000005,6.83,6.78,6.8,4257082
2026-03-20T11:00:00+00:00,6.8,6.8,6.77,6.79,2054599
2026-03-20T12:00:00+00:00,6.78,6.79,6.76,6.78,1232004
2026-03-20T13:00:00+00:00,6.77,6.78,6.76,6.77,1199181
2026-03-20T14:00:00+00:00,6.77,6.78,6.75,6.77,1407240
2026-03-20T15:00:00+00:00,6.77,6.78,6.75,6.76,812348
2026-03-20T16:00:00+00:00,6.76,6.78,6.75,6.78,1126263
2026-03-20T17:00:00+00:00,6.78,6.78,6.76,6.78,683022
2026-03-20T18:00:00+00:00,6.78,6.8,6.76,6.78,1158393
2026-03-20T19:00:00+00:00,6.78,6.8,6.78,6.78,637501
2026-03-20T20:00:00+00:00,6.78,6.79,6.75,6.77,868072
2026-03-23T07:00:00+00:00,6.83,7.0,6.32,6.77,23077015
2026-03-23T08:00:00+00:00,6.78,6.78,6.75,6.76,2000746
2026-03-23T09:00:00+00:00,6.76,6.77,6.74,6.75,5719104
2026-03-23T10:00:00+00:00,6.75,6.75,6.6899999999999995,6.7,4175970
2026-03-23T11:00:00+00:00,6.7,6.72,6.64,6.6899999999999995,6367992
2026-03-23T12:00:00+00:00,6.6899999999999995,6.7,6.67,6.67,2046949
2026-03-23T13:00:00+00:00,6.67,6.6899999999999995,6.67,6.68,1372332
2026-03-23T14:00:00+00:00,6.68,6.68,6.65,6.66,1515177
2026-03-23T15:00:00+00:00,6.66,6.6899999999999995,6.65,6.6899999999999995,1676225
2026-03-23T16:00:00+00:00,6.68,6.6899999999999995,6.65,6.68,4614711
2026-03-23T17:00:00+00:00,6.68,6.68,6.67,6.68,901483
2026-03-23T18:00:00+00:00,6.68,6.68,6.63,6.67,629724
2026-03-23T19:00:00+00:00,6.67,6.6899999999999995,6.61,6.68,7204783
2026-03-23T20:00:00+00:00,6.68,6.6899999999999995,6.67,6.6899999999999995,1204055
2026-03-24T07:00:00+00:00,6.83,6.83,6.67,6.68,4672120
2026-03-24T08:00:00+00:00,6.6899999999999995,6.6899999999999995,6.67,6.6899999999999995,1044530
2026-03-24T09:00:00+00:00,6.6899999999999995,6.7,6.67,6.6899999999999995,1851888
2026-03-24T10:00:00+00:00,6.68,6.6899999999999995,6.67,6.68,1511992
2026-03-24T11:00:00+00:00,6.67,6.7,6.67,6.7,1819609
2026-03-24T12:00:00+00:00,6.7,6.7,6.68,6.6899999999999995,753163
2026-03-24T13:00:00+00:00,6.6899999999999995,6.7,6.68,6.6899999999999995,1157732
2026-03-24T14:00:00+00:00,6.6899999999999995,6.71,6.67,6.6899999999999995,1160003
2026-03-24T15:00:00+00:00,6.6899999999999995,6.71,6.6899999999999995,6.6899999999999995,1000315
2026-03-24T16:00:00+00:00,6.6899999999999995,6.71,6.6899999999999995,6.7,656375
2026-03-24T17:00:00+00:00,6.7,6.7,6.6899999999999995,6.7,374499
2026-03-24T18:00:00+00:00,6.6899999999999995,6.7,6.68,6.68,392604
2026-03-24T19:00:00+00:00,6.6899999999999995,6.71,6.68,6.71,732843
2026-03-24T20:00:00+00:00,6.7,6.71,6.67,6.68,411111
2026-03-25T07:00:00+00:00,6.79,6.79,6.6899999999999995,6.7,2202903
2026-03-25T08:00:00+00:00,6.7,6.7,6.68,6.7,1825623
2026-03-25T09:00:00+00:00,6.7,6.7,6.68,6.7,1305954
2026-03-25T10:00:00+00:00,6.7,6.7,6.68,6.7,986902
2026-03-25T11:00:00+00:00,6.7,6.7,6.68,6.7,1013406
2026-03-25T12:00:00+00:00,6.7,6.7,6.68,6.7,2789344
2026-03-25T13:00:00+00:00,6.6899999999999995,6.7,6.68,6.7,1709934
2026-03-25T14:00:00+00:00,6.6899999999999995,6.71,6.6899999999999995,6.71,972887
2026-03-25T15:00:00+00:00,6.71,6.71,6.6899999999999995,6.71,1185191
2026-03-25T16:00:00+00:00,6.71,6.71,6.6899999999999995,6.71,668923
2026-03-25T17:00:00+00:00,6.71,6.71,6.7,6.71,799590
2026-03-25T18:00:00+00:00,6.71,6.72,6.7,6.71,597612
2026-03-25T19:00:00+00:00,6.71,6.73,6.7,6.71,602562
2026-03-25T20:00:00+00:00,6.71,6.73,6.71,6.73,331372
2026-03-26T07:00:00+00:00,6.88,6.88,6.7,6.7,2887293
2026-03-26T08:00:00+00:00,6.71,6.71,6.67,6.67,1630178
2026-03-26T09:00:00+00:00,6.68,6.6899999999999995,6.66,6.68,1989851
2026-03-26T10:00:00+00:00,6.68,6.68,6.66,6.66,784519
2026-03-26T11:00:00+00:00,6.68,6.68,6.66,6.68,927212
2026-03-26T12:00:00+00:00,6.68,6.6899999999999995,6.67,6.68,1084170
2026-03-26T13:00:00+00:00,6.68,6.68,6.66,6.66,1347828
2026-03-26T14:00:00+00:00,6.67,6.67,6.65,6.66,1020343
2026-03-26T15:00:00+00:00,6.65,6.66,6.63,6.66,1148180
2026-03-26T16:00:00+00:00,6.66,6.66,6.64,6.65,675627
2026-03-26T17:00:00+00:00,6.65,6.65,6.64,6.65,802117
2026-03-26T18:00:00+00:00,6.65,6.66,6.62,6.63,4162211
2026-03-26T19:00:00+00:00,6.62,6.65,6.62,6.64,1117998
2026-03-26T20:00:00+00:00,6.64,6.67,6.63,6.64,1173003
2026-03-27T07:00:00+00:00,6.48,6.8100000000000005,6.48,6.68,2840792
2026-03-27T08:00:00+00:00,6.67,6.68,6.64,6.65,2203331
2026-03-27T09:00:00+00:00,6.65,6.66,6.64,6.65,1341059
2026-03-27T10:00:00+00:00,6.65,6.65,6.62,6.63,1803628
2026-03-27T11:00:00+00:00,6.63,6.64,6.62,6.64,2239017
2026-03-27T12:00:00+00:00,6.63,6.64,6.61,6.62,2436886
2026-03-27T13:00:00+00:00,6.61,6.62,6.5600000000000005,6.58,2564925
2026-03-27T14:00:00+00:00,6.58,6.59,6.55,6.57,6837608
2026-03-27T15:00:00+00:00,6.57,6.57,6.55,6.57,1189892
2026-03-27T16:00:00+00:00,6.57,6.59,6.5600000000000005,6.58,3099688
2026-03-27T17:00:00+00:00,6.57,6.58,6.57,6.58,478168
2026-03-27T18:00:00+00:00,6.57,6.59,6.57,6.57,632148
2026-03-27T19:00:00+00:00,6.58,6.58,6.57,6.57,678305
2026-03-27T20:00:00+00:00,6.57,6.6,6.57,6.57,512434
2026-03-30T07:00:00+00:00,6.66,6.66,6.55,6.57,10139930
2026-03-30T08:00:00+00:00,6.58,6.58,6.54,6.57,3741402
2026-03-30T09:00:00+00:00,6.57,6.63,6.55,6.62,4423733
2026-03-30T10:00:00+00:00,6.62,6.63,6.6,6.62,2732508
2026-03-30T11:00:00+00:00,6.63,6.63,6.6,6.62,2663659
2026-03-30T12:00:00+00:00,6.6,6.63,6.6,6.62,1228346
2026-03-30T13:00:00+00:00,6.62,6.63,6.6,6.61,1284863
2026-03-30T14:00:00+00:00,6.6,6.61,6.58,6.59,1287133
2026-03-30T15:00:00+00:00,6.59,6.61,6.58,6.6,1429917
2026-03-30T16:00:00+00:00,6.59,6.61,6.59,6.6,1019659
2026-03-30T17:00:00+00:00,6.6,6.6,6.58,6.6,731959
2026-03-30T18:00:00+00:00,6.6,6.6,6.58,6.6,754510
2026-03-30T19:00:00+00:00,6.58,6.6,6.58,6.58,481322
2026-03-30T20:00:00+00:00,6.59,6.6,6.55,6.55,804342
2026-03-31T07:00:00+00:00,6.64,6.66,6.54,6.57,2503905
2026-03-31T08:00:00+00:00,6.58,6.58,6.5600000000000005,6.58,1545052
2026-03-31T09:00:00+00:00,6.58,6.6,6.5600000000000005,6.59,4178117
2026-03-31T10:00:00+00:00,6.59,6.6,6.5600000000000005,6.57,1680917
2026-03-31T11:00:00+00:00,6.57,6.57,6.54,6.5600000000000005,2859810
2026-03-31T12:00:00+00:00,6.5600000000000005,6.5600000000000005,6.54,6.55,1874654
2026-03-31T13:00:00+00:00,6.55,6.55,6.53,6.53,1436944
2026-03-31T14:00:00+00:00,6.54,6.54,6.52,6.52,3391332
2026-03-31T15:00:00+00:00,6.53,6.54,6.52,6.54,1060726
2026-03-31T16:00:00+00:00,6.53,6.54,6.52,6.53,2421428
2026-03-31T17:00:00+00:00,6.53,6.53,6.51,6.53,802857
2026-03-31T18:00:00+00:00,6.53,6.53,6.5,6.52,804821
2026-03-31T19:00:00+00:00,6.52,6.52,6.51,6.52,718229
2026-03-31T20:00:00+00:00,6.51,6.52,6.44,6.47,1763327
2026-04-01T07:00:00+00:00,6.58,6.58,6.47,6.5600000000000005,11026758
2026-04-01T08:00:00+00:00,6.5600000000000005,6.57,6.54,6.5600000000000005,1694689
2026-04-01T09:00:00+00:00,6.5600000000000005,6.5600000000000005,6.54,6.5600000000000005,2777813
2026-04-01T10:00:00+00:00,6.5600000000000005,6.5600000000000005,6.54,6.5600000000000005,956922
2026-04-01T11:00:00+00:00,6.5600000000000005,6.5600000000000005,6.53,6.54,1420186
2026-04-01T12:00:00+00:00,6.54,6.54,6.52,6.54,1343302
2026-04-01T13:00:00+00:00,6.54,6.54,6.52,6.54,1843591
2026-04-01T14:00:00+00:00,6.53,6.54,6.52,6.54,920056
2026-04-01T15:00:00+00:00,6.54,6.55,6.53,6.55,1157194
2026-04-01T16:00:00+00:00,6.55,6.57,6.54,6.5600000000000005,1333908
2026-04-01T17:00:00+00:00,6.5600000000000005,6.5600000000000005,6.55,6.5600000000000005,467571
2026-04-01T18:00:00+00:00,6.55,6.5600000000000005,6.55,6.55,309547
2026-04-01T19:00:00+00:00,6.55,6.57,6.55,6.57,718129
2026-04-01T20:00:00+00:00,6.5600000000000005,6.59,6.54,6.54,1652192
2026-04-02T07:00:00+00:00,6.62,6.62,6.54,6.55,3481331
2026-04-02T08:00:00+00:00,6.55,6.57,6.54,6.57,1627235
2026-04-02T09:00:00+00:00,6.57,6.57,6.55,6.5600000000000005,1073181
2026-04-02T10:00:00+00:00,6.5600000000000005,6.5600000000000005,6.54,6.55,1907034
2026-04-02T11:00:00+00:00,6.55,6.5600000000000005,6.54,6.5600000000000005,1873248
2026-04-02T12:00:00+00:00,6.5600000000000005,6.5600000000000005,6.54,6.5600000000000005,1831317
2026-04-02T13:00:00+00:00,6.5600000000000005,6.5600000000000005,6.54,6.55,634901
2026-04-02T14:00:00+00:00,6.55,6.5600000000000005,6.53,6.54,1046709
2026-04-02T15:00:00+00:00,6.54,6.55,6.53,6.54,1240362
2026-04-02T16:00:00+00:00,6.53,6.55,6.53,6.53,842238
2026-04-02T17:00:00+00:00,6.54,6.54,6.52,6.53,816390
2026-04-02T18:00:00+00:00,6.53,6.54,6.52,6.53,714637
2026-04-02T19:00:00+00:00,6.54,6.55,6.53,6.53,705668
2026-04-02T20:00:00+00:00,6.54,6.55,6.51,6.53,356055
2026-04-03T07:00:00+00:00,6.52,6.62,6.52,6.55,3210660
2026-04-03T08:00:00+00:00,6.55,6.5600000000000005,6.53,6.54,1513474
2026-04-03T09:00:00+00:00,6.54,6.55,6.51,6.52,2695540
2026-04-03T10:00:00+00:00,6.52,6.53,6.5,6.52,1364025
2026-04-03T11:00:00+00:00,6.52,6.52,6.49,6.51,1611027
2026-04-03T12:00:00+00:00,6.5,6.52,6.49,6.51,1503647
2026-04-03T13:00:00+00:00,6.51,6.51,6.49,6.49,1040734
2026-04-03T14:00:00+00:00,6.5,6.51,6.49,6.49,1470669
2026-04-03T15:00:00+00:00,6.5,6.51,6.49,6.49,1253185
2026-04-03T16:00:00+00:00,6.5,6.51,6.49,6.5,1370400
2026-04-03T17:00:00+00:00,6.5,6.51,6.49,6.5,626523
2026-04-03T18:00:00+00:00,6.5,6.51,6.49,6.51,2263678
2026-04-03T19:00:00+00:00,6.5,6.51,6.5,6.51,611250
2026-04-03T20:00:00+00:00,6.51,6.51,6.43,6.49,1389629
2026-04-06T07:00:00+00:00,6.55,6.55,6.46,6.48,11315941
2026-04-06T08:00:00+00:00,6.49,6.5,6.48,6.48,2224268
2026-04-06T09:00:00+00:00,6.49,6.51,6.48,6.5,1879588
2026-04-06T10:00:00+00:00,6.51,6.52,6.49,6.5,1689718
2026-04-06T11:00:00+00:00,6.5,6.51,6.49,6.51,1697519
2026-04-06T12:00:00+00:00,6.5,6.53,6.5,6.52,1517596
2026-04-06T13:00:00+00:00,6.52,6.54,6.52,6.53,1438797
2026-04-06T14:00:00+00:00,6.53,6.55,6.52,6.55,1046282
2026-04-06T15:00:00+00:00,6.55,6.58,6.54,6.5600000000000005,6123151
2026-04-06T16:00:00+00:00,6.57,6.57,6.5600000000000005,6.5600000000000005,1357934
2026-04-06T17:00:00+00:00,6.57,6.58,6.5600000000000005,6.58,858585
2026-04-06T18:00:00+00:00,6.58,6.58,6.5600000000000005,6.58,1317414
2026-04-06T19:00:00+00:00,6.58,6.58,6.5600000000000005,6.57,2369977
2026-04-06T20:00:00+00:00,6.57,6.57,6.55,6.57,572865
2026-04-07T07:00:00+00:00,6.52,6.58,6.52,6.57,3537736
2026-04-07T08:00:00+00:00,6.57,6.61,6.5600000000000005,6.58,2888803
2026-04-07T09:00:00+00:00,6.58,6.6,6.57,6.59,1198680
2026-04-07T10:00:00+00:00,6.59,6.6,6.57,6.58,1153064
2026-04-07T11:00:00+00:00,6.58,6.6,6.57,6.59,948144
2026-04-07T12:00:00+00:00,6.59,6.61,6.58,6.59,2122497
2026-04-07T13:00:00+00:00,6.6,6.6,6.59,6.6,914095
2026-04-07T14:00:00+00:00,6.59,6.61,6.59,6.61,1504398
2026-04-07T15:00:00+00:00,6.61,6.61,6.59,6.59,1133947
2026-04-07T16:00:00+00:00,6.6,6.6,6.57,6.58,1087994
2026-04-07T17:00:00+00:00,6.58,6.59,6.57,6.57,499607
2026-04-07T18:00:00+00:00,6.58,6.59,6.57,6.58,494445
2026-04-07T19:00:00+00:00,6.57,6.6,6.57,6.59,628314
2026-04-07T20:00:00+00:00,6.59,6.59,6.57,6.57,212457
2026-04-08T07:00:00+00:00,6.5600000000000005,6.5600000000000005,6.53,6.55,6314682
2026-04-08T08:00:00+00:00,6.55,6.55,6.52,6.53,4427176
2026-04-08T09:00:00+00:00,6.52,6.54,6.51,6.51,1636300
2026-04-08T10:00:00+00:00,6.52,6.53,6.51,6.53,1527299
2026-04-08T11:00:00+00:00,6.53,6.53,6.51,6.52,1634093
2026-04-08T12:00:00+00:00,6.52,6.53,6.5,6.51,1258144
2026-04-08T13:00:00+00:00,6.5,6.52,6.5,6.52,922641
2026-04-08T14:00:00+00:00,6.52,6.53,6.5,6.52,1514272
2026-04-08T15:00:00+00:00,6.52,6.53,6.52,6.53,657489
2026-04-08T16:00:00+00:00,6.53,6.53,6.51,6.52,570253
2026-04-08T17:00:00+00:00,6.52,6.53,6.5,6.52,1021712
2026-04-08T18:00:00+00:00,6.52,6.52,6.5,6.5,447242
2026-04-08T19:00:00+00:00,6.5,6.51,6.5,6.5,1774063
2026-04-08T20:00:00+00:00,6.51,6.53,6.49,6.51,629282
2026-04-09T07:00:00+00:00,6.58,6.58,6.49,6.52,4561768
2026-04-09T08:00:00+00:00,6.52,6.52,6.5,6.52,1429591
2026-04-09T09:00:00+00:00,6.52,6.52,6.49,6.5,1189083
2026-04-09T10:00:00+00:00,6.5,6.51,6.49,6.51,1590441
2026-04-09T11:00:00+00:00,6.51,6.51,6.47,6.49,1280939
2026-04-09T12:00:00+00:00,6.49,6.49,6.47,6.48,1393675
2026-04-09T13:00:00+00:00,6.47,6.48,6.45,6.46,1069789
2026-04-09T14:00:00+00:00,6.46,6.47,6.45,6.46,1262806
2026-04-09T15:00:00+00:00,6.45,6.47,6.44,6.45,1475476
2026-04-09T16:00:00+00:00,6.45,6.45,6.43,6.45,1501401
2026-04-09T17:00:00+00:00,6.44,6.45,6.44,6.45,713067
2026-04-09T18:00:00+00:00,6.45,6.45,6.44,6.45,882429
2026-04-09T19:00:00+00:00,6.44,6.47,6.43,6.45,1303948
2026-04-09T20:00:00+00:00,6.46,6.46,6.42,6.43,702947
2026-04-10T07:00:00+00:00,6.49,6.49,6.43,6.43,4239899
2026-04-10T08:00:00+00:00,6.45,6.45,6.42,6.45,3149443
2026-04-10T09:00:00+00:00,6.45,6.47,6.44,6.46,11104830
2026-04-10T10:00:00+00:00,6.46,6.48,6.45,6.48,1623799
2026-04-10T11:00:00+00:00,6.48,6.48,6.46,6.48,2424711
2026-04-10T12:00:00+00:00,6.48,6.48,6.44,6.45,9309978
2026-04-10T13:00:00+00:00,6.45,6.45,6.43,6.43,4768297
2026-04-10T14:00:00+00:00,6.44,6.45,6.42,6.43,1430941
2026-04-10T15:00:00+00:00,6.42,6.43,6.41,6.43,1048903
2026-04-10T16:00:00+00:00,6.43,6.44,6.41,6.41,1382851
2026-04-10T17:00:00+00:00,6.42,6.42,6.41,6.42,730998
2026-04-10T18:00:00+00:00,6.42,6.42,6.41,6.42,311760
2026-04-10T19:00:00+00:00,6.42,6.43,6.41,6.43,1011965
2026-04-10T20:00:00+00:00,6.43,6.43,6.4,6.4,3096337
2026-04-13T07:00:00+00:00,6.54,6.54,6.45,6.47,22692986
2026-04-13T08:00:00+00:00,6.48,6.48,6.44,6.44,3652992
2026-04-13T09:00:00+00:00,6.45,6.46,6.43,6.45,2740363
2026-04-13T10:00:00+00:00,6.45,6.45,6.42,6.43,2454898
2026-04-13T11:00:00+00:00,6.43,6.43,6.41,6.43,1123271
2026-04-13T12:00:00+00:00,6.43,6.44,6.41,6.42,1676295
2026-04-13T13:00:00+00:00,6.43,6.43,6.4,6.41,2609646
2026-04-13T14:00:00+00:00,6.4,6.43,6.4,6.42,1398113
2026-04-13T15:00:00+00:00,6.41,6.43,6.4,6.42,1148068
2026-04-13T16:00:00+00:00,6.42,6.43,6.41,6.42,683559
2026-04-13T17:00:00+00:00,6.41,6.42,6.4,6.4,1404641
2026-04-13T18:00:00+00:00,6.4,6.41,6.4,6.4,465035
2026-04-13T19:00:00+00:00,6.4,6.42,6.4,6.42,785179
2026-04-13T20:00:00+00:00,6.41,6.43,6.4,6.43,304910
2026-04-14T07:00:00+00:00,6.5,6.5,6.41,6.42,3078273
2026-04-14T08:00:00+00:00,6.41,6.43,6.38,6.39,2748719
2026-04-14T09:00:00+00:00,6.39,6.4,6.38,6.39,1934185
2026-04-14T10:00:00+00:00,6.39,6.45,6.38,6.44,4504814
2026-04-14T11:00:00+00:00,6.44,6.45,6.42,6.43,1427107
2026-04-14T12:00:00+00:00,6.42,6.43,6.41,6.42,5330277
2026-04-14T13:00:00+00:00,6.43,6.44,6.42,6.42,6679379
2026-04-14T14:00:00+00:00,6.43,6.44,6.42,6.42,1149524
2026-04-14T15:00:00+00:00,6.43,6.44,6.42,6.43,815971
2026-04-14T16:00:00+00:00,6.44,6.44,6.42,6.43,581487
2026-04-14T17:00:00+00:00,6.42,6.43,6.41,6.41,657633
2026-04-14T18:00:00+00:00,6.42,6.42,6.41,6.42,466592
2026-04-14T19:00:00+00:00,6.42,6.43,6.41,6.42,482370
2026-04-14T20:00:00+00:00,6.42,6.43,6.4,6.42,306517
2026-04-15T07:00:00+00:00,6.4,6.48,6.32,6.41,2402051
2026-04-15T08:00:00+00:00,6.39,6.42,6.39,6.4,1566462
2026-04-15T09:00:00+00:00,6.42,6.42,6.39,6.41,1271893
2026-04-15T10:00:00+00:00,6.41,6.44,6.4,6.44,9517256
2026-04-15T11:00:00+00:00,6.44,6.45,6.43,6.44,3070947
2026-04-15T12:00:00+00:00,6.44,6.46,6.43,6.46,4040008
2026-04-15T13:00:00+00:00,6.45,6.46,6.44,6.45,1442000
2026-04-15T14:00:00+00:00,6.46,6.48,6.44,6.48,2417188
2026-04-15T15:00:00+00:00,6.48,6.48,6.46,6.48,11973541
2026-04-15T16:00:00+00:00,6.48,6.48,6.46,6.47,1504292
2026-04-15T17:00:00+00:00,6.48,6.51,6.47,6.5,7913816
2026-04-15T18:00:00+00:00,6.5,6.5,6.49,6.5,714380
2026-04-15T19:00:00+00:00,6.5,6.51,6.49,6.5,2521873
2026-04-15T20:00:00+00:00,6.49,6.51,6.48,6.48,649575
2026-04-16T07:00:00+00:00,6.45,6.54,6.45,6.52,2687239
2026-04-16T08:00:00+00:00,6.52,6.53,6.5,6.52,1642473
2026-04-16T09:00:00+00:00,6.52,6.53,6.5,6.52,1013385
2026-04-16T10:00:00+00:00,6.52,6.53,6.5,6.51,1077337
2026-04-16T11:00:00+00:00,6.5,6.52,6.5,6.51,5023947
2026-04-16T12:00:00+00:00,6.51,6.52,6.49,6.5,2054287
2026-04-16T13:00:00+00:00,6.49,6.5,6.48,6.49,1831445
2026-04-16T14:00:00+00:00,6.5,6.5,6.48,6.49,767879
2026-04-16T15:00:00+00:00,6.48,6.49,6.46,6.48,860951
2026-04-16T16:00:00+00:00,6.48,6.49,6.47,6.48,732899
2026-04-16T17:00:00+00:00,6.48,6.49,6.47,6.49,1028288
2026-04-16T18:00:00+00:00,6.49,6.53,6.47,6.48,675589
2026-04-16T19:00:00+00:00,6.48,6.5,6.47,6.48,637213
2026-04-16T20:00:00+00:00,6.48,6.5,6.48,6.48,202663
2026-04-17T07:00:00+00:00,6.47,6.83,6.44,6.5,2840735
2026-04-17T08:00:00+00:00,6.5,6.5,6.48,6.49,1341890
2026-04-17T09:00:00+00:00,6.49,6.49,6.47,6.48,1767204
2026-04-17T10:00:00+00:00,6.48,6.49,6.47,6.49,907879
2026-04-17T11:00:00+00:00,6.49,6.5,6.47,6.5,1125898
2026-04-17T12:00:00+00:00,6.5,6.51,6.48,6.49,1653399
2026-04-17T13:00:00+00:00,6.49,6.49,6.42,6.44,10420194
2026-04-17T14:00:00+00:00,6.43,6.44,6.41,6.43,5010048
2026-04-17T15:00:00+00:00,6.43,6.45,6.42,6.45,1938507
2026-04-17T16:00:00+00:00,6.45,6.46,6.43,6.44,1502903
2026-04-17T17:00:00+00:00,6.43,6.45,6.43,6.45,638700
2026-04-17T18:00:00+00:00,6.45,6.45,6.43,6.44,1255100
2026-04-17T19:00:00+00:00,6.44,6.45,6.43,6.45,456359
2026-04-17T20:00:00+00:00,6.45,6.45,6.42,6.42,303041
2026-04-20T07:00:00+00:00,6.53,6.53,6.4,6.47,17366942
2026-04-20T08:00:00+00:00,6.47,6.47,6.44,6.46,2340511
2026-04-20T09:00:00+00:00,6.46,6.46,6.44,6.45,1916069
2026-04-20T10:00:00+00:00,6.44,6.46,6.44,6.45,1874305
2026-04-20T11:00:00+00:00,6.46,6.47,6.45,6.46,1263518
2026-04-20T12:00:00+00:00,6.46,6.47,6.45,6.47,1137783
2026-04-20T13:00:00+00:00,6.47,6.47,6.45,6.46,978720
2026-04-20T14:00:00+00:00,6.46,6.5,6.45,6.49,1851234
2026-04-20T15:00:00+00:00,6.49,6.5,6.48,6.5,1592017
2026-04-20T16:00:00+00:00,6.5,6.5,6.49,6.5,1202133
2026-04-20T17:00:00+00:00,6.5,6.5,6.49,6.5,724826
2026-04-20T18:00:00+00:00,6.5,6.5,6.49,6.49,1474083
2026-04-20T19:00:00+00:00,6.5,6.5,6.49,6.49,784813
2026-04-20T20:00:00+00:00,6.5,6.5,6.49,6.49,244960
2026-04-21T07:00:00+00:00,6.52,6.52,6.48,6.49,2542657
2026-04-21T08:00:00+00:00,6.49,6.5,6.48,6.48,1921740
2026-04-21T09:00:00+00:00,6.49,6.5,6.47,6.47,1517434
2026-04-21T10:00:00+00:00,6.48,6.49,6.47,6.47,1210758
2026-04-21T11:00:00+00:00,6.48,6.48,6.46,6.48,981312
2026-04-21T12:00:00+00:00,6.48,6.49,6.46,6.47,1270665
2026-04-21T13:00:00+00:00,6.46,6.48,6.46,6.48,1168432
2026-04-21T14:00:00+00:00,6.48,6.52,6.47,6.51,3295179
2026-04-21T15:00:00+00:00,6.51,6.52,6.5,6.5,2230467
2026-04-21T16:00:00+00:00,6.51,6.51,6.5,6.51,585109
2026-04-21T17:00:00+00:00,6.51,6.52,6.49,6.51,1443907
2026-04-21T18:00:00+00:00,6.51,6.51,6.49,6.5,628685
2026-04-21T19:00:00+00:00,6.5,6.52,6.49,6.51,748743
2026-04-21T20:00:00+00:00,6.5,6.52,6.49,6.51,706541
2026-04-22T07:00:00+00:00,6.54,6.54,6.49,6.52,2485425
2026-04-22T08:00:00+00:00,6.52,6.53,6.51,6.52,1296641
2026-04-22T09:00:00+00:00,6.51,6.52,6.5,6.5,1400872
2026-04-22T10:00:00+00:00,6.51,6.52,6.5,6.51,1313728
2026-04-22T11:00:00+00:00,6.51,6.51,6.49,6.51,1257957
2026-04-22T12:00:00+00:00,6.51,6.52,6.5,6.52,1028539
2026-04-22T13:00:00+00:00,6.52,6.52,6.5,6.51,885874
2026-04-22T14:00:00+00:00,6.51,6.54,6.5,6.54,1088052
2026-04-22T15:00:00+00:00,6.54,6.54,6.52,6.52,1048833
2026-04-22T16:00:00+00:00,6.53,6.54,6.52,6.52,777789
2026-04-22T17:00:00+00:00,6.52,6.54,6.52,6.52,651409
2026-04-22T18:00:00+00:00,6.52,6.53,6.51,6.52,649913
2026-04-22T19:00:00+00:00,6.52,6.55,6.52,6.53,1917514
2026-04-22T20:00:00+00:00,6.54,6.55,6.53,6.55,906010
2026-04-23T07:00:00+00:00,6.55,6.5600000000000005,6.52,6.54,3074100
2026-04-23T08:00:00+00:00,6.53,6.55,6.53,6.54,1521538
2026-04-23T09:00:00+00:00,6.54,6.55,6.53,6.54,1267514
2026-04-23T10:00:00+00:00,6.53,6.54,6.52,6.53,1251865
2026-04-23T11:00:00+00:00,6.53,6.54,6.52,6.54,1805057
2026-04-23T12:00:00+00:00,6.52,6.5600000000000005,6.52,6.5600000000000005,2707825
2026-04-23T13:00:00+00:00,6.5600000000000005,6.5600000000000005,6.53,6.55,1043319
2026-04-23T14:00:00+00:00,6.55,6.55,6.53,6.55,667194
2026-04-23T15:00:00+00:00,6.55,6.55,6.54,6.55,661141
2026-04-23T16:00:00+00:00,6.54,6.55,6.54,6.55,521603
2026-04-23T17:00:00+00:00,6.54,6.55,6.53,6.54,736495
2026-04-23T18:00:00+00:00,6.54,6.55,6.53,6.54,697169
2026-04-23T19:00:00+00:00,6.54,6.55,6.53,6.54,593233
2026-04-23T20:00:00+00:00,6.54,6.55,6.53,6.54,1077836
2026-04-24T07:00:00+00:00,6.53,6.61,6.53,6.5600000000000005,2410822
2026-04-24T08:00:00+00:00,6.5600000000000005,6.5600000000000005,6.54,6.5600000000000005,1648835
2026-04-24T09:00:00+00:00,6.5600000000000005,6.5600000000000005,6.54,6.5600000000000005,1355037
2026-04-24T10:00:00+00:00,6.55,6.57,6.5,6.51,10316922
2026-04-24T11:00:00+00:00,6.52,6.52,6.5,6.51,2725227
2026-04-24T12:00:00+00:00,6.51,6.51,6.47,6.48,1932165
2026-04-24T13:00:00+00:00,6.48,6.48,6.45,6.47,1854233
2026-04-24T14:00:00+00:00,6.47,6.47,6.44,6.46,1133279
2026-04-24T15:00:00+00:00,6.46,6.47,6.45,6.46,1022181
2026-04-24T16:00:00+00:00,6.46,6.47,6.45,6.47,620678
2026-04-24T17:00:00+00:00,6.47,6.47,6.46,6.46,608151
2026-04-24T18:00:00+00:00,6.47,6.47,6.46,6.47,369969
2026-04-24T19:00:00+00:00,6.47,6.47,6.46,6.46,706774
2026-04-24T20:00:00+00:00,6.47,6.49,6.46,6.49,536353
2026-04-27T07:00:00+00:00,6.47,6.49,6.43,6.49,8278705
2026-04-27T08:00:00+00:00,6.49,6.5,6.48,6.49,5116462
2026-04-27T09:00:00+00:00,6.48,6.49,6.47,6.47,2433252
2026-04-27T10:00:00+00:00,6.48,6.49,6.46,6.46,2155830
2026-04-27T11:00:00+00:00,6.47,6.47,6.46,6.47,1414729
2026-04-27T12:00:00+00:00,6.47,6.48,6.46,6.47,1856799
2026-04-27T13:00:00+00:00,6.47,6.48,6.46,6.48,1503645
2026-04-27T14:00:00+00:00,6.48,6.48,6.46,6.46,720343
2026-04-27T15:00:00+00:00,6.48,6.48,6.45,6.47,1102620
2026-04-27T16:00:00+00:00,6.47,6.47,6.45,6.45,651308
2026-04-27T17:00:00+00:00,6.46,6.46,6.44,6.45,1125440
2026-04-27T18:00:00+00:00,6.44,6.45,6.44,6.45,357841
2026-04-27T19:00:00+00:00,6.44,6.45,6.44,6.44,489300
2026-04-27T20:00:00+00:00,6.45,6.45,6.44,6.44,278158
2026-04-28T07:00:00+00:00,6.5,6.5,6.43,6.45,3155000
2026-04-28T08:00:00+00:00,6.44,6.45,6.43,6.44,1046492
2026-04-28T09:00:00+00:00,6.44,6.44,6.41,6.41,1856722
2026-04-28T10:00:00+00:00,6.42,6.42,6.4,6.41,1241152
2026-04-28T11:00:00+00:00,6.4,6.43,6.4,6.41,7921921
2026-04-28T12:00:00+00:00,6.42,6.43,6.4,6.41,1000574
2026-04-28T13:00:00+00:00,6.41,6.41,6.39,6.39,2074619
2026-04-28T14:00:00+00:00,6.39,6.41,6.39,6.4,1165071
2026-04-28T15:00:00+00:00,6.39,6.4,6.38,6.38,1738850
2026-04-28T16:00:00+00:00,6.39,6.4,6.38,6.39,744089
2026-04-28T17:00:00+00:00,6.39,6.39,6.36,6.37,2783457
2026-04-28T18:00:00+00:00,6.37,6.38,6.36,6.36,793047
2026-04-28T19:00:00+00:00,6.37,6.37,6.36,6.37,879053
2026-04-28T20:00:00+00:00,6.36,6.38,6.36,6.37,845785
2026-04-29T07:00:00+00:00,6.39,6.42,6.34,6.36,9284268
2026-04-29T08:00:00+00:00,6.36,6.38,6.35,6.38,5219452
2026-04-29T09:00:00+00:00,6.38,6.39,6.36,6.38,1487234
2026-04-29T10:00:00+00:00,6.38,6.39,6.34,6.35,1845313
2026-04-29T11:00:00+00:00,6.35,6.36,6.32,6.34,1507196
2026-04-29T12:00:00+00:00,6.33,6.34,6.3,6.31,2171270
2026-04-29T13:00:00+00:00,6.31,6.32,6.25,6.26,4488315
2026-04-29T14:00:00+00:00,6.25,6.28,6.24,6.25,12348103
2026-04-29T15:00:00+00:00,6.25,6.26,6.22,6.25,2225110
2026-04-29T16:00:00+00:00,6.24,6.26,6.24,6.26,1658565
2026-04-29T17:00:00+00:00,6.26,6.33,6.25,6.32,3504939
2026-04-29T18:00:00+00:00,6.32,6.35,6.3,6.33,1435837
2026-04-29T19:00:00+00:00,6.33,6.34,6.31,6.34,669162
2026-04-29T20:00:00+00:00,6.34,6.34,6.31,6.32,239789
2026-04-30T07:00:00+00:00,6.27,6.33,6.27,6.32,8984040
2026-04-30T08:00:00+00:00,6.32,6.33,6.3,6.32,1489681
2026-04-30T09:00:00+00:00,6.32,6.32,6.29,6.3,1750175
2026-04-30T10:00:00+00:00,6.3,6.32,6.29,6.31,1737285
2026-04-30T11:00:00+00:00,6.31,6.31,6.27,6.28,2399250
2026-04-30T12:00:00+00:00,6.28,6.29,6.27,6.29,1223792
2026-04-30T13:00:00+00:00,6.29,6.29,6.26,6.28,1262319
2026-04-30T14:00:00+00:00,6.28,6.3,6.27,6.29,2399045
2026-04-30T15:00:00+00:00,6.29,6.29,6.27,6.28,1075167
2026-04-30T16:00:00+00:00,6.28,6.29,6.25,6.26,1234180
2026-04-30T17:00:00+00:00,6.27,6.38,6.26,6.31,13483451
2026-04-30T18:00:00+00:00,6.32,6.32,6.3,6.31,494170
2026-04-30T19:00:00+00:00,6.32,6.32,6.3,6.31,2345585
2026-04-30T20:00:00+00:00,6.32,6.33,6.29,6.29,2520071
2026-05-04T07:00:00+00:00,6.37,6.37,6.25,6.34,11925791
2026-05-04T08:00:00+00:00,6.33,6.34,6.28,6.29,1966500
2026-05-04T09:00:00+00:00,6.29,6.29,6.25,6.27,2594665
2026-05-04T10:00:00+00:00,6.27,6.29,6.25,6.28,2370504
2026-05-04T11:00:00+00:00,6.28,6.28,6.22,6.23,1792006
2026-05-04T12:00:00+00:00,6.22,6.25,6.21,6.24,2241171
2026-05-04T13:00:00+00:00,6.24,6.24,6.21,6.22,2939379
2026-05-04T14:00:00+00:00,6.21,6.23,6.21,6.23,2020874
2026-05-04T15:00:00+00:00,6.23,6.24,6.22,6.24,9291830
2026-05-04T16:00:00+00:00,6.23,6.24,6.22,6.22,883861
2026-05-04T17:00:00+00:00,6.23,6.24,6.21,6.23,1767899
2026-05-04T18:00:00+00:00,6.23,6.26,6.21,6.26,1712234
2026-05-04T19:00:00+00:00,6.25,6.26,6.24,6.25,759521
2026-05-04T20:00:00+00:00,6.24,6.26,6.24,6.26,592496
2026-05-05T07:00:00+00:00,6.23,6.27,6.21,6.21,5651177
2026-05-05T08:00:00+00:00,6.22,6.23,6.17,6.2,2823378
2026-05-05T09:00:00+00:00,6.2,6.26,6.19,6.26,4104332
2026-05-05T10:00:00+00:00,6.26,6.28,6.23,6.26,2536908
2026-05-05T11:00:00+00:00,6.26,6.27,6.23,6.26,1928364
2026-05-05T12:00:00+00:00,6.25,6.3,6.25,6.29,1648650
2026-05-05T13:00:00+00:00,6.29,6.31,6.27,6.31,1971034
2026-05-05T14:00:00+00:00,6.3,6.33,6.3,6.31,3280579
2026-05-05T15:00:00+00:00,6.32,6.33,6.3,6.31,994539
2026-05-05T16:00:00+00:00,6.31,6.31,6.28,6.3,1289160
2026-05-05T17:00:00+00:00,6.3,6.33,6.28,6.33,2714097
2026-05-05T18:00:00+00:00,6.33,6.33,6.31,6.32,904485
2026-05-05T19:00:00+00:00,6.33,6.34,6.32,6.33,1151741
2026-05-05T20:00:00+00:00,6.33,6.34,6.32,6.34,297750
2026-05-06T07:00:00+00:00,6.27,6.33,6.26,6.28,3520098
2026-05-06T08:00:00+00:00,6.28,6.32,6.27,6.3,1814389
2026-05-06T09:00:00+00:00,6.3,6.31,6.24,6.26,2091587
2026-05-06T10:00:00+00:00,6.26,6.26,6.23,6.23,1720027
2026-05-06T11:00:00+00:00,6.24,6.27,6.23,6.27,2813788
2026-05-06T12:00:00+00:00,6.27,6.28,6.24,6.26,3018729
2026-05-06T13:00:00+00:00,6.24,6.27,6.24,6.26,1031538
2026-05-06T14:00:00+00:00,6.25,6.28,6.24,6.28,1334317
2026-05-06T15:00:00+00:00,6.28,6.28,6.27,6.28,847670
2026-05-06T16:00:00+00:00,6.28,6.28,6.26,6.28,972363
2026-05-06T17:00:00+00:00,6.28,6.28,6.26,6.27,423279
2026-05-06T18:00:00+00:00,6.27,6.27,6.25,6.26,344413
2026-05-06T19:00:00+00:00,6.25,6.26,6.23,6.25,869979
2026-05-06T20:00:00+00:00,6.26,6.27,6.23,6.24,906163
2026-05-07T07:00:00+00:00,6.23,6.31,6.22,6.24,2608590
2026-05-07T08:00:00+00:00,6.23,6.25,6.22,6.24,2779688
2026-05-07T09:00:00+00:00,6.24,6.26,6.22,6.26,2499650
2026-05-07T10:00:00+00:00,6.26,6.27,6.24,6.26,1851179
2026-05-07T11:00:00+00:00,6.26,6.27,6.25,6.26,1492021
2026-05-07T12:00:00+00:00,6.27,6.27,6.24,6.25,993985
2026-05-07T13:00:00+00:00,6.25,6.26,6.24,6.25,1145741
2026-05-07T14:00:00+00:00,6.25,6.25,6.24,6.25,959395
2026-05-07T15:00:00+00:00,6.24,6.25,6.24,6.25,798785
2026-05-07T16:00:00+00:00,6.25,6.25,6.21,6.25,4176610
2026-05-07T17:00:00+00:00,6.25,6.25,6.23,6.25,488269
2026-05-07T18:00:00+00:00,6.25,6.25,6.23,6.24,524114
2026-05-07T19:00:00+00:00,6.24,6.25,6.22,6.24,1155816
2026-05-07T20:00:00+00:00,6.24,6.24,6.22,6.24,1324533
2026-05-08T07:00:00+00:00,6.2,6.27,6.2,6.23,2860657
2026-05-08T08:00:00+00:00,6.23,6.24,6.21,6.21,3565733
2026-05-08T09:00:00+00:00,6.22,6.23,6.21,6.22,1887194
2026-05-08T10:00:00+00:00,6.22,6.23,6.21,6.22,1528037
2026-05-08T11:00:00+00:00,6.22,6.22,6.21,6.21,981640
2026-05-08T12:00:00+00:00,6.22,6.23,6.21,6.22,828594
2026-05-08T13:00:00+00:00,6.22,6.22,6.19,6.21,1454368
2026-05-08T14:00:00+00:00,6.2,6.21,6.2,6.21,1336337
2026-05-08T15:00:00+00:00,6.21,6.21,6.19,6.2,999067
2026-05-08T16:00:00+00:00,6.2,6.2,6.19,6.2,698357
2026-05-08T17:00:00+00:00,6.2,6.21,6.19,6.21,1137533
2026-05-08T18:00:00+00:00,6.21,6.28,6.2,6.28,5888754
2026-05-08T19:00:00+00:00,6.28,6.29,6.25,6.27,4556518
2026-05-08T20:00:00+00:00,6.27,6.37,6.25,6.31,4861353
2026-05-11T07:00:00+00:00,6.31,6.36,6.28,6.36,11614919
2026-05-11T08:00:00+00:00,6.36,6.36,6.34,6.36,1970538
2026-05-11T09:00:00+00:00,6.36,6.37,6.34,6.36,1828332
2026-05-11T10:00:00+00:00,6.36,6.37,6.34,6.36,2747809
2026-05-11T11:00:00+00:00,6.36,6.36,6.33,6.34,1610052
2026-05-11T12:00:00+00:00,6.35,6.36,6.33,6.34,1970162
2026-05-11T13:00:00+00:00,6.34,6.34,6.33,6.33,535650
2026-05-11T14:00:00+00:00,6.33,6.35,6.33,6.35,1846878
2026-05-11T15:00:00+00:00,6.35,6.36,6.33,6.34,6257089
2026-05-11T16:00:00+00:00,6.33,6.35,6.32,6.34,3931618
2026-05-11T17:00:00+00:00,6.33,6.34,6.32,6.34,349534
2026-05-11T18:00:00+00:00,6.34,6.35,6.33,6.34,232538
2026-05-11T19:00:00+00:00,6.34,6.35,6.34,6.35,501270
2026-05-11T20:00:00+00:00,6.34,6.37,6.34,6.36,283890
2026-05-12T07:00:00+00:00,6.26,6.4,6.26,6.4,4815099
2026-05-12T08:00:00+00:00,6.4,6.4,6.37,6.39,1753386
2026-05-12T09:00:00+00:00,6.38,6.4,6.37,6.39,1920005
2026-05-12T10:00:00+00:00,6.39,6.41,6.38,6.39,1962184
2026-05-12T11:00:00+00:00,6.4,6.41,6.39,6.4,1491424
2026-05-12T12:00:00+00:00,6.39,6.41,6.39,6.41,1506982
2026-05-12T13:00:00+00:00,6.41,6.42,6.4,6.41,2264576
2026-05-12T14:00:00+00:00,6.4,6.44,6.4,6.42,1556226
2026-05-12T15:00:00+00:00,6.43,6.43,6.41,6.43,1219302
2026-05-12T16:00:00+00:00,6.43,6.43,6.41,6.43,679052
2026-05-12T17:00:00+00:00,6.43,6.44,6.42,6.43,1093968
2026-05-12T18:00:00+00:00,6.43,6.45,6.42,6.44,528083
2026-05-12T19:00:00+00:00,6.44,6.48,6.44,6.45,2223336
2026-05-12T20:00:00+00:00,6.45,6.48,6.45,6.48,2144222
2026-05-13T07:00:00+00:00,6.47,6.47,6.4,6.42,5824252
2026-05-13T08:00:00+00:00,6.42,6.42,6.4,6.41,1221242
2026-05-13T09:00:00+00:00,6.41,6.42,6.4,6.42,1782499
2026-05-13T10:00:00+00:00,6.42,6.42,6.4,6.41,1032464
2026-05-13T11:00:00+00:00,6.4,6.41,6.4,6.41,947469
2026-05-13T12:00:00+00:00,6.41,6.43,6.4,6.41,2156285
2026-05-13T13:00:00+00:00,6.42,6.43,6.4,6.43,1299241
2026-05-13T14:00:00+00:00,6.43,6.44,6.41,6.44,848236
2026-05-13T15:00:00+00:00,6.43,6.44,6.42,6.43,1220159
2026-05-13T16:00:00+00:00,6.43,6.44,6.42,6.43,745963
2026-05-13T17:00:00+00:00,6.42,6.44,6.42,6.44,715379
2026-05-13T18:00:00+00:00,6.44,6.44,6.42,6.43,329113
2026-05-13T19:00:00+00:00,6.44,6.44,6.43,6.44,362615
2026-05-13T20:00:00+00:00,6.44,6.44,6.42,6.44,602822
2026-05-14T07:00:00+00:00,6.48,6.61,6.39,6.41,4421860
2026-05-14T08:00:00+00:00,6.4,6.42,6.4,6.41,1250906
2026-05-14T09:00:00+00:00,6.4,6.41,6.39,6.41,1753346
2026-05-14T10:00:00+00:00,6.41,6.41,6.39,6.39,1171993
2026-05-14T11:00:00+00:00,6.4,6.41,6.39,6.41,1461979
2026-05-14T12:00:00+00:00,6.41,6.41,6.35,6.36,3417732
2026-05-14T13:00:00+00:00,6.36,6.38,6.35,6.37,3765035
2026-05-14T14:00:00+00:00,6.37,6.38,6.35,6.36,1329594
2026-05-14T15:00:00+00:00,6.37,6.37,6.34,6.36,689930
2026-05-14T16:00:00+00:00,6.36,6.37,6.34,6.35,1709104
2026-05-14T17:00:00+00:00,6.36,6.36,6.34,6.35,541596
2026-05-14T18:00:00+00:00,6.35,6.35,6.34,6.34,371301
2026-05-14T19:00:00+00:00,6.34,6.35,6.32,6.33,609306
2026-05-14T20:00:00+00:00,6.33,6.33,6.29,6.3,504238
2026-05-15T07:00:00+00:00,6.31,6.4,6.31,6.35,3355989
2026-05-15T08:00:00+00:00,6.35,6.35,6.32,6.34,3001887
2026-05-15T09:00:00+00:00,6.34,6.36,6.33,6.35,1513188
2026-05-15T10:00:00+00:00,6.36,6.36,6.34,6.36,1120755
2026-05-15T11:00:00+00:00,6.36,6.36,6.33,6.35,1454490
2026-05-15T12:00:00+00:00,6.35,6.35,6.33,6.34,1056647
2026-05-15T13:00:00+00:00,6.33,6.36,6.33,6.36,1592843
2026-05-15T14:00:00+00:00,6.36,6.36,6.27,6.27,8117105
2026-05-15T15:00:00+00:00,6.28,6.29,6.27,6.28,1438152
2026-05-15T16:00:00+00:00,6.27,6.29,6.27,6.28,684437
2026-05-15T17:00:00+00:00,6.28,6.29,6.27,6.28,704056
2026-05-15T18:00:00+00:00,6.27,6.3,6.27,6.28,5254922
2026-05-15T19:00:00+00:00,6.29,6.29,6.27,6.28,718253
2026-05-15T20:00:00+00:00,6.28,6.28,6.22,6.25,1696818
2026-05-18T07:00:00+00:00,6.33,6.33,6.25,6.26,10159881
2026-05-18T08:00:00+00:00,6.27,6.28,6.26,6.27,2093395
2026-05-18T09:00:00+00:00,6.26,6.32,6.26,6.32,3710758
2026-05-18T10:00:00+00:00,6.31,6.32,6.3,6.31,1791872
2026-05-18T11:00:00+00:00,6.31,6.32,6.3,6.31,1189070
2026-05-18T12:00:00+00:00,6.31,6.32,6.3,6.3,2333503
2026-05-18T13:00:00+00:00,6.3,6.31,6.29,6.31,1651097
2026-05-18T14:00:00+00:00,6.31,6.35,6.3,6.34,1524217
2026-05-18T15:00:00+00:00,6.34,6.38,6.34,6.36,2346452
2026-05-18T16:00:00+00:00,6.37,6.37,6.35,6.36,1157958
2026-05-18T17:00:00+00:00,6.36,6.38,6.35,6.36,1157644
2026-05-18T18:00:00+00:00,6.36,6.36,6.34,6.35,1374314
2026-05-18T19:00:00+00:00,6.36,6.37,6.34,6.36,4589100
2026-05-18T20:00:00+00:00,6.36,6.36,6.32,6.32,624495
2026-05-19T07:00:00+00:00,6.38,6.38,6.33,6.35,3469465
2026-05-19T08:00:00+00:00,6.36,6.39,6.35,6.37,2846918
2026-05-19T09:00:00+00:00,6.37,6.38,6.35,6.35,2757999
2026-05-19T10:00:00+00:00,6.36,6.37,6.34,6.37,1508500
2026-05-19T11:00:00+00:00,6.37,6.37,6.35,6.37,938235
2026-05-19T12:00:00+00:00,6.36,6.38,6.36,6.37,1721358
2026-05-19T13:00:00+00:00,6.37,6.37,6.34,6.36,1864307
2026-05-19T14:00:00+00:00,6.36,6.37,6.35,6.37,867856
2026-05-19T15:00:00+00:00,6.37,6.38,6.35,6.37,2509019
2026-05-19T16:00:00+00:00,6.37,6.37,6.35,6.37,821299
2026-05-19T17:00:00+00:00,6.37,6.37,6.34,6.35,716837
2026-05-19T18:00:00+00:00,6.36,6.37,6.35,6.35,441263
2026-05-19T19:00:00+00:00,6.36,6.36,6.34,6.36,426871
2026-05-19T20:00:00+00:00,6.36,6.36,6.34,6.35,421428
2026-05-20T07:00:00+00:00,6.3,6.34,6.3,6.33,5976701
2026-05-20T08:00:00+00:00,6.33,6.33,6.3,6.3,9411586
2026-05-20T09:00:00+00:00,6.31,6.31,6.28,6.3,1542157
2026-05-20T10:00:00+00:00,6.3,6.31,6.29,6.31,2407493
2026-05-20T11:00:00+00:00,6.31,6.32,6.3,6.31,1240164
2026-05-20T12:00:00+00:00,6.3,6.33,6.3,6.32,1529488
2026-05-20T13:00:00+00:00,6.32,6.32,6.31,6.32,859187
2026-05-20T14:00:00+00:00,6.32,6.32,6.29,6.3,1323498
2026-05-20T15:00:00+00:00,6.31,6.31,6.29,6.3,1324018
2026-05-20T16:00:00+00:00,6.31,6.31,6.3,6.3,759401
2026-05-20T17:00:00+00:00,6.31,6.31,6.29,6.3,472763
2026-05-20T18:00:00+00:00,6.3,6.3,6.29,6.29,282844
2026-05-20T19:00:00+00:00,6.3,6.3,6.28,6.3,637550
2026-05-20T20:00:00+00:00,6.3,6.3,6.28,6.3,801947
2026-05-21T07:00:00+00:00,6.31,6.31,6.24,6.26,3808120
2026-05-21T08:00:00+00:00,6.26,6.26,6.24,6.25,1953502
2026-05-21T09:00:00+00:00,6.26,6.27,6.25,6.25,1326013
2026-05-21T10:00:00+00:00,6.25,6.3,6.25,6.3,3281144
2026-05-21T11:00:00+00:00,6.3,6.31,6.29,6.29,1049487
2026-05-21T12:00:00+00:00,6.3,6.3,6.28,6.3,1245071
2026-05-21T13:00:00+00:00,6.29,6.31,6.29,6.31,826932
2026-05-21T14:00:00+00:00,6.3,6.35,6.3,6.35,1785614
2026-05-21T15:00:00+00:00,6.35,6.37,6.34,6.37,2329744
2026-05-21T16:00:00+00:00,6.37,6.38,6.34,6.37,1341842
2026-05-21T17:00:00+00:00,6.37,6.37,6.32,6.34,1221927
2026-05-21T18:00:00+00:00,6.34,6.36,6.32,6.33,384301
2026-05-21T19:00:00+00:00,6.33,6.35,6.33,6.34,495635
2026-05-21T20:00:00+00:00,6.34,6.35,6.33,6.35,790212
2026-05-22T07:00:00+00:00,6.4,6.4,6.33,6.39,4570665
2026-05-22T08:00:00+00:00,6.39,6.39,6.36,6.37,2240899
2026-05-22T09:00:00+00:00,6.37,6.37,6.35,6.35,2223905
2026-05-22T10:00:00+00:00,6.36,6.37,6.35,6.36,3300420
2026-05-22T11:00:00+00:00,6.35,6.38,6.35,6.35,1239306
2026-05-22T12:00:00+00:00,6.36,6.36,6.33,6.33,1742480
2026-05-22T13:00:00+00:00,6.34,6.34,6.32,6.33,3783563
2026-05-22T14:00:00+00:00,6.33,6.33,6.27,6.29,3081509
2026-05-22T15:00:00+00:00,6.29,6.29,6.26,6.28,1267929
2026-05-22T16:00:00+00:00,6.27,6.29,6.26,6.28,1225577
2026-05-22T17:00:00+00:00,6.28,6.28,6.26,6.28,3279756
2026-05-22T18:00:00+00:00,6.28,6.28,6.27,6.27,411453
2026-05-22T19:00:00+00:00,6.28,6.28,6.26,6.28,859044
2026-05-22T20:00:00+00:00,6.28,6.29,6.26,6.27,1028118
2026-05-23T07:00:00+00:00,6.34,6.34,6.27,6.3,1082015
2026-05-23T08:00:00+00:00,6.3,6.31,6.29,6.3,603703
2026-05-23T09:00:00+00:00,6.3,6.31,6.29,6.3,793439
2026-05-23T10:00:00+00:00,6.29,6.3,6.29,6.29,544255
2026-05-23T11:00:00+00:00,6.3,6.3,6.29,6.29,534605
2026-05-23T12:00:00+00:00,6.3,6.3,6.29,6.3,410234
2026-05-23T13:00:00+00:00,6.3,6.3,6.27,6.28,455454
2026-05-23T14:00:00+00:00,6.28,6.29,6.27,6.27,394129
2026-05-23T15:00:00+00:00,6.27,6.29,6.27,6.29,769918
2026-05-24T07:00:00+00:00,6.33,6.34,6.25,6.3,2694496
2026-05-24T08:00:00+00:00,6.3,6.3,6.28,6.29,717337
2026-05-24T09:00:00+00:00,6.29,6.3,6.28,6.3,695870
2026-05-24T10:00:00+00:00,6.29,6.3,6.29,6.3,639808
2026-05-24T11:00:00+00:00,6.29,6.3,6.28,6.29,495400
2026-05-24T12:00:00+00:00,6.28,6.29,6.26,6.28,783100
2026-05-24T13:00:00+00:00,6.27,6.28,6.27,6.28,384325
2026-05-24T14:00:00+00:00,6.27,6.28,6.26,6.28,431714
2026-05-24T15:00:00+00:00,6.27,6.28,6.26,6.28,567743
2026-05-25T07:00:00+00:00,6.21,6.33,6.21,6.27,4598243
2026-05-25T08:00:00+00:00,6.26,6.28,6.25,6.28,3430695
2026-05-25T09:00:00+00:00,6.28,6.3,6.26,6.28,2699826
2026-05-25T10:00:00+00:00,6.28,6.29,6.26,6.27,1685541
2026-05-25T11:00:00+00:00,6.28,6.28,6.26,6.26,1697399
2026-05-25T12:00:00+00:00,6.27,6.27,6.25,6.26,4963771
2026-05-25T13:00:00+00:00,6.27,6.27,6.21,6.23,4487909
2026-05-25T14:00:00+00:00,6.23,6.23,6.17,6.2,3027047
2026-05-25T15:00:00+00:00,6.2,6.21,6.19,6.21,4185975
2026-05-25T16:00:00+00:00,6.21,6.21,6.19,6.21,4429333
2026-05-25T17:00:00+00:00,6.2,6.22,6.2,6.21,835266
2026-05-25T18:00:00+00:00,6.22,6.22,6.2,6.22,1070483
2026-05-25T19:00:00+00:00,6.22,6.22,6.2,6.21,1040682
2026-05-25T20:00:00+00:00,6.22,6.23,6.21,6.21,967662
2026-05-26T07:00:00+00:00,6.25,6.25,6.18,6.2,3458808
2026-05-26T08:00:00+00:00,6.2,6.2,6.15,6.18,3899096
2026-05-26T09:00:00+00:00,6.18,6.21,6.17,6.2,3265401
2026-05-26T10:00:00+00:00,6.2,6.2,6.18,6.2,1929379
2026-05-26T11:00:00+00:00,6.2,6.2,6.18,6.19,703643
2026-05-26T12:00:00+00:00,6.2,6.2,6.17,6.18,1084062
2026-05-26T13:00:00+00:00,6.18,6.2,6.17,6.19,1118360
2026-05-26T14:00:00+00:00,6.19,6.23,6.17,6.2,6965017
2026-05-26T15:00:00+00:00,6.2,6.21,6.17,6.18,1855374
2026-05-26T16:00:00+00:00,6.18,6.22,6.12,6.15,10400283
2026-05-26T17:00:00+00:00,6.14,6.17,6.14,6.17,1379497
2026-05-26T18:00:00+00:00,6.16,6.17,6.15,6.16,550517
2026-05-26T19:00:00+00:00,6.16,6.17,6.15,6.17,368667
2026-05-26T20:00:00+00:00,6.17,6.18,6.15,6.17,362573
2026-05-27T07:00:00+00:00,6.1,6.2,6.1,6.16,2712806
2026-05-27T08:00:00+00:00,6.16,6.18,6.12,6.18,8724870
2026-05-27T09:00:00+00:00,6.18,6.18,6.16,6.17,2690995
2026-05-27T10:00:00+00:00,6.17,6.18,6.16,6.17,1259986
2026-05-27T11:00:00+00:00,6.18,6.21,6.16,6.2,1495753
2026-05-27T12:00:00+00:00,6.19,6.2,6.17,6.18,1639833
2026-05-27T13:00:00+00:00,6.19,6.19,6.16,6.16,4468076
2026-05-27T14:00:00+00:00,6.17,6.18,6.16,6.17,2149915
2026-05-27T15:00:00+00:00,6.17,6.2,6.16,6.2,2536261
2026-05-27T16:00:00+00:00,6.2,6.21,6.18,6.2,1306542
2026-05-27T17:00:00+00:00,6.21,6.21,6.18,6.19,1769945
2026-05-27T18:00:00+00:00,6.2,6.21,6.19,6.2,351086
2026-05-27T19:00:00+00:00,6.21,6.21,6.19,6.2,345864
2026-05-27T20:00:00+00:00,6.21,6.21,6.19,6.2,902566
2026-05-28T07:00:00+00:00,6.29,6.29,6.05,6.18,3392624
2026-05-28T08:00:00+00:00,6.19,6.23,6.18,6.22,2291614
2026-05-28T09:00:00+00:00,6.21,6.23,6.2,6.21,1401507
2026-05-28T10:00:00+00:00,6.21,6.21,6.19,6.2,1463103
2026-05-28T11:00:00+00:00,6.2,6.21,6.19,6.21,1194472
2026-05-28T12:00:00+00:00,6.21,6.21,6.16,6.17,3691496
2026-05-28T13:00:00+00:00,6.17,6.18,6.14,6.17,2040915
2026-05-28T14:00:00+00:00,6.17,6.18,6.16,6.16,658834
2026-05-28T15:00:00+00:00,6.16,6.19,6.15,6.19,1259327
2026-05-28T16:00:00+00:00,6.18,6.19,6.17,6.19,841501
2026-05-28T17:00:00+00:00,6.19,6.19,6.17,6.18,691218
2026-05-28T18:00:00+00:00,6.18,6.18,6.17,6.18,230690
2026-05-28T19:00:00+00:00,6.17,6.18,6.13,6.16,619676
2026-05-28T20:00:00+00:00,6.16,6.16,6.12,6.12,502005
2026-05-29T07:00:00+00:00,6.12,6.15,6.12,6.13,4690196
2026-05-29T08:00:00+00:00,6.12,6.14,6.12,6.14,1508197
2026-05-29T09:00:00+00:00,6.14,6.16,6.13,6.14,3369464
2026-05-29T10:00:00+00:00,6.14,6.15,6.13,6.13,1236511
2026-05-29T11:00:00+00:00,6.14,6.14,6.12,6.13,1358280
2026-05-29T12:00:00+00:00,6.13,6.13,6.12,6.13,1250408
2026-05-29T13:00:00+00:00,6.13,6.15,6.12,6.14,1497553
2026-05-29T14:00:00+00:00,6.14,6.15,6.12,6.13,1865479
2026-05-29T15:00:00+00:00,6.14,6.14,6.13,6.14,741281
2026-05-29T16:00:00+00:00,6.14,6.14,6.12,6.13,848191
2026-05-29T17:00:00+00:00,6.12,6.14,6.12,6.14,556164
2026-05-29T18:00:00+00:00,6.14,6.14,6.12,6.13,652981
2026-05-29T19:00:00+00:00,6.13,6.14,6.12,6.13,2032552
2026-05-29T20:00:00+00:00,6.14,6.14,6.12,6.14,139584
2026-05-30T07:00:00+00:00,6.14,6.14,6.12,6.13,1238864
2026-05-30T08:00:00+00:00,6.12,6.14,6.12,6.14,719391
2026-05-30T09:00:00+00:00,6.14,6.14,6.12,6.14,745170
2026-05-30T10:00:00+00:00,6.14,6.14,6.13,6.14,499569
2026-05-30T11:00:00+00:00,6.13,6.14,6.13,6.14,569307
2026-05-30T12:00:00+00:00,6.14,6.14,6.13,6.14,541809
2026-05-30T13:00:00+00:00,6.14,6.15,6.13,6.15,475576
2026-05-30T14:00:00+00:00,6.15,6.15,6.13,6.14,358378
2026-05-30T15:00:00+00:00,6.14,6.14,6.13,6.14,382195
2026-05-31T07:00:00+00:00,6.19,6.19,6.12,6.13,1667480
2026-05-31T08:00:00+00:00,6.13,6.14,6.12,6.14,601201
2026-05-31T09:00:00+00:00,6.14,6.14,6.13,6.14,681849
2026-05-31T10:00:00+00:00,6.13,6.14,6.13,6.13,571359
2026-05-31T11:00:00+00:00,6.13,6.15,6.13,6.15,668210
2026-05-31T12:00:00+00:00,6.15,6.15,6.13,6.15,761439
2026-05-31T13:00:00+00:00,6.14,6.15,6.13,6.14,351266
2026-05-31T14:00:00+00:00,6.15,6.15,6.13,6.14,351767
2026-05-31T15:00:00+00:00,6.13,6.15,6.13,6.15,419213
2026-06-01T07:00:00+00:00,6.2,6.2,6.13,6.18,3803194
2026-06-01T08:00:00+00:00,6.17,6.18,6.16,6.18,1930019
2026-06-01T09:00:00+00:00,6.18,6.18,6.16,6.17,1184330
2026-06-01T10:00:00+00:00,6.17,6.17,6.15,6.16,1604086
2026-06-01T11:00:00+00:00,6.16,6.17,6.14,6.15,1758958
2026-06-01T12:00:00+00:00,6.15,6.16,6.14,6.15,1377591
2026-06-01T13:00:00+00:00,6.15,6.16,6.13,6.14,1646541
2026-06-01T14:00:00+00:00,6.15,6.16,6.14,6.15,946066
2026-06-01T15:00:00+00:00,6.15,6.15,6.14,6.15,1419499
2026-06-01T16:00:00+00:00,6.15,6.18,6.14,6.17,3464590
2026-06-01T17:00:00+00:00,6.16,6.17,6.15,6.16,703816
2026-06-01T18:00:00+00:00,6.17,6.18,6.16,6.17,2049966
2026-06-01T19:00:00+00:00,6.16,6.18,6.16,6.18,391432
2026-06-01T20:00:00+00:00,6.18,6.18,6.15,6.16,553977
2026-06-02T07:00:00+00:00,6.23,6.23,6.14,6.2,13047625
2026-06-02T08:00:00+00:00,6.2,6.21,6.19,6.2,3648954
2026-06-02T09:00:00+00:00,6.2,6.22,6.17,6.22,6148163
2026-06-02T10:00:00+00:00,6.21,6.22,6.2,6.21,4095493
2026-06-02T11:00:00+00:00,6.21,6.23,6.2,6.22,2478500
2026-06-02T12:00:00+00:00,6.22,6.24,6.21,6.24,1560878
2026-06-02T13:00:00+00:00,6.23,6.25,6.23,6.25,3637357
2026-06-02T14:00:00+00:00,6.24,6.28,6.24,6.27,2309122
2026-06-02T15:00:00+00:00,6.27,6.27,6.25,6.26,1625152
2026-06-02T16:00:00+00:00,6.26,6.27,6.25,6.27,1149449
2026-06-02T17:00:00+00:00,6.26,6.27,6.23,6.24,2938870
2026-06-02T18:00:00+00:00,6.25,6.27,6.24,6.26,2414128
2026-06-02T19:00:00+00:00,6.26,6.27,6.25,6.27,1127901
2026-06-02T20:00:00+00:00,6.27,6.28,6.25,6.27,1792248
2026-06-03T07:00:00+00:00,6.33,6.33,6.24,6.26,9586719
2026-06-03T08:00:00+00:00,6.26,6.26,6.23,6.26,1076830
2026-06-03T09:00:00+00:00,6.25,6.26,6.23,6.26,1244378
2026-06-03T10:00:00+00:00,6.25,6.28,6.24,6.28,1908346
2026-06-03T11:00:00+00:00,6.28,6.28,6.26,6.27,1619645
2026-06-03T12:00:00+00:00,6.27,6.28,6.24,6.25,2327811
2026-06-03T13:00:00+00:00,6.25,6.26,6.22,6.24,1737984
2026-06-03T14:00:00+00:00,6.24,6.24,6.2,6.21,3158969
2026-06-03T15:00:00+00:00,6.21,6.23,6.19,6.21,1127505
2026-06-03T16:00:00+00:00,6.22,6.22,6.2,6.22,1619244
2026-06-03T17:00:00+00:00,6.22,6.22,6.2,6.22,499644
2026-06-03T18:00:00+00:00,6.22,6.22,6.2,6.2,367426
2026-06-03T19:00:00+00:00,6.21,6.22,6.2,6.21,633377
2026-06-03T20:00:00+00:00,6.21,6.21,6.19,6.21,536773
2026-06-04T07:00:00+00:00,6.19,6.24,6.19,6.23,2314958
2026-06-04T08:00:00+00:00,6.23,6.23,6.19,6.2,2213618
2026-06-04T09:00:00+00:00,6.19,6.22,6.19,6.21,1275697
2026-06-04T10:00:00+00:00,6.21,6.21,6.19,6.2,1715746
2026-06-04T11:00:00+00:00,6.2,6.23,6.18,6.21,2866885
2026-06-04T12:00:00+00:00,6.21,6.22,6.19,6.21,898235
2026-06-04T13:00:00+00:00,6.21,6.21,6.17,6.18,1855260
2026-06-04T14:00:00+00:00,6.18,6.19,6.17,6.17,718408
2026-06-04T15:00:00+00:00,6.17,6.19,6.16,6.17,1290324
2026-06-04T16:00:00+00:00,6.17,6.18,6.15,6.16,711387
2026-06-04T17:00:00+00:00,6.16,6.16,6.14,6.15,685188
2026-06-04T18:00:00+00:00,6.15,6.16,6.14,6.15,1528626
2026-06-04T19:00:00+00:00,6.15,6.16,6.14,6.15,1404331
2026-06-04T20:00:00+00:00,6.15,6.16,6.14,6.15,1023569
2026-06-05T07:00:00+00:00,6.19,6.19,6.15,6.16,9209958
2026-06-05T08:00:00+00:00,6.16,6.16,6.14,6.15,2625504
2026-06-05T09:00:00+00:00,6.16,6.17,6.15,6.17,1584623
2026-06-05T10:00:00+00:00,6.17,6.18,6.15,6.17,2091382
2026-06-05T11:00:00+00:00,6.17,6.17,6.15,6.17,1099501
2026-06-05T12:00:00+00:00,6.16,6.17,6.14,6.14,1355165
2026-06-05T13:00:00+00:00,6.15,6.16,6.14,6.16,2933161
2026-06-05T14:00:00+00:00,6.15,6.16,6.13,6.14,2138544
2026-06-05T15:00:00+00:00,6.13,6.15,6.1,6.12,1765384
2026-06-05T16:00:00+00:00,6.12,6.13,6.1,6.12,852970
2026-06-05T17:00:00+00:00,6.12,6.12,6.1,6.11,747835
2026-06-05T18:00:00+00:00,6.12,6.13,6.11,6.12,394547
2026-06-05T19:00:00+00:00,6.12,6.13,6.11,6.13,509789
2026-06-05T20:00:00+00:00,6.13,6.14,6.11,6.12,402692
2026-06-06T07:00:00+00:00,6.18,6.18,6.11,6.14,1046043
2026-06-06T08:00:00+00:00,6.13,6.14,6.12,6.13,600564
2026-06-06T09:00:00+00:00,6.13,6.13,6.11,6.13,601083
2026-06-06T10:00:00+00:00,6.13,6.13,6.11,6.12,764215
2026-06-06T11:00:00+00:00,6.12,6.13,6.11,6.12,376296
2026-06-06T12:00:00+00:00,6.12,6.13,6.11,6.11,483655
2026-06-06T13:00:00+00:00,6.12,6.13,6.11,6.13,301168
2026-06-06T14:00:00+00:00,6.13,6.13,6.11,6.13,343925
2026-06-06T15:00:00+00:00,6.13,6.13,6.11,6.12,349183
2026-06-07T07:00:00+00:00,6.12,6.14,6.1,6.11,1556192
2026-06-07T08:00:00+00:00,6.13,6.13,6.11,6.13,856827
2026-06-07T09:00:00+00:00,6.13,6.13,6.12,6.12,562014
2026-06-07T10:00:00+00:00,6.13,6.13,6.12,6.13,1102210
2026-06-07T11:00:00+00:00,6.13,6.14,6.12,6.14,428488
2026-06-07T12:00:00+00:00,6.14,6.14,6.12,6.14,557957
2026-06-07T13:00:00+00:00,6.13,6.14,6.12,6.13,392616
2026-06-07T14:00:00+00:00,6.12,6.14,6.12,6.14,279745
2026-06-07T15:00:00+00:00,6.12,6.14,6.12,6.13,310588
2026-06-08T07:00:00+00:00,6.19,6.19,6.1,6.12,4769148
2026-06-08T08:00:00+00:00,6.13,6.13,6.1,6.11,1570121
2026-06-08T09:00:00+00:00,6.12,6.12,6.1,6.11,1420011
2026-06-08T10:00:00+00:00,6.11,6.12,6.1,6.11,4542814
2026-06-08T11:00:00+00:00,6.11,6.11,6.08,6.1,6046703
2026-06-08T12:00:00+00:00,6.09,6.1,6.04,6.06,5558590
2026-06-08T13:00:00+00:00,6.06,6.07,6.03,6.05,2246872
2026-06-08T14:00:00+00:00,6.05,6.05,6.01,6.03,4687554
2026-06-08T15:00:00+00:00,6.03,6.03,6.01,6.01,5446441
2026-06-08T16:00:00+00:00,6.01,6.03,6.01,6.03,1306198
2026-06-08T17:00:00+00:00,6.03,6.03,6.01,6.02,940437
2026-06-08T18:00:00+00:00,6.03,6.03,6.0,6.01,680476
2026-06-08T19:00:00+00:00,6.0,6.03,6.0,6.03,1257308
2026-06-08T20:00:00+00:00,6.03,6.03,5.96,5.96,1443498
2026-06-09T07:00:00+00:00,6.03,6.03,5.96,5.98,8873480
2026-06-09T08:00:00+00:00,5.99,6.0,5.97,5.98,2672120
2026-06-09T09:00:00+00:00,5.98,6.0,5.9399999999999995,6.0,3605996
2026-06-09T10:00:00+00:00,6.0,6.05,5.99,6.03,4782633
2026-06-09T11:00:00+00:00,6.02,6.03,6.0,6.02,1642909
2026-06-09T12:00:00+00:00,6.01,6.06,6.01,6.05,1161270
2026-06-09T13:00:00+00:00,6.05,6.07,6.04,6.06,982129
2026-06-09T14:00:00+00:00,6.07,6.07,6.01,6.02,1086244
2026-06-09T15:00:00+00:00,6.03,6.05,6.01,6.05,835167
2026-06-09T16:00:00+00:00,6.05,6.05,6.03,6.04,640530
2026-06-09T17:00:00+00:00,6.04,6.04,6.01,6.03,715182
2026-06-09T18:00:00+00:00,6.03,6.03,6.01,6.01,1293404
2026-06-09T19:00:00+00:00,6.03,6.03,6.01,6.02,469366
2026-06-09T20:00:00+00:00,6.03,6.03,5.97,6.02,738403
2026-06-10T07:00:00+00:00,5.97,6.05,5.97,6.0,3879097
2026-06-10T08:00:00+00:00,6.01,6.01,5.96,5.97,4822011
2026-06-10T09:00:00+00:00,5.96,5.98,5.96,5.98,2646758
2026-06-10T10:00:00+00:00,5.98,6.02,5.97,5.99,2245561
2026-06-10T11:00:00+00:00,5.99,6.02,5.97,5.98,3137613
2026-06-10T12:00:00+00:00,5.99,5.99,5.9399999999999995,5.96,3831917
2026-06-10T13:00:00+00:00,5.97,6.0,5.96,5.99,1354697
2026-06-10T14:00:00+00:00,5.99,6.07,5.97,6.05,1402340
2026-06-10T15:00:00+00:00,6.06,6.07,6.03,6.06,2922633
2026-06-10T16:00:00+00:00,6.05,6.06,6.02,6.04,1438537
2026-06-10T17:00:00+00:00,6.04,6.05,6.01,6.05,637419
2026-06-10T18:00:00+00:00,6.05,6.05,6.01,6.03,408052
2026-06-10T19:00:00+00:00,6.03,6.04,6.01,6.03,812395
2026-06-10T20:00:00+00:00,6.03,6.05,6.02,6.02,463248
2026-06-11T07:00:00+00:00,6.03,6.1,6.02,6.02,2587209
2026-06-11T08:00:00+00:00,6.02,6.04,6.01,6.03,2720955
2026-06-11T09:00:00+00:00,6.03,6.05,6.02,6.04,2005794
2026-06-11T10:00:00+00:00,6.04,6.05,6.02,6.04,2099058
2026-06-11T11:00:00+00:00,6.04,6.04,6.0,6.02,1505365
2026-06-11T12:00:00+00:00,6.01,6.03,6.01,6.02,750403
2026-06-11T13:00:00+00:00,6.02,6.03,6.01,6.02,958029
2026-06-11T14:00:00+00:00,6.01,6.03,6.0,6.01,877628
2026-06-11T15:00:00+00:00,6.0,6.02,6.0,6.02,711404
2026-06-11T16:00:00+00:00,6.02,6.02,6.0,6.02,843027
2026-06-11T17:00:00+00:00,6.02,6.02,6.0,6.01,615310
2026-06-11T18:00:00+00:00,6.01,6.01,5.99,5.99,537138
2026-06-11T19:00:00+00:00,6.0,6.01,5.99,6.01,415230
2026-06-11T20:00:00+00:00,6.0,6.02,5.96,6.0,584114
2026-06-12T07:00:00+00:00,6.03,6.03,5.99,6.03,2032429
2026-06-12T08:00:00+00:00,6.03,6.03,6.01,6.03,454650
